"Data Source","世界发展指标",

"Last Updated Date","2026-01-28",

"Country Name","Country Code","Indicator Name","Indicator Code","1960","1961","1962","1963","1964","1965","1966","1967","1968","1969","1970","1971","1972","1973","1974","1975","1976","1977","1978","1979","1980","1981","1982","1983","1984","1985","1986","1987","1988","1989","1990","1991","1992","1993","1994","1995","1996","1997","1998","1999","2000","2001","2002","2003","2004","2005","2006","2007","2008","2009","2010","2011","2012","2013","2014","2015","2016","2017","2018","2019","2020","2021","2022","2023","2024",
"中国澳门特别行政区","MAC","Intentional homicides, female (per 100,000 female)","VC.IHR.PSRC.FE.P5","","","","","","","","","","","","","","","","","","","","","","","","","","","","","","","","","","","2.9672856754284","","","","","","","","","","","","","","1.06877381361653","1.04219862221342","","0.99369335947851","0.323949068727415","0.31707278405758","0.310336855139411","0.303701206604894","","0.581758948179822","0.284854026554092","","0.546940483303958","0.805343183575294","0.528278064442","0.52002620932095","",
"中国澳门特别行政区","MAC","Voice and Accountability: Standard Error","VA.STD.ERR","","","","","","","","","","","","","","","","","","","","","","","","","","","","","","","","","","","","","0.406744420528412","","0.457408487796783","","0.455789715051651","","0.480342894792557","0.400852143764496","0.338822394609451","0.357602417469025","0.491848856210709","0.511655807495117","0.511172235012054","0.259898394346237","0.23939973115921","0.234903126955032","0.209522917866707","0.203304022550583","0.267174035310745","0.276369601488113","0.291232526302338","0.282303720712662","0.247892528772354","0.266956448554993","0.262387484312057","0.249825119972229","0.225407958030701","0.200217127799988","",
"中国澳门特别行政区","MAC","Voice and Accountability: Number of Sources","VA.NO.SRC","","","","","","","","","","","","","","","","","","","","","","","","","","","","","","","","","","","","","1","","1","","1","","1","1","1","1","1","1","1","2","2","2","2","2","1","1","1","1","1","1","1","1","1","1","",
"中国澳门特别行政区","MAC","高科技出口（占制成品出口的百分比）","TX.VAL.TECH.MF.ZS","","","","","","","","","","","","","","","","","","","","","","","","","","","","","","","","","","","","","","","","","","","","","","","","0","0","0","0","0","0","0","0.0966580261549642","0","","16.1914475747604","0","0","0","0","0","0","0",
"中国澳门特别行政区","MAC","出口价值指数（2015年 = 100）","TX.VAL.MRCH.XD.WD","","","","","","","","","","","","","","","","","","","","","45.6203762941","51.075035294","53.7499502685","56.8364953923","67.9924757031","67.4623107564","77.8769827021","104.3915825228","112.0658267128","122.3471592344","126.6441858585","125.757162439","132.9898105783","133.7837951956","139.400091661","149.1384769937","149.0637957236","160.4153472999","159.8925784851","164.2987728522","189.6157201171","171.7668988763","175.949049471","192.75233312","210.0037042569","184.9","191","189.9","149.2","71.8","65","64.9","76.3","85","92.7","100","93.8","105","112.8","118.4","101.1","120.9","125.2","123.6","",
"中国澳门特别行政区","MAC","向撒哈拉以南非洲地区的发展中经济体的商品出口（占商品出口总额的百分比）","TX.VAL.MRCH.R6.ZS","","","","29.9492385786802","25.1207729468599","26.3681592039801","23.0088495575221","12.1848739495798","","15.3775958852971","17.9076848130557","21.1800237299105","10.1870949810565","9.76368826597411","5.20320408865301","3.0569074657251","0.514048653773435","0.788726953306445","0.372616236654455","0.157427540467451","0.135299637819075","0.377258558863623","1.32572891974738","0.198056346428767","0.216745666233073","0.138691908071556","0.218461032966689","0.232049984899369","0.22001902867275","0.16412304115127","0.31160402835024","0.100857169106634","0.0813418584945836","0.0336996743970903","0.0569433435118906","0.0932720046471254","0.0650424816916747","0.0576172960134806","0.158618224029168","0.0812416980401075","0.0385877209600541","0.0729029930457416","0.0117919325678407","0.0125291762514624","0.0543190226180233","0.0260379980362256","0.0237163305602599","0.136193547440762","0.122143971144129","0.0900400838942712","0.202448148843021","0.171380226924471","0.124127607291341","0.0129624544922978","0.0640962038552666","0.00494237626679546","0.00781544208941313","0.00804495258218819","0.019759622809105","0.0115719732843598","0.00881874229611078","0.000959219008723523","0.0056188089840498","0.00579575202448156","",
"中国澳门特别行政区","MAC","向欧洲和中亚地区的发展中经济体的商品出口（占商品出口总额的百分比）","TX.VAL.MRCH.R2.ZS","","","","","","","","","","","","","","","","","","0.00183959639255147","0.00588341426296508","0.00155868851947971","","","","","0.000458559237446559","0.000895508688113353","","0.00688038344739078","0.00027029364701812","0.00088311296755694","0.00135213851140585","0.0240902981822759","0.0149631296021421","0.0296820723400781","0.00223373792958294","0.0192768510474661","0.038098813026851","0.0310561846450592","0.0471521693118587","0.0381408499446066","0.0435602707563101","0.0291566877367551","0.0450372271237817","0.0631262637271805","0.0721136045083891","0.0138214053803112","0.0571725837979852","0.088559167344193","0.173686171089563","0.137645388483915","0.0073637839708772","0.000498144671707636","0.0466591667182808","","0.000111581688451343","","","","0.000344506636244981","","5.62679603131911E-05","0.00142816519909873","0.0019804790363738","3.41962181504581E-05","",
"中国澳门特别行政区","MAC","商品出口（现价美元）","TX.VAL.MRCH.CD.WT","11000000","14000000","17000000","21000000","22000000","21000000","24000000","25000000","28000000","37000000","42000000","49000000","72000000","100000000","110000000","133000000","188000000","219000000","258000000","389000000","613000000","686000000","722000000","763000000","913000000","906000000","1046000000","1402000000","1505000000","1643000000","1701000000","1665000000","1766000000","1787000000","1866000000","1997000000","1996000000","2148000000","2141000000","2200000000","2539000000","2300000000","2356000000","2581000000","2812000000","2476000000","2557000000","2543000000","1997000000","961000000","870000000","869000000","1021000000","1138000000","1241000000","1339000000","1257000000","1406000000","1510000000","1586000000","1353000000","1620000000","1677000000","1654000000","1678000000",
"中国澳门特别行政区","MAC","保险与金融服务（占商业服务出口的百分比）","TX.VAL.INSF.ZS.WT","","","","","","","","","","","","","","","","","","","","","","","","","","","","","","","","","","","","","","","","","","","2.26777186707391","2.22139018599815","1.65490764471105","1.99136858346083","1.83742177978629","1.99231412253936","2.33912815237787","1.53452773777861","1.82045221865631","1.27978904540621","1.60079938767361","1.91768101981995","2.60376700155889","3.79225397105173","4.14016335276795","3.66641529604899","3.55116000799675","4.37324250537315","15.2490676090175","12.3620268877944","23.7106658146978","8.67619277965851","7.53445150515907",
"中国澳门特别行政区","MAC","农业原材料出口（占商品出口的百分比）","TX.VAL.AGRI.ZS.UN","","","","","","","","","","","","","","0.0643985551935203","0.0712034669725079","0.0830760077122372","0.063728582473439","0.0709753003494548","0.18038270665197","0.077735530922635","0.553858428032031","1.25145715461859","1.13867551593725","0.909292919143438","0.892377250695883","0.888801886265976","0.670962550703278","0.600713969927749","","0.969534441514722","0.772547869245677","0.90064706249896","1.26478295892392","2.00059379852902","2.31189805192803","2.40979599026791","2.39493910439502","1.09015148347299","0.012115715918936","0.0168237498978212","0.018448025265411","0.0270839404479963","0.0181631257208143","0.0147044705384172","0.00978519977790931","0.0148312739577519","0.0136706202492845","0.0132998677433591","0.00974883948987649","0","0","0","0","0","0.653560741658951","0.51643113056417","0.114894910685506","0.629019193171785","1.49193660847881","2.94141091663836","0.852690009671912","1.30157597832414","0.320051725692139","0.187523162403455","0.408785558205904",
"中国澳门特别行政区","MAC","净易货贸易条件指数（2015年 = 100）","TT.PRI.MRCH.XD.WD","","","","","","","","","","","","","","","","","","","","","","","","","","","","","","","","","","","","","","","","","124.8015234728","127.383403787","129.8433206892","122.7090597211","117.2671895431","100.4","99.2","97.4","91.9","97","98.7","95.9","96.1","96.7","97.6","100","100.3","100.4","100.3","101.5","103.3","96","94","93.1","",
"中国澳门特别行政区","MAC","计算机、通信和其他服务（占商业服务进口额的百分比）","TM.VAL.OTHR.ZS.WT","","","","","","","","","","","","","","","","","","","","","","","","","","","","","","","","","","","","","","","","","","","39.6179259808474","43.9810772612739","40.6527700344461","41.7775850354134","42.253971360611","47.1642060420612","49.7009794323206","43.6567692543445","42.539310562896","43.8888614291241","46.5757510561058","40.6937409120882","39.5350160064318","38.2231357717667","35.9010608440718","39.8423336628907","40.9247544676099","33.5977885039862","32.2588094252606","29.7274719321771","30.988008441654","35.1567501376959","37.4031013921118",
"中国澳门特别行政区","MAC","报告经济体的商品进口，剩余（占商品进口总额的百分比）","TM.VAL.MRCH.RS.ZS","","","","0","0","0","0","0","","0","0","0","0","0","0","0","0","0","-2.99286211690286E-15","0","0","0","0","0","0","0","0","0","0.00802334887335392","-4.07655001075932E-15","-2.54022030298375E-13","3.87538424729048E-14","0.00327654788210585","9.02352030240854E-15","-2.50403563861594E-13","1.14405102805117E-13","0.000963289099710586","-8.79415179679136E-14","0","-1.3543768048647E-13","0","0","0","0","4.14904946860961E-05","0","0","0.000228904427104378","0","0.00015026380735927","0.000192026035943261","8.48480290680173E-05","9.38001992613912E-06","1.99201063486039E-06","3.89979166029003E-05","0.000146479463586712","0.000130888615839043","5.31943649001473E-05","6.00737326889917E-05","4.1153698990046E-05","1.44164487670964E-07","3.5682936829429E-05","0.0114490739068098","0.0301255382140953","",
"中国澳门特别行政区","MAC","从拉丁美洲和加勒比地区的发展中经济体的商品进口（占商品进口总额的百分比）","TM.VAL.MRCH.R3.ZS","","","","","","","","","","0.00672687217261154","","","","","0.00316550861809721","0.00522220481487284","0.00437458988219854","0.00907088899751558","0.00843559822450742","0.00655849895919473","0.00735990873713166","0.0264124364843789","0.0158184717378992","0.0341055099191351","0.0483970589479562","0.135382089814208","0.0870963342757309","0.106094414079353","0.144734920855492","0.223339656858713","0.172596659738717","0.106896213210091","0.17201382220128","0.389199650155365","0.336495169831587","0.132699894337839","0.241576706607103","0.170748184062554","0.197721147172197","0.169442199563987","0.243531661762172","0.228751841263531","0.251891223766495","0.365497830550447","0.529947536295949","0.386371170819297","0.374962630151876","0.49930651323876","0.638581955268168","0.90754761412942","0.913553900091868","0.804964700431934","0.684102937714553","0.581700959698586","0.61226546152828","0.613769849737048","0.720371174118322","0.791964393618394","0.772095593225163","0.778101724618527","0.78804849294284","0.586790470776599","1.04843227763388","1.43716671206157","",
"中国澳门特别行政区","MAC","来自高收入经济体的商品进口（占商品出口总额的百分比）","TM.VAL.MRCH.HI.ZS","","","","66.1057692307692","64.3605870020964","60.2564102564103","57.9567779960707","65.4117647058824","","74.2680322217177","72.4704032556419","72.5102836111712","73.6560805577072","73.7369743675658","74.1528307560817","80.0328998903337","75.4435521669843","72.9082781940868","72.9398059812408","69.5785451538396","73.1229012760242","66.2082921075727","69.5202059790998","70.5487089324419","69.3254025332307","76.53230843886","79.198874165279","78.0745446668337","78.234935654374","78.2074344587572","80.1165807324816","76.5073581047396","77.5232547219448","76.7030916817617","77.5549342108387","74.7128660975855","72.7807156900131","68.5072095923503","63.3773846962928","59.4321062910614","55.0813131992739","53.7759265462334","54.3689399584146","53.0216050536085","51.4942228902601","52.2738832960355","50.6256871570188","53.2325513709418","56.0739622332478","63.1842772272418","63.4091094808968","64.6445698109045","63.016208216838","63.457965365854","63.0364454647802","61.6722610658584","59.23367617588","61.554209669211","60.1309164000791","61.0149985230594","65.8633961535869","64.8435241295161","64.1551743362617","63.4767472600699","",
"中国澳门特别行政区","MAC","制造业进口（占商品进口的百分比）","TM.VAL.MANF.ZS.UN","","","","","","","","","","","","","","67.4547887572446","62.5875076699509","63.9158034160752","61.5631149815789","43.6818002086984","41.5554356080838","56.5565020583465","56.1555326190355","72.7804764503063","","70.0828447773438","72.273193698362","73.7234386597458","76.3021982336475","76.7131059102433","","76.3183198239987","78.6244482818678","80.6231151429997","80.3844284957701","75.5280537027341","77.1753940216625","77.334427283409","76.5851786978214","77.9420838813504","79.5706915355193","79.7430766656444","78.910624327425","77.3707296604565","77.921363033814","78.0872806291383","79.0237511296079","76.6634905583998","76.2080578815211","72.3250180569076","70.11002047771","65.5247651794492","67.509389424341","69.8792531932576","73.2588477046959","74.0752219456036","74.478363534554","73.106727824551","65.3804694969325","72.2335624315409","74.3477589739899","69.2790550411117","76.5087686719743","83.7468271354564","79.0800325218802","75.7728602271023","71.6813907829029",
"中国澳门特别行政区","MAC","食品进口（占商品进口的百分比）","TM.VAL.FOOD.ZS.UN","","","","","","","","","","","","","","24.6662630511773","30.4495633585078","24.2562859630594","26.9404425248856","25.5936361132447","25.0250340772647","28.5020613738669","29.3181606294943","13.0726373890335","","14.2521633573774","13.0874862599817","12.2324696004165","11.5765519145413","9.47623436103664","","10.8251495548187","11.8563232558191","10.3241151221741","10.9095217383006","12.2727021220966","13.6580295938547","14.0234843029376","13.157372644589","12.3218483883736","12.0535594802108","11.0670962845133","11.4527191454081","13.4721685160031","13.3706265346006","13.0590752573664","12.1832251450837","12.5588908318035","11.4942053568689","11.7445617817119","12.8158617731471","17.3966603057862","17.3150335054533","16.4084654410025","14.2470952567615","14.1930978427976","15.0097484890289","16.0423650016377","16.777520349872","17.8597104716065","16.3968373621306","16.5983673930507","14.1847417704047","11.0508298173656","15.3162859686901","18.1924961860935","18.4677042679906",
"中国澳门特别行政区","MAC","初级产品加权平均适用税率（%）","TM.TAX.TCOM.WM.AR.ZS","","","","","","","","","","","","","","","","","","","","","","","","","","","","","","","","","","","","","0","0","0","0","0","0","0","0","0","0","0","0","0","0","0","0","0","0","0","0","0","0","0","0","0","0","0","","",
"中国澳门特别行政区","MAC","约束范围，初级产品（百分比）","TM.TAX.TCOM.BC.ZS","","","","","","","","","","","","","","","","","","","","","","","","","","","","","","","","","","","","","61.03","61.03","61.03","61.03","61.03","61.03","60.17","60.17","60.17","60.17","60.17","60.17","59.28","59.28","59.28","59.28","51.73","51.73","51.73","51.73","51.73","52.44","52.44","52.4","52.4","52.4","0","","",
"中国澳门特别行政区","MAC","所有产品简单平均适用税率（%）","TM.TAX.MRCH.SM.AR.ZS","","","","","","","","","","","","","","","","","","","","","","","","","","","","","","","","","","","","","0","0","0","0","0","0","0","0","0","0","0","0","0","0","0","0","0","0","0","0","0","0","0","0","0","0","0","","",
"中国澳门特别行政区","MAC","工业产品加权平均适用税率（%）","TM.TAX.MANF.WM.AR.ZS","","","","","","","","","","","","","","","","","","","","","","","","","","","","","","","","","","","","","0","0","0","0","0","0","0","0","0","0","0","0","0","0","0","0","0","0","0","0","0","0","0","0","0","0","0","","",
"中国澳门特别行政区","MAC","约束范围，制成品（百分比）","TM.TAX.MANF.BC.ZS","","","","","","","","","","","","","","","","","","","","","","","","","","","","","","","","","","","","","22.32","22.32","22.32","22.32","22.32","22.32","21.43","21.43","21.43","21.43","21.43","21.43","20.06","20.06","20.06","20.06","19.97","19.97","19.97","19.97","19.97","19.61","19.61","19.61","19.61","19.61","0","","",
"中国澳门特别行政区","MAC","国际旅游，支出（现价美元）","ST.INT.XPND.CD","","","","","","","","","","","","","","","","","","","","","","","","","","","","","","","","","","","","","","","","","","","512000000","471000000","529000000","475000000","506000000","608000000","695000000","714000000","883000000","1064000000","1155000000","1239000000","1385000000","1435000000","1500000000","1702000000","1941000000","2034000000","886000000","","","","",
"中国澳门特别行政区","MAC","国际旅游，客运项目收入（现价美元）","ST.INT.TRNR.CD","","","","","","","","","","","","","","","","","","","","","","","","","","","","","","","","","","","","","","","","","","","223000000","164000000","225000000","257000000","306000000","328000000","349000000","303000000","412000000","523000000","508000000","532000000","565000000","519000000","523000000","515000000","602000000","575000000","82000000","","","","",
"中国澳门特别行政区","MAC","国际旅游，入境人数","ST.INT.ARVL","","","","","","","","","","","","","","","","","","","","","","","","","","","","","","","","","","","","7752000","8151000","7000000","6949000","7444000","9162000","10279000","11531000","11888000","16673000","18711000","21998000","27003000","22933000","21753000","24965000","28002000","28082000","29325000","31526000","30715000","30950000","32611000","35804000","39406000","5897000","","","","",
"中国澳门特别行政区","MAC","城镇人口增长率（年增长率）","SP.URB.GROW","","0.0121143106499687","2.63422430966053","2.54360823990616","21.6151056633821","16.5345822470991","-0.770317177646749","-0.706924420100206","-0.708344877729606","-0.78821477004261","1.01794646999972","-3.78715667942336","-0.790461833870912","-0.761692021613632","-0.773072397955502","-0.828017819992474","-0.947968421476323","-0.986795678302282","-0.0972021618631696","1.33069567835084","2.0011366397089","2.24565665978392","4.06222836445884","5.71394074624244","5.03022413178022","2.51340601779491","2.28675667925765","3.6977744498898","3.04806369048057","2.94213587851162","3.07977905899762","4.95080855838811","5.40380963437054","3.5323508767163","3.32606835801975","3.13319637503232","1.42958081492227","0.549569493826214","1.20913772389296","1.21481859369177","0.755783260513311","0.767631088432971","1.03176428295007","1.17915198424063","2.4714605354753","4.05140517951681","5.22537622408588","4.31524098841543","3.73065116368133","-1.05978494919527","0.373134761285818","2.31926463992749","3.27546059752472","4.13923548132925","4.91199595786125","3.35315298723492","1.48219480492074","-0.630334933532746","1.60639880582531","1.96865626033754","1.9744268917359","-0.424008238139362","-0.764822083825685","0.221222713921319","1.2007758862278",
"中国澳门特别行政区","MAC","Completeness of death registration with cause-of-death information (%)","SP.REG.DTHS.ZS","","","","","","","","","","","","","","","","","","","","","","","","","","","","","","","","","","","","","","","","","","","","","","","","","","","","","","","","","","","","","","","","","",
"中国澳门特别行政区","MAC","Completeness of birth registration, male (%)","SP.REG.BRTH.MA.ZS","","","","","","","","","","","","","","","","","","","","","","","","","","","","","","","","","","","","","","","","","","","","","","","","","","","","","","","","","","","","","","","","","",
"中国澳门特别行政区","MAC","人口，女性（占总人口的百分比）","SP.POP.TOTL.FE.ZS","50.6739135452007","50.8714942621579","50.7522116428302","50.6407370397619","49.8154262037181","49.2645813176926","49.2262581624154","49.1849798212907","49.1356282445441","49.0719016713212","48.9959012412829","48.8706022568977","48.5667011981067","50.9579584858024","53.8568208612068","53.0534964722694","52.2651807350787","51.5019068061968","50.7758025799405","50.087498859612","49.4416812951044","49.2156590958595","49.4604585240658","49.77486469701","50.0725342800215","50.3563605902265","50.6249401161004","50.873116775793","51.0983313194965","51.3065190347324","51.4957678768754","51.648369848758","51.7345962906449","51.7814153768691","51.831222027981","51.8830277933147","51.9373312466679","51.9952104348916","52.0547005636088","52.1184047525526","52.1841535390308","52.2408312271834","52.2759119765797","52.2940904332773","52.3101458111692","52.3255485355564","52.3443918969387","52.364267169083","52.3754079364991","52.3861520738585","52.4034925000799","52.4473969480501","52.5478981010988","52.6745197856175","52.7983549209002","52.9222297763184","53.04811046947","53.1718928349372","53.2896055084308","53.4105643437749","53.5336943520914","53.6450067828146","53.7495900516358","53.8717010943941","53.9487020001055",
"中国澳门特别行政区","MAC","R&D研究人员 （每百万人）","SP.POP.SCIE.RD.P6","","","","","","","","","","","","","","","","","","","","","","","","","","","","","","","","","","","","","","","","","","259.35069","233.57521","317.62574","513.86424","608.64833","546.976","379.66089","378.38481","552.53708","628.84194","590.60719","714.10035","889.14744","1007.1702","1247.7184","2583.54081","3137.49004","3428.95417","3587.54147","3826.01324","4092.52683","3498.4859","3826.96528","",
"中国澳门特别行政区","MAC","抚养比（占劳动年龄人口的百分比）","SP.POP.DPND","82.8438198928134","84.4411101179075","83.8285466162149","82.1532153215322","116.477359938603","141.296271063269","124.706023107951","109.818882031615","97.0180034983463","86.1807945860802","78.9678980413425","70.2484912295189","56.7216679457662","91.8275763992036","174.508438987093","139.389767142699","112.680544522279","91.9037145046091","75.8162863886703","63.1780875139624","53.2507977515875","48.1158788934873","47.0882815027032","46.8775565857649","46.736874870305","46.6179797458361","46.557229348079","46.636464859337","44.9960309630765","43.5909667103932","43.9388404962549","44.4432578085208","45.392075388861","46.3643328416407","46.9107280374385","47.1148523819451","47.0312162396704","46.5573252322335","45.664388971864","44.376771351649","42.6774111246227","40.6250506399266","38.3606909197641","36.0114548871835","33.653136748293","31.4580319885838","29.5548030580023","27.8966416389627","26.5005416104195","25.413454167829","24.5517759645225","24.1388656743388","24.5585945210888","25.5094922147512","26.5812475694649","27.6834071152368","28.7304709463712","29.8365829190003","31.203429722938","32.8591001563862","34.5607535716319","35.9475093221149","37.0195565931432","38.072078888916","39.234272303324",
"中国澳门特别行政区","MAC","Population ages 75-79, male (% of male population)","SP.POP.7579.MA.5Y","0.601243427555431","0.618313349226668","0.599537499643133","0.58620363624229","0.506428596658543","0.461159465455706","0.480879064907438","0.505537104836607","0.52135735845605","0.535291968697725","0.558718793441624","0.586095542110538","0.611719825914288","0.691570818806816","0.818853702706671","0.886500368582503","0.942527041220586","0.973800448829837","0.958106492590586","0.912663465213273","0.888906749181217","0.914351220044762","0.987600048508368","1.06138281546145","1.10833877686517","1.12447743956625","1.12015952570545","1.09082086534573","1.05340856488722","1.03221041351984","1.01198112847492","0.981088988796118","0.976526082903141","0.993362176096764","1.01215167374871","1.0506205724592","1.09442131386787","1.11717263980969","1.12841762551334","1.14726605068164","1.16808183507211","1.18868421547783","1.22341513174975","1.26426996118705","1.28913443830571","1.30046912576635","1.30647379937429","1.30230576451177","1.28646401642411","1.26094102358292","1.23807283967209","1.22511905044597","1.2293949884307","1.24559744210504","1.26217788168644","1.26456088601199","1.25041551804607","1.24979563661465","1.27926815397364","1.35843226072686","1.49119711653581","1.67697039361272","1.90948773360183","2.1991069354464","2.52917261474964",
"中国澳门特别行政区","MAC","65岁和65岁以上的人口（占总人口的百分比）","SP.POP.65UP.TO.ZS","5.18966855243761","5.32272116222313","5.27024709028483","5.25983473796909","4.37149631073985","3.85930106049369","3.99973378210065","4.09852432388844","4.23191293863135","4.39550970208299","4.49327979704385","4.39271385680504","3.95818157192484","6.88168134098209","10.7942200761562","10.3918228279387","9.97418384445216","9.51740311567382","8.99721218510075","8.44403713095566","7.92045412987562","7.58975069800598","7.47123684901046","7.38291257398254","7.27625273340664","7.15451759919664","7.02994520425745","6.88657251060408","6.73238402594026","6.60746265356809","6.53488948317256","6.52694486808781","6.57880421277722","6.65912282519049","6.73431225912953","6.80611397742122","6.87986222095013","6.94511033105339","7.01177834015279","7.07747194961098","7.14014575506107","7.18629598427408","7.166227352669","7.10250227586222","7.03307756117793","6.94898473084442","6.86599318127987","6.81144338572267","6.79491724665535","6.83760917080237","6.96350693090242","7.17271870507659","7.45090395619679","7.79140632959383","8.18977099937081","8.61030346572289","9.03601779251992","9.4998178807819","10.0197033267959","10.6213504547121","11.3116365683283","12.0335194887111","12.7420560469024","13.479471895326","14.2684189919779",
"中国澳门特别行政区","MAC","Population ages 65 and above, female (% of female population)","SP.POP.65UP.FE.ZS","6.73718488830187","6.88370457741687","6.8271979787682","6.80331112544655","5.49901700011565","4.70419220247283","4.88036651034866","5.01489204729542","5.18435815902223","5.37421128879701","5.46057900454354","5.22508038585209","4.41151531367886","9.14118846033239","14.9154589371981","14.403491347384","13.7942931192622","13.0615445252291","12.1811306910798","11.1926613100191","10.1631812746303","9.44058194927256","9.13734282848701","8.91880349815251","8.69719964123518","8.47815267560695","8.27859410741615","8.08087118963869","7.88659207509444","7.7291244117833","7.62830209027534","7.60829480772828","7.64665257735706","7.69639818491208","7.74189560099899","7.79656182621559","7.85832544938505","7.90696704600215","7.9552915251542","8.0032197501795","8.04231274005228","8.05807247878832","8.00090609537912","7.90052489425674","7.79457618652114","7.66183241296704","7.52046564025535","7.41262806871284","7.35797331984303","7.35305867925643","7.41940022954638","7.55041337643754","7.71841051149938","7.94188055868225","8.22501284018738","8.56331107203489","8.94081705129862","9.35613828410198","9.83957021224473","10.4051388086648","11.0208507385748","11.6566714629327","12.3059733721442","13.00546547546","13.7767083362822",
"中国澳门特别行政区","MAC","Population ages 60-64, male (% of male population)","SP.POP.6064.MA.5Y","2.28858514788366","2.48793320101937","2.53804208182259","2.57896229720636","2.00937798029035","1.61461463689721","1.67521188265652","1.79091620099067","1.92726912405866","2.08502374589013","2.18650619846514","2.25641215990498","2.32268487710446","2.51702453487993","2.79526210170819","2.80122702304235","2.7658515911478","2.73305311153065","2.75950150940475","2.87756933251358","3.05812855391911","3.13959745151404","3.05185847683725","2.92174693895577","2.80993328550164","2.73028101562581","2.68931967372175","2.69405580266882","2.72578849257485","2.73460084332499","2.70360725620121","2.67266110040676","2.6429376487122","2.59013816789534","2.53330601623593","2.49349715125704","2.45899753870218","2.4273160253547","2.40334455584742","2.38700266732682","2.37274842362753","2.3517319886353","2.32873911275407","2.33503377419665","2.43019996912513","2.63904413508112","2.94436092086295","3.33494781733152","3.79709639566751","4.27187249168673","4.65887201541012","4.91563720986306","5.09981883733027","5.27477607831789","5.50484511765227","5.87573572589345","6.29572797082812","6.63425477136898","6.91191524625059","7.03864006423483","6.95282864308309","6.81366305259561","6.73823088823948","6.67930905165411","6.59050105595745",
"中国澳门特别行政区","MAC","Population ages 50-54, male (% of male population)","SP.POP.5054.MA.5Y","4.40697395586592","4.52314124320325","4.58674736631741","4.59730479808233","3.48362827169651","2.79107213083127","2.87591147930235","2.97201410063135","3.12966858745693","3.31557999576996","3.38544741302154","3.48947700530789","3.81017113209092","2.77890912645401","1.13993441339142","1.42486861817231","1.85050397095948","2.36303565703701","2.9035615071686","3.43048470447483","3.86184170869417","4.02977392714824","3.92766189667718","3.74648996581052","3.56131915516386","3.40524410358194","3.27482719163828","3.17541447634452","3.12112947417147","3.09027451953784","3.06559528388023","3.05059587525869","3.00249071200968","2.96431455834405","3.04683197058268","3.29521108846481","3.68760175536796","4.18713896403065","4.7716650017882","5.38392274217702","5.90257934467859","6.24917681148513","6.49317529643406","6.72556761431052","7.00707295383337","7.41667513464079","7.93474024166156","8.44147361524502","8.84911718439318","9.02018117188396","8.95302304051128","8.76379332075396","8.57473408548725","8.41603201603625","8.18714668305137","7.8483687710817","7.38849846048465","6.81525054538188","6.2572510277367","5.85119144729897","5.59962948493365","5.57473049799621","5.73168635347855","6.47251647735986","7.16046181745277",
"中国澳门特别行政区","MAC","Population ages 40-44, male (% of male population)","SP.POP.4044.MA.5Y","6.07793939606618","6.03222510598819","6.02906329403032","5.91598489441104","4.96185228356469","4.48582389125095","4.66609989850606","4.82527232127677","4.97614256532211","5.09527197215866","5.0947384457182","5.07145243309454","5.09054805683763","4.13639177609071","3.04439332387059","3.54314793237106","3.92581400062651","4.17928258468992","4.27664679928787","4.20523088682474","4.00972492917278","3.87770698650113","3.87725867087073","3.92829409578207","4.04677510895988","4.28905847490154","4.67435744732105","5.19272139102305","5.8275262413832","6.51715255222349","7.11645562931017","7.56640262613288","7.91044568438922","8.19353838707134","8.51867717842765","8.98513857974655","9.55254474680325","10.1343518039879","10.6589218987014","10.9462335840475","10.9409933358361","10.7393173650441","10.4595675658289","10.1568382972353","9.77450475190305","9.29317820004742","8.7318233094724","8.06927141217777","7.42278179478088","7.0135305584222","6.87631590736012","6.92766737844251","7.01637638786748","7.73403256657656","8.40115456645613","8.32650525079547","8.180249210096","7.99700762461212","7.18180784167168","6.46522906050166","6.48684923565514","6.64605921277455","6.96953046339726","7.40824528453717","7.9138772858351",
"中国澳门特别行政区","MAC","Population ages 30-34, male (% of male population)","SP.POP.3034.MA.5Y","6.24579626737787","5.98466254066306","5.83435635367003","5.72410609507177","4.92520575041503","4.34224487827319","4.22454505619619","4.12968651409874","4.0603372054026","4.05006825741699","3.91750614133643","3.5885824579637","3.15396906170933","4.28260727900688","5.79364690910871","5.00653936698927","4.64031030606792","4.84762939479215","5.51986307849765","6.56519499509812","7.86352950631919","8.96610076969267","9.64179602231385","10.1324520371999","10.5522418427337","10.9899343363266","11.4495158689266","11.8974524868581","12.3331373309479","12.612037208007","12.6088092560896","12.3864982516235","12.0308347363881","11.5872312306759","11.0240452541421","10.3297556805446","9.56123468717493","8.69873979312733","7.82912180744139","7.20129701497247","6.90614934709367","6.84375411594258","6.90580507608149","7.89241415678467","8.82434157170471","8.81494936151475","8.74337224913538","8.64948078596565","7.80811371503461","7.08462332301342","7.27426122534307","7.61210469498061","7.99483417337806","8.35903697795721","8.74950316499088","9.17830854739372","9.58428049063028","9.91695002303733","10.2039224607185","10.4403988445408","10.5147827949943","10.4523284351797","10.3021168438889","9.93424239065577","9.36342573400726",
"中国澳门特别行政区","MAC","Population ages 20-24, male (% of male population)","SP.POP.2024.MA.5Y","6.0697512560022","5.54485560944675","5.29876952065549","5.1751658778316","3.68231429479708","3.07897216718978","4.01631393463191","5.24919805492899","6.62482087868533","8.0013074660155","9.25370860548816","10.8967744330203","13.3350651753846","9.49015998175361","3.05956634525965","5.0969015290229","7.27164679651366","9.39470309550102","11.1756155877218","12.4416344028846","13.1748678896502","13.2968892562757","12.9676509822944","12.4756643763272","11.8779649400855","11.177347242921","10.3949331852278","9.53950667205823","8.62900501682701","7.82300467067645","7.3061103461639","7.03232712481267","6.88911461449622","7.93085350831156","8.96222524365875","8.82458728412887","8.62527699184935","8.43249537020773","7.22236610060799","6.05208932511049","5.93772940194688","5.9551809133159","6.28019767631537","6.89985721659505","7.64848745762859","8.48046438370084","9.3181382284339","9.99640258129865","10.4594010605933","10.685510071475","10.6022935985307","10.2484761360253","9.7974924216606","9.29513195321819","8.7368327874657","8.25463968208448","7.86076200133637","7.47664477432502","7.08171522350227","6.71570650313657","6.45739076736947","6.24623318524962","5.96574863092753","5.65718892672832","5.3381249632563",
"中国澳门特别行政区","MAC","Population ages 15-64, male (% of male population)","SP.POP.1564.MA.ZS","53.7077652811164","53.0950898991204","53.4068004682102","54.072001824239","45.1979795839073","40.5460454555573","43.8393923845834","47.2371150380286","50.5434616909052","53.6264877232787","55.852074724354","58.6804498719424","63.4160228603151","53.0644162783878","37.535607655034","43.2791953011676","48.776465385395","53.8952017953193","58.4999698979109","62.614861833469","66.2215435311137","68.2706479611332","68.7397677661897","68.789309622738","68.7037969080739","68.5170521540382","68.2557898329129","67.9398301657905","68.8950469780185","69.8064832500401","69.5084537268913","69.1900378220224","68.7575660595266","68.3073141150973","67.9799272549244","67.7732369330532","67.6856899684862","67.790447320743","68.1260867956639","68.6998055933771","69.5064884136325","70.5350254953243","71.7638085085363","73.0961654053015","74.4403930240194","75.7098279307659","76.8404575854879","77.8364842567713","78.6703991819288","79.3255742842946","79.8511251474563","80.0722248505362","79.7061936108769","78.9580671800337","78.115828078598","77.2689718273314","76.4862115163135","75.6542518318391","74.6916789886746","73.6198948826467","72.5355707066252","71.6542918388269","70.9813425505268","70.320407026089","69.6496271362223",
"中国澳门特别行政区","MAC","Population ages 15-19, male (% of male population)","SP.POP.1519.MA.5Y","6.7300662654478","7.57419172998555","8.82062408998772","10.2552266116429","10.3683197343789","10.8389169616158","12.5170873110097","13.9336303080451","14.9947406933138","15.6515218519872","16.1864681126578","16.979696373557","17.9373761169492","13.9132807663484","8.69707796975185","10.7240862720852","12.0667416020196","12.7146190289602","12.7258731755984","12.2576062212326","11.3874098334304","10.4817012781421","9.80361690516614","9.14577820632192","8.50761559027518","8.00654216271728","7.65743460717464","7.40024262029923","8.47824999061691","9.52902751249398","9.26607147575444","8.95654035538428","8.70997815409019","7.38264158742158","6.11894112544667","6.03917868629423","6.06021106331644","6.21295538837558","6.53224314625032","6.99548326185674","7.59336883409412","8.3421924097315","9.15298318005224","9.82926322422357","10.2491514847115","10.3463824814551","10.1265640048423","9.7061974078488","9.13649996375882","8.47035890379544","7.83683495348594","7.30468329019448","6.87341931086438","6.52919628173547","6.22514740161799","5.94026110587625","5.68848402228184","5.43020350464627","5.15574476382367","4.87311382168437","4.59567858448121","4.35039920469726","4.20467940374745","4.22770868665459","4.33960074105451",
"中国澳门特别行政区","MAC","Population ages 5-9, male (% of male population)","SP.POP.0509.MA.5Y","15.8937647313413","15.7144367065566","14.8862306220915","13.9826808527205","17.4022464766345","19.4158152097292","18.3984929459835","17.413448496046","16.2280100003049","15.1785267934396","14.4413764210767","13.3009168182324","11.3426164812054","13.2766934932065","16.8812099260927","15.467624188524","13.6786194696788","11.5061625048979","13.327914957298","14.6981605490105","12.3253430850529","11.0310918406338","10.5357900800388","8.64084851741308","6.82708130316367","6.56982513891723","6.54965438327657","6.80372017792155","7.22998586280667","7.80060479660006","8.47956220880221","9.14236780132734","9.66702380786731","10.0222711092862","10.1648870642014","10.0586950515797","9.81503206332411","9.53360802597702","9.18470285002528","8.77329663635283","8.37527827128671","7.9639960863266","7.45444645347461","6.88421584203105","6.30369128611218","5.70953155167158","5.15557040419226","4.71281947188286","4.3463951777679","4.03623437679165","3.80959847093431","3.67663579057351","3.70361069756596","3.88942609702214","4.09999531369598","4.27181913774974","4.45217093489042","4.74090025580516","5.13169653738037","5.52809793891933","5.89563195503409","6.12119046879369","6.12168782691977","5.97405831186203","5.79457595130385",
"中国澳门特别行政区","MAC","Population ages 0-14, male (% of male population)","SP.POP.0014.MA.ZS","42.6923774264676","43.1985531585067","42.9274559625432","42.2517116145072","51.5497509801844","56.4150509390142","53.0146698076109","49.551326373697","46.1446995335224","42.9210328981522","40.5838554262754","37.7224304962696","33.0538662187601","42.4016812746408","56.4803484900396","50.8624830570946","45.4320145939671","40.3510490506893","35.7870836236035","31.6993735564381","28.0511965279592","25.9332621088175","25.4195215862236","25.3498993452843","25.4450310370553","25.6710730599133","25.9945263411468","26.4103517994339","25.5786240632546","24.7679040074586","25.117506656998","25.4380931991722","25.8082290898465","26.147478796218","26.3699568691413","26.4886180599357","26.4917943960108","26.3062538581602","25.8865169509293","25.2303876239919","24.3379474757716","23.2322614634881","21.9842529815718","20.6761095879392","19.361803440156","18.1235816143346","17.012413047827","16.0129346294759","15.1539074850774","14.4039292130107","13.6873030805298","13.1716280913387","13.1391365177306","13.4180083145703","13.7338214032183","14.0678984527565","14.3702089510142","14.6827867404081","15.0831126204442","15.5108876114433","15.8177796821636","15.8760756780267","15.7698116450971","15.6465456378458","15.505917431815",
"中国澳门特别行政区","MAC","Population ages 0-4, male (% of male population)","SP.POP.0004.MA.5Y","12.9717684627937","12.5506453241888","12.5434664687241","12.5855807253575","16.2189608279467","17.3359600501599","14.8166180419533","12.6954800146598","11.1310558248727","9.70524332327097","8.60586902290861","7.25919602093463","5.28840508022818","14.1352513766251","25.5743722774216","21.0805412217915","17.9103171239566","15.8479677982403","10.5503521944423","6.39529087253452","6.50565613132673","6.57280107304672","6.89008307057968","7.40060576841687","8.05285758649861","8.82431250237724","9.52737833153778","10.0600080873433","10.4502633521412","10.5890864181088","10.3637788849125","9.93391850424606","9.55988144767418","9.20593569931011","8.81269074296297","8.45657035326498","8.0701431539883","7.58307277682143","7.05538495689814","6.5095880569774","5.91429603043469","5.31779780608501","4.85092715338294","4.55074620529081","4.36922862839488","4.28543000372591","4.26238365990022","4.26726208300591","4.31896941831923","4.3748805565111","4.38579790649405","4.4452806339128","4.68081290021704","5.00321148511777","5.32537703051478","5.65450585166673","5.89548755796267","5.9604748827078","5.88092878150236","5.75378355294095","5.55205484631186","5.26111404517071","4.91500085950738","4.5620385314387","4.2336281371584",
"中国澳门特别行政区","MAC","Women who were first married by age 15 (% of women ages 20-24)","SP.M15.2024.FE.ZS","","","","","","","","","","","","","","","","","","","","","","","","","","","","","","","","","","","","","","","","","","","","","","","","","","","","","","","","","","","","","","","","","",
"中国澳门特别行政区","MAC","存活至65岁的女性（占同层人群比例）","SP.DYN.TO65.FE.ZS","65.554189","66.63975","68.00353","68.782455","69.340007","70.350211","71.11843","72.074346","73.067501","73.888953","74.419467","75.552884","76.5764","77.458187","78.094819","78.92667","79.84082","80.455483","81.110091","81.918943","82.651178","83.460166","84.029255","84.609995","85.239653","85.955151","86.431897","87.055293","87.560457","88.180607","88.594598","89.068074","89.553788","90.02985","90.518576","90.986095","91.117326","91.982862","92.317492","92.689866","93.025781","93.344683","93.596868","93.709603","93.951973","93.958885","94.173342","94.411869","94.568163","94.848427","95.002495","95.073341","95.22856","95.372702","95.485098","95.660075","95.778449","95.60797","95.865722","95.786132","95.794194","95.262365","95.396243","94.404327","",
"中国澳门特别行政区","MAC","出生时的预期寿命，女性（岁）","SP.DYN.LE00.FE.IN","65.303","65.886","66.617","67.052","67.374","67.924","68.346","68.869","69.415","69.869","70.163","70.792","71.366","71.862","72.214","72.684","73.21","73.549","73.915","74.385","74.809","75.293","75.612","75.943","76.319","76.77","77.04","77.439","77.751","78.176","78.428","78.744","79.085","79.432","79.808","78.5","79.9","79.9","80.5","81.3","83","83.2","83.2","83.4","83.4","83.8","84.7","84.7","85.1","85.3","85.5","85.8","85.8","86","86.3","86.4","86.4","86.6","86.7","86.9","87.1","86.7","86","86.1","",
"中国澳门特别行政区","MAC","避孕普及率（占 15–49 岁女性的百分比）","SP.DYN.CONU.ZS","","","","","","","","","","","","","","","","","","","","","","","","","","","","","","","","","","","","","","","","","","","","","","","","","","","","","","","","","","","","","","","","","",
"中国澳门特别行政区","MAC","死亡率，成年人，男性（每千名男性）","SP.DYN.AMRT.MA","259.485","252.995","246.453","235.925","229.99","229.928","222.459","212.164","202.352","203.255","193.496","191.905","184.311","177.804","173.326","176.378","162.241","170.279","161.183","156.191","150.369","145.685","135.627","135.865","136.363","130.319","126.707","126.758","121.401","110.917","105.857","107.226","101.419","96.335","99.868","94.84","101.806","90.674","87.303","83.321","80.576","76.696","73.954","72.556","71.664","69.625","68.923","68.258","66.856","65.6","65.255","62.099","60.82","60.066","59.055","58.609","59.559","58.409","57.126","57.925","51.616","48.293","51.302","70.527","",
"中国澳门特别行政区","MAC","Prevalence of severe food insecurity in the population (%)","SN.ITK.SVFI.ZS","","","","","","","","","","","","","","","","","","","","","","","","","","","","","","","","","","","","","","","","","","","","","","","","","","","","","","","","","","","","","","","","","",
"中国澳门特别行政区","MAC","国际移徙者（占人口的百分比）","SM.POP.TOTL.ZS","","","","","","","","","","","","","","","","","","","","","","","","","","","","","","","58.4","","","","","56.4","","","","","55.1","","","","","56.4","","","","","56.6","","","","","60.4","","","","","59.1","","","","59.3",
"中国澳门特别行政区","MAC","Refugees under the mandate of the UNHCR by country or territory of origin","SM.POP.RHCR.EO","","","","","","","","","","","","","","","","","","","","","","","","","","","","","","","","","","","","","","","","","5","5","13","13","18","8","8","8","8","8","8","8","","0","5","5","5","0","0","0","0","0","10","15","15",
"中国澳门特别行政区","MAC","净移民","SM.POP.NETM","-8727","1038","1139","1213","80003","-5424","-4913","-4547","-4188","-4123","5733","4002","12607","-62374","3808","4428","4867","5150","5011","4390","3290","5311","5654","5486","5603","5601","6025","6582","7144","6847","6251","5636","4244","4262","4259","4396","4617","4606","4725","4845","4775","7172","11492","11689","11736","11544","11430","11340","11224","10741","10079","8661","6820","7150","6837","7533","7676","8427","8917","8967","8842","8572","8748","8807","1620",
"中国澳门特别行政区","MAC","Asylum-seekers by country or territory of asylum","SM.POP.ASYS.EA","","","","","","","","","","","","","","","","","","","","","","","","","","","","","","","","","","","","","","","","","","","","","","","","","","5","10","10","5","5","5","5","5","5","","","","","","","",
"中国澳门特别行政区","MAC","总失业人数（占劳动力总数的比例）（模拟劳工组织估计）","SL.UEM.TOTL.ZS","","","","","","","","","","","","","","","","","","","","","","","","","","","","","","","","3.01","2.196","2.057","2.48","3.581","4.261","3.225","4.607","6.34","6.874","6.371","6.278","5.995","4.904","4.158","3.822","3.269","2.999","3.58","2.84","2.56","1.97","1.82","1.67","1.81","1.939","1.981","1.803","1.73","2.542","2.221","2.446","2.206","2.262",
"中国澳门特别行政区","MAC","女性失业人数（占女性劳动力比例）（模拟劳工组织估计）","SL.UEM.TOTL.FE.ZS","","","","","","","","","","","","","","","","","","","","","","","","","","","","","","","","3.737","2.368","1.944","2.595","2.96","3.625","2.607","3.314","4.302","4.672","4.374","4.491","4.7","4.039","3.838","3.822","2.953","2.793","2.846","2.083","2.157","1.653","1.401","1.396","1.605","1.532","1.567","1.329","1.336","2.186","1.852","2.143","1.935","1.987",
"中国澳门特别行政区","MAC","Share of youth not in education, employment or training, male (% of male youth population)","SL.UEM.NEET.MA.ZS","","","","","","","","","","","","","","","","","","","","","","","","","","","","","","","","","","","","","","","","","","","","","","","","","","8.42","6.91","6.28","5.57","5.59","4.89","5.25","5.56","","","","","","","","",
"中国澳门特别行政区","MAC","Unemployment with intermediate education (% of total labor force with intermediate education)","SL.UEM.INTM.ZS","","","","","","","","","","","","","","","","","","","","","","","","","","","","","","","","","","","","","3.57","2.33","4.15","4.26","4.69","5.49","5.33","4.8","","3.09","3.08","2.79","2.42","2.78","2.38","2.19","1.47","1.44","1.37","1.82","1.82","","","","","","","","",
"中国澳门特别行政区","MAC","Unemployment with basic education, male (% of male labor force with basic education)","SL.UEM.BASC.MA.ZS","","","","","","","","","","","","","","","","","","","","","","","","","","","","","","","","","","","","","4.91","3.68","5.83","8.7","9.59","8.84","8.78","8.08","","5.14","4.34","4.16","3.86","5.4","4.64","3.94","2.77","2.79","2.03","2.28","2.78","","","","","","","","",
"中国澳门特别行政区","MAC","Unemployment with advanced education, female (% of female labor force with advanced education)","SL.UEM.ADVN.FE.ZS","","","","","","","","","","","","","","","","","","","","","","","","","","","","","","","","","","","","","1.27","3.66","3.23","3.51","3.17","2.4","1.46","3.03","","2.02","2.61","1.75","2.62","1.79","1.61","1.93","1.64","1.24","1.61","1.8","1.2","","","","","","","","",
"中国澳门特别行政区","MAC","Unemployment, youth male (% of male labor force ages 15-24) (national estimate)","SL.UEM.1524.MA.NE.ZS","","","","","","","","","","","","","","","","","","","","","","","","","","","","","","","","","","","","","10.173","10.387","13.559","17.96","15.741","15.033","16.241","17.593","13.934","11.111","8.621","9.005","7.658","9.8","7.65","6.97","7.14","5.49","","5.7","6.494","6.653","6.416","5.642","10.09","","","","",
"中国澳门特别行政区","MAC","劳动力，女性（占劳动力总数的百分比）","SL.TLF.TOTL.FE.ZS","","","","","","","","","","","","","","","","","","","","","","","","","","","","","","","41.2002362990677","41.4967344677891","41.9871617678676","42.0282828282828","42.3267623437619","42.7942345616553","43.3608076861745","43.9788821323801","44.0385231823249","44.8235014294309","45.7975151801655","46.1920762537014","46.6425795590895","46.0374212083724","46.4814441868736","47.2574931337818","47.3786562467181","48.3356490474842","48.4662898792427","48.9664301958521","48.7185586376833","49.1275615623701","48.957165919995","49.5037440676903","49.5125940126444","49.9339164188006","50.2227356886644","50.0091855011967","50.084501241779","50.229888481743","50.3496017666179","50.6073859924943","49.1350661298409","50.4073348017065","50.9770418081279",
"中国澳门特别行政区","MAC","Labor force with intermediate education (% of total working-age population with intermediate education)","SL.TLF.INTM.ZS","","","","","","","","","","","","","","","","","","","","","","","","","","","","","","","","","","","","","","","","","","","","","","","","","","75.97","75.96","76.62","75.39","74.96","41.63","74.98","74.13","","","","","","","","",
"中国澳门特别行政区","MAC","Labor force participation rate, total (% of total population ages 15+) (national estimate)","SL.TLF.CACT.NE.ZS","39.65","","","","","","","","","","","","","","","","","","","","","","","","","","","","","","50.5","50.1","58.89","58.43","58.65","60.17","67.96","65.84","65.24","","65.24","69.42","63.89","60.76","61.93","63.44","65.89","69.19","70.64","72.02","71.48","72.51","72.36","72.72","73.82","73.7","72.3","","","","","","","","",
"中国澳门特别行政区","MAC","Ratio of female to male labor force participation rate (%) (national estimate)","SL.TLF.CACT.FM.NE.ZS","29.3335444039892","","","","","","","","","","","","","","","","","","","","","","","","","","","","","","67.3267326732673","67.109634551495","65.0985290036081","65.6320224719101","67.8652321630804","67.2065888812629","69.5475280483294","69.8050707096445","70.5608684414577","","75.6673785371062","76.2180536321289","77.7057769198952","76.5994236311239","78.1615757921781","80.2230378317335","80.013596193066","82.5","83.109156751164","85.1685681322907","85.1231146061622","86.3950807071483","84.9904519414386","86.1277572357516","85.316963167126","85.5473168279502","86.5389560298277","","","","","","","","",
"中国澳门特别行政区","MAC","Labor force with basic education, male (% of male working-age population with basic education)","SL.TLF.BASC.MA.ZS","","","","","","","","","","","","","","","","","","","","","","","","","","","","","","","","","","","","","","","","","","","","","","","","","","74.74","73.62","74.17","74","73.11","","73.4","69.97","","","","","","","","",
"中国澳门特别行政区","MAC","Labor force with advanced education, female (% of female working-age population with advanced education)","SL.TLF.ADVN.FE.ZS","","","","","","","","","","","","","","","","","","","","","","","","","","","","","","","","","","","","","","","","","","","","","","","","","","90.95","89.21","89.06","90.39","88.68","68.32","89.41","88.31","","","","","","","","",
"中国澳门特别行政区","MAC","15-24岁人口的劳动力参与率，总量（%）（模拟劳工组织估计）","SL.TLF.ACTI.1524.ZS","","","","","","","","","","","","","","","","","","","","","","","","","","","","","","","48.721","49.186","47.566","47.335","47.086","46.826","46.563","46.3","43.14","42.768","42.386","40.13","37.904","30.661","31.812","35.351","38.138","44.307","46.135","47.968","46.746","47.164","45.17","45.551","44.953","43.355","42.415","42.797","43.65","44.009","43.166","43.434","43.407","43.869","44.074",
"中国澳门特别行政区","MAC","劳动力参与率，女性（占 15-24 岁女性人口的百分比）（模拟劳工组织估计）","SL.TLF.ACTI.1524.FE.ZS","","","","","","","","","","","","","","","","","","","","","","","","","","","","","","","47.755","48.248","46.73","46.982","47.234","47.486","47.738","47.99","44.44","46.106","47.78","44.425","41.12","33.08","33.5","37.72","39.18","45.03","47.22","49.855","47.818","48.318","45.227","47","46.1","44.736","41.682","41.3","41.874","42.516","41.708","42.24","40.302","42.17","43.043",
"中国澳门特别行政区","MAC","Average working hours of children, working only, ages 7-14 (hours per week)","SL.TLF.0714.WK.TM","","","","","","","","","","","","","","","","","","","","","","","","","","","","","","","","","","","","","","","","","","","","","","","","","","","","","","","","","","","","","","","","","",
"中国澳门特别行政区","MAC","Average working hours of children, working only, female, ages 7-14 (hours per week)","SL.TLF.0714.WK.FE.TM","","","","","","","","","","","","","","","","","","","","","","","","","","","","","","","","","","","","","","","","","","","","","","","","","","","","","","","","","","","","","","","","","",
"中国澳门特别行政区","MAC","Average working hours of children, study and work, male, ages 7-14 (hours per week)","SL.TLF.0714.SW.MA.TM","","","","","","","","","","","","","","","","","","","","","","","","","","","","","","","","","","","","","","","","","","","","","","","","","","","","","","","","","","","","","","","","","",
"中国澳门特别行政区","MAC","从事经济活动的女童（占 7-14 岁女童的比例）","SL.TLF.0714.FE.ZS","","","","","","","","","","","","","","","","","","","","","","","","","","","","","","","","","","","","","","","","","","","","","","","","","","","","","","","","","","","","","","","","","",
"中国澳门特别行政区","MAC","服务业童工雇佣率（占 7-14 岁参与经济活动儿童的比例）","SL.SRV.0714.ZS","","","","","","","","","","","","","","","","","","","","","","","","","","","","","","","","","","","","","","","","","","","","","","","","","","","","","","","","","","","","","","","","","",
"中国澳门特别行政区","MAC","Children in employment, self-employed, male (% of male children in employment, ages 7-14)","SL.SLF.0714.MA.ZS","","","","","","","","","","","","","","","","","","","","","","","","","","","","","","","","","","","","","","","","","","","","","","","","","","","","","","","","","","","","","","","","","",
"中国澳门特别行政区","MAC","制造业女童工雇佣率（占 7-14 岁参与经济活动的女童的百分比）","SL.MNF.0714.FE.ZS","","","","","","","","","","","","","","","","","","","","","","","","","","","","","","","","","","","","","","","","","","","","","","","","","","","","","","","","","","","","","","","","","",
"中国澳门特别行政区","MAC","就业人口的人均 GDP（2017年不变价购买力平价美元）","SL.GDP.PCAP.EM.KD","","","","","","","","","","","","","","","","","","","","","","","","","","","","","","","","127508.134684501","136630.57267391","134852.319868782","133284.970674672","131938.729700233","127726.074709048","122809.448216278","117116.351819046","113536.365613719","118830.70380994","120148.285819798","129060.210253355","145397.802392586","172110.493552293","171448.283113668","176257.987311103","182408.596726307","176413.822249026","179626.26598566","220394.342509282","256501.994909035","269955.389749936","286887.510176009","265959.818078915","203840.116798123","202307.584142906","225028.816416854","235124.79097185","226560.473451186","104108.484761427","127203.699480089","107508.814411329","183557.074845295","194417.398336886",
"中国澳门特别行政区","MAC","Children in employment, unpaid family workers (% of children in employment, ages 7-14)","SL.FAM.0714.ZS","","","","","","","","","","","","","","","","","","","","","","","","","","","","","","","","","","","","","","","","","","","","","","","","","","","","","","","","","","","","","","","","","",
"中国澳门特别行政区","MAC","Wage and salaried workers, male (% of male employment)","SL.EMP.WORK.MA.ZS","","","","","","","","","","","","","","","","","","","","","","","","","","","","","","","","86.0650167693286","86.174464830157","86.2994610766173","86.4052532094196","86.391240960482","86.377723560387","87.7442948828199","87.3267344649126","85.7713894592745","84.9106074309572","86.3132211388072","85.8849685330906","85.8245638031408","84.8068243654172","86.1908104803098","87.9925058416543","88.3370682836805","90.0212354006621","89.0482575375493","88.7189866268158","89.5133311826862","89.7179148795777","90.3894019781227","91.4623968018542","90.7738903171891","90.7844655011344","90.7848988132384","90.9204191447182","90.6085385275021","90.2612593537459","90.5427827701863","90.0563059103626","90.0261412620227","90.2448309618218",
"中国澳门特别行政区","MAC","女性弱势群体就业率（占所有女性就业人员比例）","SL.EMP.VULN.FE.ZS","","","","","","","","","","","","","","","","","","","","","","","","","","","","","","","","6.37012458523759","6.17833253702819","6.09159250222141","6.02325425095772","5.97266357823806","5.96261659511851","5.69216913483133","5.1714269681836","5.91411785035425","7.17147145592878","6.39447613329331","5.2851773481357","5.95946275946276","6.45620074282091","5.03306822938468","4.67918293547809","3.86144713261649","3.38161375661376","3.32758631578282","3.09070835595298","2.84676200441809","2.52821310364079","2.21665222024083","2.39083557951482","2.32678029517903","2.03847122528649","2.19724811178051","1.85964484290346","1.99780251757233","2.12930524591656","2.14722418809468","2.84558097708961","2.83748174102096","2.61897670812592",
"中国澳门特别行政区","MAC","Employment to population ratio, 15+, male (%) (national estimate)","SL.EMP.TOTL.SP.MA.NE.ZS","","","","","","","","","","","","","","","","","","","","","","","","","","","","","","","","","","","","","","73.25","71.19","","68.51","","","65.37","66.35","67.75","70.78","73.43","74.79","74.68","74.79","75.64","76.81","76.68","78.36","77.96","76.08","","","","","","","","",
"中国澳门特别行政区","MAC","Self-employed, total (% of total employment)","SL.EMP.SELF.ZS","","","","","","","","","","","","","","","","","","","","","","","","","","","","","","","","11.2189776316638","11.0320529668707","10.9130940511798","10.812008796904","10.7513878964437","10.7216035161849","9.64791006519063","9.66943680527378","10.8618122641183","11.782632748731","10.7318040402419","10.4930560658388","10.8569787373719","11.6331143723922","10.35776236767","9.31712108232653","8.62483365470791","7.43278404163053","7.93695801875181","7.94854901021233","7.48097995187992","7.31141578063794","6.78664847817793","6.41579833462256","6.70857866211379","6.4153010380806","6.47879602678397","6.28243593383517","6.49824153024821","6.75156469536339","6.66834769279164","7.33167933486846","7.2970122160624","7.06775093947486",
"中国澳门特别行政区","MAC","Employers, male (% of male employment)","SL.EMP.MPYR.MA.ZS","","","","","","","","","","","","","","","","","","","","","","","","","","","","","","","","5.38152962581381","5.38455737387014","5.34415278375443","5.31523194455383","5.33440182286889","5.34491366560849","5.32809515619484","5.53635409503818","5.77138945927447","5.60199523117823","4.62154456649","5.60189764282651","5.24034639288065","5.68883838545501","6.09690738769749","5.68377177902057","5.27748484049565","4.14027855849104","4.61786377670894","4.7573940823807","4.64087021976218","4.65083030902892","4.75098796969499","4.54948992339548","4.84326844769494","4.76604831175764","4.60755059338078","4.84899976828609","4.81695863448895","4.85955825014589","5.09648513017754","5.03639039434228","5.06753572721816","5.07065093789244",
"中国澳门特别行政区","MAC","15-24 岁男性就业人口比率（百分比）（模拟劳工组织估计）","SL.EMP.1524.SP.MA.ZS","","","","","","","","","","","","","","","","","","","","","","","","","","","","","","","","47.767","46.473","45.599","44.533","42.165","40.747","39.988","36.11","31.713","30.055","29.65","28.654","22.953","25.735","29.117","33.808","39.55","41.51","41.479","42.075","42.699","42.037","41.616","41.612","39.676","40.379","41.595","42.891","43.095","40.553","41.391","42.819","41.956","41.325",
"中国澳门特别行政区","MAC","农业就业人员（占就业总数的百分比）","SL.AGR.EMPL.ZS","","","","","","","","","","","","","","","","","","","","","","","","","","","","","","","","0.399664797266808","0.395499317888835","0.395836300621944","0.397224542680328","0.399604243390315","0.400242056203752","0.400125133711426","0.400242449744276","0.400164220669051","0.399871885706521","0.39986970007412","0.400011022117716","0.39981399759291","0.399823244984151","0.400115906591989","0.399890703925797","0.399907661388881","0.399922906427677","0.400088493093488","0.400107813482675","0.400044736185552","0.400111919418019","0.399908874573536","0.399883300455824","0.39997234233803","0.40009631948432","0.399932126401525","0.400037855244614","0.400020241378438","0.400051092093499","0.394957920254451","0.39991441322112","0.389049698277977","0.381106586594811",
"中国澳门特别行政区","MAC","农业男童工雇佣率（占 7-14 岁参与经济活动男童的百分比）","SL.AGR.0714.MA.ZS","","","","","","","","","","","","","","","","","","","","","","","","","","","","","","","","","","","","","","","","","","","","","","","","","","","","","","","","","","","","","","","","","",
"中国澳门特别行政区","MAC","全体人口的人均消费或收入平均值（按2021年购买力平价计算的日均美元）","SI.SPR.PCAP","","","","","","","","","","","","","","","","","","","","","","","","","","","","","","","","","","","","","","","","","","","","","","","","","","","","","","","","","","","","","","","","","",
"中国澳门特别行政区","MAC","Average transaction cost of sending remittances to a specific country (%)","SI.RMT.COST.IB.ZS","","","","","","","","","","","","","","","","","","","","","","","","","","","","","","","","","","","","","","","","","","","","","","","","","","","","","","","","","","","","","","","","","",
"中国澳门特别行政区","MAC","贫困人口比例，按国家贫困线衡量的（2017 PPP）（占人口的百分比）","SI.POV.NAHC","","","","","","","","","","","","","","","","","","","","","","","","","","","","","","","","","","","","","","","","","","","","","","","","","","","","","","","","","","","","","","","","","",
"中国澳门特别行政区","MAC","贫困人口比例，以每天4.2美元为贫困线（按2021年购买力平价计算）（占总人口的百分比）","SI.POV.LMIC","","","","","","","","","","","","","","","","","","","","","","","","","","","","","","","","","","","","","","","","","","","","","","","","","","","","","","","","","","","","","","","","","",
"中国澳门特别行政区","MAC","最低20% 占有的收入份额","SI.DST.FRST.20","","","","","","","","","","","","","","","","","","","","","","","","","","","","","","","","","","","","","","","","","","","","","","","","","","","","","","","","","","","","","","","","","",
"中国澳门特别行政区","MAC","最高20% 占有的收入份额","SI.DST.05TH.20","","","","","","","","","","","","","","","","","","","","","","","","","","","","","","","","","","","","","","","","","","","","","","","","","","","","","","","","","","","","","","","","","",
"中国澳门特别行政区","MAC","UHC service coverage sub-index on reproductive, maternal, newborn and child health","SH_UHC_SCI_RMNCH","","","","","","","","","","","","","","","","","","","","","","","","","","","","","","","","","","","","","","","","","","","","","","","","","","","","","","","","","","","","","","","","","",
"中国澳门特别行政区","MAC","UHC service coverage index","SH_UHC_SCI","","","","","","","","","","","","","","","","","","","","","","","","","","","","","","","","","","","","","","","","","","","","","","","","","","","","","","","","","","","","","","","","","",
"中国澳门特别行政区","MAC","Proportion of population further impoverished due to out-of-pocket health expenditure, based on the societal poverty line (%)","SH_UHC_FH40_FURTHER","","","","","","","","","","","","","","","","","","","","","","","","","","","","","","","","","","","","","","","","","","","","","","","","","","","","","","","","","","","","","","","","","",
"中国澳门特别行政区","MAC","Domestic private health expenditure (% of current health expenditure)","SH.XPD.PVTD.CH.ZS","","","","","","","","","","","","","","","","","","","","","","","","","","","","","","","","","","","","","","","","","","","","","","","","","","","","","","","","","","","","","","","","","",
"中国澳门特别行政区","MAC","国内一般政府人均卫生支出，购买力平价（现价国际美元）","SH.XPD.GHED.PP.CD","","","","","","","","","","","","","","","","","","","","","","","","","","","","","","","","","","","","","","","","","","","","","","","","","","","","","","","","","","","","","","","","","",
"中国澳门特别行政区","MAC","Domestic general government health expenditure (% of current health expenditure)","SH.XPD.GHED.CH.ZS","","","","","","","","","","","","","","","","","","","","","","","","","","","","","","","","","","","","","","","","","","","","","","","","","","","","","","","","","","","","","","","","","",
"中国澳门特别行政区","MAC","当前人均卫生支出，购买力平价（现价国际美元）","SH.XPD.CHEX.PP.CD","","","","","","","","","","","","","","","","","","","","","","","","","","","","","","","","","","","","","","","","","","","","","","","","","","","","","","","","","","","","","","","","","",
"中国澳门特别行政区","MAC","结核患病率（每十万人）","SH.TBS.INCD","","","","","","","","","","","","","","","","","","","","","","","","","","","","","","","","","","","","","","","","","247","245","195","179","153","172","166","144","139","114","123","114","117","121","106","96","89","92","77","84","82","75","64","68","59",
"中国澳门特别行政区","MAC","Prevalence of severe wasting, weight for height, male (% of children under 5)","SH.SVR.WAST.MA.ZS","","","","","","","","","","","","","","","","","","","","","","","","","","","","","","","","","","","","","","","","","","","","","","","","","","","","","","","","","","","","","","","","","",
"中国澳门特别行政区","MAC","消瘦患病率，女性（占5岁以下儿童中百分比）","SH.STA.WAST.FE.ZS","","","","","","","","","","","","","","","","","","","","","","","","","","","","","","","","","","","","","","","","","","","","","","","","","","","","","","","","","","","","","","","","","",
"中国澳门特别行政区","MAC","Suicide mortality rate, male (per 100,000 male population)","SH.STA.SUIC.MA.P5","","","","","","","","","","","","","","","","","","","","","","","","","","","","","","","","","","","","","","","","","","","","","","","","","","","","","","","","","","","","","","","","","",
"中国澳门特别行政区","MAC","Prevalence of stunting, height for age, male (modeled estimate, % of children under 5)","SH.STA.STNT.ME.MA.ZS","","","","","","","","","","","","","","","","","","","","","","","","","","","","","","","","","","","","","","","","","","","","","","","","","","","","","","","","","","","","","","","","","",
"中国澳门特别行政区","MAC","People using safely managed sanitation services (% of population)","SH.STA.SMSS.ZS","","","","","","","","","","","","","","","","","","","","","","","","","","","","","","","","","","","","","","","","","49.8432167713099","49.8432167713099","49.8432167713099","49.8432167713099","49.8432167713099","49.8432167713099","49.8432167713099","49.8432167713099","49.8432167713099","49.8432167713099","51.850718331692","53.8582198920735","55.8657214524555","57.8732230128371","59.8807245732187","61.8882261336007","63.8957276939823","65.9032292543643","67.9107308147459","69.9182323751274","71.9257339355095","73.933235495891","75.9407370562731","77.9482386166546","79.9557401770362",
"中国澳门特别行政区","MAC","Mortality rate attributed to unintentional poisoning, female (per 100,000 female population)","SH.STA.POIS.P5.FE","","","","","","","","","","","","","","","","","","","","","","","","","","","","","","","","","","","","","","","","","","","","","","","","","","","","","","","","","","","","","","","","","",
"中国澳门特别行政区","MAC","Prevalence of overweight, weight for height, male (modeled estimate, % of children under 5)","SH.STA.OWGH.ME.MA.ZS","","","","","","","","","","","","","","","","","","","","","","","","","","","","","","","","","","","","","","","","","","","","","","","","","","","","","","","","","","","","","","","","","",
"中国澳门特别行政区","MAC","Diarrhea treatment (% of children under 5 who received ORS packet)","SH.STA.ORTH","","","","","","","","","","","","","","","","","","","","","","","","","","","","","","","","","","","","","","","","","","","","","","","","","","","","","","","","","","","","","","","","","",
"中国澳门特别行政区","MAC","People practicing open defecation, rural (% of rural population)","SH.STA.ODFC.RU.ZS","","","","","","","","","","","","","","","","","","","","","","","","","","","","","","","","","","","","","","","","","","","","","","","","","","","","","","","","","","","","","","","","","",
"中国澳门特别行政区","MAC","营养不良患病率，基于年龄相应的体重，男性（占5岁以下儿童百分比）","SH.STA.MALN.MA.ZS","","","","","","","","","","","","","","","","","","","","","","","","","","","","","","","","","","","","","","","","","","","","","","","","","","","","","","","","","","","","","","","","","",
"中国澳门特别行政区","MAC","People with basic handwashing facilities including soap and water, rural (% of rural population)","SH.STA.HYGN.RU.ZS","","","","","","","","","","","","","","","","","","","","","","","","","","","","","","","","","","","","","","","","","","","","","","","","","","","","","","","","","","","","","","","","","",
"中国澳门特别行政区","MAC","在熟练医护人员护理下的分娩（占总数的百分比）","SH.STA.BRTC.ZS","","","","","","","","","","","","","","","","","","","","","","","","","","","","","","","","","","","","","","","","","","","","","100","","","","","","","","","","","","","","","","","","","","",
"中国澳门特别行政区","MAC","People using at least basic sanitation services, rural (% of rural population)","SH.STA.BASS.RU.ZS","","","","","","","","","","","","","","","","","","","","","","","","","","","","","","","","","","","","","","","","","","","","","","","","","","","","","","","","","","","","","","","","","",
"中国澳门特别行政区","MAC","Mortality rate attributed to household and ambient air pollution, age-standardized, male (per 100,000 male population)","SH.STA.AIRP.MA.P5","","","","","","","","","","","","","","","","","","","","","","","","","","","","","","","","","","","","","","","","","","","","","","","","","","","","","","","","","","","","","","","","","",
"中国澳门特别行政区","MAC","Specialist surgical workforce (per 100,000 population)","SH.SGR.CRSK.ZS","","","","","","","","","","","","","","","","","","","","","","","","","","","","","","","","","","","","","","","","","","","","","","","","","","","","","","","","","","","","","","","","","",
"中国澳门特别行政区","MAC","孕妇贫血患病率(%)","SH.PRG.ANEM","","","","","","","","","","","","","","","","","","","","","","","","","","","","","","","","","","","","","","","","","","","","","","","","","","","","","","","","","","","","","","","","","",
"中国澳门特别行政区","MAC","服用治疗疟疾药物的发烧儿童（占 5 岁以下发烧儿童的百分比）","SH.MLR.TRET.ZS","","","","","","","","","","","","","","","","","","","","","","","","","","","","","","","","","","","","","","","","","","","","","","","","","","","","","","","","","","","","","","","","","",
"中国澳门特别行政区","MAC","内科医生（每千人）","SH.MED.PHYS.ZS","0.41","","","","","","","","","","0.634","","","","","","","","","","1.067","1.122","","","","","2.428","1.562","","","","","","","","","","","","","","","","","","","","","","","","","","","","","","","","","","","","","",
"中国澳门特别行政区","MAC","麻疹免疫接种率（占 12 - 23 个月年龄组的百分比）","SH.IMM.MEAS","","","","","","","","","","","","","","","","","","","","","","","","","","","","","","","","","","","","","","","","","","","","","","","","","","","","","","","","","","","","","","","","","",
"中国澳门特别行政区","MAC","Incidence of HIV (% of uninfected population ages 15-49)","SH.HIV.INCD.ZS","","","","","","","","","","","","","","","","","","","","","","","","","","","","","","","","","","","","","","","","","","","","","","","","","","","","","","","","","","","","","","","","","",
"中国澳门特别行政区","MAC","Adults (ages 15+) and children (ages 0-14) newly infected with HIV","SH.HIV.INCD.TL","","","","","","","","","","","","","","","","","","","","","","","","","","","","","","","","","","","","","","","","","","","","","","","","","","","","","","","","","","","","","","","","","",
"中国澳门特别行政区","MAC","艾滋病病毒感染率，男性（占15-24岁的百分比）","SH.HIV.1524.MA.ZS","","","","","","","","","","","","","","","","","","","","","","","","","","","","","","","","","","","","","","","","","","","","","","","","","","","","","","","","","","","","","","","","","",
"中国澳门特别行政区","MAC","People using safely managed drinking water services, urban (% of urban population)","SH.H2O.SMDW.UR.ZS","","","","","","","","","","","","","","","","","","","","","","","","","","","","","","","","","","","","","","","","","99.9749148991883","99.9749148991883","99.9749148991883","99.9749148991883","99.9765383608274","99.9781618224666","99.9797852841058","99.981408745745","99.9830322073841","99.9846556690233","99.9862791306625","99.9879025923017","99.9895260539408","99.99114951558","99.9927729772192","99.9943964388583","99.9960199004975","99.9976433621367","99.9992668237759","100","100","100","100","100","100",
"中国澳门特别行政区","MAC","People using at least basic drinking water services, rural (% of rural population)","SH.H2O.BASW.RU.ZS","","","","","","","","","","","","","","","","","","","","","","","","","","","","","","","","","","","","","","","","","","","","","","","","","","","","","","","","","","","","","","","","","",
"中国澳门特别行政区","MAC","Mortality from CVD, cancer, diabetes or CRD between exact ages 30 and 70, male (%)","SH.DYN.NCOM.MA.ZS","","","","","","","","","","","","","","","","","","","","","","","","","","","","","","","","","","","","","","","","","","","","","","","","","","","","","","","","","","","","","","","","","",
"中国澳门特别行政区","MAC","死亡率，五岁以下儿童（每千例活产儿）","SH.DYN.MORT","","","","","","","","","","","","","","","","","","","","","","","","","","","","","","","","","","","","","","","","","","","","","","","","","","","","","","","","","","","","","","","","","",
"中国澳门特别行政区","MAC","Probability of dying among adolescents ages 15-19 years (per 1,000)","SH.DYN.1519","","","","","","","","","","","","","","","","","","","","","","","","","","","","","","","","","","","","","","","","","","","","","","","","","","","","","","","","","","","","","","","","","",
"中国澳门特别行政区","MAC","来自DAC捐助国的双边援助净流量，希腊（现价美元）","DC.DAC.GRCL.CD","","","","","","","","","","","","","","","","","","","","","","","","","","","","","","","","","","","","","","","","","","","","","","","","","","","","","","","","","","","","","","","","","",
"中国澳门特别行政区","MAC","Net bilateral aid flows from DAC donors, Estonia (current US$)","DC.DAC.ESTL.CD","","","","","","","","","","","","","","","","","","","","","","","","","","","","","","","","","","","","","","","","","","","","","","","","","","","","","","","","","","","","","","","","","",
"中国澳门特别行政区","MAC","Net bilateral aid flows from DAC donors, Czech Republic (current US$)","DC.DAC.CZEL.CD","","","","","","","","","","","","","","","","","","","","","","","","","","","","","","","","","","","","","","","","","","","","","","","","","","","","","","","","","","","","","","","","","",
"中国澳门特别行政区","MAC","来自DAC捐助国的双边援助净流量，比利时（现价美元）","DC.DAC.BELL.CD","","","","","","","","","","","","","","","","","","","","","","","","","","","","","","","","","","","","","","","","","","","","","","","","","","","","","","","","","","","","","","","","","",
"中国澳门特别行政区","MAC","股票交易总额（占国民生产总值（GDP）的比例）","CM.MKT.TRAD.GD.ZS","","","","","","","","","","","","","","","","","","","","","","","","","","","","","","","","","","","","","","","","","","","","","","","","","","","","","","","","","","","","","","","","","",
"中国澳门特别行政区","MAC","Market capitalization of listed domestic companies (current US$)","CM.MKT.LCAP.CD","","","","","","","","","","","","","","","","","","","","","","","","","","","","","","","","","","","","","","","","","","","","","","","","","","","","","","","","","","","","","","","","","",
"中国澳门特别行政区","MAC","Control of Corruption: Percentile Rank, Lower Bound of 90% Confidence Interval","CC.PER.RNK.LOWER","","","","","","","","","","","","","","","","","","","","","","","","","","","","","","","","","","","","","44.0860214233398","","47.5935821533203","","45.2127647399902","","28.0423278808594","61.375659942627","73.8916244506836","58.0487823486328","55.1219520568848","56.3106803894043","57.2815551757812","52.6315803527832","61.4285697937012","57.3459701538086","58.7677726745605","61.6113739013672","67.3076934814453","60.9523811340332","64.2857131958008","60.9523811340332","61.9047622680664","62.3809509277344","63.8095245361328","63.8095245361328","66.0377349853516","63.2075462341309","",
"中国澳门特别行政区","MAC","已收劳工汇款和职工报酬（占国内生产总值（GDP）比例）","BX.TRF.PWKR.DT.GD.ZS","","","","","","","","","","","","","","","","","","","","","","","","","","","","","","","","","","","","","","","","","","","0.632421452988761","0.578922690436769","0.501112641488186","0.437088766766856","0.372897298431961","0.294934252484092","0.245393391593712","0.224098375806615","0.165887346125456","0.131055996614605","0.108597881531207","0.094375307424592","0.0671117128233999","0.0879552062706492","0.0613559892440938","0.0686994953800497","0.0764688274040663","0.0999585824224682","0.260161303896113","0.241236232450953","0.358810914849254","0.244410216664406","0.274199540982429",
"中国澳门特别行政区","MAC","证券组合股权，净流入（BoP，现价美元）","BX.PEF.TOTL.CD.WD","","","","","","","","","","","","","","","","","","","","","","","","","","","","","","","","","","","","","","","","","","","840238.503255146","-359046.678707058","-284212.338071033","17475.8296533102","-94983.0672894417","","","-931454.920813181","","","","61238498.4065682","","55441171.1391806","","-373909.74658488","7890980.67206276","18611059.0580615","-1625973.12869743","14928052.7180471","-3280387.34864731","5582763.51940929","4806759.55506466",
"中国澳门特别行政区","MAC","交通服务（占国际收支统计口径的服务出口比例）","BX.GSR.TRAN.ZS","","","","","","","","","","","","","","","","","","","","","","","","","","","","","","","","","","","","","","","","","","","6.51774089441314","4.73806626493222","4.76011604179878","5.12369302790585","5.01266884963437","3.94138195547923","3.03245566088962","2.20777996746595","2.10986850360776","1.85463898397001","1.54544605920067","1.37193290709286","1.3854652495101","1.73463410779138","1.78425769635392","1.50283153855554","1.57056110459477","1.53849915938214","1.14988756142764","0.838576027303855","1.00987484146099","1.44467174433249","1.36704590968674",
"中国澳门特别行政区","MAC","货物出口（BoP，现价美元）","BX.GSR.MRCH.CD","","","","","","","","","","","","","","","","","","","","","","","","","","","","","","","","","","","","","","","","","","","2355830715.80021","2580661093.45047","2812341293.35291","2474495342.50935","2557202250.42381","2542426879.815","2046687227.2016","1034521757.73034","974777569.179846","1060611932.58841","1399725834.35248","1493341507.98734","1786989297.89414","1959887182.71479","1546518791.56068","1746156336.33736","1969165074.37213","1855427531.39459","4238498124.37783","9480886756.12959","7847638510.01079","5654630636.12088","4989532281.85376",
"中国澳门特别行政区","MAC","通信、计算机等（占服务出口额的百分比，BoP）","BX.GSR.CMCP.ZS","","","","","","","","","","","","","","","","","","","","","","","","","","","","","","","","","","","","","","","","","","","6.02943331728533","5.82800444074189","4.83065781253935","3.97211193200907","3.5560604833407","3.50583230621051","3.53923641113779","2.76397620816534","2.13642194805338","1.92502531988312","1.40043249188814","1.14059534785037","1.28009002687171","1.36718823933155","1.23262204102574","1.89653604394532","1.23308625985574","1.19201504261952","2.17479044611322","1.83175584376684","2.49701388829055","1.35481055879383","0.0865383999820983",
"中国澳门特别行政区","MAC","赠款，不包括技术合作（BoP，现价美元）","BX.GRT.EXTA.CD.WD","1070000","100000","","1000000","0","","340000","140000","170000","0","0","0","0","0","0","0","","","","0","49999.9999999998","0","0","0","0","10000","0","0","0","0","0","0","0","0","30000","9999.99999999998","130000","130000","350000","0","","","","","","","","","","","","","","","","","","","","","","","","","",
"中国澳门特别行政区","MAC","证券投资，净投资（国际收支平衡，现价美元）","BN.KLT.PTXL.CD","","","","","","","","","","","","","","","","","","","","","","","","","","","","","","","","","","","","","","","","","","","902507022.734157","1191664706.42001","2181162657.61929","617414820.283717","1434634246.55733","1251486164.91669","1391230309.30197","1674903863.2146","843867803.296169","1879354354.25393","2879787497.99668","12444341749.1475","5663964693.20077","10525059731.6452","2933558928.75407","10431660515.2466","-5208576328.15677","13621927111.9337","5842660990.53787","6010800129.15194","3236852784.49952","18632168465.4009","23101487945.7963",
"中国澳门特别行政区","MAC","净货物和服务贸易（BoP，现价美元）","BN.GSR.GNFS.CD","","","","","","","","","","","","","","","","","","","","","","","","","","","","","","","","","","","","","","","","","","","2517060254.16958","2880750414.6615","4325196312.76566","3939937615.24286","4210051772.21793","4996212153.58356","6893080923.88625","9383147903.40091","15506387499.9442","21293068830.6608","24977405438.4769","30864735567.9243","28904863218.746","17350450010.7471","18523407221.9419","23248399457.5742","27305253729.9355","27931990400.4409","363779893.041877","4393443566.42892","174099687.659763","18634201220.2572","22239840444.4239",
"中国澳门特别行政区","MAC","经常账户余额（BoP，现价美元）","BN.CAB.XOKA.CD","","","","","","","","","","","","","","","","","","","","","","","","","","","","","","","","","","","","","","","","","","","2324191735.47544","2524835291.27999","3507498448.53012","2876302374.9776","2215148786.22818","3998678846.06026","3272183735.95384","5946716531.13634","10991668766.2142","14878561933.1337","16772190964.207","20271917015.66","17956377877.2334","10515352419.5491","11961612828.8024","15467262154.662","18102742957.4493","18413411380.1149","3487671397.04752","2605189470.25598","3393722619.5338","14316259403.5472","17952308881.7479",
"中国澳门特别行政区","MAC","Foreign direct investment, net outflows (BoP, current US$)","BM.KLT.DINV.CD.WD","","","","","","","","","","","","","","","","","","","","","","","","","","","","","","","0","0","0","0","0","0","0","0","0","0","0","10593140","48374086.629627","-15366574.5037338","-77037748.7067014","65280961.6699403","658651331.678225","301985081.506635","844675081.811794","-593375736.08151","-280080780.221313","364591683.69908","1022388347.56063","2262494508.5224","1357932662.79159","-171537491.408353","-74152473.6364689","2447732526.10484","-33954029.256647","1503970026.86047","1704589833.20559","4443815432.99731","851607508.267328","497304357.50695","879143733.941392",
"中国澳门特别行政区","MAC","知识产权使用费，支付（国际收支平衡，现价美元）","BM.GSR.ROYL.CD","","","","","","","","","","","","","","","","","","","","","","","","","","","","","","","","","","","","","","","","","","","1689190.59098849","1968523.28360571","2789768.47632882","5356341.78873958","6077666.52932309","44748200.219792","102082142.078705","122157087.778698","182803223.273551","253219908.188134","221199196.832336","221202398.379557","203816715.375449","168938369.573424","174025763.151309","280546863.947562","286045778.940081","262501610.971785","138385104.725948","168072478.383462","148354764.899632","253103799.951139","319769286.215216",
"中国澳门特别行政区","MAC","货物和服务进口（BoP，现价美元）","BM.GSR.GNFS.CD","","","","","","","","","","","","","","","","","","","","","","","","","","","","","","","","","","","","","","","","","","","4358045718.05186","4777001505.08993","5761515071.68648","6321499843.79274","7472808095.74869","9549662899.29496","9864343265.04451","7565440218.78398","9183445472.06387","11993197763.4293","14226973108.6358","15856110310.612","18114692536.2192","18015449472.8881","16019489380.5162","17327845508.4767","18320803971.3897","17624653015.0295","15214344998.761","23769527012.8608","20922708341.4225","23204793674.5149","22702350989.2901",
"中国澳门特别行政区","MAC","谷类产量（每公顷千克数）","AG.YLD.CREL.KG","","","","","","","","","","","","","","","","","","","","","","","","","","","","","","","","","","","","","","","","","","","","","","","","","","","","","","","","","","","","","","","","","",
"中国澳门特别行政区","MAC","作物生产指数（2014-2016 = 100）","AG.PRD.CROP.XD","","46.28","32.4","32.4","23.14","27.77","46.28","37.03","32.4","41.65","34.71","32.4","39.34","41.65","41.65","41.65","41.65","41.65","50.91","50.91","55.54","55.54","55.54","60.17","60.17","55.54","55.54","55.54","46.28","46.28","41.65","49.03","55.54","58.67","62.48","65.42","69.42","71.54","74.05","75.44","76.37","80.29","83.31","85.46","87.56","89.74","92.57","97.19","96.47","97.14","97.19","95.28","92.57","97.19","100.42","99.97","99.61","99.61","99.66","101.69","102.03","102.6","103.18","","",
"中国澳门特别行政区","MAC","土地面积（平方公里）","AG.LND.TOTL.K2","","20","20","20","20","20","20","20","20","20","20","20","20","20","20","20","20","20","20","20","20","20","20","20","20","20","20","20","20","20","20","20","20","20","20","20","20","20","20","20","20","26","27","27","28","28","28.6","29.2","29.2","29.5","29.7","29.9","29.9","30.3","30.3","30.4","30.5","30.8","32.9","32.9","32.9","33","33","33","",
"中国澳门特别行政区","MAC","森林面积（平方公里）","AG.LND.FRST.K2","","","","","","","","","","","","","","","","","","","","","","","","","","","","","","","","","","","","","","","","","","","","","","","","","","","","","","","","","","","","","","","","","",
"中国澳门特别行政区","MAC","Rural land area where elevation is below 5 meters (% of total land area)","AG.LND.EL5M.RU.ZS","","","","","","","","","","","","","","","","","","","","","","","","","","","","","","","20.3594671467479","","","","","","","","","","14.3566252100001","","","","","","","","","","","","","","","14.095617461755","","","","","","","","","",
"中国澳门特别行政区","MAC","耕地（占土地面积的百分比）","AG.LND.ARBL.ZS","","","","","","","","","","","","","","","","","","","","","","","","","","","","","","","","","","","","","","","","","","","","","","","","","","","","","","","","","","","","","","","","","",
"中国澳门特别行政区","MAC","农业用地面积（平方公里）","AG.LND.AGRI.K2","","","","","","","","","","","","","","","","","","","","","","","","","","","","","","","","","","","","","","","","","","","","","","","","","","","","","","","","","","","","","","","","","",
"中国澳门特别行政区","MAC","Intentional homicides, male (per 100,000 male)","VC.IHR.PSRC.MA.P5","","","","","","","","","","","","","","","","","","","","","","","","","","","","","","","","","","","3.725058736194","","","","","","","","","","","","","","0.391796563552341","0.764438328937813","0.746614105033672","0.365325495883695","1.07621387957167","","","","0.335772158444166","","0.324976033017565","0.639789125504234","","","","0.60732033566595","",
"中国澳门特别行政区","MAC","因战死亡（人数）","VC.BTL.DETH","","","","","","","","","","","","","","","","","","","","","","","","","","","","","","","","","","","","","","","","","","","","","","","","","","","","","","","","","","","","","","","","","",
"中国澳门特别行政区","MAC","Voice and Accountability: Percentile Rank","VA.PER.RNK","","","","","","","","","","","","","","","","","","","","","","","","","","","","","","","","","","","","","60","","57.2139320373535","","57.7114410400391","","62.1890563964844","69.651741027832","55.288459777832","60.5769233703613","57.211540222168","48.0769233703613","50","67.7725143432617","67.7725143432617","67.1361465454102","40.8450698852539","38.9671363830566","37.4384231567383","45.320198059082","44.8275871276855","43.8423652648926","42.2330093383789","35.2657012939453","37.1980667114258","33.3333320617676","33.3333320617676","33.8235282897949","",
"中国澳门特别行政区","MAC","交通服务（占商业服务出口比例）","TX.VAL.TRAN.ZS.WT","","","","","","","","","","","","","","","","","","","","","","","","","","","","","","","","","","","","","","","","","","","6.51774089441314","4.73806626493222","4.76011604179878","5.12369302790585","5.01266884963437","3.94138195547923","3.03245566088962","2.20777996746595","2.10986850360776","1.85463898397001","1.54544605920067","1.37193290709286","1.3854652495101","1.73463410779138","1.78425769635392","1.50283153855554","1.57056110459477","1.53849915938214","1.14988756142764","0.838576027303855","1.00987484146099","1.44467174433249","1.36704590968674",
"中国澳门特别行政区","MAC","计算机、通信和其他服务（占商业服务出口额的百分比）","TX.VAL.OTHR.ZS.WT","","","","","","","","","","","","","","","","","","","","","","","","","","","","","","","","","","","","","","","","","","","6.02943331728544","5.82800444074178","4.83065781253946","3.97211193200918","3.55606048334077","3.50583230621085","3.53923641113767","2.76397620816547","2.13642194805335","1.92502531988343","1.40305508639473","1.14139856297923","1.28555382407029","1.37357410231279","1.24250564923162","1.91107323855209","1.24218818688099","1.20704294481092","2.26723583280865","1.88120245551002","2.53934867784126","1.39743256276358","1.0624187441131",
"中国澳门特别行政区","MAC","报告经济体的商品出口，剩余（占商品出口总额的百分比）","TX.VAL.MRCH.RS.ZS","","","","0","0","0","0","0","","0.0082957719215773","-9.07390159167437E-15","0","0","0","0","0","0","0.00459899098137869","0","0.0200031693333229","0.0384416798260326","0.176835427284751","0.0427292952047924","0.00869254727742733","0","0.0014552016181842","0.00762755620922191","0.00231760284543689","0.00182448211737231","0.00368312782397269","0.0206640832892745","0.0069196266998502","0.00199259980784404","0.00664640340309127","2.03684309947716E-05","0.00131304540828622","1.15723622522629E-13","0.00247190725102175","0.00268514124878747","0.000585508081490927","0.00609891226396341","0.000699188545809708","0.0046815048526992","0.000137931996209001","0.000562456909409929","0.00102875417430774","0.0642954323895104","0.000237502161944847","0.000219571393388016","0","5.34398985067367E-05","0","0","0.00318401069671802","1.11403465721619E-14","0","0","0","0","0","0","0","0","0","",
"中国澳门特别行政区","MAC","向拉丁美洲和加勒比地区的发展中经济体的商品出口（占商品出口总额的百分比）","TX.VAL.MRCH.R3.ZS","","","","","","","0.442477876106195","0.420168067226891","","0.459032712993944","0.302033857021069","0.250242692266206","0.0921578092772195","0.0321950591315919","0.0176912870411322","0.30060120240481","0.545834178207187","0.0841615349592299","0.0270637056096394","0.0485791255237843","0.0917700886043032","0.139210868287996","0.0484732332487153","0.0299558552329803","0.0151324548357364","0.0198131297245079","0.0449830237979754","0.0657619807392719","0.0476392552869437","0.106772645180171","0.104532888065939","0.14833861037735","0.163262215314859","0.803286582711297","0.605363347347946","0.279172376673411","0.10455259670056","0.189504239585349","0.292549848569068","0.296366559976989","0.36528550779337","0.488146692264708","0.418827930451187","0.31763451193558","0.34052361301394","0.429027373253926","0.73349900028154","0.796770672610629","1.34545236235076","1.38810362195153","1.42165485872235","1.17140497670633","0.367087799428927","0.129219894215408","0.0737570847503445","0.0246019914227324","0.040144529745016","0.0258269164215101","0.157995954015744","0.0781925678125485","0.0462964307011298","0.0214519518655898","0.00948953504596249","0.0265917534877921","",
"中国澳门特别行政区","MAC","向高收入经济体的商品出口（占商品出口总额的百分比）","TX.VAL.MRCH.HI.ZS","","","","67.51269035533","70.048309178744","73.134328358209","76.1061946902655","86.9747899159664","","83.3669772972375","81.5126050420168","78.3647934419157","89.6154239990638","89.3659719688352","93.7874097007224","96.2345325571778","98.5965046883648","98.5766122912633","98.9374553841085","99.4926468869094","99.0657164285418","94.7261945073932","93.5034659762733","94.4532187165253","94.9437729948351","92.5861955096956","95.5048268740319","95.54759523356","95.6890190502962","95.9844017953881","94.9426000304806","90.982341772154","89.5559610533981","85.6145117203442","86.2629394701153","88.7320419012389","91.1255853181675","92.3638049834272","91.6955561399836","89.5294315460967","88.3211525615024","86.4294669393663","82.6708453553898","84.1033334766176","83.909797781285","82.345216534805","82.1233999821186","80.9823456561849","82.0112679791459","77.3650371241529","75.751653463941","76.1115930717366","76.8659433681027","75.3514963830448","80.0396864852853","78.1265435533304","74.6199525576341","75.4312309287112","78.1000753194789","83.4940976867662","85.6916500185184","88.4968494743602","92.4581481436603","93.7753466562807","",
"中国澳门特别行政区","MAC","制造业出口（占商品出口的百分比）","TX.VAL.MANF.ZS.UN","","","","","","","","","","","","","","92.814924981202","93.6498584340848","92.9237128697958","94.7845984462323","94.5789604517644","94.275774100676","95.5751881876779","96.6173840895462","96.46684895955","95.8813415163024","96.7916041641081","97.2715746034642","97.1670284748829","97.7067525620171","97.9750891886098","","97.8101719738101","98.2054111425244","97.7251214440295","96.6985088115771","93.7290860147996","93.91230318193","95.8093420428085","95.4917397493195","96.5056834978362","98.9192221117986","99.1472130758768","99.0522247492418","98.8910298442531","98.8476037212656","98.5791504548705","97.6586885238034","96.3403358949204","95.7206259182246","98.0933135216241","97.0499543795894","88.1816194904532","97.4829174743476","66.357095533146","55.3378098901099","44.4782323686151","21.8023759831714","3.264420446678","0","30.8657480111168","13.7892095435881","35.2665039093406","72.08415364384","66.9968252030226","51.9960805974508","51.2319578786919","39.1856222517875",
"中国澳门特别行政区","MAC","食品出口（占商品出口的百分比）","TX.VAL.FOOD.ZS.UN","","","","","","","","","","","","","","6.8993559629185","5.73901150558169","5.88857474242333","4.45232123232356","4.65265397986394","4.88064105961066","3.80765725190505","2.37532828877778","2.00209393939913","2.3565034029559","1.97448127665376","1.64605108609762","1.76035461689764","1.50231060541348","1.35148912714634","","1.0508259116037","0.954556377180157","1.30242226336551","1.85273447998136","4.04485875915789","3.71270402659757","1.70678894090811","1.66080918789835","1.52974307541452","1.05558725345666","0.807322689655804","0.916751170817378","1.07297177126923","1.12854710740189","1.09525092806283","1.19371897281293","1.58282147364977","1.61195582501145","1.78066486955719","2.89268296449459","11.681141952589","2.16468479467779","33.6428929254211","44.5959752824267","55.3234847326953","37.9094121677304","4.09457548455652","0.738332215732992","49.7009502249003","60.5673677689887","34.3278504913944","3.88032777029282","7.36266254382938","22.5344206905951","28.7183191994156","17.7516014339851",
"中国澳门特别行政区","MAC","Medium and high-tech exports (% manufactured exports)","TX.MNF.TECH.ZS.UN","","","","","","","","","","","","","","","","","","","","","","","","","","","","","","","5.05270016270296","7.01232798123726","6.64003650659132","7.48588015888975","6.50546919221109","7.19174166926556","6.90077679208178","6.54723043571112","3.62998379915297","3.7526530516972","0.669997853907443","0.067187587062765","0.170822725361006","0.628021005700179","1.31027059999916","0.714483347416119","0.135180452955786","0.153099513771437","0.251771297006892","0.351581155067757","0","0","0","3.99673975551834","0.49357830299248","2.22726720134616","0","8.61051635308137","5.60636268898755","0.15120520494038","0.222573525269378","0.218747737019902","0.0585048135322886","","",
"中国澳门特别行政区","MAC","商业服务进口额（现价美元）","TM.VAL.SERV.CD.WT","","","","","","","","","","","","","","","","","","","","","","","","","","","","","","","","","","","","","","","","","","","1048081106.82295","1100156861.51637","1206194368.34197","1464976531.11067","1626402369.7045","2205273648.66436","2487613334.88365","1977340334.26992","2479390064.94543","3093474520.40493","3694498830.95256","3520700739.79518","3787262999.9866","3916953317.45132","4002300466.48343","4737692188.66531","5325686518.52812","4979140063.25736","3105958074.983","3869494523.90218","3681486563.37847","5273513336.90303","5781606137.0348",
"中国澳门特别行政区","MAC","报告经济体的商品进口（现价美元）","TM.VAL.MRCH.WL.CD","","","","41600000","47700000","46800000","50900000","42500000","","59463000","64872000","73904000","103280000","149225000","126362000","153192000","160015000","198437000","248945000","350690000","543485000","715572000","708033000","718359000","590945000","774844000","872597000","1105619000","1271289602.48447","1462134516.14907","1525183428.32298","1845638242.98137","1945700277.63975","1981642732.91925","2094702111.80124","2031885894.28571","1973053695.2795","2168882999.61847","1934097116.52174","2024409787.45341","2255169599","2386689860","2529677257","2746676221","3477905026","3913439496","4558758827","5365558087","5365467301","4621871442","5553934365","7817506279","9029831564","10140508111","11262140090","10589880397","8924381945","9448369220","11161284141","11398732350","11792085745","19701293180","17227777688","17520573284","",
"中国澳门特别行政区","MAC","从中东和北非地区发展中经济体的商品进口（占商品进口总额的百分比）","TM.VAL.MRCH.R4.ZS","","","","","","","","","","","","","","","","0.406679199958222","0.342467893634972","0.347213473293791","0.346261222358352","0.322221905386524","0.083350966448016","","0.000564945419210687","","","","","0.00153760020404859","0.00283177019065094","","","0.00324905699897345","0.00013165516478929","0.00194330270186779","0.0068139960546429","0.00137558465451289","0.00158756339656698","0.004612054142651","0.0038513549016266","0.00225287655191198","0.00658189965250591","0.00393054839559255","0.0125430229932292","0.0110176801213877","0.0209038198158089","0.0142173144766565","0.0250954271417965","0.0196812891199252","0.0321864229734125","0.0349126326910934","0.0378995116194536","0.0415241239872114","0.0408357007975747","0.0405967428351481","0.0466979717706566","0.0577383102620512","0.0541912373294328","0.0386451874919427","0.054722484642818","0.0339361771223622","0.0316982939306129","0.0245153196588286","0.0503355520198073","0.0539446503650148","",
"中国澳门特别行政区","MAC","从地区外的发展中经济体的商品进口（占商品进口总额的百分比）","TM.VAL.MRCH.OR.ZS","","","","","","0.213675213675214","","","","0.0201806165178346","0.00462449130595634","0.0338276683264776","0.0271107668474051","0.0134025799966494","0.0158275430904861","0.418429160791686","0.347467424928913","0.714080539415532","0.355500210889956","0.375830505574724","0.191541624883851","0.311219555823872","2.59182834698383","2.44181530404714","1.04222897223938","1.58780348044251","0.535871656675418","0.330584043870447","0.804773356126381","0.700039022460875","0.467278860968818","0.425460367681471","0.496761700653334","0.953672666582417","1.66641640501871","1.19762263274973","1.11459962397058","1.22921929402222","0.894886823448333","0.766186532559257","0.911883567830944","0.844138081686072","0.901010432731261","1.09128570636866","1.26363444865386","1.25843062222726","1.02907156926466","1.0738855877752","1.23474946884221","1.69017055061567","1.75182072033723","1.63300067110826","1.36072199275411","1.39902554632452","1.2336985234571","1.40511008077252","1.3611741938954","1.36548171431429","1.54556217564894","1.51265078173364","1.29648158354703","1.31638405474457","1.92059466399123","2.56539577052803","",
"中国澳门特别行政区","MAC","矿石和金属进口（商品进口的百分比）","TM.VAL.MMTL.ZS.UN","","","","","","","","","","","","","","3.70180825490614","1.74592851991745","0.682985598837223","1.37375517876127","1.3653555867613","2.00453329671254","1.31452239003074","0.752905294993861","1.11352821160277","","0.708457405171938","0.771984975599258","0.856423182590804","0.703944933593425","1.15839271186902","","1.81203025533068","1.07316685941656","0.969514905848186","1.0659157801412","4.56813865027896","1.09442947610318","0.582636137604061","0.56366609894871","0.564919826956857","0.510471329670865","0.446660413684547","0.351051025073342","0.176936255562885","0.290683644595646","0.349786458728928","0.543233935728271","0.63810085833381","0.96751586839334","0.783092214703269","0.738699466031265","0.38693373361705","0.488891549960559","0.40485345767439","0.338973933245048","0.348091994088902","0.3757239975961","0.385182651140778","0.22850111495342","0.253694313360249","0.399873817654748","0.336858139648948","0.519404332594161","0.45011149671226","0.354770326903622","0.313480151952356","0.286925098283698",
"中国澳门特别行政区","MAC","燃料进口（占商品进口的百分比）","TM.VAL.FUEL.ZS.UN","","","","","","","","","","","","","","2.02250181863518","2.89880802415106","9.08713665551074","7.92625030197353","7.46276003997135","6.90107144649153","5.36118966901495","6.97631528235978","6.53598541331038","","7.42150444672763","6.09549296467106","6.47101768015539","5.21982246445234","4.27664384275287","","4.21530097296897","4.62841239983833","4.41504411525327","4.22626706229036","4.57961601619908","4.68929166721807","5.14557904872873","6.47199916721848","6.61955096149188","6.4954887731449","6.29715750077129","7.67470284630566","7.90837667198353","7.23677905937133","7.21077857841404","7.72886844907154","9.70384029830297","10.9660184137957","11.0825018323283","13.0978976223605","12.7162174666711","11.8623055174873","10.4514019647687","10.7180437487515","9.76980097231243","8.84830681709181","6.93936965556651","5.58087041296828","7.57987223012094","8.06054263341839","5.0710851537827","4.00458444291315","3.17435363526702","4.38504809701767","5.038357156261","3.87222363296414",
"中国澳门特别行政区","MAC","初级产品最惠国加权平均税率（%）","TM.TAX.TCOM.WM.FN.ZS","","","","","","","","","","","","","","","","","","","","","","","","","","","","","","","","","","","","","0","0","0","0","0","0","0","0","0","0","0","0","0","0","0","0","0","0","0","0","0","0","0","0","0","0","0","","",
"中国澳门特别行政区","MAC","约束税率，简单均值，初级产品（百分比）","TM.TAX.TCOM.BR.ZS","","","","","","","","","","","","","","","","","","","","","","","","","","","","","","","","","","","","","0","0","0","0","0","0","0","0","0","0","0","0","0","0","0","0","0","0","0","0","0","0","0","0","0","0","","","",
"中国澳门特别行政区","MAC","所有产品最惠国简单平均税率（%）","TM.TAX.MRCH.SM.FN.ZS","","","","","","","","","","","","","","","","","","","","","","","","","","","","","","","","","","","","","0","0","0","0","0","0","0","0","0","0","0","0","0","0","0","0","0","0","0","0","0","0","0","0","0","0","0","","",
"中国澳门特别行政区","MAC","工业产品最惠国加权平均税率（%）","TM.TAX.MANF.WM.FN.ZS","","","","","","","","","","","","","","","","","","","","","","","","","","","","","","","","","","","","","0","0","0","0","0","0","0","0","0","0","0","0","0","0","0","0","0","0","0","0","0","0","0","0","0","0","0","","",
"中国澳门特别行政区","MAC","约束税率，简单均值，制成品（百分比）","TM.TAX.MANF.BR.ZS","","","","","","","","","","","","","","","","","","","","","","","","","","","","","","","","","","","","","0","0","0","0","0","0","0","0","0","0","0","0","0","0","0","0","0","0","0","0","0","0","0","0","0","0","","","",
"中国澳门特别行政区","MAC","国际旅游，支出（占总进口的百分比）","ST.INT.XPND.MP.ZS","","","","","","","","","","","","","","","","","","","","","","","","","","","","","","","","","","","","","","","","","","","11.7483852424769","9.85974150307774","9.18161270808156","7.51403957506091","6.77121630204669","6.36671688217275","7.04557801088306","9.43765305589532","9.61512759765487","8.87169561436268","8.11838183133215","7.81402232785159","7.64572734111152","7.96538549959338","9.36359433418886","9.82234057412036","10.5945132267728","11.54065273379","5.8234514865553","","","","",
"中国澳门特别行政区","MAC","国际旅游，客运项目支出（现价美元）","ST.INT.TRNX.CD","","","","","","","","","","","","","","","","","","","","","","","","","","","","","","","","","","","","","","","","","","","20000000","16000000","17000000","63000000","73000000","82000000","74000000","68000000","83000000","100000000","72000000","104000000","131000000","109000000","96000000","102000000","104000000","112000000","41000000","","","","",
"中国澳门特别行政区","MAC","国际旅游，离境人数","ST.INT.DPRT","","","","","","","","","","","","","","","","","","","","","","","","","","","","","","","","","","","","","","","","","","","","","","629000","645000","599000","606000","671000","753000","908000","1291000","1446000","1537000","1466000","1251000","1391000","1780000","1765000","125000","","","","",
"中国澳门特别行政区","MAC","城镇人口","SP.URB.TOTL","165084","165104","169511","173878","215833","254640","252686","250906","249135","247179","249708","240428","238535","236725","234902","232965","230767","228501","228279","231337","236013","241373","251380","266162","279893","287017","293656","304718","314149","323529","333648","350582","370048","383353","396318","408932","414820","417106","422180","427340","430582","433900","438400","443600","454700","473500","498900","520900","540700","535000","537000","549600","567900","591900","621700","642900","652500","648400","658900","672000","685400","682500","677300","678800","687000",
"中国澳门特别行政区","MAC","农村人口","SP.RUR.TOTL","8231","8219","8299","8257","9822","10991","10256","9517","8798","8127","7688","6972","6515","6075","5648","5235","4833","4449","4121","3863","3637","3427","3270","3138","2957","2683","2394","2132","1851","1571","1302","1068","852","647","482","368","280","194","120","60","18","0","0","0","0","0","0","0","0","0","0","0","0","0","0","0","0","0","0","0","0","0","0","0","0",
"中国澳门特别行政区","MAC","农村出生登记完整性（百分比）","SP.REG.BRTH.RU.ZS","","","","","","","","","","","","","","","","","","","","","","","","","","","","","","","","","","","","","","","","","","","","","","","","","","","","","","","","","","","","","","","","","",
"中国澳门特别行政区","MAC","Population, male","SP.POP.TOTL.MA.IN","85490","85151","87567","89900","113244","134769","133505","132334","131196","130022","131283","126494","126037","119074","110997","111827","112463","112976","114397","117394","121163","124320","128699","135256","141220","143818","146175","150746","154529","158303","162465","170029","179016","185159","191134","196943","199508","200324","202473","204646","205895","207227","209222","211623","216846","225739","237754","248135","257506","254734","255593","261349","269480","280120","293453","302663","306361","303633","307775","313081","318480","316373","313254","313119","316372",
"中国澳门特别行政区","MAC","每100万人中研发技术人员的数量","SP.POP.TECH.RD.P6","","","","","","","","","","","","","","","","","","","","","","","","","","","","","","","","","","","","","","","","","","168.74535","180.69564","204.70918","205.26","228.22445","265.29013","356.58291","417.67025","450.22796","581.54766","666.26485","645.34545","732.62992","745.83876","1107.30213","160.6792","218.01039","182.46268","","","","","","",
"中国澳门特别行政区","MAC","老年抚养比（占工作年龄人口的百分比）","SP.POP.DPND.OL","9.48854285352576","9.81675392670157","9.68819138597688","9.58095809580958","9.46373752877974","9.31189535359041","8.98765980720585","8.59907507372017","8.33797997234932","8.18359488944636","8.0418291928273","7.47882216120619","6.2036326426196","13.2011819359732","29.6306017414326","24.87663688532","21.2130786451939","18.2644226412607","15.818858560794","13.7785578997759","12.1379742545259","11.2418015924877","10.9895568596645","10.8437414780475","10.6770076779415","10.4899564246998","10.3028172848918","10.098012510812","9.76153659084965","9.48778085483223","9.40641074674585","9.42773113385801","9.56511853988961","9.74656863305623","9.89351934127125","10.0126519491909","10.1154359753614","10.1785871073103","10.2137537813068","10.2181866088349","10.1872438278457","10.1056227333569","9.91532350964012","9.66030863194429","9.39981011672237","9.13487566318981","8.89510968921389","8.7116543328701","8.59557961673167","8.57523283535206","8.67316407898949","8.90407245951257","9.28081065075779","9.77890020504795","10.3667537417515","10.9940001310796","11.6321050835219","12.3342751358138","13.1462092640751","14.111336716759","15.2210318418568","16.3593157408293","17.4591197004303","18.6114297802403","19.8665215549651",
"中国澳门特别行政区","MAC","Population ages 80 and above, female (% of female population)","SP.POP.80UP.FE.5Y","0.869332543893608","0.903348001633172","0.898694621129851","0.901506486184671","0.828655558619708","0.770277085785025","0.759056529431306","0.751823934232972","0.756685103797628","0.77384491972207","0.778270281414287","0.680367211892446","0.409646091403462","1.96142991533396","3.76660628019324","3.46315062958723","3.18035325103712","2.91998960141555","2.64934068728608","2.36329992672901","2.05096384205401","1.82985708767864","1.75342805252539","1.71231223424996","1.67850685497074","1.65397437907784","1.63320313392266","1.6097390304704","1.58222733068731","1.54731876605207","1.51177871121349","1.49408086368617","1.48301234285833","1.47703792237258","1.48834104003363","1.51556170052307","1.54919583727531","1.58167142380546","1.61704737780706","1.65803755780611","1.71994101807362","1.79476814442433","1.85539808419556","1.91020740967232","1.97193540266295","2.03393557371642","2.0933158092377","2.15751446143495","2.22304953232239","2.28206758310666","2.33513432871245","2.37310535799459","2.39139202534578","2.40166780284414","2.40666231160613","2.40895797079002","2.40720020327468","2.39335631281179","2.38038267289927","2.3581707225194","2.32353990819604","2.26328279357444","2.1231495409924","2.02004181010723","2.04247598581989",
"中国澳门特别行政区","MAC","Population ages 70-74, female (% of female population)","SP.POP.7074.FE.5Y","1.97265046797076","2.06414734836456","2.08107089825137","2.07351912787514","1.63284731921253","1.34301783558252","1.36977834776764","1.41698903492507","1.4952223896731","1.6059576879637","1.67587798244432","1.63062895133355","1.41548364242079","2.45453120100345","3.77079978529254","3.65589859268736","3.50642465857168","3.35563997417126","3.20672361394249","3.03929726082403","2.82968082876856","2.65184434144457","2.52171454903829","2.40080212414357","2.29317634999502","2.20859439448584","2.14062188981671","2.09581586559788","2.06892835976365","2.04202409749315","2.02280250091946","2.04484113198471","2.07886551632819","2.09945506847095","2.12828565070102","2.15369294284858","2.16958372753075","2.19376691255514","2.22156593250565","2.23308850745403","2.23679972656224","2.23168786042651","2.19833001587764","2.14421851908475","2.07858007964653","1.99902401953504","1.91363124295907","1.82129981059359","1.74103254238134","1.67846088107472","1.59648322734755","1.51654168212412","1.48757412359629","1.49040062146266","1.52546081143778","1.63376064093103","1.79455289228076","1.97870762249662","2.20719142475438","2.47690242793083","2.74591469642752","3.00580920883086","3.2841726571198","3.56490967144744","3.86633125092486",
"中国澳门特别行政区","MAC","Population ages 65 and above, male","SP.POP.65UP.MA.IN","3078","3156","3210","3305","3683","4096","4200","4250","4345","4489","4679","4550","4449","5399","6642","6551","6513","6500","6535","6675","6939","7206","7517","7927","8263","8359","8405","8517","8540","8589","8731","9134","9728","10267","10799","11301","11616","11826","12123","12422","12674","12916","13080","13179","13440","13920","14615","15262","15903","15973","16515","17657","19280","21356","23917","26220","28012","29340","31471","34029","37092","39451","41503","43940","46964",
"中国澳门特别行政区","MAC","Population ages 65-69, female (% of female population)","SP.POP.6569.FE.5Y","2.68029968346503","2.66637934945334","2.59191950533011","2.56682694653302","2.09054274047914","1.83590347083187","1.94187133508966","1.99315317144006","2.05307053188887","2.10243168493856","2.10010070333748","2.01585970144617","1.77952975492838","3.09109438695516","4.71224168008588","4.60995892532489","4.48379740657528","4.27851434417637","3.98547552642879","3.64574924762697","3.32690908941479","3.1221835972705","3.05300944481232","3.01353584492267","2.9672840648624","2.90877233649447","2.85622917706794","2.79900285523282","2.73911507815353","2.70536591531978","2.69808393731663","2.70249325245183","2.71392297267124","2.71959322583259","2.70146633367127","2.67193286085838","2.63363292336802","2.58206064425251","2.53120846916637","2.48014413064515","2.41777695980158","2.34263794578927","2.23125987109115","2.10508077256281","1.99453297362229","1.88155917701315","1.78220052572287","1.73518936983977","1.736401189189","1.78389664168864","1.93063087958309","2.15631459006837","2.39220189801759","2.64771628327283","2.93190743892959","3.22652161897039","3.5096087408114","3.77881524790203","4.04706358226727","4.32889380000056","4.62424505121414","4.93541147667726","5.27855441990446","5.5752009901299","5.74744738755316",
"中国澳门特别行政区","MAC","Population ages 55-59, female (% of female population)","SP.POP.5559.FE.5Y","3.97889007810899","3.9490994873656","3.93331264821258","3.84996937154752","2.88450418553344","2.32114746832541","2.42627687600918","2.49280770717121","2.59513796286799","2.70626219733644","2.71066424555756","2.60186091305901","2.41981375611925","3.49600188146755","4.62879092860977","4.27454380176419","4.0538038859297","3.9363673719255","3.90334804957665","3.93676340921227","4.07603893995866","4.17672524784344","4.17639610125582","4.15210650426129","4.09838982930198","3.99892280316614","3.84757205835805","3.65307359253266","3.44971055357004","3.25925202392512","3.0813517795961","2.90719114935464","2.75494467263126","2.62919333927559","2.49969090774214","2.36253589488238","2.24952696310312","2.18426808021648","2.17385871849336","2.24914266347367","2.43793423033187","2.71505179820846","3.02577128222983","3.3636039341589","3.73851042362517","4.11242677735494","4.46564025535111","4.80390221071645","5.14881784709766","5.53407468395327","5.91988932948382","6.3157493772855","6.75660572644769","7.10750352743472","7.23721063027864","7.26225510293952","7.29025039339892","7.35925069447474","7.51857960388199","7.71435188673191","7.79595291389379","7.7017653122584","7.49111502330367","7.25137546932365","7.0913407407884",
"中国澳门特别行政区","MAC","Population ages 45-49, female (% of female population)","SP.POP.4549.FE.5Y","5.5695352173616","5.50911854103344","5.41156002748166","5.29194607223978","3.75941856224035","2.90917149363452","3.29697072707186","3.67714509889647","4.03197172096546","4.33057824853233","4.49636437163496","4.66626279571897","5.01712825653568","3.96284101599247","2.67755300590446","2.95097973200458","3.20054864143926","3.41056798074585","3.61110763702157","3.80471004143744","4.00535855910647","4.00049890562637","3.77521424118155","3.54531444380489","3.34028558818923","3.13921064652263","2.95967081412158","2.81618423436651","2.72175427883838","2.73438173324983","2.88861174635743","3.14422383153844","3.47334368395636","3.89453853010291","4.38119729977003","4.84109565200576","5.25756859035005","5.67288801571709","6.09266558378863","6.55165647673708","7.07980307223095","7.6389993850441","8.1995339481638","8.69938337664985","8.97024454932713","9.05578712052973","9.08899737138566","9.16683120891014","9.34464571038724","9.5613038599563","9.73164773276325","9.65638083629233","9.26931667803188","8.7984526848138","8.4231629221939","8.17457352758062","8.09814838754734","8.09648472155562","8.24210883132939","8.35642392939161","8.23911144049083","8.01584915385276","7.70321866617713","7.25904585591114","6.99779320461432",
"中国澳门特别行政区","MAC","Population ages 35-39, female (% of female population)","SP.POP.3539.FE.5Y","6.82998200988318","6.62852152610806","6.43990603045145","6.30295605223642","5.85129569170277","5.63494368112974","5.71050008884631","5.68161856841168","5.60767573794551","5.5122981078913","5.38366385701712","5.28682604035603","5.28319094331659","3.80801191596112","2.34752415458937","2.73382263820618","2.97250902481509","3.09106308754099","3.16920344685268","3.33320914521317","3.71236372452733","4.13286983391271","4.48464007868741","4.89667081345043","5.38894662661409","5.89697089523238","6.38760266664056","6.85537027433977","7.29871949138844","7.75239452319254","8.29805296617786","8.9433740413137","9.64451321781484","10.2990033222591","10.7089340026211","10.8779622342328","10.9254966887417","10.9968677021166","11.1464497881573","11.2274294174571","11.1555155331488","10.913962079153","10.3804551870814","9.72919533200836","9.28066381355815","9.02627624876315","8.94817874577544","8.97285418632032","9.21283027337453","9.32958836628418","9.09403772766034","8.80991970957656","8.42429553225642","7.80649047988966","7.4330331858716","7.45783867999307","7.56544389811897","7.8722166470323","8.27785801166192","8.61049024614157","8.94890345269854","9.37258397044928","9.77089901040311","10.038325931627","10.1789241389959",
"中国澳门特别行政区","MAC","Population ages 25-29, female (% of female population)","SP.POP.2529.FE.5Y","6.43602122378339","6.12099079072722","5.92185456882605","5.70285522228667","4.76065509603153","4.03669514450337","3.7914197640551","3.60219691853679","3.53053962142074","3.63974505820798","3.79778452657537","4.33850598816348","5.88315099622764","4.37480401379743","1.91098027375201","2.78306174668372","3.7773794798004","4.89278556273952","6.1703999232921","7.71953354942066","9.49829257568349","10.8178028839964","11.5088078005863","12.0545147334608","12.472416394983","12.694901041063","12.7494265025958","12.737024934867","12.7401327801823","12.6960004136909","12.5618385795308","12.2441944362791","11.5917458108536","10.8105096831699","10.2532083776366","9.93913581559941","9.73036896877956","9.51296474774808","9.52190556243398","9.43627614932149","9.03067629833637","8.69711056735057","8.40193719836148","7.86791010548846","7.51250299814264","7.55478317224512","7.6342470897484","7.87499177288782","8.27017176976474","8.71590707757084","9.35613426259496","10.1437874291165","10.6856220065081","10.9256939930561","10.9890280404865","10.8053852297955","10.4199078428663","10.000145439737","9.59801399772686","9.1550376565068","8.63167797238224","8.10497379950176","7.69635105133938","7.38086199544457","7.0674069832528",
"中国澳门特别行政区","MAC","15-64岁的人口总数","SP.POP.1564.TO","94788","93972","96726","99990","104240","110085","117016","124118","130919","137128","143823","145317","156360","126572","87629","99503","110776","121389","132184","144137","156377","165276","173128","183350","192760","197589","202003","209259","217937","226407","232703","243452","255104","262359","270096","278218","282321","284735","289913","296031","301799","308551","316853","326149","340209","360191","385088","407282","427429","426589","431146","442730","455930","471597","491147","503511","506873","499397","502198","505799","509361","502032","494309","491628","493413",
"中国澳门特别行政区","MAC","15-64岁的人口总数，女性","SP.POP.1564.FE.IN","48873","48761","49959","51380","53055","55441","58488","61607","64608","67402","70498","71090","76433","63386","45966","51105","55921","60500","65262","70631","76141","80402","84660","90308","95737","99049","102230","106842","111474","115901","119777","125809","132016","135881","140164","144743","147283","148934","151976","155440","158689","162383","166707","171461","178788","189284","202396","214142","224848","224520","227052","233462","241138","250420","261914","269647","272549","269686","272315","275309","278349","275337","271957","271441","273061",
"中国澳门特别行政区","MAC","Population ages 10-14, female (% of female population)","SP.POP.1014.FE.5Y","12.1160020950516","13.0194392777753","13.4460672414175","13.6017433823569","16.4672496463869","18.6650823004386","18.6801301019029","18.2959438200931","17.6968840985663","16.8781204228809","16.3016501074433","15.95173742175","15.2646871502274","14.4100815302603","14.2377885131508","14.5162783650933","14.216713368507","13.4447826779709","12.3316282501845","10.9459409112924","9.47034916930006","8.66566885541393","8.6405123975263","9.24930835360306","9.60051821585684","9.11356245355441","8.4169513759043","7.69600829704418","6.63392060726879","5.81810242296444","5.70200786998758","5.83362283209962","6.22309573633952","6.72251033141561","7.1882495487253","7.63509528459686","8.08703878902554","8.49357786262372","8.79789179549507","8.99545578194889","9.00788981860647","8.85428985494782","8.65635703513846","8.35244356112725","7.86474759107911","7.33991316474203","6.8524220803605","6.31238893398565","5.74804369859866","5.2697036334518","4.83064596793471","4.44744024590598","4.25782458481878","4.15238518001807","4.00505228400167","3.83346848037027","3.65032593787938","3.49971639251276","3.49900443517719","3.6268280636547","3.73519329560356","3.83477579245769","3.99457458427818","4.16124972698624","4.3543997580889",
"中国澳门特别行政区","MAC","0-14岁的人口总数","SP.POP.0014.TO","69532","70126","71713","72565","111551","145295","135409","125632","116099","106956","102008","91215","78990","99519","126955","113944","101324","89390","79307","71203","64291","60944","62497","66068","69509","71385","73235","76460","76789","77212","80358","85246","91396","96070","99982","103225","104221","103583","102776","101120","98055","94168","90130","85944","82512","80406","79558","78137","76531","71830","68460","67449","69656","74185","79637","84033","86667","87406","90683","94826","98509","98339","96689","95674","95563",
"中国澳门特别行政区","MAC","0-14岁的人口总数,女性","SP.POP.0014.FE.IN","33035","33342","34123","34580","53174","69265","64632","60059","55559","51149","48728","43499","37330","49030","64264","57066","50230","43803","38367","33990","30304","28704","29782","31781","33576","34465","35238","36647","37262","38004","39551","41994","45195","47656","49580","51058","51367","50886","50363","49487","47945","46024","44134","42189","40526","39494","39110","38403","37508","35138","33476","33025","34249","36599","39335","41455","42642","42824","44261","46264","48133","48111","47289","46681","46506",
"中国澳门特别行政区","MAC","初婚年龄是18岁的妇女（占20-24岁妇女的百分比）","SP.M18.2024.FE.ZS","","","","","","","","","","","","","","","","","","","","","","","","","","","","","","","","","","","","","","","","","","","","","","","","","","","","","","","","","","","","","","","","","",
"中国澳门特别行政区","MAC","存活至65岁的男性（占同层人群比例）","SP.DYN.TO65.MA.ZS","59.088405","59.97375","60.878835","62.286936","63.150598","63.28067","64.339527","65.765237","67.140598","67.139036","68.522986","68.845227","69.952907","70.933487","71.631134","71.298926","73.290759","72.240624","73.536927","74.282617","75.125284","75.833722","77.305358","77.311557","77.275424","78.185989","78.744204","78.763655","79.580561","81.159967","81.937951","81.751032","82.646692","83.438669","82.920092","83.725963","82.700542","84.457889","85.041527","85.715844","86.216116","86.882628","87.380448","87.677877","87.904303","88.319396","88.526389","88.731565","89.033379","89.289792","89.385072","89.881254","90.082143","90.196888","90.352926","90.423336","90.286839","90.42392","90.624064","90.474292","90.92802","91.638701","90.57325","89.387427","",
"中国澳门特别行政区","MAC","出生时的预期寿命，总体（岁）","SP.DYN.LE00.IN","63.780756097561","64.311","64.9175365853659","65.4913414634146","65.8860731707317","66.2214634146342","66.7044146341464","67.3226829268293","67.945","68.1946341463415","68.6991463414634","69.1089268292683","69.6813902439025","70.1881463414634","70.5503902439024","70.7074390243902","71.4869756097561","71.3875365853659","71.9051463414634","72.3346829268293","72.7648292682927","73.1919756097561","73.7552926829268","73.906512195122","74.0673902439025","74.5358048780488","74.814512195122","74.9958292682927","75.3718536585366","76.0493658536586","76.3986829268293","76.4601219512195","76.8933170731707","77.3012682926829","77.2664878048781","76.7585365853659","77.5439024390244","77.6463414634146","78.2463414634146","78.9951219512195","80.1829268292683","80.5878048780488","80.9463414634146","81.0439024390244","80.9926829268293","81.3414634146341","81.7292682926829","81.7292682926829","82.0268292682927","82.1756097560976","82.2731707317073","82.4707317073171","82.4707317073171","82.7219512195122","83.0219512195122","83.2243902439024","83.2756097560976","83.5268292682927","83.6780487804878","83.9292682926829","84.1292682926829","83.7292682926829","83.0804878048781","83.1804878048781","",
"中国澳门特别行政区","MAC","婴儿死亡率，女性（每1000名活产婴儿）","SP.DYN.IMRT.FE.IN","","","","","","","","","","","","","","","","","","","","","","","","","","","","","","","","","","","","","","","","","","","","","","","","","","","","","","","","","","","","","","","","","",
"中国澳门特别行政区","MAC","粗出生率（每千人）","SP.DYN.CBRT.IN","33.335","29.62","26.914","25.198","18.9","16.283","15.012","13.853","12.217","11.11","10.261","10.062","10.913","14.664","3.519","4.167","4.938","6.124","7.747","10.4","13.643","16.973","19.736","21.865","23.069","26.1","25.3","24.7","25","23.3","20.5","19.4","18","16.3","15.4","14.4","13.2","12.1","10.5","9.7","8.9","7.5","7.2","7.2","7.3","7.8","8.1","8.7","8.7","8.9","9.5","10.6","12.9","11.1","11.8","11","11","10.1","9","8.9","8.1","7.4","6.4","5.5","",
"中国澳门特别行政区","MAC","维生素A补充剂覆盖率（占6-59个月儿童数量比例）","SN.ITK.VITA.ZS","","","","","","","","","","","","","","","","","","","","","","","","","","","","","","","","","","","","","","","","","","","","","","","","","","","","","","","","","","","","","","","","","",
"中国澳门特别行政区","MAC","营养不良的发生率（占人口的百分比）","SN.ITK.DEFC.ZS","","","","","","","","","","","","","","","","","","","","","","","","","","","","","","","","","","","","","","","","","","20.1","19.4","17.9","16.4","14.9","13.9","13","12","11.3","10.2","9.4","8.4","7.6","6.7","6.2","6.1","6","5.9","7.3","8.7","10.1","10.4","11.2","",
"中国澳门特别行政区","MAC","Refugees under the mandate of the UNRWA by country or territory of asylum","SM.POP.RRWA.EA","","","","","","","","","","","","","","","","","","","","","","","","","","","","","","","","","","","","","","","","","","","","","","","","","","","","","","","","","","","","","","","","","",
"中国澳门特别行政区","MAC","Other people in need of international protection by country or territory of asylum","SM.POP.OPIP.EA","","","","","","","","","","","","","","","","","","","","","","","","","","","","","","","","","","","","","","","","","","","","","","","","","","","","","","","","","","","","","","","","","",
"中国澳门特别行政区","MAC","Asylum-seekers by country or territory of origin","SM.POP.ASYS.EO","","","","","","","","","","","","","","","","","","","","","","","","","","","","","","","","","","","","","","","","","0","5","8","5","5","5","5","5","0","0","0","0","","5","11","25","0","10","25","33","44","34","48","6","13",
"中国澳门特别行政区","MAC","Children in employment, wage workers, female (% of female children in employment, ages 7-14)","SL.WAG.0714.FE.ZS","","","","","","","","","","","","","","","","","","","","","","","","","","","","","","","","","","","","","","","","","","","","","","","","","","","","","","","","","","","","","","","","","",
"中国澳门特别行政区","MAC","Unemployment, male (% of male labor force) (national estimate)","SL.UEM.TOTL.MA.NE.ZS","","","","","","","","","","","","","","","","","","","","","","","","","","","","","","","","2.49","","","","","4.772","3.735","5.6","8.078","8.6","8.11","7.907","7.1","5.6","4.4","3.8","3.5","3.2","4.2","3.52","2.98","2.27","2.23","1.93","1.97","2.3","2.397","2.307","2.128","2.921","","","","",
"中国澳门特别行政区","MAC","Share of youth not in education, employment or training, total (% of youth population)  (modeled ILO estimate)","SL.UEM.NEET.ME.ZS","","","","","","","","","","","","","","","","","","","","","","","","","","","","","","","","","","","","","","","","","","","","","","8.875","8.766","8.015","7.514","7.19","6.19","6.3","5.76","5.27","5","5.31","4.96","5.142","5.876","6.024","6.871","5.76","4.83","3.623","3.657",
"中国澳门特别行政区","MAC","Share of youth not in education, employment or training, female (% of female youth population) (modeled ILO estimate)","SL.UEM.NEET.FE.ME.ZS","","","","","","","","","","","","","","","","","","","","","","","","","","","","","","","","","","","","","","","","","","","","","","8.521","8.276","6.889","6.424","5.86","5.499","6.31","5.938","4.965","5.116","5.363","4.359","4.789","5.753","5.985","6.517","5.496","4.718","3.492","3.523",
"中国澳门特别行政区","MAC","Unemployment with basic education (% of total labor force with basic education)","SL.UEM.BASC.ZS","","","","","","","","","","","","","","","","","","","","","","","","","","","","","","","","","","","","","4.56","3.24","4.74","6.78","7.32","6.8","7.17","6.89","","4.83","4.16","3.57","3.51","4.45","3.52","3.1","2.34","2.28","1.82","1.92","2.28","","","","","","","","",
"中国澳门特别行政区","MAC","Unemployment with advanced education, male (% of male labor force with advanced education)","SL.UEM.ADVN.MA.ZS","","","","","","","","","","","","","","","","","","","","","","","","","","","","","","","","","","","","","2.06","2.94","2.78","4.24","3.08","5.22","2.84","3.82","","2.73","3.03","1.67","2","2.22","1.94","1.78","1.76","1.66","1.93","1.37","1.78","","","","","","","","",
"中国澳门特别行政区","MAC","年轻男性失业人数（占15-24岁男性劳动力比例）（模拟劳工组织估计）","SL.UEM.1524.MA.ZS","","","","","","","","","","","","","","","","","","","","","","","","","","","","","","","","5.133","4.337","4.501","5.085","8.515","9.978","10.019","13.281","18.12","16.282","15.395","16.216","17.909","14.13","11.229","8.678","9.142","7.674","9.65","7.674","6.992","6.81","5.419","4.838","5.247","6.549","6.398","5.966","5.629","9.474","7.588","8.881","8.489","8.7",
"中国澳门特别行政区","MAC","劳动力，总数","SL.TLF.TOTL.IN","","","","","","","","","","","","","","","","","","","","","","","","","","","","","","","147271","155258","162795","173250","183534","193706","200672","205892","209017","214421","217883","220527","223356","220677","233377","251230","276137","303722","323790","324071","327912","341686","352453","366847","387049","395711","396434","391922","398219","402804","403030","402627","386966","396357","403821",
"中国澳门特别行政区","MAC","非全日制就业，女性（占女性就业总数的比例）","SL.TLF.PART.FE.ZS","","","","","","","","","","","","","","","","","","","","","","","","","","","","","","","","","","","","","","","","","","","","","","","","","","9.58","9.2","11.13","9.84","9.18","","4.57","5.25","","","","","","","","",
"中国澳门特别行政区","MAC","劳动力参与率，总数（占 15 岁以上总人口的百分比）（模拟劳工组织估计）","SL.TLF.CACT.ZS","","","","","","","","","","","","","","","","","","","","","","","","","","","","","","","57.846","58.279","58.244","60.171","61.834","63.287","64.55","65.63","65.415","65.717","65.52","64.912","64.133","61.701","62.704","63.911","65.85","68.597","69.757","69.968","69.986","70.867","70.739","70.859","71.403","70.806","70.062","69.862","70.082","69.789","68.672","68.924","66.648","67.971","68.278",
"中国澳门特别行政区","MAC","劳动参与率的男女比率（%）（模拟劳工组织估计）","SL.TLF.CACT.FM.ZS","","","","","","","","","","","","","","","","","","","","","","","","","","","","","","","64.1224484061758","64.4027580046339","65.5308197505168","65.573815132","66.1711915334911","67.1439770054873","68.3655694765229","69.7758949483573","69.6836352440088","71.7408173823073","74.4670747150696","75.5986057112213","77.109555832523","75.4591973385585","76.9628157025256","79.5140390275201","80.0095050580488","83.1952081175127","83.634268655153","85.3462709786292","84.5326336503772","85.8604979047271","84.9864033204523","86.4033307584545","85.9310023189232","86.8183369653687","87.2123476156924","85.8272401528474","85.4578923147722","85.3857419942208","85.2838328487788","85.7483170728443","80.4648855882787","84.159959150217","85.7621259587339",
"中国澳门特别行政区","MAC","Labor force with basic education (% of total working-age population with basic education)","SL.TLF.BASC.ZS","","","","","","","","","","","","","","","","","","","","","","","","","","","","","","","","","","","","","","","","","","","","","","","","","","68.74","67.81","68.51","67.46","66.64","","66.61","64.5","","","","","","","","",
"中国澳门特别行政区","MAC","Labor force with advanced education, male (% of male working-age population with advanced education)","SL.TLF.ADVN.MA.ZS","","","","","","","","","","","","","","","","","","","","","","","","","","","","","","","","","","","","","","","","","","","","","","","","","","92.78","93.52","92.49","92.28","93.93","80.91","94.12","93.36","","","","","","","","",
"中国澳门特别行政区","MAC","劳动力参与率，女性（占 15-64 岁女性人口的百分比）（模拟劳工组织估计）","SL.TLF.ACTI.FE.ZS","","","","","","","","","","","","","","","","","","","","","","","","","","","","","","","50.127","50.673","51.208","53.06","54.939","56.824","58.669","60.423","59.959","61.297","62.412","62.225","61.951","58.861","60.149","62.245","64.236","68.141","69.434","70.291","69.908","71.324","71.038","71.816","72.53","72.421","72.077","71.687","72.158","72.323","71.664","72.602","68.808","72.152","73.68",
"中国澳门特别行政区","MAC","Labor force participation rate for ages 15-24, male (%) (national estimate)","SL.TLF.ACTI.1524.MA.NE.ZS","40.01","","","","","","","","","","","","","","","","","","","","","","","","","","","","","","","","48.58","54.76","51.81","56.05","53.81","44.44","41.64","","35.9","40.16","34.2","27.96","29.97","32.8","37.02","43.53","44.96","50.5","50.13","50.5","49.62","48.4","48.1","46.06","47.53","","","","","","","","",
"中国澳门特别行政区","MAC","从事经济活动的儿童，只工作（占 7-14 岁从事经济活动儿童的百分比）","SL.TLF.0714.WK.ZS","","","","","","","","","","","","","","","","","","","","","","","","","","","","","","","","","","","","","","","","","","","","","","","","","","","","","","","","","","","","","","","","","",
"中国澳门特别行政区","MAC","从事经济活动的女童，只工作（占 7-14 岁从事经济活动女童的百分比）","SL.TLF.0714.WK.FE.ZS","","","","","","","","","","","","","","","","","","","","","","","","","","","","","","","","","","","","","","","","","","","","","","","","","","","","","","","","","","","","","","","","","",
"中国澳门特别行政区","MAC","从事经济活动的男童，工学兼顾（占 7-14 岁从事经济活动男童的百分比）","SL.TLF.0714.SW.MA.ZS","","","","","","","","","","","","","","","","","","","","","","","","","","","","","","","","","","","","","","","","","","","","","","","","","","","","","","","","","","","","","","","","","",
"中国澳门特别行政区","MAC","从事经济活动的男童（占 7-14 岁男童的比例）","SL.TLF.0714.MA.ZS","","","","","","","","","","","","","","","","","","","","","","","","","","","","","","","","","","","","","","","","","","","","","","","","","","","","","","","","","","","","","","","","","",
"中国澳门特别行政区","MAC","服务业女性就业人员（占女性就业的百分比）","SL.SRV.EMPL.FE.ZS","","","","","","","","","","","","","","","","","","","","","","","","","","","","","","","","80.6282476679396","81.8546942188246","83.0157543617156","83.9666644263727","84.7926796584862","85.5367327828382","86.1360967657353","86.6876157342461","87.1857179885951","87.8484550489105","88.6270389272491","89.381334724678","90.1851037851038","90.9846906422683","91.2540812055253","91.470856421407","91.9158826164875","92.5919312169312","93.5096594102676","94.271179617306","94.6860830136031","94.9817419490825","95.1863036841146","95.1115902964959","94.9047869598261","95.1276077739999","95.4261684089054","95.58543998211","95.5383079385307","95.4668850569483","95.3910120311394","95.6096602977886","95.7949753230808","95.9112762547688",
"中国澳门特别行政区","MAC","Children in employment, self-employed (% of children in employment, ages 7-14)","SL.SLF.0714.ZS","","","","","","","","","","","","","","","","","","","","","","","","","","","","","","","","","","","","","","","","","","","","","","","","","","","","","","","","","","","","","","","","","",
"中国澳门特别行政区","MAC","制造业男童工雇佣率（占 7-14 岁参与经济活动的男童的百分比例）","SL.MNF.0714.MA.ZS","","","","","","","","","","","","","","","","","","","","","","","","","","","","","","","","","","","","","","","","","","","","","","","","","","","","","","","","","","","","","","","","","",
"中国澳门特别行政区","MAC","工业女性就业人员（占女性就业的百分比）","SL.IND.EMPL.FE.ZS","","","","","","","","","","","","","","","","","","","","","","","","","","","","","","","","18.9335128028548","17.7138079311992","16.5554787661669","15.6045433160831","14.7785137256403","14.0376266280753","13.4386720932088","12.8892879187475","12.3909193018835","11.7323119921329","10.9556689682778","10.2051267186488","9.4046398046398","8.60856961681312","8.33989116785266","8.12388456352825","7.68089157706093","7.00859788359788","6.09752246704938","5.34149064003953","4.9290780141844","4.63657648727633","4.43275234777424","4.5078167115903","4.71308534893732","4.49250724090165","4.19644760028486","4.03846349322518","4.08340399058795","4.15548174772889","4.24628450106157","4.02856950897448","3.8541611060695","3.74693310263647",
"中国澳门特别行政区","MAC","Contributing family workers, female (% of female employment)","SL.FAM.WORK.FE.ZS","","","","","","","","","","","","","","","","","","","","","","","","","","","","","","","","2.73743191635886","2.55315336837076","2.48233452278529","2.43564755695947","2.37502711946603","2.35804886353963","3.22172440917952","3.18051736715111","3.22598064627614","2.94808757310698","2.7909536675673","2.56046068968183","2.89230769230769","3.58546969834224","2.38928421933864","1.82912097760944","1.31398409498208","1.35185185185185","1.22139911458037","1.03511586344034","0.619114056505058","0.596448652436211","0.502956456448167","0.630188679245283","0.569736974973028","0.309050077656047","0.40909256304028","0.227182630439423","0.228277284152539","0.231028608115828","0.355331446095777","0.747830670876983","0.678918583151755","0.527104517971191",
"中国澳门特别行政区","MAC","Wage and salaried workers, total (% of total employment)","SL.EMP.WORK.ZS","","","","","","","","","","","","","","","","","","","","","","","","","","","","","","","","88.781666988977","88.9679470331293","89.0863124910981","89.187991203096","89.2480624415984","89.2778656588069","90.3525945062264","90.3305631947262","89.1381877358817","88.217367251269","89.2681959597581","89.5069439341612","89.1430212626281","88.3668856276078","89.64223763233","90.6828789176735","91.3751663452921","92.5672159583695","92.0630419812482","92.0514509897877","92.5190200481201","92.6885842193621","93.2133515218221","93.5842016653774","93.2911553988288","93.5846989619194","93.521203973216","93.7175640661648","93.5020114869823","93.2484353046366","93.3316523072084","92.6683206651315","92.7029877839376","92.9322490605251",
"中国澳门特别行政区","MAC","男性弱势群体就业率（占所有男性就业人员比例）","SL.EMP.VULN.MA.ZS","","","","","","","","","","","","","","","","","","","","","","","","","","","","","","","","8.55454963940463","8.44205513838463","8.35741070879696","8.27951484602663","8.27435721664912","8.27642077300602","6.92760996098523","7.13600665918714","8.45722108145106","9.48739733786462","9.06523429470279","8.5131338240829","8.93423493507271","9.50433724912774","7.71303698000408","6.32512577976437","6.3847877669391","5.83911061145462","6.3338786857417","6.52361929080351","5.84636455733456","5.63180468492247","4.85961005218227","3.98811327475028","4.38337352091085","4.44895235553183","4.60807501297939","4.23006616719446","4.5745028380089","4.87918239610822","4.36123951551932","4.90730369529512","4.90632301075909","4.68451810028577",
"中国澳门特别行政区","MAC","15 岁（含）以上男性就业人口比率（百分比）（模拟劳工组织估计）","SL.EMP.TOTL.SP.MA.ZS","","","","","","","","","","","","","","","","","","","","","","","","","","","","","","","","69.858","69.634","71.876","73.412","73.444","73.821","75.234","73.564","71.137","69.186","68.56","67.289","65.902","67.389","68.506","70.831","72.61","73.935","72.601","73.512","74.342","75.109","74.675","75.695","74.639","73.454","73.82","74.322","74.177","72.472","72.78","72.556","72.572","72.17",
"中国澳门特别行政区","MAC","Female share of employment in senior and middle management (%)","SL.EMP.SMGT.FE.ZS","","","","","","","","","","","","","","","","","","","","","","","","","","","","","","","","","","","","","","","","","","","","","","","","","","","","","","","","","","","","","","","","","",
"中国澳门特别行政区","MAC","Employers, total (% of total employment)","SL.EMP.MPYR.ZS","","","","","","","","","","","","","","","","","","","","","","","","","","","","","","","","3.56410752272288","3.53946857908109","3.51030242605517","3.48636991322434","3.46891661628099","3.45513997855467","3.26709992532343","3.40982522579385","3.56982098957792","3.38095561616181","2.92702732049533","3.51375927694908","3.31066049090047","3.55846936954545","3.91581688346227","3.77219153398517","3.4630373971375","2.7872538627092","3.08666402849228","3.11041897517295","3.11461353384321","3.20425293788472","3.24099107135505","3.22074682355082","3.35428933105689","3.18198296415275","3.08146137078564","3.2450641109261","3.22343951623106","3.26146378847873","3.43203952575091","3.44079228903878","3.43644213315017","3.43890090503752",
"中国澳门特别行政区","MAC","Employment to population ratio, ages 15-24, total (%) (national estimate)","SL.EMP.1524.SP.NE.ZS","","","","","","","","","","","","","","","","","","","","","","","","","","","","","","","","","","","","","","51.56","47.06","","37.58","","","28.67","30.09","32.46","35.39","41.56","43.08","48.57","48.52","48.87","46.93","47.96","46.81","45.52","44.48","","","","","","","","",
"中国澳门特别行政区","MAC","Employment to population ratio, ages 15-24, female (%) (national estimate)","SL.EMP.1524.SP.FE.NE.ZS","","","","","","","","","","","","","","","","","","","","","","","","","","","","","","","","","","","","","","62.27","58.15","","44.28","","","33.27","33.62","35.47","36.96","43.32","44.84","51.61","50.78","50.63","47.52","50.13","48.43","47.32","44.52","","","","","","","","",
"中国澳门特别行政区","MAC","农业童工雇佣率（占 7-14 岁参与经济活动儿童的百分比）","SL.AGR.0714.ZS","","","","","","","","","","","","","","","","","","","","","","","","","","","","","","","","","","","","","","","","","","","","","","","","","","","","","","","","","","","","","","","","","",
"中国澳门特别行政区","MAC","Annualized average growth rate in per capita real survey mean consumption or income, total population (%)","SI.SPR.PCAP.ZG","","","","","","","","","","","","","","","","","","","","","","","","","","","","","","","","","","","","","","","","","","","","","","","","","","","","","","","","","","","","","","","","","",
"中国澳门特别行政区","MAC","Average transaction cost of sending remittances from a specific country (%)","SI.RMT.COST.OB.ZS","","","","","","","","","","","","","","","","","","","","","","","","","","","","","","","","","","","","","","","","","","","","","","","","","","","","","","","","","","","","","","","","","",
"中国澳门特别行政区","MAC","Poverty headcount ratio at societal poverty line (% of population)","SI.POV.SOPO","","","","","","","","","","","","","","","","","","","","","","","","","","","","","","","","","","","","","","","","","","","","","","","","","","","","","","","","","","","","","","","","","",
"中国澳门特别行政区","MAC","贫困差距，以每天4.2美元为贫困线（按2021年购买力平价计算）（百分比）","SI.POV.LMIC.GP","","","","","","","","","","","","","","","","","","","","","","","","","","","","","","","","","","","","","","","","","","","","","","","","","","","","","","","","","","","","","","","","","",
"中国澳门特别行政区","MAC","贫困人口比例，以每天3美元为贫困线（按2021年购买力平价计算）（占总人口的百分比）","SI.POV.DDAY","","","","","","","","","","","","","","","","","","","","","","","","","","","","","","","","","","","","","","","","","","","","","","","","","","","","","","","","","","","","","","","","","",
"中国澳门特别行政区","MAC","最高10% 占有的收入份额","SI.DST.10TH.10","","","","","","","","","","","","","","","","","","","","","","","","","","","","","","","","","","","","","","","","","","","","","","","","","","","","","","","","","","","","","","","","","",
"中国澳门特别行政区","MAC","第二个20% 占有的收入份额","SI.DST.02ND.20","","","","","","","","","","","","","","","","","","","","","","","","","","","","","","","","","","","","","","","","","","","","","","","","","","","","","","","","","","","","","","","","","",
"中国澳门特别行政区","MAC","UHC service coverage sub-index on service capacity and access","SH_UHC_SCI_CAPACITY","","","","","","","","","","","","","","","","","","","","","","","","","","","","","","","","","","","","","","","","","","","","","","","","","","","","","","","","","","","","","","","","","",
"中国澳门特别行政区","MAC","Proportion of population facing impoverishing out-of-pocket health expenditure, based on the societal poverty line (%)","SH_UHC_FH40_IMPOV","","","","","","","","","","","","","","","","","","","","","","","","","","","","","","","","","","","","","","","","","","","","","","","","","","","","","","","","","","","","","","","","","",
"中国澳门特别行政区","MAC","Domestic private health expenditure per capita (current US$)","SH.XPD.PVTD.PC.CD","","","","","","","","","","","","","","","","","","","","","","","","","","","","","","","","","","","","","","","","","","","","","","","","","","","","","","","","","","","","","","","","","",
"中国澳门特别行政区","MAC","Out-of-pocket expenditure (% of current health expenditure)","SH.XPD.OOPC.CH.ZS","","","","","","","","","","","","","","","","","","","","","","","","","","","","","","","","","","","","","","","","","","","","","","","","","","","","","","","","","","","","","","","","","",
"中国澳门特别行政区","MAC","Domestic general government health expenditure (% of GDP)","SH.XPD.GHED.GD.ZS","","","","","","","","","","","","","","","","","","","","","","","","","","","","","","","","","","","","","","","","","","","","","","","","","","","","","","","","","","","","","","","","","",
"中国澳门特别行政区","MAC","External health expenditure (% of current health expenditure)","SH.XPD.EHEX.CH.ZS","","","","","","","","","","","","","","","","","","","","","","","","","","","","","","","","","","","","","","","","","","","","","","","","","","","","","","","","","","","","","","","","","",
"中国澳门特别行政区","MAC","新生儿破伤风预防（%）","SH.VAC.TTNS.ZS","","","","","","","","","","","","","","","","","","","","","","","","","","","","","","","","","","","","","","","","","","","","","","","","","","","","","","","","","","","","","","","","","",
"中国澳门特别行政区","MAC","Prevalence of severe wasting, weight for height (% of children under 5)","SH.SVR.WAST.ZS","","","","","","","","","","","","","","","","","","","","","","","","","","","","","","","","","","","","","","","","","","","","","","","","","","","","","","","","","","","","","","","","","",
"中国澳门特别行政区","MAC","消瘦患病率，男性（占5岁以下儿童中百分比）","SH.STA.WAST.MA.ZS","","","","","","","","","","","","","","","","","","","","","","","","","","","","","","","","","","","","","","","","","","","","","","","","","","","","","","","","","","","","","","","","","",
"中国澳门特别行政区","MAC","Suicide mortality rate (per 100,000 population)","SH.STA.SUIC.P5","","","","","","","","","","","","","","","","","","","","","","","","","","","","","","","","","","","","","","","","","","","","","","","","","","","","","","","","","","","","","","","","","",
"中国澳门特别行政区","MAC","Prevalence of stunting, height for age (modeled estimate, % of children under 5)","SH.STA.STNT.ME.ZS","","","","","","","","","","","","","","","","","","","","","","","","","","","","","","","","","","","","","","","","","","","","","","","","","","","","","","","","","","","","","","","","","",
"中国澳门特别行政区","MAC","营养不良患病率，基于年龄相应的身高，女性（占5岁以下儿童百分比）","SH.STA.STNT.FE.ZS","","","","","","","","","","","","","","","","","","","","","","","","","","","","","","","","","","","","","","","","","","","","","","","","","","","","","","","","","","","","","","","","","",
"中国澳门特别行政区","MAC","Mortality rate attributed to unintentional poisoning, male (per 100,000 male population)","SH.STA.POIS.P5.MA","","","","","","","","","","","","","","","","","","","","","","","","","","","","","","","","","","","","","","","","","","","","","","","","","","","","","","","","","","","","","","","","","",
"中国澳门特别行政区","MAC","Prevalence of overweight, weight for height (modeled estimate, % of children under 5)","SH.STA.OWGH.ME.ZS","","","","","","","","","","","","","","","","","","","","","","","","","","","","","","","","","","","","","","","","","","","","","","","","","","","","","","","","","","","","","","","","","",
"中国澳门特别行政区","MAC","超重率，女性（占5岁以下儿童中百分比）","SH.STA.OWGH.FE.ZS","","","","","","","","","","","","","","","","","","","","","","","","","","","","","","","","","","","","","","","","","","","","","","","","","","","","","","","","","","","","","","","","","",
"中国澳门特别行政区","MAC","People practicing open defecation, urban (% of urban population)","SH.STA.ODFC.UR.ZS","","","","","","","","","","","","","","","","","","","","","","","","","","","","","","","","","","","","","","","","","0","0","0","0","0","0","0","0","0","0","0","0","0","0","0","0","0","0","0","0","0","0","0","0","0",
"中国澳门特别行政区","MAC","营养不良发生率，年龄体重（占5岁以下儿童的百分比）","SH.STA.MALN.ZS","","","","","","","","","","","","","","","","","","","","","","","","","","","","","","","","","","","","","","","","","","","","","","","","","","","","","","","","","","","","","","","","","",
"中国澳门特别行政区","MAC","People with basic handwashing facilities including soap and water, urban (% of urban population)","SH.STA.HYGN.UR.ZS","","","","","","","","","","","","","","","","","","","","","","","","","","","","","","","","","","","","","","","","","","","","","","","","","","","","","","","","","","","","","","","","","",
"中国澳门特别行政区","MAC","低出生重量婴儿（占出生儿的百分比）","SH.STA.BRTW.ZS","","","","","","","","","","","","","","","","","","","","","","","","","","","","","","","","","","","","","","","","","","","","","","","","","","","","","","","","","","","","","","","","","",
"中国澳门特别行政区","MAC","People using at least basic sanitation services, urban (% of urban population)","SH.STA.BASS.UR.ZS","","","","","","","","","","","","","","","","","","","","","","","","","","","","","","","","","","","","","","","","","100","100","100","100","100","100","100","100","100","100","100","100","100","100","100","100","100","100","100","100","100","100","100","100","100",
"中国澳门特别行政区","MAC","Mortality rate attributed to household and ambient air pollution, age-standardized (per 100,000 population)","SH.STA.AIRP.P5","","","","","","","","","","","","","","","","","","","","","","","","","","","","","","","","","","","","","","","","","","","","","","","","","","","","","","","","","","","","","","","","","",
"中国澳门特别行政区","MAC","Specialist surgical workforce (per 100,000 population)","SH.SGR.IRSK.ZS","","","","","","","","","","","","","","","","","","","","","","","","","","","","","","","","","","","","","","","","","","","","","","","","","","","","","","","","","","","","","","","","","",
"中国澳门特别行政区","MAC","Prevalence of current tobacco use (% of adults)","SH.PRV.SMOK","","","","","","","","","","","","","","","","","","","","","","","","","","","","","","","","","","","","","","","","","","","","","","","","","","","","","","","","","","","","","","","","","",
"中国澳门特别行政区","MAC","孕产妇死亡数","SH.MMR.DTHS","","","","","","","","","","","","","","","","","","","","","","","","","","","","","","","","","","","","","","","","","","","","","","","","","","","","","","","","","","","","","","","","","",
"中国澳门特别行政区","MAC","Specialist surgical workforce (per 100,000 population)","SH.MED.SAOP.P5","","","","","","","","","","","","","","","","","","","","","","","","","","","","","","","","","","","","","","","","","","","","","","","","","","","","","","","","","","","","","","","","","",
"中国澳门特别行政区","MAC","医院床位（每千人）","SH.MED.BEDS.ZS","10.1213865280151","","","","","","","","","","5.29530000686646","","","","","","","","","","","","","","","","","","","","","","","","","","","","","","","","","","","","","","","","","","","","","","","","","","","","","","",
"中国澳门特别行政区","MAC","Antiretroviral therapy coverage for PMTCT (% of pregnant women living with HIV)","SH.HIV.PMTC.ZS","","","","","","","","","","","","","","","","","","","","","","","","","","","","","","","","","","","","","","","","","","","","","","","","","","","","","","","","","","","","","","","","","",
"中国澳门特别行政区","MAC","Incidence of HIV, all (per 1,000 uninfected population)","SH.HIV.INCD.TL.P3","","","","","","","","","","","","","","","","","","","","","","","","","","","","","","","","","","","","","","","","","","","","","","","","","","","","","","","","","","","","","","","","","",
"中国澳门特别行政区","MAC","抗逆转录病毒治疗覆盖率（艾滋病病毒感染者的比例）","SH.HIV.ARTC.ZS","","","","","","","","","","","","","","","","","","","","","","","","","","","","","","","","","","","","","","","","","","","","","","","","","","","","","","","","","","","","","","","","","",
"中国澳门特别行政区","MAC","People using safely managed drinking water services (% of population)","SH.H2O.SMDW.ZS","","","","","","","","","","","","","","","","","","","","","","","","","","","","","","","","","","","","","","","","","99.9749148991883","99.9749148991883","99.9749148991883","99.9749148991883","99.9765383608274","99.9781618224666","99.9797852841058","99.981408745745","99.9830322073841","99.9846556690233","99.9862791306625","99.9879025923017","99.9895260539408","99.99114951558","99.9927729772192","99.9943964388583","99.9960199004975","99.9976433621367","99.9992668237759","100","100","100","100","100","100",
"中国澳门特别行政区","MAC","People using at least basic drinking water services, urban (% of urban population)","SH.H2O.BASW.UR.ZS","","","","","","","","","","","","","","","","","","","","","","","","","","","","","","","","","","","","","","","","","100","100","100","100","100","100","100","100","100","100","100","100","100","100","100","100","100","100","100","100","100","100","100","100","100",
"中国澳门特别行政区","MAC","Mortality from CVD, cancer, diabetes or CRD between exact ages 30 and 70 (%)","SH.DYN.NCOM.ZS","","","","","","","","","","","","","","","","","","","","","","","","","","","","","","","","","","","","","","","","","","","","","","","","","","","","","","","","","","","","","","","","","",
"中国澳门特别行政区","MAC","死亡率，5岁以下，女性（每千人活产婴儿）","SH.DYN.MORT.FE","","","","","","","","","","","","","","","","","","","","","","","","","","","","","","","","","","","","","","","","","","","","","","","","","","","","","","","","","","","","","","","","","",
"中国澳门特别行政区","MAC","Probability of dying among youth ages 20-24 years (per 1,000)","SH.DYN.2024","","","","","","","","","","","","","","","","","","","","","","","","","","","","","","","","","","","","","","","","","","","","","","","","","","","","","","","","","","","","","","","","","",
"中国澳门特别行政区","MAC","新生儿死亡数","SH.DTH.NMRT","","","","","","","","","","","","","","","","","","","","","","","","","","","","","","","","","","","","","","","","","","","","","","","","","","","","","","","","","","","","","","","","","",
"中国澳门特别行政区","MAC","婴儿死亡数","SH.DTH.IMRT","","","","","","","","","","","","","","","","","","","","","","","","","","","","","","","","","","","","","","","","","","","","","","","","","","","","","","","","","","","","","","","","","",
"中国澳门特别行政区","MAC","Number of deaths ages 10-14 years","SH.DTH.1014","","","","","","","","","","","","","","","","","","","","","","","","","","","","","","","","","","","","","","","","","","","","","","","","","","","","","","","","","","","","","","","","","",
"中国澳门特别行政区","MAC","Prevalence of anemia among non-pregnant women (% of women ages 15-49)","SH.ANM.NPRG.ZS","","","","","","","","","","","","","","","","","","","","","","","","","","","","","","","","","","","","","","","","","","","","","","","","","","","","","","","","","","","","","","","","","",
"中国澳门特别行政区","MAC","Total alcohol consumption per capita (liters of pure alcohol, projected estimates, 15+ years of age)","SH.ALC.PCAP.LI","","","","","","","","","","","","","","","","","","","","","","","","","","","","","","","","","","","","","","","","","","","","","","","","","","","","","","","","","","","","","","","","","",
"中国澳门特别行政区","MAC","Women who believe a husband is justified in beating his wife when she neglects the children (%)","SG.VAW.NEGL.ZS","","","","","","","","","","","","","","","","","","","","","","","","","","","","","","","","","","","","","","","","","","","","","","","","","","","","","","","","","","","","","","","","","",
"中国澳门特别行政区","MAC","Internally displaced persons, new displacement associated with disasters (number of cases)","VC.IDP.NWDS","","","","","","","","","","","","","","","","","","","","","","","","","","","","","","","","","","","","","","","","","","","","","","","","","","","","","","","","","","","5600","","2800","37","","3100","",
"中国澳门特别行政区","MAC","Voice and Accountability: Percentile Rank, Upper Bound of 90% Confidence Interval","VA.PER.RNK.UPPER","","","","","","","","","","","","","","","","","","","","","","","","","","","","","","","","","","","","","75","","78.6069641113281","","78.6069641113281","","89.0547256469727","92.0398025512695","70.6730804443359","80.288459777832","86.538459777832","74.038459777832","73.0769195556641","79.1469192504883","78.6729888916016","76.9953079223633","53.521125793457","51.6431922912598","49.7536964416504","58.6206893920898","61.0837440490723","59.1133003234863","57.7669906616211","50.2415466308594","52.6570053100586","41.062801361084","40.0966186523438","40.6862754821777","",
"中国澳门特别行政区","MAC","Voice and Accountability: Estimate","VA.EST","","","","","","","","","","","","","","","","","","","","","","","","","","","","","","","","","","","","","0.299853712320328","","0.298557758331299","","0.287548869848251","","0.453831791877747","0.726204633712769","0.129654556512833","0.404883742332458","0.314057976007462","0.0624813102185726","0.0831067636609077","0.592065155506134","0.628308355808258","0.606116414070129","-0.24322135746479","-0.267725646495819","-0.330587536096573","-0.0673926323652267","-0.0613991841673851","-0.0546205677092075","-0.0684486106038094","-0.325433850288391","-0.290419191122055","-0.534458220005035","-0.531183540821075","-0.509288549423218","",
"中国澳门特别行政区","MAC","高科技出口（现价美元）","TX.VAL.TECH.CD","","","","","","","","","","","","","","","","","","","","","","","","","","","","","","","","","","","","","","","","","","","","","","","","0","0","0","0","0","0","0","38294","0","0","4766535","0","0","0","0","0","0","0",
"中国澳门特别行政区","MAC","向地区内的发展中经济体的商品出口（占商品出口总额的百分比）","TX.VAL.MRCH.WR.ZS","","","","2.03045685279188","4.83091787439614","0.497512437810945","0.442477876106195","0.420168067226891","","0.765976274092304","0.233832663500183","0.172581167080142","0.0980090987551382","0.727608336373978","0.783330876210133","0.23618665903235","0.222498671036263","0.267201376018102","0.283580567474917","0.0789735516536386","0.235549508737945","3.84711115741826","3.3756143211786","3.86229935260583","4.49540905776776","6.7925453379258","3.91234960023782","3.91884913636703","3.87182134671107","3.56786760064119","4.5481560133104","8.68375434497134","10.0850568123264","13.4752215278848","13.0366512941592","10.8325272936042","8.63745961814996","7.30119265514698","7.76193673052938","9.98489225948118","11.0845782594416","12.7521313791967","16.6988970539455","15.423549338472","15.5705068742985","17.1227818578594","16.9576450568514","17.8943424880491","16.2271171473901","20.8325228213177","22.3766958760094","22.4175902642149","22.4633930248641","24.1950325394824","19.4089896069526","21.3221839752798","24.5977286751374","23.5223501292599","21.0750293218143","15.9799943130646","14.0562960398405","11.4164654509302","7.46678985889473","6.11591296475154","",
"中国澳门特别行政区","MAC","向南亚地区的发展中经济体的商品出口（占商品出口总额的百分比）","TX.VAL.MRCH.R5.ZS","","","","","","","","","","","","","","","","","","","0.00117668285259302","0.00155868851947971","0.0348613272932158","","0.264221150020454","0.00080238897945483","0.00290420850382821","0.0586558190714247","0.00205357282555975","0.00282457846787621","0.0536532889330969","0.0388778980011521","0.0241526436229633","0.0333799689476705","0.040254768339644","0.0318999020470355","0.0260240653011897","0.0337372567804447","0.0251686225878738","0.0487664546049582","0.0388073417041169","0.0667484473692196","0.0629967361256868","0.0364728180521012","0.0524081983703399","0.0354830760130094","0.0402663506709416","0.0407269437194594","0.0367399639091633","0.094546554622358","0.100912855402558","0.173272410616832","0.235582576230289","0.0923643019234169","0.106526347590971","0.200734629625247","0.25625968319256","0.398337148963385","0.651527508100766","0.952539926019531","0.588663133949483","0.416144940339318","0.196882500683603","0.0494205863896622","0.052398751104905","0.0763186772373377","",
"中国澳门特别行政区","MAC","向东亚和太平洋地区发展中经济体的商品出口（占商品出口总额的百分比）","TX.VAL.MRCH.R1.ZS","","","","2.03045685279188","4.83091787439614","0.497512437810945","0.442477876106195","0.420168067226891","","0.765976274092304","0.233832663500183","0.172581167080142","0.0980090987551382","0.727608336373978","0.783330876210133","0.23618665903235","0.222498671036263","0.267201376018102","0.283580567474917","0.0789735516536386","0.235549508737945","3.84711115741826","3.3756143211786","3.86229935260583","4.49540905776776","6.7925453379258","3.91234960023782","3.91884913636703","3.87182134671107","3.56786760064119","4.5481560133104","8.68375434497134","10.0850568123264","13.4752215278848","13.0366512941592","10.8325272936042","8.63745961814996","7.30119265514698","7.76193673052938","9.98489225948118","11.0845782594416","12.7521313791967","16.6988970539455","15.423549338472","15.5705068742985","17.1227818578594","16.9576450568514","17.8943424880491","16.2271171473901","20.8325228213177","22.3766958760094","22.4175902642149","22.4633930248641","24.1950325394824","19.4089896069526","21.3221839752798","24.5977286751374","23.5223501292599","21.0750293218143","15.9799943130646","14.0562960398405","11.4164654509302","7.46678985889473","6.11591296475154","",
"中国澳门特别行政区","MAC","对阿拉伯世界发展中的经济体的商品出口（占商品出口总额百分比）","TX.VAL.MRCH.AL.ZS","","","","0.50761421319797","","","","","","0.0470093742222714","0.0438436244062843","0.0323589688275267","0.0117025789558374","0.0955120087570561","0.34203154946189","0.0540764067818176","0.122209861184942","0.0528883962858549","0.307506452144308","0.932095734648866","0.864560916871752","1.39948888483701","1.73340842481605","2.11255645140799","1.05147633146496","0.990320670467355","0.851548198332108","0.613730203507257","0.369018401591489","0.310158546336594","0.213169937737483","0.214568207715629","0.208426617530367","0.0732450660729024","0.137581961717534","0.0915039481689081","0.046049540972977","0.0348061166601657","0.0526262169302023","0.0361744220453308","0.104248041164188","0.209250100806286","0.130081012154844","0.0593387926822769","0.0781611648254928","0.0622853097212393","0.0541489947800224","0.105572365690924","0.273512396979301","0.221175466579521","0.100316311279358","0.173372262674329","0.191456948898406","0.165012417744212","0.248026375055257","0.700987916072173","0.621173817037443","0.27907103620735","0.155592859334109","0.0468421549261626","0.000263693039818987","0.0147116990509396","0.0125291041951216","0.00992695013096009","",
"中国澳门特别行政区","MAC","信息和通信技术 (ICT) 产品出口（占产品出口总量的百分比）","TX.VAL.ICTG.ZS.UN","","","","","","","","","","","","","","","","","","","","","","","","","","","","","","","","","","","","","","","","","0.54","0.21","0.35","1.09","1.51","1.76","0.3","2.49","2.71","3.25","7.51","5.38","4.33","3.53","3.18","6.42","2.85","3.02","1.59","23.69","19.17","22.03","18.95","","",
"中国澳门特别行政区","MAC","出口单位价值指数（2015年 = 100）","TX.UVI.MRCH.XD.WD","","","","","","","","","","","","","","","","","","","","","","","","","","","","","","","","","","","","","","","","","87.3","86.3","86","86.3","87.4","87.8","89.3","91.8","95.3","92.8","98.6","105.1","105.3","105.4","103.8","100","99.2","102.2","106","106.8","108.8","113.3","116.5","119.3","121.7",
"中国澳门特别行政区","MAC","旅行服务（占商业服务进口比例）","TM.VAL.TRVL.ZS.WT","","","","","","","","","","","","","","","","","","","","","","","","","","","","","","","","","","","","","","","","","","","35.0164823975943","30.408816085355","31.7036013851135","28.1335576310412","26.6206598805579","23.8323267220032","24.9597573856815","32.6427990893428","32.2585698367392","31.1747850669907","29.3172446947288","32.2330370940757","33.1145178425987","33.845177314885","35.0909738342943","33.7677694660164","34.4886433234983","38.5909012985007","26.6749612767128","23.9997593067358","22.2531077312991","27.749783088987","28.1306760645731",
"中国澳门特别行政区","MAC","进口价值指数（2015年 = 100）","TM.VAL.MRCH.XD.WD","","","","","","","","","","","","","","","","","","","","","5.9502650648","7.8072185761","7.8718510471","7.9602752428","8.7198021883","8.5024481548","9.733273176","12.4138346004","14.2651899374","16.1477819865","16.7828891545","20.1422287219","21.3349736655","21.8630806674","22.8795689327","19.2589964353","18.862876038","19.6362539552","18.4384613257","19.2401335579","24.7596280099","26.6296746798","28.380338198","30.4854540389","38.6099871101","42.6","49.4","57","55.5","44.8","53.1","74.8","84.7","95.6","106.2","100","84.2","89.1","105.3","105.3","109.3","181.3","163.5","165.4","",
"中国澳门特别行政区","MAC","从撒哈拉以南非洲地区发展中经济体的商品进口（占商品进口总额的百分比）","TM.VAL.MRCH.R6.ZS","","","","","","0.213675213675214","","","","0.0134537443452231","0.00462449130595634","0.00541242693223641","0.0271107668474051","0.0134025799966494","0.0126620344723889","0.000652775601859105","0.000624941411742649","0.357292238846586","0.000803390307095945","0.0459094927143631","0.0993587679512774","0.15567965208253","0.147309518059186","0.0733616478668744","0.976402203250725","1.402475853204","0.417260201444653","0.196631931976567","0.621258915715586","0.431543856418702","0.244264121379647","0.270492029887814","0.165132594086508","0.229648229613627","0.867417546496481","0.387358029790778","0.266021930396921","0.467167532111095","0.345661003576107","0.11869990143562","0.220613651505684","0.242671161304553","0.344989898448536","0.277792589518326","0.296945716538954","0.462006018452061","0.31682323079821","0.328282346671015","0.331489598244036","0.507163089544021","0.515105619185689","0.435923244366863","0.30959565305132","0.343408146996353","0.195864683121696","0.322669036089209","0.220899599787355","0.189912254508615","0.259781012952531","0.230147442667166","0.122669418394735","0.123776712407667","0.373688911976399","0.675446865132384","",
"中国澳门特别行政区","MAC","从欧洲和中亚地区的发展中经济体的商品进口（占商品进口总额的百分比）","TM.VAL.MRCH.R2.ZS","","","","","","","","","","","","","","","","","","","","","","0.00013974834118719","0.00381338157967213","","","","","9.04470708263877E-05","","0.000523959574458115","0.000781537194480538","0.000976934851582158","0.011795168874559","0.157244532173069","0.102666579371609","0.152787813823493","0.097753690112211","0.083405281967016","0.0440597387466497","0.0169493339383085","0.083154677183993","0.122014596400053","0.148779651221729","0.283552642297405","0.236135027799922","0.158847172834891","0.124146334885726","0.103389505994551","0.102239128341675","0.0897103489794557","0.12778759224678","0.235589513365327","0.21087263771247","0.283254829892024","0.26338289848071","0.219484565723561","0.180142435622751","0.135172786992336","0.148846967697675","0.197569074424315","0.187488197407099","0.245465582173525","0.180602353730582","0.18460816592992","",
"中国澳门特别行政区","MAC","商品进口（现价美元）","TM.VAL.MRCH.CD.WT","30000000","32000000","38000000","42000000","48000000","47000000","51000000","43000000","50000000","60000000","65000000","75000000","104000000","158000000","134000000","161000000","161000000","198000000","249000000","351000000","544000000","711000000","719000000","727000000","795000000","778000000","879000000","1120000000","1288000000","1480000000","1539000000","1852000000","1968000000","2025000000","2001000000","2042000000","2000000000","2082000000","1955000000","2040000000","2625000000","2824000000","3009000000","3232000000","4094000000","4514000000","5236000000","6045000000","5880000000","4751000000","5629000000","7927000000","8982000000","10140000000","11262000000","10603000000","8924000000","9451000000","11162000000","11167000000","11588000000","19219000000","17338000000","17542000000","16011000000",
"中国澳门特别行政区","MAC","保险与金融服务（占商业服务进口的百分比）","TM.VAL.INSF.ZS.WT","","","","","","","","","","","","","","","","","","","","","","","","","","","","","","","","","","","","","","","","","","","14.1706837492874","14.6768187777754","14.9115825312746","15.2990916395328","15.4572555598621","15.0107400223976","13.9177700955452","11.6526321349519","12.9657059793816","12.6889107898551","13.7184465369861","14.5315217356809","13.8486823273199","15.564049094443","18.2356052334265","17.2816547413196","15.7872673112093","18.6929408908404","31.1411804045446","35.0163720492643","36.182864931549","26.3959922335202","24.3501148380664",
"中国澳门特别行政区","MAC","农业原材料进口（占商品进口的百分比）","TM.VAL.AGRI.ZS.UN","","","","","","","","","","","","","","2.11148344972413","2.27545487284996","2.00535238459162","2.1493337113074","21.8529293666899","24.4626366526991","8.25693700943198","6.78774732365058","6.47806081572931","","7.26781526804951","7.69155853524567","6.42810144494967","6.05877571732367","8.25706977919782","","5.12923745706156","3.43421137844136","3.57316433818282","3.34143608296337","3.0499140788664","2.72372445930325","2.65756322752473","3.19493737230764","2.07162740685784","0.962850030664789","1.01911096935463","1.37257442960581","1.03668473685554","1.15948701619977","1.27171105776059","0.506296604290029","0.385656942045591","0.354935393920731","0.258819649272155","0.234496541279029","0.295099012646003","0.290012704555549","0.328893805910252","0.268444853679186","0.296896140608346","0.296738543967998","0.307718889032056","0.304262216828359","0.170236853825802","0.171273467409661","0.15243891951494","0.121957386446161","0.0969911125439066","0.095591350243756","0.118116733827755","0.142749528079388",
"中国澳门特别行政区","MAC","初级产品最惠国简单平均税率（%）","TM.TAX.TCOM.SM.FN.ZS","","","","","","","","","","","","","","","","","","","","","","","","","","","","","","","","","","","","","0","0","0","0","0","0","0","0","0","0","0","0","0","0","0","0","0","0","0","0","0","0","0","0","0","0","0","","",
"中国澳门特别行政区","MAC","所有产品最惠国加权平均税率（%）","TM.TAX.MRCH.WM.FN.ZS","","","","","","","","","","","","","","","","","","","","","","","","","","","","","","","","","","","","","0","0","0","0","0","0","0","0","0","0","0","0","0","0","0","0","0","0","0","0","0","0","0","0","0","0","0","","",
"中国澳门特别行政区","MAC","约束税率，简单均值，所有产品（百分比）","TM.TAX.MRCH.BR.ZS","","","","","","","","","","","","","","","","","","","","","","","","","","","","","","","","","","","","","0","0","0","0","0","0","0","0","0","0","0","0","0","0","0","0","0","0","0","0","0","0","0","0","0","0","","","",
"中国澳门特别行政区","MAC","工业产品最惠国简单平均税率（%）","TM.TAX.MANF.SM.FN.ZS","","","","","","","","","","","","","","","","","","","","","","","","","","","","","","","","","","","","","0","0","0","0","0","0","0","0","0","0","0","0","0","0","0","0","0","0","0","0","0","0","0","0","0","0","0","","",
"中国澳门特别行政区","MAC","进口物量指数（2015年 = 100）","TM.QTY.MRCH.XD.WD","","","","","","","","","","","","","","","","","","","","","","","","","","","","","","","","","","","","","","","","","31.6691603988","35.1521938491","38.3443267746","38.8001289659","46.3650186782","48.5","54.7","60.3","53.3","46.7","53","68","77.2","87.6","99.7","100","85","87.6","99.5","100.2","103.9","154","132.3","133.7","",
"中国澳门特别行政区","MAC","国际旅游，旅行项目支出（现价美元）","ST.INT.TVLX.CD","","","","","","","","","","","","","","","","","","","","","","","","","","","","","","","","","","","","","","","","","","","492000000","455000000","512000000","412000000","433000000","526000000","621000000","646000000","800000000","964000000","1083000000","1135000000","1254000000","1326000000","1404000000","1600000000","1837000000","1922000000","845000000","","","","",
"中国澳门特别行政区","MAC","国际旅游，收入（占总出口的百分比）","ST.INT.RCPT.XP.ZS","","","","","","","","","","","","","","","","","","","","","","","","","","","","","","","","","","","","","","","","","","","64.4062799597728","68.2315130439692","73.6711869386322","69.9804489250855","72.6020862687647","76.9840244006772","82.0472158786912","89.5767829777371","91.8920756803918","93.4860024389904","93.3390640436385","93.6519859117129","92.3275418131013","89.4081600119671","90.1922046623701","90.1882370599247","90.9085774438829","90.3622324071876","60.6106323166552","","","","",
"中国澳门特别行政区","MAC","未能满足的避孕需求 （占15-49岁已婚妇女数量的比例）","SP.UWT.TFRT","","","","","","","","","","","","","","","","","","","","","","","","","","","","","","","","","","","","","","","","","","","","","","","","","","","","","","","","","","","","","","","","","",
"中国澳门特别行政区","MAC","农村人口 （占总人口的百分比）","SP.RUR.TOTL.ZS","4.7493425300753","4.7419757193631","4.6674571570672","4.5335657949049","4.3528014553921","4.13766396104459","3.9006531343784","3.6542687979093","3.411010774153","3.1833788856255","2.98692981314851","2.8181394958427","2.6588269296287","2.5019456529772","2.3480421630704","2.1976629570904","2.05135453221951","1.9096633856399","1.7731360145338","1.6423189160834","1.51775858747111","1.40000152587891","1.2839938281562","1.16533448076029","1.0455493152857","0.926164163327002","0.808704856478499","0.694697226334696","0.585667104490099","0.483140322539199","0.388642712076404","0.303700104696205","0.229838331992994","0.168583225561406","0.121460616995805","0.0899963378905966","0.0674123463011966","0.0465646074022033","0.0284299634669054","0.0139852567685068","0.00420732958059489","0.000101587162902206","0","0","0","0","0","0","0","0","0","0","0","0","0","0","0","0","0","0","0","0","0","0","0",
"中国澳门特别行政区","MAC","出生登记完整性（百分比）","SP.REG.BRTH.ZS","","","","","","","","","","","","","","","","","","","","","","","","","","","","","","","","","","","","","","","","","","","","","","","","","","","","","","","","","","","","","","","","","",
"中国澳门特别行政区","MAC","Completeness of birth registration, female (%)","SP.REG.BRTH.FE.ZS","","","","","","","","","","","","","","","","","","","","","","","","","","","","","","","","","","","","","","","","","","","","","","","","","","","","","","","","","","","","","","","","","",
"中国澳门特别行政区","MAC","人口总数，女性","SP.POP.TOTL.FE.IN","87825","88172","90243","92235","112411","130862","129437","128089","126737","125284","126113","120906","119013","123726","129553","126373","123137","119974","118003","117806","118487","120480","125951","134044","141630","145882","149875","156104","161471","166797","172485","181621","191884","198841","205666","212357","215592","216976","219827","222754","224705","226673","229178","231977","237854","247761","261146","272765","283194","280266","281407","288251","298420","311780","328247","340237","346139","344767","351125","358919","366920","366127","364046","365681","370628",
"中国澳门特别行政区","MAC","人口增长（年度百分比）","SP.POP.GROW","","0.004615766304582","2.55586587221762","2.40326058840166","21.4259113885264","16.3100843421728","-1.01746521213197","-0.962624345077011","-0.960737081290516","-1.02370355399617","0.815292929183084","-3.96092950673516","-0.954418860283084","-0.922421217021332","-0.931009103988052","-0.981731122426308","-1.0975205143768","-1.13116135146259","-0.236381328504968","1.19761910467158","1.87433095811686","2.12620250325307","3.94485026924426","5.59359464869396","4.90907219716118","2.39291829861401","2.16824542024803","3.58306698573209","2.93831847518061","2.83906137229477","2.98484396444169","4.86550957997506","5.3296121741518","3.47100680921818","3.2789822822991","3.10160080876396","1.40710715606357","0.528593253851375","1.19105743423909","1.20043809451493","0.74592420452155","0.763450787404228","1.03176428295007","1.17915198424063","2.47146053547528","4.05140517951681","5.22537622408586","4.31524098841543","3.73065116368133","-1.05978494919527","0.373134761285818","2.31926463992749","3.27546059752472","4.13923548132925","4.91199595786127","3.3531529872349","1.48219480492074","-0.630334933532746","1.60639880582531","1.96865626033754","1.9744268917359","-0.424008238139362","-0.764822083825685","0.221222713921319","1.20077588622782",
"中国澳门特别行政区","MAC","出生人口性别比（每1000名男性的女性）","SP.POP.BRTH.MF","1.075","1.075","1.075","1.074","1.074","1.074","1.074","1.074","1.073","1.073","1.073","1.073","1.073","1.074","1.074","1.073","1.073","1.072","1.072","1.071","1.071","1.07","1.07","1.067","1.066","1.065","1.065","1.065","1.066","1.069","1.071","1.073","1.075","1.077","1.079","1.08","1.081","1.081","1.081","1.081","1.081","1.08","1.081","1.081","1.082","1.082","1.083","1.083","1.085","1.085","1.087","1.088","1.09","1.09","1.089","1.088","1.087","1.086","1.086","1.084","1.082","1.081","1.08","1.08","",
"中国澳门特别行政区","MAC","Population ages 75-79, female (% of female population)","SP.POP.7579.FE.5Y","1.21490219297247","1.24982987796579","1.25551295405687","1.26145856485372","0.946971381804272","0.754993810273418","0.80966029806006","0.852925906697323","0.879380133662624","0.89197699617268","0.906330037347458","0.898224521179925","0.80685582492623","1.63413295703982","2.66581119162641","2.67448319978453","2.62371780307811","2.50740060546597","2.33959086342242","2.14431487483907","1.95562751439291","1.83669692287885","1.80919078211101","1.79215329483633","1.75823237140701","1.70681156554879","1.64853990660884","1.57631343833759","1.49632130648995","1.4344156329183","1.39563694082577","1.36687955960557","1.3708517454993","1.40031196823596","1.42380257659306","1.45537432198556","1.50591296121097","1.54946806538904","1.58546974567511","1.6319495542742","1.66779503561483","1.68897852814821","1.71591812421477","1.74101819293686","1.74952773058938","1.74731364270242","1.73131806233571","1.69862442684452","1.65749005595031","1.60863357338642","1.55715179390329","1.50445174625046","1.44724246453973","1.40209585110262","1.36098227821389","1.29407084134345","1.22945521493177","1.20525910089155","1.20493253232381","1.24117185821397","1.32715108273705","1.45216798385019","1.6200967541275","1.84531300377539","2.12045371198425",
"中国澳门特别行政区","MAC","65岁和65岁以上的人口总数","SP.POP.65UP.TO","8994","9225","9371","9580","9865","10251","10517","10673","10916","11222","11566","10868","9700","16709","25965","24753","23499","22171","20910","19860","18981","18580","19026","19882","20581","20727","20812","21131","21274","21481","21889","22952","24401","25571","26722","27857","28558","28982","29611","30249","30745","31181","31417","31507","31979","32903","34254","35481","36740","36581","37394","39421","42314","46117","50916","55356","58960","61597","66020","71375","77530","82129","86302","91499","98024",
"中国澳门特别行政区","MAC","65岁和65岁以上的人口总数，女性","SP.POP.65UP.FE.IN","5917","6070","6161","6275","6182","6156","6317","6424","6571","6733","6886","6317","5250","11310","19323","18202","16986","15670","14374","13186","12042","11374","11509","11955","12318","12368","12408","12615","12735","12892","13158","13818","14673","15304","15922","16557","16942","17156","17488","17827","18071","18265","18336","18327","18540","18983","19639","20219","20837","20608","20879","21764","23033","24761","26998","29136","30948","32257","34549","37346","40438","42678","44799","47559","51060",
"中国澳门特别行政区","MAC","Population ages 60-64, female (% of female population)","SP.POP.6064.FE.5Y","3.29629039236673","3.40470897790682","3.38090911105694","3.38376637809063","2.73549741573334","2.2516085647476","2.27678329998378","2.35774484048139","2.42549531707394","2.52387584957317","2.56595275665475","2.44186588377837","2.07385689143813","3.63828786453434","5.57358762748256","5.24207124099387","4.82669830611163","4.43323521765747","4.13597308553347","3.96698251845229","3.91002223144537","3.86531157461053","3.74578391167803","3.61178676866517","3.50044845602996","3.42282702809575","3.37441630527357","3.35099370849135","3.32968157899463","3.27936199674793","3.2074485588742","3.11776809812672","3.00990232681313","2.90596386030306","2.80804134418041","2.70238912469665","2.59129612109745","2.48081699225266","2.37513772618331","2.26854143533074","2.16274366744009","2.06999316237846","2.0045262820096","1.98501758140957","2.03279026480785","2.18380451072711","2.42170484416072","2.69812714361978","3.00948893017523","3.34945267202357","3.70834385844753","4.06172160686841","4.36246013401773","4.64448214087544","4.95763126085209","5.26830483097509","5.58708195327951","5.94543101066073","6.23958502465412","6.34956511548088","6.38429952648628","6.45724164590671","6.58868401972062","6.79830263445278","7.06753565936858",
"中国澳门特别行政区","MAC","Population ages 50-54, female (% of female population)","SP.POP.5054.FE.5Y","4.50720743287865","4.57117905911174","4.55552846789743","4.61974640725542","3.35910186725498","2.44952698262292","2.53482389115941","2.67861673764624","2.85946487608197","3.09498058403541","3.22964325644462","3.34358544200569","3.56395868114309","3.51089683286297","3.31244967793881","3.30491212712949","3.38945968915928","3.59044671983362","3.88375418454086","4.24681974922279","4.61066205326506","4.72994721256598","4.52801109058733","4.24123140910188","3.95103999088851","3.67440021271229","3.41618453726999","3.1919878543269","3.00551355040319","2.82976046149515","2.64747930879055","2.49592474813607","2.39821166158655","2.35875334251681","2.42402512301872","2.61295406421921","2.88978240302744","3.22566445490603","3.62733850540114","4.0862286557766","4.53078475321585","4.92480766501675","5.29373640594751","5.65683126942873","6.05396854973151","6.47985449018522","6.92771310552009","7.4314590143554","7.87935681191897","8.10153098977603","8.18636318170953","8.24682680587207","8.32063183026365","8.46774577104174","8.65994994266527","8.75737614305542","8.61747954251309","8.27915703128409","7.92079348937637","7.64459177779452","7.47777028773172","7.46553131174298","7.5179251350741","7.69118763585685","7.86365478771658",
"中国澳门特别行政区","MAC","Population ages 40-44, female (% of female population)","SP.POP.4044.FE.5Y","5.95154054607975","5.9514358299687","6.00274816604242","6.05847052892356","5.17120210655541","4.64879032874326","4.86761899611394","5.07305495809538","5.25971105517726","5.42529542996484","5.46494017270226","5.53147863367352","5.78252955519293","3.89894951395422","1.73233695652174","2.04952528449263","2.42681274665724","2.81055288602648","3.14043798541716","3.38205647247784","3.52128013675832","3.5168823226471","3.39765409294563","3.30170637057393","3.29152489286884","3.39862418784131","3.61034155319086","3.90954472469183","4.31176403680489","4.79852680084807","5.2814087443692","5.73742016514791","6.17350621297013","6.59336763633417","7.04680893152988","7.57925880089338","8.17502365184484","8.81908662935093","9.43875870372684","9.83071784374847","10.0135623374546","10.0865668689284","10.1583359726158","10.3011771900321","10.4103441372188","10.4198451932962","10.2476530229065","9.83139904784888","9.34820828976596","9.00181689959806","8.80701998274164","8.77795590651333","8.7791817370473","8.9146598601709","8.96221803957105","8.71500982473403","8.4189598220455","8.05925214887211","7.54806199563034","7.2420759492258","7.28319621079633","7.41667382527274","7.71510492262707","8.0878376270164","8.40087757110964",
"中国澳门特别行政区","MAC","Population ages 30-34, female (% of female population)","SP.POP.3034.FE.5Y","6.81518001502972","6.66254593294924","6.45985239688837","6.22543625216161","5.74098620241791","5.3911754367196","5.23343402581951","5.09725697466986","4.94685845491056","4.80190926977615","4.58438067447448","4.33345760131724","4.17032534265935","3.17889620570712","2.08501073537305","2.13243215945054","2.42849569585742","2.99085092287437","3.81371653930654","4.84250876561148","6.01974941339393","7.03295995880005","7.69486944163695","8.25036671184804","8.77834882760781","9.31979792332813","9.89841835452745","10.5346845186402","11.1704770627922","11.6410886964716","11.9202935621511","12.062745517223","12.1042574293414","12.1201685438781","12.0578126159096","11.8428940218705","11.4706717123936","10.8594821514624","10.1498233697195","9.63004089350297","9.30367585356181","9.11510856336841","9.05340299640708","9.26647301635836","9.35797129315591","9.08838409653334","8.79215170859932","8.45801978894715","7.88113810160833","7.52120005697352","7.56638450884025","7.67065027293444","7.99085167829914","8.44618482172583","8.83792812908772","9.26653121592852","9.76743771369474","10.1512573265268","10.3523074600421","10.4108591375976","10.3683507419931","10.2755079031011","10.1146759608387","9.87009745291162","9.48201429591646",
"中国澳门特别行政区","MAC","Population ages 20-24, female (% of female population)","SP.POP.2024.FE.5Y","5.78188691275932","5.35997822437962","5.09186409875668","4.99758767055711","3.71004616985882","2.99972490104079","3.63497299844712","4.5976024389387","5.70788325429827","6.82452198413997","7.97816244161982","9.80590894263479","12.8011577118609","8.40859203512073","2.27204106280193","4.02582317689044","6.10489822364712","8.28406584652025","10.3113756977709","11.9046731989618","12.8810884778651","13.2137569203039","13.1255397173914","12.9387080602336","12.7055423470623","12.4112846594899","12.0217455857831","11.4952798065689","10.934310327281","10.5792821314273","10.5268688455231","10.5627856016675","10.3166979089318","10.1220018637063","9.76731534828516","8.9993425314473","8.34744560075686","7.91252733810283","7.38643979236003","7.11266003986782","7.31292628792908","7.49902166106899","7.64308231834571","7.79962289150487","8.03284180312758","8.49913106877576","9.21028914757792","9.92500530191673","10.5062247168195","10.9168568679152","10.9368510101567","10.4778340134612","9.84303047874813","9.22856191638791","8.5967963926444","8.01558594592296","7.52042033876142","7.07287985223323","6.67085402085701","6.36072673291087","6.2528970753725","6.31147452967958","6.31450770427522","6.09821735015445","5.68298065354599",
"中国澳门特别行政区","MAC","15-64岁的人口总数，男性","SP.POP.1564.MA.IN","45915","45211","46767","48611","51184","54644","58528","62511","66311","69726","73324","74227","79928","63186","41663","48398","54855","60889","66922","73506","80236","84874","88467","93042","97024","98540","99773","102417","106463","110506","112927","117643","123087","126477","129933","133475","135038","135801","137937","140591","143110","146168","150146","154688","161421","170907","182691","193140","202581","202069","204094","209268","214792","221177","229233","233865","234324","229711","229882","230490","231011","226695","222352","220187","220352",
"中国澳门特别行政区","MAC","Population ages 15-19, female (% of female population)","SP.POP.1519.FE.5Y","6.48213513082686","7.14399128975185","8.16305046430709","9.27256070125604","9.22507583777388","9.72321988048478","11.4136606997999","12.8387794376544","14.01327157815","14.9397167224734","15.6895006858928","16.4480326824798","17.226993680069","12.9539040451552","8.94013352120236","10.9428658002828","12.2329369987967","12.9877481194495","13.1658266318146","12.8178698425709","12.0263489884898","11.2483101583623","10.7800199041965","10.379709229998","10.069261542404","9.93952698787131","9.94475498689848","9.89866110198242","10.0746514370551","9.9162275989267","9.02836347949683","8.05430106090163","7.33301831437162","6.60324325419334","6.20409979970822","6.4025834646659","6.67833491012299","6.97631315565111","7.222190669832","7.38825638487163","7.59337526922006","7.97701011021902","8.58063934257746","9.24364266422056","9.77721570174378","9.9775678798271","9.76661659782201","9.34545095544196","8.79636474400195","8.07773412123549","7.37803441161362","6.83164184641476","6.37288805454007","5.97967563454191","5.69468129180819","5.52979156986191","5.45468594209941","5.38650610119697","5.18690696952347","4.86088439075706","4.47889561777611","4.0810765827678","3.79158373801634","3.75367918543094","3.84278352173661",
"中国澳门特别行政区","MAC","Population ages 5-9, female (% of female population)","SP.POP.0509.FE.5Y","14.0294445836085","13.5451163634714","12.9097316105583","12.4199730035941","15.8280773233936","17.8783756934786","17.0554014694407","16.3254312448034","15.3530539621421","14.5661639401837","14.0703178895118","13.0768752815447","11.095869244887","12.9856538099718","15.7805790391841","14.490185846071","12.8993848820673","10.9528960896291","11.5953991937333","11.9899490414747","9.91497807675396","8.81212179734776","8.36131150842056","7.35429006442988","6.41434489827878","6.1417263783688","6.10860392947695","6.343365176156","6.73748675490742","7.25050705860046","7.84620617376468","8.44499078057775","8.9191041691548","9.17900696864112","9.2322148314829","9.0566293134288","8.73415326395459","8.41550209437669","8.07501391460409","7.66742032010203","7.27677466143454","6.89868709065654","6.43600386768491","5.91693420985578","5.42460637608305","4.93969559439332","4.46864438603079","4.08357283370995","3.76903085371871","3.49692377706677","3.28502235279957","3.19787084636176","3.24904718480161","3.38443489703061","3.54668474896076","3.68085862405131","3.81942432252916","4.0203906511337","4.23620665589918","4.47148346266857","4.74621277899092","4.93500880508548","4.95392754930485","4.87069548305235","4.75599791544692",
"中国澳门特别行政区","MAC","Population ages 0-14, male","SP.POP.0014.MA.IN","36498","36784","37590","37984","58377","76030","70777","65573","60540","55807","53280","47717","41660","50489","62691","56878","51094","45587","40939","37213","33988","32240","32715","34287","35933","36920","37997","39813","39526","39208","40807","43252","46201","48414","50402","52167","52853","52698","52413","51633","50111","48144","45996","43755","41985","40912","40448","39734","39022","36692","34984","34424","35407","37587","40302","42578","44025","44582","46422","48562","50376","50228","49400","48992","49056",
"中国澳门特别行政区","MAC","Population ages 0-4, female (% of female population)","SP.POP.0004.FE.5Y","11.4686994739599","11.2501701220342","11.4564171893353","11.4696778320477","15.0078728950014","16.3863459216579","14.1976405510016","12.2669092073059","10.7876942013777","9.3823208962074","8.26639600992761","6.9485219876664","5.00582247664414","12.2318908748824","19.5857655662909","16.1500067335533","13.6760659379497","12.1130929918572","8.58669868387592","5.91632204463321","6.19028637882219","6.34656237929703","6.64389688541921","7.10548303841655","7.69173274867955","8.370092107147","8.9857172225431","9.43695058635361","9.70528546541908","9.71598972667674","9.38176629510518","8.84316292990567","8.41100627787788","8.06534113929179","7.68650626839099","7.35156197124542","7.00496688741722","6.54307372947326","6.03723434465054","5.552954187682","5.05202547703714","4.55131871487118","4.16531206805783","3.91723997350048","3.7490163118782","3.66069826965993","3.6552760045062","3.6833695326269","3.72770493292554","3.77084831493853","3.78022544370773","3.81180772695956","3.9698338627201","4.20184853433106","4.43161029139079","4.66970975275685","4.84961685396765","4.90117369867795","4.87014929199532","4.7915428424733","4.6366879472093","4.37086590499098","4.04145926249741","3.73365817637209","3.43758243313667",
"中国澳门特别行政区","MAC","女性作为户主的家庭（以女性作为户主的家庭比例）","SP.HOU.FEMA.ZS","","","","","","","","","","","","","","","","","","","","","","","","","","","","","","","","","","","","","","","","","","","","","","","","","","","","","","","","","","","","","","","","","",
"中国澳门特别行政区","MAC","总生育率(女性人均生育数）","SP.DYN.TFRT.IN","4.957","4.674","4.393","4.227","3.943","3.619","3.317","3.014","2.608","2.307","2.083","1.994","1.94","1.843","1.731","1.554","1.43","1.391","1.425","1.58","1.731","1.849","1.992","2.098","2.145","2.235","2.189","2.06","1.863","1.81","1.709","1.615","1.547","1.471","1.431","1.367","1.288","1.205","1.113","1.025","0.933","0.818","0.813","0.837","0.855","0.912","0.954","1.008","0.979","1.004","1.07","1.15","1.357","1.15","1.224","1.142","1.138","1.021","0.915","0.899","0.841","0.756","0.68","0.586","",
"中国澳门特别行政区","MAC","婴儿死亡率，男性（每1000名活产婴儿）","SP.DYN.IMRT.MA.IN","","","","","","","","","","","","","","","","","","","","","","","","","","","","","","","","","","","","","","","","","","","","","","","","","","","","","","","","","","","","","","","","","",
"中国澳门特别行政区","MAC","Contraceptive prevalence, modern methods (% of women ages 15-49)","SP.DYN.CONM.ZS","","","","","","","","","","","","","","","","","","","","","","","","","","","","","","","","","","","","","","","","","","","","","","","","","","","","","","","","","","","","","","","","","",
"中国澳门特别行政区","MAC","死亡率，成年人，女性（每千名成年女性）","SP.DYN.AMRT.FE","217.035","209.074","199.094","193.858","190.411","183.328","178.093","171.493","164.668","159.149","155.857","148.074","141.167","135.324","131.278","125.76","119.632","115.626","111.338","105.997","101.19","95.915","92.313","88.668","84.717","80.232","77.377","73.578","70.566","66.804","64.402","61.621","58.782","56.013","53.195","50.529","50.006","44.858","43.073","41.05","39.275","37.564","36.321","35.982","34.827","35.203","34.234","33.08","32.37","30.787","30.026","29.74","28.897","28.079","27.456","26.312","25.505","26.385","24.665","25.028","25.251","30.632","24.049","36.211","",
"中国澳门特别行政区","MAC","食用加碘盐（占住户的比例）","SN.ITK.SALT.ZS","","","","","","","","","","","","","","","","","","","","","","","","","","","","","","","","","","","","","","","","","","","","","","","","","","","","","","","","","","","","","","","","","",
"中国澳门特别行政区","MAC","国际移徙者，总计","SM.POP.TOTL","","","","","","","","","","","","","","","","","","","","","","","","","","","","","","","205047","","","","","224929","","","","","240791","","","","","279308","","","","","318506","","","","","376066","","","","","403490","","","","426862",
"中国澳门特别行政区","MAC","Refugees under the mandate of the UNHCR by country or territory of asylum","SM.POP.RHCR.EA","","","","","80000","80000","73770","74000","70000","65000","66000","70000","80000","","","","","","850","3490","2920","1200","970","800","730","700","600","500","440","422","205","116","15","10","9","8","","","","","","","","","","","","","","6","0","0","0","0","0","0","0","0","","","","","","","",
"中国澳门特别行政区","MAC","Internally displaced people (IDP) by country or territory of asylum / origin","SM.POP.IDPC","","","","","","","","","","","","","","","","","","","","","","","","","","","","","","","","","","","","","","","","","","","","","","","","","","","","","","","","","","","","","","","","","",
"中国澳门特别行政区","MAC","Children in employment, wage workers (% of children in employment, ages 7-14)","SL.WAG.0714.ZS","","","","","","","","","","","","","","","","","","","","","","","","","","","","","","","","","","","","","","","","","","","","","","","","","","","","","","","","","","","","","","","","","",
"中国澳门特别行政区","MAC","Unemployment, total (% of total labor force) (national estimate)","SL.UEM.TOTL.NE.ZS","","","","","","","","","","","","","","","","","","","","","","","","","","","","","","","","3.01","","","","","4.261","3.225","4.607","6.34","6.874","6.371","6.278","5.995","4.904","4.158","3.822","3.269","2.999","3.58","2.84","2.56","1.97","1.82","1.67","1.81","1.939","1.981","1.803","1.73","2.542","","","","",
"中国澳门特别行政区","MAC","Unemployment, female (% of female labor force) (national estimate)","SL.UEM.TOTL.FE.NE.ZS","","","","","","","","","","","","","","","","","","","","","","","","","","","","","","","","3.73","","","","","3.643","2.624","3.3","4.346","4.6","4.388","4.53","4.7","4","3.8","3.8","2.9","2.8","2.79","2.06","2.18","1.65","1.4","1.39","1.57","1.5","1.568","1.346","1.337","2.2","","","","",
"中国澳门特别行政区","MAC","Share of youth not in education, employment or training, male (% of male youth population)  (modeled ILO estimate)","SL.UEM.NEET.MA.ME.ZS","","","","","","","","","","","","","","","","","","","","","","","","","","","","","","","","","","","","","","","","","","","","","","9.257","9.291","9.224","8.696","8.641","6.946","6.29","5.568","5.596","4.876","5.253","5.61","5.529","6.012","6.067","7.268","6.059","4.959","3.776","3.811",
"中国澳门特别行政区","MAC","Unemployment with intermediate education, male (% of male labor force with intermediate education)","SL.UEM.INTM.MA.ZS","","","","","","","","","","","","","","","","","","","","","","","","","","","","","","","","","","","","","4.19","2.69","4.97","4.92","5.91","6.19","6.37","5.03","","3.03","2.34","2.74","2.43","3.12","2.76","2.44","1.5","1.51","1.64","2.06","1.98","","","","","","","","",
"中国澳门特别行政区","MAC","Unemployment with basic education, female (% of female labor force with basic education)","SL.UEM.BASC.FE.ZS","","","","","","","","","","","","","","","","","","","","","","","","","","","","","","","","","","","","","4.11","2.51","3.35","4.45","4.55","4.53","5.2","5.42","","4.31","3.95","2.84","3.09","3.21","2.28","2.17","1.83","1.54","1.41","1.5","1.56","","","","","","","","",
"中国澳门特别行政区","MAC","年轻群体总失业人数（占15-24岁所有劳动力数量的比例）（模拟劳工组织估计）","SL.UEM.1524.ZS","","","","","","","","","","","","","","","","","","","","","","","","","","","","","","","","4.537","3.396","3.223","3.879","5.655","6.679","7.154","9.139","11.703","10.905","9.87","10.844","11.813","10.488","8.26","7.162","6.503","5.898","7.538","5.416","5.754","5.479","4.128","3.886","4.338","4.98","5.1","5.053","4.936","7.591","6.393","6.949","6.557","6.692",
"中国澳门特别行政区","MAC","年轻女性失业人数（占15-24岁女性劳动力比例）（模拟劳工组织估计）","SL.UEM.1524.FE.ZS","","","","","","","","","","","","","","","","","","","","","","","","","","","","","","","","4.037","2.589","2.116","2.827","3.171","3.85","4.745","5.773","7.246","7.545","6.188","6.965","7.2","7.503","5.862","5.825","4.131","4.337","5.755","3.448","4.671","4.247","2.997","3.042","3.544","3.477","3.826","4.152","4.266","5.783","5.275","4.998","4.753","4.86",
"中国澳门特别行政区","MAC","非全日制就业，总人数（占就业总人数的比例）","SL.TLF.PART.ZS","","","","","","","","","","","","","","","","","","","","","","","","","","","","","","","","","","","","","","","","","","","","","","","","","","10.17","9.55","11.51","9.7","8.86","","4.89","5.67","","","","","","","","",
"中国澳门特别行政区","MAC","Labor force with intermediate education, male (% of male working-age population with intermediate education)","SL.TLF.INTM.MA.ZS","","","","","","","","","","","","","","","","","","","","","","","","","","","","","","","","","","","","","","","","","","","","","","","","","","80.3","79.83","80.36","80.54","78.17","43.28","79.55","78.5","","","","","","","","",
"中国澳门特别行政区","MAC","劳动力参与率，男性（占 15 岁以上男性人口的百分比）（模拟劳工组织估计）","SL.TLF.CACT.MA.ZS","","","","","","","","","","","","","","","","","","","","","","","","","","","","","","","71.181","71.646","71.107","73.447","75.214","76.54","77.501","78.133","77.948","77.32","75.808","74.59","73.013","70.939","71.428","71.693","73.645","75.294","76.373","75.851","76.225","76.601","76.857","76.379","77.191","76.174","75.221","75.631","76.055","75.789","74.639","74.721","74.599","74.419","74.056",
"中国澳门特别行政区","MAC","劳动力参与率，女性（占 15 岁以上女性人口的百分比）（模拟劳工组织估计）","SL.TLF.CACT.FE.ZS","","","","","","","","","","","","","","","","","","","","","","","","","","","","","","","45.643","46.142","46.597","48.162","49.77","51.392","52.984","54.518","54.317","55.47","56.452","56.389","56.3","53.53","54.973","57.006","58.923","62.641","63.874","64.736","64.435","65.77","65.318","65.994","66.331","66.133","65.602","64.912","64.995","64.713","63.655","64.072","60.026","62.631","63.512",
"中国澳门特别行政区","MAC","Labor force with basic education, female (% of female working-age population with basic education)","SL.TLF.BASC.FE.ZS","","","","","","","","","","","","","","","","","","","","","","","","","","","","","","","","","","","","","","","","","","","","","","","","","","62.84","62.37","63.19","61.21","60.5","","60.04","59.3","","","","","","","","",
"中国澳门特别行政区","MAC","劳动力参与率，总数（占 15-64 岁总人口的百分比）（模拟劳工组织估计）","SL.TLF.ACTI.ZS","","","","","","","","","","","","","","","","","","","","","","","","","","","","","","","62.148","62.619","62.628","64.874","66.82","68.526","70.015","71.284","70.877","71.387","71.307","70.525","69.493","66.83","67.621","68.85","70.807","73.686","74.838","75.102","75.077","76.035","76.179","76.423","77.34","76.987","76.547","76.716","77.351","77.541","76.897","77.73","76.01","77.906","78.791",
"中国澳门特别行政区","MAC","Labor force participation rate for ages 15-24, total (%) (national estimate)","SL.TLF.ACTI.1524.NE.ZS","29.38","","","","","","","","","","","","","","","","","","","","","","","","","","","","","","","","47.54","53.5","53.39","53.18","55.98","45.96","43.14","","42","44.07","37.73","30.58","31.63","35.31","38.22","44.29","46.05","52.66","51.35","51.89","49.69","50.2","49.44","47.65","46.72","","","","","","","","",
"中国澳门特别行政区","MAC","Labor force participation rate for ages 15-24, female (%) (national estimate)","SL.TLF.ACTI.1524.FE.NE.ZS","18.29","","","","","","","","","","","","","","","","","","","","","","","","","","","","","","","","46.73","52.38","54.74","50.63","57.98","47.99","44.44","","47.78","47.46","41.12","33.08","33.5","37.72","39.18","45.03","47.22","54.84","52.6","53.15","49.75","51.7","50.71","49.21","45.85","","","","","","","","",
"中国澳门特别行政区","MAC","从事经济活动的男童，只工作（占 7-14 岁从事经济活动男童的百分比）","SL.TLF.0714.WK.MA.ZS","","","","","","","","","","","","","","","","","","","","","","","","","","","","","","","","","","","","","","","","","","","","","","","","","","","","","","","","","","","","","","","","","",
"中国澳门特别行政区","MAC","从事经济活动的儿童，工学兼顾（占 7-14 岁参与经济活动儿童的比例）","SL.TLF.0714.SW.ZS","","","","","","","","","","","","","","","","","","","","","","","","","","","","","","","","","","","","","","","","","","","","","","","","","","","","","","","","","","","","","","","","","",
"中国澳门特别行政区","MAC","从事经济活动的女童，工学兼顾（占 7-14 岁从事经济活动女童的百分比）","SL.TLF.0714.SW.FE.ZS","","","","","","","","","","","","","","","","","","","","","","","","","","","","","","","","","","","","","","","","","","","","","","","","","","","","","","","","","","","","","","","","","",
"中国澳门特别行政区","MAC","服务业就业人员（占就业总数的百分比）","SL.SRV.EMPL.ZS","","","","","","","","","","","","","","","","","","","","","","","","","","","","","","","","70.7922387674853","71.6961413784903","72.7561363528462","73.7360133203766","74.7408343868521","75.7604068242863","76.5041273941914","77.2698355449358","77.9944303471882","78.8242601884833","79.6547996166538","80.311742229407","80.7291476713228","81.294135642479","80.9472585312412","80.415694325466","80.7294071317998","81.5820243487199","83.3626752334629","84.4047797310652","84.836153720416","85.153049804141","85.4885503097441","85.2484817014579","85.0449171067958","85.7709131034191","86.4158824220433","86.8624396682039","87.0890367634036","87.4826925533274","87.5376046376348","87.9281886169584","88.2796938625325","88.517502628113",
"中国澳门特别行政区","MAC","服务业男童工雇佣率（占 7-14 岁参与经济活动男童的百分比）","SL.SRV.0714.MA.ZS","","","","","","","","","","","","","","","","","","","","","","","","","","","","","","","","","","","","","","","","","","","","","","","","","","","","","","","","","","","","","","","","","",
"中国澳门特别行政区","MAC","Children in employment, self-employed, female (% of female children in employment, ages 7-14)","SL.SLF.0714.FE.ZS","","","","","","","","","","","","","","","","","","","","","","","","","","","","","","","","","","","","","","","","","","","","","","","","","","","","","","","","","","","","","","","","","",
"中国澳门特别行政区","MAC","工业就业人员（占就业总数的百分比）","SL.IND.EMPL.ZS","","","","","","","","","","","","","","","","","","","","","","","","","","","","","","","","28.8080964352479","27.9077335135609","26.8474338888098","25.8661938614885","24.8595613697576","23.8398819445182","23.0962520435142","22.3299220053199","21.6059000727122","20.7758679258102","19.9448585820913","19.2882467484753","18.8705824428316","18.3056162206718","18.6526255621668","19.1844149706082","18.8703457266234","18.0180527448524","16.2375478688433","15.1954119373484","14.7638015433984","14.446838276441","14.1115408156824","14.3516349980862","14.5548446118088","13.8292551910645","13.1839243992534","12.7375224765515","12.5111960124484","12.1172563545791","12.067687099456","11.6718969698205","11.3312564391895","11.1013907852922",
"中国澳门特别行政区","MAC","Contributing family workers, total (% of total employment)","SL.FAM.WORK.ZS","","","","","","","","","","","","","","","","","","","","","","","","","","","","","","","","1.33694320892155","1.25971539068073","1.22489673835636","1.20360741258503","1.18726982905513","1.1901096684467","1.53137425071145","1.57742612546273","1.63181923855031","1.48544641037338","1.41441513745226","1.36674259681093","1.60655020241438","1.82491056026241","1.2209886197192","0.943047883496293","0.699329187148638","0.743310526484854","0.724459304082835","0.628313018478033","0.366492597021602","0.378567431449357","0.276944443682016","0.360805012727209","0.327902857781111","0.179672884212866","0.237035490060434","0.129679790670728","0.129038787541432","0.131562140758718","0.204219708450152","0.437103906425122","0.4020507285483","0.312956898947546",
"中国澳门特别行政区","MAC","Children in employment, unpaid family workers, male (% of male children in employment, ages 7-14)","SL.FAM.0714.MA.ZS","","","","","","","","","","","","","","","","","","","","","","","","","","","","","","","","","","","","","","","","","","","","","","","","","","","","","","","","","","","","","","","","","",
"中国澳门特别行政区","MAC","Wage and salaried workers, female (% of female employment)","SL.EMP.WORK.FE.ZS","","","","","","","","","","","","","","","","","","","","","","","","","","","","","","","","92.661053026983","92.8407190635452","92.9239361927194","92.987431951072","93.0242352310579","93.0219265709178","93.6363532724557","94.0564502553168","93.1225159841023","91.9631489053362","92.5768037626338","93.5060919640183","92.9338217338217","92.3969562460368","93.470071159481","93.6709452666526","94.6026545698925","95.2638888888889","95.1579798285999","95.5063650171096","95.6063248459481","95.766752687437","96.0696520159665","95.7358490566038","95.8050989333376","96.3370482307014","96.2339572817956","96.4784151089155","96.3455566202921","96.1726092077791","96.0328693874341","95.3559043479609","95.3218190553375","95.5023566062978",
"中国澳门特别行政区","MAC","15 岁（含）以上总就业人口比率（百分比）（模拟劳工组织估计）","SL.EMP.TOTL.SP.ZS","","","","","","","","","","","","","","","","","","","","","","","","","","","","","","","","56.525","56.965","58.933","60.301","61.021","61.799","63.514","62.402","61.55","61.016","60.776","60.107","58.002","59.629","61.254","63.333","66.354","67.665","67.463","67.998","69.053","69.345","69.569","70.211","69.524","68.703","68.478","68.819","68.582","66.927","67.393","65.018","66.471","66.733",
"中国澳门特别行政区","MAC","15 岁（含）以上女性就业人口比率（百分比）（模拟劳工组织估计）","SL.EMP.TOTL.SP.FE.ZS","","","","","","","","","","","","","","","","","","","","","","","","","","","","","","","","44.418","45.493","47.226","48.479","49.871","51.064","53.097","52.517","53.084","53.815","53.922","53.771","51.015","52.752","54.818","56.671","60.791","62.09","62.894","63.093","64.351","64.238","65.069","65.405","65.072","64.597","63.895","64.131","63.848","62.263","62.885","58.739","61.42","62.25",
"中国澳门特别行政区","MAC","Self-employed, male (% of male employment)","SL.EMP.SELF.MA.ZS","","","","","","","","","","","","","","","","","","","","","","","","","","","","","","","","13.9360792652184","13.8266125122548","13.7005389233827","13.5937623060566","13.608759039518","13.622276439613","12.2557051171801","12.6732655350874","14.2295231576546","15.0893925690429","13.6867788611928","14.1150314669094","14.1745813279534","15.1931756345828","13.8091895196902","12.0081958585653","11.6629317163195","9.97938916994566","10.9517424624506","11.2810133731842","10.4872347770967","10.2826349939514","9.61059802187725","8.53760319814575","9.2261096828109","9.21553449886561","9.21562560636016","9.07958085528179","9.39146147249786","9.73874064625411","9.45772464569686","9.9436940896374","9.97385873797725","9.7551690381782",
"中国澳门特别行政区","MAC","Employers, female (% of female employment)","SL.EMP.MPYR.FE.ZS","","","","","","","","","","","","","","","","","","","","","","","","","","","","","","","","0.970387528955112","0.982441471571906","0.985881722401659","0.990657974326232","1.00310119070409","1.01545683396369","0.670337562844146","0.772122776499635","0.96336616554346","0.86434449562652","1.02872010407285","1.20873068784602","1.10573870573871","1.14684301114231","1.49686061113437","1.64909245360953","1.53589829749104","1.35449735449735","1.51443385561724","1.40231665883874","1.54691314963376","1.70560388289782","1.71369576379266","1.87385444743935","1.86812077148339","1.62500524703018","1.56879460642384","1.66194004818101","1.65714257045239","1.69758001324497","1.81990642447118","1.79903148951125","1.8406992036416","1.87866668557625",
"中国澳门特别行政区","MAC","Employment to population ratio, ages 15-24, male (%) (national estimate)","SL.EMP.1524.SP.MA.NE.ZS","","","","","","","","","","","","","","","","","","","","","","","","","","","","","","","","","","","","","","40.83","36.12","","30.62","","","23.92","26.64","29.33","33.88","39.65","41.43","45.54","46.29","46.98","46.33","45.74","45.38","43.73","44.44","","","","","","","","",
"中国澳门特别行政区","MAC","农业男性就业人员（占男性就业的百分比）","SL.AGR.EMPL.MA.ZS","","","","","","","","","","","","","","","","","","","","","","","","","","","","","","","","0.372651745983033","0.369528447226382","0.371918608225241","0.374104119083248","0.377511513618414","0.379626402403987","0.380190276181079","0.380912742933661","0.380561259411362","0.38278473611606","0.38520319244966","0.387756352464397","0.390675089974952","0.394513619922538","0.394785509937574","0.395758923872543","0.396783548642236","0.400974330148023","0.407169128953292","0.411844652197191","0.414848520864107","0.417354008578027","0.41920482085544","0.418906059784487","0.417844348987859","0.420125450420392","0.422682196479047","0.424293916222548","0.422128302503165","0.422951987977628","0.427751589480254","0.43698610183283","0.427585727962222","0.422224639329187",
"中国澳门特别行政区","MAC","农业女童工雇佣率（占 7-14 岁参与经济活动女童的百分比）","SL.AGR.0714.FE.ZS","","","","","","","","","","","","","","","","","","","","","","","","","","","","","","","","","","","","","","","","","","","","","","","","","","","","","","","","","","","","","","","","","",
"中国澳门特别行政区","MAC","Annualized average growth rate in per capita real survey mean consumption or income, bottom 40% of population (%)","SI.SPR.PC40.ZG","","","","","","","","","","","","","","","","","","","","","","","","","","","","","","","","","","","","","","","","","","","","","","","","","","","","","","","","","","","","","","","","","",
"中国澳门特别行政区","MAC","贫困差距，以每天8.3美元为贫困线（按2021年购买力平价计算）（百分比）","SI.POV.UMIC.GP","","","","","","","","","","","","","","","","","","","","","","","","","","","","","","","","","","","","","","","","","","","","","","","","","","","","","","","","","","","","","","","","","",
"中国澳门特别行政区","MAC","Multidimensional poverty headcount ratio (World Bank) (% of population)","SI.POV.MPWB","","","","","","","","","","","","","","","","","","","","","","","","","","","","","","","","","","","","","","","","","","","","","","","","","","","","","","","","","","","","","","","","","",
"中国澳门特别行政区","MAC","基尼 (GINI) 系数","SI.POV.GINI","","","","","","","","","","","","","","","","","","","","","","","","","","","","","","","","","","","","","","","","","","","","","","","","","","","","","","","","","","","","","","","","","",
"中国澳门特别行政区","MAC","最低10% 占有的收入份额","SI.DST.FRST.10","","","","","","","","","","","","","","","","","","","","","","","","","","","","","","","","","","","","","","","","","","","","","","","","","","","","","","","","","","","","","","","","","",
"中国澳门特别行政区","MAC","第四档 20%的收入份额","SI.DST.04TH.20","","","","","","","","","","","","","","","","","","","","","","","","","","","","","","","","","","","","","","","","","","","","","","","","","","","","","","","","","","","","","","","","","",
"中国澳门特别行政区","MAC","UHC service coverage sub-index on non-communicable diseases","SH_UHC_SCI_NCD","","","","","","","","","","","","","","","","","","","","","","","","","","","","","","","","","","","","","","","","","","","","","","","","","","","","","","","","","","","","","","","","","",
"中国澳门特别行政区","MAC","Proportion of population pushed into poverty (based on the societal poverty line) due to out-of-pocket health expenditure (%)","SH_UHC_FH40_PUSHED","","","","","","","","","","","","","","","","","","","","","","","","","","","","","","","","","","","","","","","","","","","","","","","","","","","","","","","","","","","","","","","","","",
"中国澳门特别行政区","MAC","Proportion of population facing financial hardship due to out-of-pocket health expenditure (%)","SH_UHC_FH40","","","","","","","","","","","","","","","","","","","","","","","","","","","","","","","","","","","","","","","","","","","","","","","","","","","","","","","","","","","","","","","","","",
"中国澳门特别行政区","MAC","人均自付费用，购买力平价（现价国际美元）","SH.XPD.OOPC.PP.CD","","","","","","","","","","","","","","","","","","","","","","","","","","","","","","","","","","","","","","","","","","","","","","","","","","","","","","","","","","","","","","","","","",
"中国澳门特别行政区","MAC","Domestic general government health expenditure per capita (current US$)","SH.XPD.GHED.PC.CD","","","","","","","","","","","","","","","","","","","","","","","","","","","","","","","","","","","","","","","","","","","","","","","","","","","","","","","","","","","","","","","","","",
"中国澳门特别行政区","MAC","人均外部卫生支出，购买力平价（现价国际美元）","SH.XPD.EHEX.PP.CD","","","","","","","","","","","","","","","","","","","","","","","","","","","","","","","","","","","","","","","","","","","","","","","","","","","","","","","","","","","","","","","","","",
"中国澳门特别行政区","MAC","Current health expenditure per capita (current US$)","SH.XPD.CHEX.PC.CD","","","","","","","","","","","","","","","","","","","","","","","","","","","","","","","","","","","","","","","","","","","","","","","","","","","","","","","","","","","","","","","","","",
"中国澳门特别行政区","MAC","肺结核病例检出率（百分比，所有形式）","SH.TBS.DTEC.ZS","","","","","","","","","","","","","","","","","","","","","","","","","","","","","","","","","","","","","","","","","42","43","44","45","46","47","49","51","53","55","57","58","59","60","61","62","63","64","64","64","65","65","65","65","65",
"中国澳门特别行政区","MAC","Prevalence of severe wasting, weight for height, female (% of children under 5)","SH.SVR.WAST.FE.ZS","","","","","","","","","","","","","","","","","","","","","","","","","","","","","","","","","","","","","","","","","","","","","","","","","","","","","","","","","","","","","","","","","",
"中国澳门特别行政区","MAC","Mortality rate attributed to unsafe water, unsafe sanitation and lack of hygiene (per 100,000 population)","SH.STA.WASH.P5","","","","","","","","","","","","","","","","","","","","","","","","","","","","","","","","","","","","","","","","","","","","","","","","","","","","","","","","","","","","","","","","","",
"中国澳门特别行政区","MAC","Suicide mortality rate, female (per 100,000 female population)","SH.STA.SUIC.FE.P5","","","","","","","","","","","","","","","","","","","","","","","","","","","","","","","","","","","","","","","","","","","","","","","","","","","","","","","","","","","","","","","","","",
"中国澳门特别行政区","MAC","Prevalence of stunting, height for age, female (modeled estimate, % of children under 5)","SH.STA.STNT.ME.FE.ZS","","","","","","","","","","","","","","","","","","","","","","","","","","","","","","","","","","","","","","","","","","","","","","","","","","","","","","","","","","","","","","","","","",
"中国澳门特别行政区","MAC","People using safely managed sanitation services, urban (% of urban population)","SH.STA.SMSS.UR.ZS","","","","","","","","","","","","","","","","","","","","","","","","","","","","","","","","","","","","","","","","","49.8432167713099","49.8432167713099","49.8432167713099","49.8432167713099","49.8432167713099","49.8432167713099","49.8432167713099","49.8432167713099","49.8432167713099","49.8432167713099","51.850718331692","53.8582198920735","55.8657214524555","57.8732230128371","59.8807245732187","61.8882261336007","63.8957276939823","65.9032292543643","67.9107308147459","69.9182323751274","71.9257339355095","73.933235495891","75.9407370562731","77.9482386166546","79.9557401770362",
"中国澳门特别行政区","MAC","Mortality rate attributed to unintentional poisoning (per 100,000 population)","SH.STA.POIS.P5","","","","","","","","","","","","","","","","","","","","","","","","","","","","","","","","","","","","","","","","","","","","","","","","","","","","","","","","","","","","","","","","","",
"中国澳门特别行政区","MAC","Prevalence of overweight, weight for height, female (modeled estimate, % of children under 5)","SH.STA.OWGH.ME.FE.ZS","","","","","","","","","","","","","","","","","","","","","","","","","","","","","","","","","","","","","","","","","","","","","","","","","","","","","","","","","","","","","","","","","",
"中国澳门特别行政区","MAC","痢疾治疗（5 岁以下儿童中接受口服补液盐治疗并继续服用的比例）","SH.STA.ORCF.ZS","","","","","","","","","","","","","","","","","","","","","","","","","","","","","","","","","","","","","","","","","","","","","","","","","","","","","","","","","","","","","","","","","",
"中国澳门特别行政区","MAC","孕产妇死亡比率（国家估算，每10万活产婴儿）","SH.STA.MMRT.NE","","","","","","","","","","","","","","","","","","","","","","","","","","","","","","","","","","","","","","","","","","","","","","","","","","","","","","","","","","","","","","","","","",
"中国澳门特别行政区","MAC","营养不良患病率，基于年龄相应的体重，女性（占5岁以下儿童百分比）","SH.STA.MALN.FE.ZS","","","","","","","","","","","","","","","","","","","","","","","","","","","","","","","","","","","","","","","","","","","","","","","","","","","","","","","","","","","","","","","","","",
"中国澳门特别行政区","MAC","Female genital mutilation prevalence (%)","SH.STA.FGMS.ZS","","","","","","","","","","","","","","","","","","","","","","","","","","","","","","","","","","","","","","","","","","","","","","","","","","","","","","","","","","","","","","","","","",
"中国澳门特别行政区","MAC","完全母乳喂养率（占 6 个月以下儿童的百分比）","SH.STA.BFED.ZS","","","","","","","","","","","","","","","","","","","","","","","","","","","","","","","","","","","","","","","","","","","","","","","","","","","","","","","","","","","","","","","","","",
"中国澳门特别行政区","MAC","儿童急性呼吸道感染治疗率（接受医疗救治的 5 岁以下儿童所占比例）","SH.STA.ARIC.ZS","","","","","","","","","","","","","","","","","","","","","","","","","","","","","","","","","","","","","","","","","","","","","","","","","","","","","","","","","","","","","","","","","",
"中国澳门特别行政区","MAC","Mortality rate attributed to household and ambient air pollution, age-standardized, female (per 100,000 female population)","SH.STA.AIRP.FE.P5","","","","","","","","","","","","","","","","","","","","","","","","","","","","","","","","","","","","","","","","","","","","","","","","","","","","","","","","","","","","","","","","","",
"中国澳门特别行政区","MAC","男性吸烟率（吸烟男性占所有成年人比例）","SH.PRV.SMOK.MA","","","","","","","","","","","","","","","","","","","","","","","","","","","","","","","","","","","","","","","","","","","","","","","","","","","","","","","","","","","","","","","","","",
"中国澳门特别行政区","MAC","孕产妇死亡的终生风险（百分比）","SH.MMR.RISK.ZS","","","","","","","","","","","","","","","","","","","","","","","","","","","","","","","","","","","","","","","","","","","","","","","","","","","","","","","","","","","","","","","","","",
"中国澳门特别行政区","MAC","经杀虫剂处理的蚊帐使用率（占5岁以下人口数量的比例）","SH.MLR.NETS.ZS","","","","","","","","","","","","","","","","","","","","","","","","","","","","","","","","","","","","","","","","","","","","","","","","","","","","","","","","","","","","","","","","","",
"中国澳门特别行政区","MAC","护士和助产士（每千人）","SH.MED.NUMW.P3","","","","","","","","","","","","","","","","","","","","","","","","","","","","","","","","","","","","","","","","","","","","","","","","","","","","","","3.124","3.294","3.705","3.737","3.754","3.785","","","","","","",
"中国澳门特别行政区","MAC","DPT 免疫接种率（占 12 - 23 个月年龄组的百分比）","SH.IMM.IDPT","","","","","","","","","","","","","","","","","","","","","","","","","","","","","","","","","","","","","","","","","","","","","","","","","","","","","","","","","","","","","","","","","",
"中国澳门特别行政区","MAC","Incidence of HIV, ages 15-24 (per 1,000 uninfected population ages 15-24)","SH.HIV.INCD.YG.P3","","","","","","","","","","","","","","","","","","","","","","","","","","","","","","","","","","","","","","","","","","","","","","","","","","","","","","","","","","","","","","","","","",
"中国澳门特别行政区","MAC","Children (ages 0-14) newly infected with HIV","SH.HIV.INCD.14","","","","","","","","","","","","","","","","","","","","","","","","","","","","","","","","","","","","","","","","","","","","","","","","","","","","","","","","","","","","","","","","","",
"中国澳门特别行政区","MAC","艾滋病病毒感染率，女性（15-24岁的百分比）","SH.HIV.1524.FE.ZS","","","","","","","","","","","","","","","","","","","","","","","","","","","","","","","","","","","","","","","","","","","","","","","","","","","","","","","","","","","","","","","","","",
"中国澳门特别行政区","MAC","People using safely managed drinking water services, rural (% of rural population)","SH.H2O.SMDW.RU.ZS","","","","","","","","","","","","","","","","","","","","","","","","","","","","","","","","","","","","","","","","","","","","","","","","","","","","","","","","","","","","","","","","","",
"中国澳门特别行政区","MAC","Demand for family planning satisfied by modern methods (% of married women with demand for family planning)","SH.FPL.SATM.ZS","","","","","","","","","","","","","","","","","","","","","","","","","","","","","","","","","","","","","","","","","","","","","","","","","","","","","","","","","","","","","","","","","",
"中国澳门特别行政区","MAC","Mortality from CVD, cancer, diabetes or CRD between exact ages 30 and 70, female (%)","SH.DYN.NCOM.FE.ZS","","","","","","","","","","","","","","","","","","","","","","","","","","","","","","","","","","","","","","","","","","","","","","","","","","","","","","","","","","","","","","","","","",
"中国澳门特别行政区","MAC","艾滋病病毒感染率，总数（占15-49岁人口的百分比）","SH.DYN.AIDS.ZS","","","","","","","","","","","","","","","","","","","","","","","","","","","","","","","","","","","","","","","","","","","","","","","","","","","","","","","","","","","","","","","","","",
"中国澳门特别行政区","MAC","Probability of dying among adolescents ages 10-14 years (per 1,000)","SH.DYN.1014","","","","","","","","","","","","","","","","","","","","","","","","","","","","","","","","","","","","","","","","","","","","","","","","","","","","","","","","","","","","","","","","","",
"中国澳门特别行政区","MAC","五岁以下儿童死亡数","SH.DTH.MORT","","","","","","","","","","","","","","","","","","","","","","","","","","","","","","","","","","","","","","","","","","","","","","","","","","","","","","","","","","","","","","","","","",
"中国澳门特别行政区","MAC","Number of deaths ages 20-24 years","SH.DTH.2024","","","","","","","","","","","","","","","","","","","","","","","","","","","","","","","","","","","","","","","","","","","","","","","","","","","","","","","","","","","","","","","","","",
"中国澳门特别行政区","MAC","安全套使用率，15-24岁人口，男性（占 15-24 岁男性人口的百分比）","SH.CON.1524.MA.ZS","","","","","","","","","","","","","","","","","","","","","","","","","","","","","","","","","","","","","","","","","","","","","","","","","","","","","","","","","","","","","","","","","",
"中国澳门特别行政区","MAC","Prevalence of anemia among women of reproductive age (% of women ages 15-49)","SH.ANM.ALLW.ZS","","","","","","","","","","","","","","","","","","","","","","","","","","","","","","","","","","","","","","","","","","","","","","","","","","","","","","","","","","","","","","","","","",
"中国澳门特别行政区","MAC","Women who believe a husband is justified in beating his wife when she refuses sex with him (%)","SG.VAW.REFU.ZS","","","","","","","","","","","","","","","","","","","","","","","","","","","","","","","","","","","","","","","","","","","","","","","","","","","","","","","","","","","","","","","","","",
"中国澳门特别行政区","MAC","来自DAC捐助国的双边援助净流量，英国（现价美元）","DC.DAC.GBRL.CD","","","","","","","","","","","","","","","","","","","","","","","","","","","","","","","","","","","","","","","","","","","","","","","","","","","","","","","","","","","","","","","","","",
"中国澳门特别行政区","MAC","来自DAC捐助国的双边援助净流量，西班牙（现价美元）","DC.DAC.ESPL.CD","","","","","","","","","","","","","","","","","","","","","","","","","","","","","","","","","","","","","","","","","","","","","","","","","","","","","","","","","","","","","","","","","",
"中国澳门特别行政区","MAC","来自DAC捐助国的双边援助净流量，瑞士（现价美元）","DC.DAC.CHEL.CD","","","","","","","","","","","","","","","","","","","","","","","","","","","","","","","","","","","","","","","","","","","","9999.99977648258","","","","","","","","","","","","","","","","","","","","","",
"中国澳门特别行政区","MAC","来自DAC捐助国的双边援助净流量，澳大利亚（现价美元）","DC.DAC.AUTL.CD","","","","","","","","","","","","","","","","","","","","","","","","","","","","","","","","","","","","","","","","","","","","","","","","","","","","","","","","","","","","","","","","","",
"中国澳门特别行政区","MAC","股票交易总额（按现值美元计）","CM.MKT.TRAD.CD","","","","","","","","","","","","","","","","","","","","","","","","","","","","","","","","","","","","","","","","","","","","","","","","","","","","","","","","","","","","","","","","","",
"中国澳门特别行政区","MAC","S&P全球股票指数（年变化率）","CM.MKT.INDX.ZG","","","","","","","","","","","","","","","","","","","","","","","","","","","","","","","","","","","","","","","","","","","","","","","","","","","","","","","","","","","","","","","","","",
"中国澳门特别行政区","MAC","Control of Corruption: Percentile Rank","CC.PER.RNK","","","","","","","","","","","","","","","","","","","","","","","","","","","","","","","","","","","","","69.3548355102539","","67.3796768188477","","68.0851058959961","","54.4973526000977","79.3650817871094","90.6403961181641","70.2439041137695","66.8292694091797","71.3592224121094","69.4174728393555","62.2009582519531","69.523811340332","69.6682434082031","69.1943130493164","70.1421813964844","77.8846130371094","68.5714263916016","77.1428604125977","70.9523773193359","74.7619018554688","72.8571395874023","77.6190490722656","79.0476226806641","79.7169799804688","79.2452850341797","",
"中国澳门特别行政区","MAC","私人转移和雇员报酬，收讫（现价美元，单位：百万美元）","BX.TRF.PWKR.CD.DT","","","","","","","","","","","","","","","","","","","","","","","","","","","","","","","","","","","","","","","","","","","46620166.5539433","47740741.3694726","53334689.0206458","53150239.3434497","55465112.1882292","54385821.9267613","51598913.4375614","48381809.2700582","46853508.7487517","48292669.4739577","46907064.121934","48659083.054716","36864800.2918195","39527609.1740174","27588639.7723445","34553804.6818085","42116218.0957632","55002381.9227223","65768944.5645491","73900166.6379001","89449076.1173255","111515747.535096","135638996.904345",
"中国澳门特别行政区","MAC","外国直接投资净流入（占 GDP 的百分比）","BX.KLT.DINV.WD.GD.ZS","","","","","","","","","","","","","","","","","","","","","","","0.0227571570364122","0.719320811753577","","-0.0278986687471317","0.00326348375010182","-0.00459717313946815","0.0152921110688475","-0.0221756902976492","0.0147852387096774","0.284708872519743","-0.396795908522423","-0.0635413039144015","0.0551400004777165","0.0310808129742439","0.0827656207366985","0.0317850356619106","-0.263207651767439","0.1438789599419","-0.0116623337686464","2.33234142624111","5.34424158844924","6.13730012796971","7.24868934401704","14.5971664934488","19.6103756817311","28.8206055046707","18.9404463569425","-1.91124126911204","12.8496394988665","4.76089394778049","8.25528889419514","7.32083901346214","4.41326860101837","1.08257865214181","4.13475853837245","3.38191416637271","3.12603183085927","11.7748789603391","-24.5780080658474","18.531477480817","12.8215560722817","3.61594014702326","2.92640919289001",
"中国澳门特别行政区","MAC","商品与服务的出口和初次收入（国际收支平衡，现价美元）","BX.GSR.TOTL.CD","","","","","","","","","","","","","","","","","","","","","","","","","","","","","","","","","","","","","","","","","","","7366003827.20431","8099915025.29717","10537168650.7887","11169911309.1314","13235654431.1652","16685148820.223","18492680570.4259","18109177535.5777","25769694031.2972","34923771653.4435","41526305029.2006","49579502096.5373","51384336602.6227","39974118821.0882","39144593869.9517","45802705887.5497","52459390883.4554","54041349850.7356","22312048060.7932","33907950828.2944","29471507609.9","55163696659.7455","58630338809.1343",
"中国澳门特别行政区","MAC","保险与金融服务（占服务出口的百分比，BoP）","BX.GSR.INSF.ZS","","","","","","","","","","","","","","","","","","","","","","","","","","","","","","","","","","","","","","","","","","","2.26777186707391","2.22139018599815","1.65490764471105","1.99136858346083","1.83742177978629","1.99231412253936","2.33912815237787","1.53452773777861","1.82045221865631","1.27978904540621","1.60079938767361","1.91768101981995","2.60376700155889","3.79225397105173","4.14016335276795","3.66641529604899","3.55116000799675","4.37324250537315","15.2490676090175","12.3620268877944","23.7106658146978","8.67619277965851","7.53445150515907",
"中国澳门特别行政区","MAC","信息和通信技术 (ICT) 服务出口（占服务出口的百分比，BoP）","BX.GSR.CCIS.ZS","","","","","","","","","","","","","","","","","","","","","","","","","","","","","","","","","","","","","","","","","","","0.91187907008143","0.893002677524948","0.660222781307771","0.716241826050983","0.620274439479871","0.739210666965602","0.663461298056934","0.461159187586037","0.392701062039701","0.250970800563192","0.178269616540433","0.126734590426405","0.123128606587517","0.159315678738617","0.140951850819392","0.0973741182408955","0.0689538024243093","0.0571113246480793","0.200173236696355","0.0906017479448297","0.108272728989752","0.0431449638666704","0.0645197955188383",
"中国澳门特别行政区","MAC","净资本账户（BoP，现价美元）","BN.TRF.KOGT.CD","","","","","","","","","","","","","","","","","","","","","","","","","","","","","","","","","","","","","","","","","","","138766874.478741","88042609.0334689","273952588.790567","514543707.284014","438463038.328771","318607807.27856","386040426.150019","598000448.188837","19098993.8996069","1328831048.07721","-672641.085795771","-636373.077073599","-1864147.30499532","-7561551.66705324","-68267685.8412989","-44817485.1959275","-15903064.4474787","-33219023.0143959","-490959.453176517","-556394.947780951","-275700.208652449","-232886.555232078","-104580.527591675",
"中国澳门特别行政区","MAC","对外投资净额（国际收支，现价美元)","BN.KLT.DINV.CD","","","","","","","","","","","","","","","","","","","","","","","","","","","","","","","","","","","","","","","","","","","-345586984.394385","-521477775.457318","-848534134.873069","-1709742676.21006","-2258215301.07643","-5012529274.13947","-3137936045.95132","-180747531.087115","-3909355168.77615","-1389744506.63063","-2543347558.56592","-1512066055.11752","-1066297903.91766","-658054977.710649","-1933341205.92089","746730198.372763","-1755657406.07299","-4975177375.74237","7917926043.40249","-1233106561.53477","-2344717624.52278","-1152521390.53506","-568470678.661486",
"中国澳门特别行政区","MAC","净初次收入（国际收支平衡，现价美元）","BN.GSR.FCTY.CD","","","","","","","","","","","","","","","","","","","","","","","","","","","","","","","","","","","","","","","","","","","-81656132.7680307","-207351291.735507","-616837295.372118","-845734147.885159","-1626951605.45221","-383946951.484572","-2600857213.71866","-2325978658.24829","-3332266368.50569","-5306399069.85999","-6837786285.00259","-8754009016.53371","-8776245368.91791","-4803048855.69491","-4419575978.24933","-5579614500.36824","-6511770927.09515","-6509447524.62919","4561135951.03839","-187874024.280773","4384135523.69094","-1246345778.62758","-582335997.202628",
"中国澳门特别行政区","MAC","已付劳工汇款和职工报酬（按现值美元计）","BM.TRF.PWKR.CD.DT","","","","","","","","","","","","","","","","","","","","","","","","","","","","","","","","","","","","","","","","","","","95124956.9507434","93896939.9311789","132290260.202109","232536754.896449","441438338.134487","792459632.975615","1017705651.72488","768319249.522483","636508215.059941","773583528.178726","972686489.595979","1282686425.75146","1629715149.1606","1949440186.67635","2026879348.86577","2041139084.01082","2165769640.02954","2324634266.76165","2140937868.50715","2041370678.85715","2088963136.76795","2390863850.25421","2457960192.05829",
"中国澳门特别行政区","MAC","旅行服务（占国际收支统计口径的服务进口比例）","BM.GSR.TRVL.ZS","","","","","","","","","","","","","","","","","","","","","","","","","","","","","","","","","","","","","","","","","","","34.2085536799658","29.659245015312","30.9484984483981","27.3997838327526","25.910013133318","23.2279920148812","24.2192559322554","31.1894771352696","31.5813649402405","30.3792921491449","28.42769807176","31.1197325621588","31.8482211469999","32.4359969550836","33.631808570018","32.6654401578975","33.4156329328804","37.1824733507671","25.481937205069","23.2880607398683","21.4414441248887","26.9164680792102","27.2774481825835",
"中国澳门特别行政区","MAC","服务进口（BoP，按当值美元计）","BM.GSR.NFSV.CD","","","","","","","","","","","","","","","","","","","","","","","","","","","","","","","","","","","","","","","","","","","1072834413.62826","1127960865.14075","1235623935.37906","1504209008.27904","1671010512.03877","2262649396.15625","2563671876.69831","2069477567.15797","2532556072.66829","3174478286.40571","3810105411.20891","3646653367.48272","3937845935.21902","4087125169.81815","4175946133.07704","4897570547.17411","5496699797.94237","5167743977.65045","3251374128.68217","3987748840.47771","3820848849.03323","5436777618.27038","5962452509.67864",
"中国澳门特别行政区","MAC","初次收入的支付（国际收支平衡，现价美元）","BM.GSR.FCTY.CD","","","","","","","","","","","","","","","","","","","","","","","","","","","","","","","","","","","","","","","","","","","572553987.750895","649514397.281242","1067294561.70869","1754207997.98093","3179746168.65081","2523220718.82907","4336113595.21389","3486568071.6412","4412127427.79475","6943904129.21326","9159712767.09053","11612665234.5345","13141026216.5754","9411268193.14789","9021273245.74408","10806075421.8645","13345104109.2252","14994153959.8943","2172787217.95194","5932854273.28297","3990564057.12551","14571047543.6009","14270483372.6242",
"中国澳门特别行政区","MAC","国土面积（平方千米）","AG.SRF.TOTL.K2","","20","20","20","20","20","20","20","20","20","20","20","20","20","20","20","20","20","20","20","20","20","20","20","20","20","20","20","20","20","20","20","20","20","20","20","20","20","20","20","20","26","27","27","28","28","28.6","29.2","29.2","29.5","29.7","29.9","29.9","30.3","30.3","30.4","30.5","30.8","32.9","32.9","32.9","33","33","33","",
"中国澳门特别行政区","MAC","谷物产量（公吨）","AG.PRD.CREL.MT","","","","","","","","","","","","","","","","","","","","","","","","","","","","","","","","","","","","","","","","","","","","","","","","","","","","","","","","","","","","","","","","","",
"中国澳门特别行政区","MAC","平均降水深度（年毫米）","AG.LND.PRCP.MM","","","","","","","","","","","","","","","","","","","","","","","","","","","","","","","","","","","","","","","","","","","","","","","","","","","","","","","","","","","","","","","","","",
"中国澳门特别行政区","MAC","海拔低于5米的土地面积(占土地总面积的比例)","AG.LND.EL5M.ZS","","","","","","","","","","","","","","","","","","","","","","","","","","","","","","","46.8797663279589","","","","","","","","","","46.879766327957","","","","","","","","","","","","","","","46.8797663279415","","","","","","","","","",
"中国澳门特别行政区","MAC","Rural land area where elevation is below 5 meters (sq. km)","AG.LND.EL5M.RU.K2","","","","","","","","","","","","","","","","","","","","","","","","","","","","","","","5.15880240768","","","","","","","","","","3.63776675321","","","","","","","","","","","","","","","3.57163106359","","","","","","","","","",
"中国澳门特别行政区","MAC","耕地（人均公顷数）","AG.LND.ARBL.HA.PC","","","","","","","","","","","","","","","","","","","","","","","","","","","","","","","","","","","","","","","","","","","","","","","","","","","","","","","","","","","","","","","","","",
"中国澳门特别行政区","MAC","化肥消费量（每公顷耕地千克数）","AG.CON.FERT.ZS","","","","","","","","","","","","","","","","","","","","","","","","","","","","","","","","","","","","","","","","","","","","","","","","","","","","","","","","","","","","","","","","","",
"中国澳门特别行政区","MAC","Cause of death, by non-communicable diseases (% of total)","SH.DTH.NCOM.ZS","","","","","","","","","","","","","","","","","","","","","","","","","","","","","","","","","","","","","","","","","","","","","","","","","","","","","","","","","","","","","","","","","",
"中国澳门特别行政区","MAC","Cause of death, by communicable diseases and maternal, prenatal and nutrition conditions (% of total)","SH.DTH.COMM.ZS","","","","","","","","","","","","","","","","","","","","","","","","","","","","","","","","","","","","","","","","","","","","","","","","","","","","","","","","","","","","","","","","","",
"中国澳门特别行政区","MAC","Number of deaths ages 5-9 years","SH.DTH.0509","","","","","","","","","","","","","","","","","","","","","","","","","","","","","","","","","","","","","","","","","","","","","","","","","","","","","","","","","","","","","","","","","",
"中国澳门特别行政区","MAC","Prevalence of anemia among children (% of children under 5)","SH.ANM.CHLD.ZS","","","","","","","","","","","","","","","","","","","","","","","","","","","","","","","","","","","","","","","","","","","","","","","","","","","","","","","","","","","","","","","","","",
"中国澳门特别行政区","MAC","Total alcohol consumption per capita, female (liters of pure alcohol, projected estimates, female 15+ years of age)","SH.ALC.PCAP.FE.LI","","","","","","","","","","","","","","","","","","","","","","","","","","","","","","","","","","","","","","","","","","","","","","","","","","","","","","","","","","","","","","","","","",
"中国澳门特别行政区","MAC","Women who believe a husband is justified in beating his wife when she goes out without telling him (%)","SG.VAW.GOES.ZS","","","","","","","","","","","","","","","","","","","","","","","","","","","","","","","","","","","","","","","","","","","","","","","","","","","","","","","","","","","","","","","","","",
"中国澳门特别行政区","MAC","Proportion of time spent on unpaid domestic and care work, male (% of 24 hour day)","SG.TIM.UWRK.MA","","","","","","","","","","","","","","","","","","","","","","","","","","","","","","","","","","","","","","","","","","","","","","","","","","","","","","","","","","","","","","","","","",
"中国澳门特别行政区","MAC","Women making their own informed decisions regarding sexual relations, contraceptive use and reproductive health care (% of women age 15-49)","SG.DMK.SRCR.FN.ZS","","","","","","","","","","","","","","","","","","","","","","","","","","","","","","","","","","","","","","","","","","","","","","","","","","","","","","","","","","","","","","","","","",
"中国澳门特别行政区","MAC","Expenditure on tertiary as % of government expenditure on education (%)","SE.XPD.TERT.ZS","","","","","","","","","","","","","","","","","","","","","","","","","","","","","","","","","","","","","","","33.0765","28.35052","28.35738","","40.18769","41.1093","44.62507","45.60613","41.01877","36.85601","36.63607","33.28335","48.4117","59.53244","68.13506","44.93769","42.72576","42.19713","39.27335","37.12156","","","","","","","",
"中国澳门特别行政区","MAC","Expenditure on primary as % of government expenditure on education (%)","SE.XPD.PRIM.ZS","","","","","","","","","","","","","","","","","","","","","","","","","","","","","","","","","","","","","","","28.94882","","24.80577","","22.03611","24.79608","","","","","","","","","","","","","","","","","","","","","",
"中国澳门特别行政区","MAC","Current education expenditure, secondary (% of total expenditure in secondary public institutions)","SE.XPD.CSEC.ZS","","","","","","","","","","","","","","","","","","","","","","","","","","","","","","","","","","","","","","","","","98.5436935424805","","94.1762466430664","","","","","","","","","","","","","","","","","","","","","","",
"中国澳门特别行政区","MAC","入学率，高等院校，女生（占总人数的百分比）","SE.TER.ENRR.FE","","","","","","","","","","","","","","","","","","","","","","","","","","","","","","","","","","","","","","","","","","41.3308601379395","44.4923515319824","55.636791229248","54.6205215454102","47.8370895385742","44.6375617980957","44.3361015319824","47.4863891601562","56.2412300109863","65.7892439322507","74.6792130025663","59.4958944401324","69.3362831858407","78.18779342723","87.4949494949495","90.9949494949495","90.3415841584158","84.0675675675676","86.7757847533632","93.4193548387097","106.266990291262","121.582089552239","134.410891089109","149.559405940594",
"中国澳门特别行政区","MAC","Educational attainment, at least completed short-cycle tertiary, population 25+, male (%) (cumulative)","SE.TER.CUAT.ST.MA.ZS","","","","","","","","","","","","","","","","","","","","","","","","","","","","","","","","7.21999979019165","","","","","","","","","","11.1199998855591","","","","","13.6300001144409","","","","","18.2999992370606","","","","","24.1900005340576","","","","","","","","",
"中国澳门特别行政区","MAC","Educational attainment, at least Master's or equivalent, population 25+, female (%) (cumulative)","SE.TER.CUAT.MS.FE.ZS","","","","","","","","","","","","","","","","","","","","","","","","","","","","","","","","","","","","","","","","","","","","","","","","","","","","","","","","","","","","","","","","","",
"中国澳门特别行政区","MAC","Educational attainment, at least Bachelor's or equivalent, population 25+, total (%) (cumulative)","SE.TER.CUAT.BA.ZS","","","","","","","","","","","","","","","","","","","","","","","","","","","","","","","","","","","","","","","","","","","","","","","","","","","","","","","","","","","","","","","","","",
"中国澳门特别行政区","MAC","Adolescents out of school, male (% of male lower secondary school age)","SE.SEC.UNER.LO.MA.ZS","","","","","","","","","","","","","","","","","","","","","","","","","","","","","","","","","","","","","","","","","","9.8911304473877","10.2146396636963","10.0860500335693","10.9749298095703","11.5777196884155","12.6206998825073","12.3281602859497","13.5253400802612","14.8779096603394","15.0873689465801","12.1463306808134","12.671192092414","9.5","8.21428571428571","10.2835820895522","14.7761194029851","13.5522388059702","14.4347826086957","12.4788732394366","13.6282051282051","12.797619047619","8.79761904761905","8.45882352941176","8.42045454545454",
"中国澳门特别行政区","MAC","中学教育，教师","SE.SEC.TCHR","","","","","","","","","","","","725","668","","","575","564","737","868","716","","","","","","","","","","","","","","","","","","","","1389","1481","1621","1753","1791","2001","2077","2154","2210","2177","2294","2355","2523","2480","2587","2626","2629","2696","2710","2727","2684","2721","2768","2769","2848","2938",
"中国澳门特别行政区","MAC","Trained teachers in upper secondary education, female (% of female teachers)","SE.SEC.TCAQ.UP.FE.ZS","","","","","","","","","","","","","","","","","","","","","","","","","","","","","","","","","","","","","","","","65.4901962280273","67.6923065185547","63.0225105285645","68.6046524047852","72.192512512207","73.3031692504883","75.9183731079102","75.0448837280273","74.3772201538086","76.5233001708984","79.9666137695312","79.4498381877023","78.4702549575071","79.6448087431694","82.9760403530895","85.427135678392","88.3950617283951","91.970802919708","92.2363847045191","93.6298076923077","94.7239263803681","94.7159841479525","94.2159383033419","94.1176470588235","94.5544554455445","94.8339483394834",
"中国澳门特别行政区","MAC","Trained teachers in lower secondary education, female (% of female teachers)","SE.SEC.TCAQ.LO.FE.ZS","","","","","","","","","","","","","","","","","","","","","","","","","","","","","","","","","","","","","","","","66.2790679931641","66.3230209350586","68.9768981933594","70.7951126098633","72.9770965576172","73.5714263916016","76.8583526611328","78.6216583251953","80.5851135253906","81.8428192138672","79.6320571899414","78.4135240572172","78.4516129032258","79.3956043956044","80.2684563758389","84.1333333333333","88.5790172642762","88.4816753926702","91.1111111111111","91.1688311688312","92.6509186351706","93.9213349225268","94.8809523809524","94.3577430972389","95.2380952380952","96.3386727688787",
"中国澳门特别行政区","MAC","Progression to secondary school, female (%)","SE.SEC.PROG.FE.ZS","","","","","","","","","","","","","","","","","","","","","","","","","","","","","","","","","98.85787","","","","","","","91.9602","91.18306","94.89669","97.93866","100","95.74993","98.68461","100","100","99.78829","100","100","99.76391","100","98.85385","100","","99.51334","100","","","","","","","",
"中国澳门特别行政区","MAC","入学率，中学（净百分比）","SE.SEC.NENR","","","","","","","","","","","","","","","","","","","","","","","","","","","","","","","47.39465","","56.34839","","","","","","","65.31127","68.89933","71.12782","70.35038","70.06409","69.70536","69.30647","68.8992","68.66616","68.43152","69.90853","72.4191","74.75342","75.05218","75.33974","76.03664","77.74461","81.70815","84.38217","86.42111","","","","","","",
"中国澳门特别行政区","MAC","中学教育，接受职业教育的学生（女性所占百分比）","SE.SEC.ENRL.VO.FE.ZS","","","","","","","","","","","","29.41738","41.87117","69.84072","63.81282","","","","","","","","","","","","","","","","5.02152","7.44828","7.42706","10.03501","","11.11111","10.6383","10.20408","","48.0529","44.88584","45.88378","47.52705","47.55299","47.75767","45.85062","44.00685","43.52694","43.43003","45.31646","43.58773","40.94227","38.91318","40.68536","39.90113","41.23539","38.21596","37.09677","34.50855","","","","","","",
"中国澳门特别行政区","MAC","Pupil-teacher ratio, lower secondary","SE.SEC.ENRL.LO.TC.ZS","","","","","","","","","","","","","","","","","","","","","","","","","","","","","","","","","","","","","","","","24.0367","25.12286","24.93459","25.36731","26.19712","24.24495","23.4868","22.54489","21.02157","19.16007","17.53993","16.63024","15.57352","15.37392","14.03212","12.67407","11.69186","10.96795","10.90755","10.35432","","","","","","",
"中国澳门特别行政区","MAC","中学教育，学生","SE.SEC.ENRL","","","","","","","","","","","","10007","9606","10279","10671","9498","11758","14305","13150","15268","","","","","","","","","","","16687","","18978","20383","","","","","","31859","35367","38943","42017","44425","46509","46539","46393","45410","41271","39328","38222","37224","35726","33921","32054","30088","28745","27473","26608","26022","26396","27627","28961","30274","31617",
"中国澳门特别行政区","MAC","Educational attainment, at least completed upper secondary, population 25+, female (%) (cumulative)","SE.SEC.CUAT.UP.FE.ZS","","","","","","","","","","","","","","","","","","","","","","","","","","","","","","","","22.0300006866455","","","","","","","","","","25.5200004577637","","","","","33.5","","","","","43.2299995422363","","","","","50.8800010681152","","","","","","","","",
"中国澳门特别行政区","MAC","Educational attainment, at least completed lower secondary, population 25+, total (%) (cumulative)","SE.SEC.CUAT.LO.ZS","","","","","","","","","","","15.1099996566772","","","","","","","","","","","","","","","","","","","","","51.0299987792969","","","","","","","","","","52.2799987792969","","","","","60.5699996948242","","","","","68.5100021362305","","","","","73.3399963378906","","","","","","","","",
"中国澳门特别行政区","MAC","Lower secondary completion rate, male (% of relevant age group)","SE.SEC.CMPT.LO.MA.ZS","","","","","","","","","","","","","","","","","","","","","","","","","","","","","","","","","","","","","","","","","","66.6437301635742","71.6164093017578","77.1272964477539","83.8367919921875","89.8268890380859","88.1895523071289","87.4185485839844","81.664909362793","79.5973892211914","82.9248141007987","89.2047172664046","95.0016661112962","96.9285714285714","96.6538461538462","98.125","96.695652173913","94.8260869565217","80.875","87.5652173913043","84.04","87.4074074074074","82.9310344827586","99.8888888888889","95.6666666666667",
"中国澳门特别行政区","MAC","Children out of school, male (% of male primary school age)","SE.PRM.UNER.MA.ZS","","","","","","","","","","","","","","","","","","","","","","","","","","","","","","","","","","","","","","","","","","12.8001403808594","9.59545040130615","9.90499973297119","9.12862968444824","10.363730430603","12.4079103469849","10.9201898574829","10.022029876709","10.2954797744751","9.87539664112685","7.96202215374365","10.3239377366428","9.11206896551724","6.78991596638655","6.78294573643411","4.01459854014599","","3.98089171974522","7.64606741573034","11.0777202072539","13.7129186602871","18.2770562770563","15.1688311688312","10.9372197309417",
"中国澳门特别行政区","MAC","失学儿童，小学","SE.PRM.UNER","","","","","","","","","","","","","","","","","","","","","","","","","","","","","","","","","","","","","","","","","","5462","3930","3756","3416","3697","4067","3489","3005","2713","2373","1641","2040","1728","1111","1032","639","720.89473286481","656","2074","3591","5067","7072","6221","4608",
"中国澳门特别行政区","MAC","初等教育，教师 （女性所占百分比）","SE.PRM.TCHR.FE.ZS","","","","","","","","","","","","","","","74.7041397094727","","","","","","","","","","","","","","","","","","","","","","","","","86.9103012084961","88.0228118896484","88.716682434082","88.9851531982422","89.1021728515625","89.0931396484375","88.6264801025391","87.4458923339844","88.1334991455078","87.4326782226562","87.6971588134766","87.5079264426126","87.4531835205993","86.612702366127","87.0530209617756","86.6387058118634","85.4239256678281","84.2767295597484","83.3729216152019","82.2371364653244","81.8484596169858","81.4566929133858","81.7562452687358","81.2863372093023","81.2059238363893","81.1118784530387",
"中国澳门特别行政区","MAC","经过培训的女性初等教育教师（占女性教师总数比例）","SE.PRM.TCAQ.FE.ZS","","","","","","","","","","","","","","","","","","","","","","","","","","","","","","","","","","","","","","","","83.8684997558594","86.2490997314453","89.378059387207","91.5159912109375","92.3557968139648","92.6409912109375","92.7770004272461","91.30126953125","90.6030883789062","88.1587982177734","87.7697830200195","86.7391304347826","87.7944325481799","89.7196261682243","90.3682719546742","90.4564315352697","96.6009517335146","97.8855721393035","98.2905982905983","98.6942328618063","99.0844354018311","99.0816819719671","99.2592592592593","99.2400536432722","99.2618323925315","99.1060025542784",
"中国澳门特别行政区","MAC","小学最高年级持续就学率，总计（占同龄人的百分比）","SE.PRM.PRSL.ZS","","","","","","","","","","","","","","","","","","","","","","","","","","","","","","","","","","","","","","","","","","","","","","","","","98.0694885253906","98.2737731933594","","","","","","","","99.4098815917969","98.7323532104492","99.0770568847656","99.2248764038086","99.3442535400391","98.4152069091797","99.3262710571289","",
"中国澳门特别行政区","MAC","五年级持续就学率，男童（占同龄人的百分比）","SE.PRM.PRS5.MA.ZS","","","","","","","","","","","","","","","","","","","","","","","","","","","","","","","","","","","","","","","","","","","98.8748474121094","","","","","","98.223876953125","97.93798828125","","","","","","","","99.4042663574219","98.2406692504883","99.8760986328125","99.6007232666016","99.6443862915039","98.2580795288086","99.8556213378906","",
"中国澳门特别行政区","MAC","Over-age students, primary, male (% of male enrollment)","SE.PRM.OENR.MA.ZS","","","","","","","","","","","","","","","","","","","","","","","","","","","","","","","21.30939","","18.35259","","","","","","","16.74961","18.41767","19.21049","18.8774","18.24097","17.2167","16.06129","15.24417","15.40749","14.75948","14.13591","13.55447","12.18805","11.27997","10.30021","8.06262","6.2238","5.62092","5.25462","4.29832","","","","","","",
"中国澳门特别行政区","MAC","一年级净入学率，女童（占官方定义的学龄人口的百分比）","SE.PRM.NINT.FE.ZS","","","","","","","","","","","","","","","","","","","","","","","","","","","","","","","","","","","","","","","","68.34171","69.60025","72.24397","73.75301","74.25237","70.99533","72.02331","77.91685","77.10728","75.24297","76.13636","75.18289","79.45049","86.35598","89.75713","95.37349","90.11038","87.45942","87.50941","91.15789","","","","","","",
"中国澳门特别行政区","MAC","一年级新生总入学率，总体（占相关年龄组的百分比）","SE.PRM.GINT.ZS","","","","","","","","","","","","","","","","","","","","","","","","","","","","","","","102.58453","","103.55437","103.43553","","","","","","92.56612","91.72136","91.9551","94.8219","93.5693","92.95327","90.94905","91.28391","92.05693","88.81514","84.73163","83.93051","89.14065","93.08193","97.67976","99.48526","98.46547","95.27173","93.73634","94.55967","","","","","","",
"中国澳门特别行政区","MAC","入学率，小学，女生（占总数的百分比）","SE.PRM.ENRR.FE","","","","","","","","","","","","","","","","","","","","","","","","","","","","","","","","","","","","","","","","","","102.241813659668","104.743019104004","102.67781829834","102.514579772949","100.592193603516","98.9018325805664","99.3631820678711","100.195442199707","99.1753234863281","99.5707091554528","101.837246818426","98.9647274393037","99.4299065420561","101.666666666667","101.815789473684","102.145161290323","107.488188976378","103.085106382979","97.35","93.8439306358381","89.941798941799","87.0841584158416","87.4975845410628","89.8774509803922",
"中国澳门特别行政区","MAC","初等教育，小学生","SE.PRM.ENRL","","","","","","","","","","","","25052","23659","23095","20205","19777","20758","24700","22560","24145","","","","","","","","","","31917","32935","34972","37872","40665","","","","","","46893","47262","45663","44368","41917","39872","37401","34739","32932","30487","27483","25326","23785","22646","22231","22862","24252","26436","28438","30169","32530","33961","35450","36791","37854","38349",
"中国澳门特别行政区","MAC","Educational attainment, at least completed primary, population 25+ years, female (%) (cumulative)","SE.PRM.CUAT.FE.ZS","","","","","","","","","","","","","","","","","","","","","","","","","","","","","","","","64.4800033569336","","","","","","","","","","74.6699981689453","","","","","79.7200012207031","","","","","85.0299987792969","","","","","87.8000030517578","","","","","","","","",
"中国澳门特别行政区","MAC","小学入学年龄（年）","SE.PRM.AGES","","","","","","","","","","","6","6","6","6","6","6","6","6","6","6","6","6","6","6","6","6","6","6","6","6","6","6","6","6","6","6","6","6","6","6","6","6","6","6","6","6","6","6","6","6","6","6","6","6","6","6","6","6","6","6","6","6","6","6","6",
"中国澳门特别行政区","MAC","学校入学率，学前班，男生（占总数的百分比）","SE.PRE.ENRR.MA","","","","","","","","","","","","47.895938873291","45.4237785339355","","44.0076484680176","","","","","","","","","","","","","","","","93.0645523071289","95.9813766479492","98.2731323242188","99.4430236816406","","","","","","96.7755889892578","95.1632766723633","91.6676406860352","89.7232666015625","88.8618927001953","88.3932418823242","86.0443801879883","83.0568466186523","81.0230178833008","83.25341796875","85.6988067626953","89.6814193725586","94.3245468139648","95.0684509277344","91.8124618530273","88.1862869262695","88.4760589599609","96.7974319458008","96.4568634033203","97.0742263793945","91.8164596557617","91.7337188720703","87.769660949707","","","",
"中国澳门特别行政区","MAC","Preprimary education, duration (years)","SE.PRE.DURS","","","","","","","","","","","","","","","","","","","","","","","","","","","","","","","","","","","","","","","","3","3","3","3","3","3","3","3","3","3","3","3","3","3","3","3","3","3","3","3","3","3","3","3","3","3",
"中国澳门特别行政区","MAC","Learning poverty: Share of Male Children at the End-of-Primary age below minimum reading proficiency adjusted by Out-of-School Children (%)","SE.LPV.PRIM.MA","","","","","","","","","","","","","","","","","","","","","","","","","","","","","","","","","","","","","","","","","","","","","","","","","","","","","","","","","7.0725769996643","","","","","9.05866813659668","","","",
"中国澳门特别行政区","MAC","Learning poverty: Share of Female Children at the End-of-Primary age below minimum reading proficiency adjusted by Out-of-School Children (%)","SE.LPV.PRIM.FE","","","","","","","","","","","","","","","","","","","","","","","","","","","","","","","","","","","","","","","","","","","","","","","","","","","","","","","","","5.69488954544067","","","","","6.93305873870849","","","",
"中国澳门特别行政区","MAC","中小学女生与男生的入学比例（%）","SE.ENR.PRSC.FM.ZS","","","","","","","","","","","","0.959330022335052","1.08907997608185","1.12694001197815","1.07459998130798","","","","","","","","","","","","","","","","0.979770004749298","","0.994270026683807","0.996150016784668","","","","","","0.998600006103516","0.997189998626709","1.00265002250671","0.977069973945618","0.959890007972717","0.93724000453949","0.931729972362518","0.941959977149963","0.945969998836517","0.959049999713898","0.97368997335434","0.972760021686554","0.970709979534149","0.977519989013672","0.980000019073486","0.981440007686615","0.984610021114349","0.991119980812073","0.99507999420166","0.995320022106171","0.988330006599426","0.986519992351532","0.98633998632431","","","",
"中国澳门特别行政区","MAC","识字率，成年男性（占 15 岁以上男性人口的百分比）","SE.ADT.LITR.MA.ZS","","","","","","","","","","","","","","","","","","","","","","92.8099975585938","","","","","","","","","","","","","","","","","","","","95.2799987792969","","","","","96.4700012207031","","","","","97.75","","","","","98.1900024414062","","","","","","","","",
"中国澳门特别行政区","MAC","女性与男性青年识字人数比（% ages 15-24）","SE.ADT.1524.LT.FM.ZS","","","","","","","","","","","","","","","","","","","","","","0.990000009536743","","","","","","","","","","","","","","","","","","","","1","","","","","1","","","","","1","","","","","1","","","","","","","","",
"中国澳门特别行政区","MAC","Regulatory Quality: Percentile Rank, Lower Bound of 90% Confidence Interval","RQ.PER.RNK.LOWER","","","","","","","","","","","","","","","","","","","","","","","","","","","","","","","","","","","","","51.6304359436035","","43.4782600402832","","44.0217399597168","","57.2972984313965","71.8918914794922","79.6019897460938","71.0784301757812","67.1568603515625","59.7087364196777","66.019416809082","74.1626815795898","75.5980834960938","75.8293838500977","76.3033142089844","76.7772521972656","87.0192337036133","88.5714263916016","86.1904754638672","86.6666641235352","81.9047622680664","82.3809509277344","83.3333358764648","83.3333358764648","86.3207550048828","86.3207550048828","",
"中国澳门特别行政区","MAC","Rule of Law: Standard Error","RL.STD.ERR","","","","","","","","","","","","","","","","","","","","","","","","","","","","","","","","","","","","","0.425513386726379","","0.394628912210464","","0.328637719154358","","0.381930857896805","0.355438649654388","0.347725838422775","0.357416331768036","0.396236747503281","0.373167634010315","0.281370937824249","0.20073489844799","0.200464114546776","0.190825968980789","0.196955382823944","0.200304701924324","0.22062286734581","0.213604718446732","0.24504879117012","0.221345469355583","0.207204699516296","0.206601724028587","0.181548982858658","0.200300574302673","0.212380290031433","0.212646901607513","",
"中国澳门特别行政区","MAC","Rule of Law: Number of Sources","RL.NO.SRC","","","","","","","","","","","","","","","","","","","","","","","","","","","","","","","","","","","","","1","","1","","1","","1","1","1","2","2","2","3","4","4","4","4","4","4","4","3","3","3","3","3","3","3","3","",
"中国澳门特别行政区","MAC","Political Stability and Absence of Violence/Terrorism: Percentile Rank, Upper Bound of 90% Confidence Interval","PV.PER.RNK.UPPER","","","","","","","","","","","","","","","","","","","","","","","","","","","","","","","","","","","","","90.4255294799805","","90.9574432373047","","95.2380981445312","","94.7089920043945","100","100","100","100","81.159423828125","83.6538467407227","89.0995254516602","88.1516571044922","90.0473937988281","89.0995254516602","92.4170608520508","99.523811340332","99.523811340332","99.523811340332","99.523811340332","99.5283050537109","99.5283050537109","99.0566024780273","98.1132049560547","99.5283050537109","98.1042633056641","",
"中国澳门特别行政区","MAC","Political Stability and Absence of Violence/Terrorism: Estimate","PV.EST","","","","","","","","","","","","","","","","","","","","","","","","","","","","","","","","","","","","","0.264631718397141","","0.274148970842361","","0.486361712217331","","0.547456383705139","1.12089920043945","1.3520268201828","1.28561401367188","0.973312020301819","0.456923127174377","0.479434996843338","0.605377018451691","0.573578119277954","0.607760488986969","0.62878555059433","0.757722914218903","1.20616853237152","1.18745315074921","1.39056718349457","1.40713012218475","1.22980165481567","1.21542155742645","1.13755202293396","1.02902102470398","1.12270271778107","1.07105338573456","",
"中国澳门特别行政区","MAC","Coverage of social insurance programs in 2nd quintile (% of population)","per_si_allsi.cov_q2_tot","","","","","","","","","","","","","","","","","","","","","","","","","","","","","","","","","","","","","","","","","","","","","","","","","","","","","","","","","","","","","","","","","",
"中国澳门特别行政区","MAC","Adequacy of social insurance programs (% of total welfare of beneficiary households)","per_si_allsi.adq_pop_tot","","","","","","","","","","","","","","","","","","","","","","","","","","","","","","","","","","","","","","","","","","","","","","","","","","","","","","","","","","","","","","","","","",
"中国澳门特别行政区","MAC","Coverage of social safety net programs in 2nd quintile (% of population)","per_sa_allsa.cov_q2_tot","","","","","","","","","","","","","","","","","","","","","","","","","","","","","","","","","","","","","","","","","","","","","","","","","","","","","","","","","","","","","","","","","",
"中国澳门特别行政区","MAC","Adequacy of social safety net programs (% of total welfare of beneficiary households)","per_sa_allsa.adq_pop_tot","","","","","","","","","","","","","","","","","","","","","","","","","","","","","","","","","","","","","","","","","","","","","","","","","","","","","","","","","","","","","","","","","",
"中国澳门特别行政区","MAC","Coverage of unemployment benefits and ALMP in 2nd quintile (% of population)","per_lm_alllm.cov_q2_tot","","","","","","","","","","","","","","","","","","","","","","","","","","","","","","","","","","","","","","","","","","","","","","","","","","","","","","","","","","","","","","","","","",
"中国澳门特别行政区","MAC","Adequacy of unemployment benefits and ALMP (% of total welfare of beneficiary households)","per_lm_alllm.adq_pop_tot","","","","","","","","","","","","","","","","","","","","","","","","","","","","","","","","","","","","","","","","","","","","","","","","","","","","","","","","","","","","","","","","","",
"中国澳门特别行政区","MAC","PPP转换因子，私人消费（每一国际元的本币单位）","PA.NUS.PRVT.PP","","","","","","","","","","","","","","","","","","","","","","","","","","","","","","","4.50031042168579","4.7306003980635","4.94571831828259","5.12606856726185","5.30814707154002","5.60520415161677","5.70819551350625","5.77252137993352","5.69409820942417","5.39363583200718","5.13346371706929","4.89328968512932","4.68984589872653","4.5140950608931","4.43950988779783","4.48258328232776","4.56613419141407","4.68683613137486","4.90221934436814","4.97722591165629","5.03449184755222","5.16379404067993","5.13876152038574","5.39379405975342","5.63144063949585","5.80924272537231","5.87891054153442","5.94029331207275","5.97287478092122","6.02800406528301","6.00286551161923","5.73502992011988","5.36556700343208","5.17798437443824","",
"中国澳门特别行政区","MAC","世行发展经济学部替代换算因子（1美元的本币单位）","PA.NUS.ATLS","","","","","","","","6.075789","6.071579","6.03614","6.051404","5.947368","5.714561","4.928755","5.039764","5.126437","6.061449","5.573785","5.029167","5.176667","5.095","5.751667","6.225833","7.464167","8.03535","7.998842","8.013158","8.009808","8.040592","8.033883","8.020992","8.00425","7.972342","7.96755","7.960283","7.967758","7.9664","7.975292","7.978767","7.99185","8.0259","8.0335","8.033433","8.021241","8.022171","8.011065","8.001426","8.035854","8.02011","7.984283","8.002217","8.018208","7.989864","7.989255","7.987129","7.98496","7.995064","8.026001","8.072507","8.07047","7.989062","8.005532","8.065206","8.06339","8.036831",
"中国澳门特别行政区","MAC","来自国外的净经常转移（现价美元）","NY.TRF.NCTR.CD","","","","","","","","","","","","","","","","","","","","","","","","","","","","","","","","","","","","","","","","","","","-111210238.511979","-148568033.300583","-200855853.110087","-217898618.972633","-367946913.462675","-613587553.97995","-1020035884.7946","-1110456630.8584","-1182447314.28803","-1108102957.66835","-1367432537.02441","-1838807247.98495","-2172244870.46597","-2032045245.06071","-2142221750.82026","-2201519785.50713","-2690737833.98392","-3009130818.89902","-1437240066.4809","-1600380836.65146","-1164644771.62766","-3071598918.07292","",
"中国澳门特别行政区","MAC","国外净收入（不变本币单位）","NY.GSR.NFCY.KN","","","","","","","","","","","","","","","","","","","","","","","","","","","","","","","","","","","","","","","","","","","","","","","","","","","","","","","","","","","","","","","","","",
"中国澳门特别行政区","MAC","总储蓄（占 GNI 的百分比）","NY.GNS.ICTR.GN.ZS","","","","","","","","","","","","","","","","","","","","","","","","","","","","","","","","","","","","","","","","","","","41.8813748941623","45.3943004062808","52.0407667559583","52.8688061815802","54.3586130984233","59.4703554737954","52.454533657334","51.6174181276613","59.1492168724492","63.2681600919749","63.5441257584064","64.3112575618608","62.467729795988","54.1337611261476","53.2596882268262","56.2549073601973","56.4143096353669","53.2935903294622","33.141204211396","30.1325924423755","30.2460314589232","46.1321337552433","",
"中国澳门特别行政区","MAC","按购买力平价 (PPP) 衡量的人均国民总收入（GNI）（现价国际元）","NY.GNP.PCAP.PP.CD","","","","","","","","","","","","","","","","","","","","","","","","","","","","","","","28080","28690","31600","32620","33490","33830","33200","33400","31610","30280","31740","35960","39200","43480","53310","56360","59840","74100","67320","70610","88060","103650","112040","124420","121990","97040","97050","107460","114250","111260","67970","73160","75690","113320","",
"中国澳门特别行政区","MAC","GNI per capita (current LCU)","NY.GNP.PCAP.CN","","","","","","","","","","","","","","","","","","","","","","","28111.9183192617","31805.1091719272","37657.1628071416","37798.1729375216","42126.242864381","52235.18592146","59232.8329113924","67860.6155029222","78146.7457829527","86241.7605573724","106550.024265301","117690.1546875","126295.463205645","135189.846078671","133205.255119248","133942.723699976","122902.434288421","114697.473093121","115517.882025081","126107.858953676","133585.082116788","145364.066726781","176893.776116121","191425.131995776","212459.811585488","278547.705893646","273312.927686333","287487.289719626","371229.981378026","460178.675400291","511491.459764043","577768.204088529","592954.801351134","498517.343288225","496710.957854406","553933.37446021","595516.315070572","583406.547619048","350913.627079078","358294.358974359","350039.716521482","527977.018267531","",
"中国澳门特别行政区","MAC","GNI（不变价本币单位）","NY.GNP.MKTP.KN","","","","","","","","","","","","","","","","","","","","","","","","","","","","","","","","","","","","","","","","","","","102630200000","113637200000","137833500000","146984300000","161905100000","207532000000","193803000000","205393500000","254679700000","301055500000","332005800000","385435800000","406206900000","348479100000","353876000000","385259000000","412508000000","408413000000","248330000000","249770000000","237645000000","358390800000","",
"中国澳门特别行政区","MAC","国民总收入（GNI）（现价本币）","NY.GNP.MKTP.CN","","","","","","","","","","","","","","","","","","","","","","","7158700000","8565115900","10651328500","10950130700","12471474200","16028366800","18717575200","22061486100","26175252500","30326915100","39519404000","45193019400","50114039800","55333204000","55293501400","55894298600","51901698000","49021700000","49742000000","54718200000","58563700000","64483500000","80433600000","90639800000","105996200000","145095500000","147780300000","153805700000","199350500000","252914200000","290476000000","341981000000","368640000000","320496800000","324103900000","359170400000","392385700000","392049200000","240516200000","244535900000","237081900000","358390800000","",
"中国澳门特别行政区","MAC","国内总储蓄（占 GDP 的百分比）","NY.GDS.TOTL.ZS","","","","","","","","","","","","","","","","","","","","","","","33.0099817236047","35.1188364668322","39.4523423337468","36.3285910968334","36.9797181721919","43.3390727632166","41.775797424333","42.2505405529742","43.6520737327189","42.3651204459486","49.0875213762475","49.7264127954631","48.6932462827684","48.9312813936091","45.2985622835555","43.2808267628233","39.4682008445354","35.9701093188594","41.1407655379182","41.6660618377123","44.0341100979399","48.5690961041317","56.7075027523366","57.938715803521","61.8246592837817","63.6417624391791","63.1864515325636","61.9734651374603","68.1553518334985","71.5648712863245","72.4811581268527","73.9371089947296","72.4187839183839","63.5573737142921","62.6255573760004","65.4556534318923","66.4188806218568","64.2345168314647","26.0640510189935","35.5576759187901","22.4201730826619","54.2570888057754","56.3846966495623",
"中国澳门特别行政区","MAC","石油租金（占GDP的百分比）","NY.GDP.PETR.RT.ZS","","","","","","","","","","","","","","","","","","","","","","","0","0","0","0","0","0","0","0","0","0","0","0","0","0","0","0","0","0","0","0","0","0","0","0","0","0","0","0","0","0","0","0","0","0","0","0","0","0","0","0","","","",
"中国澳门特别行政区","MAC","人均 GDP增长（年增长率）","NY.GDP.PCAP.KD.ZG","","","","","","","","","","","","","","","","","","","","","","","","4.03826085658743","3.26328238090299","-1.64956759902613","4.40648756356335","10.2705133133387","4.68908712590039","2.08513003397175","4.80404528415188","-1.26343647651237","7.41865020859342","1.5978540685098","0.890556383729319","0.141466174619325","-1.8112485513828","-0.804714039124292","-5.70097432319105","-3.52370954037654","4.96128697751081","2.1057298683224","7.78694490504645","10.3346413302596","23.5454528451709","3.78678679303218","7.61914824490131","9.64668162095835","-0.393635324657993","2.37763323141643","24.6371741633376","18.8340221202044","5.6980527343963","6.28976356008269","-6.73432773895128","-24.3342148018188","-2.16245351057516","10.6136017665803","4.66426775869004","-4.36234107753577","-55.2935602758164","22.9825542159725","-18.3347299128809","74.9210250474262","6.56231424335874",
"中国澳门特别行政区","MAC","天然气租金（占GDP的百分比）","NY.GDP.NGAS.RT.ZS","","","","","","","","","","","","","","","","","","","","","","","0","0","0","0","0","0","0","0","0","0","0","0","0","0","0","0","0","0","0","0","0","0","0","0","0","0","0","0","0","0","0","0","0","0","0","0","0","0","0","0","","","",
"中国澳门特别行政区","MAC","GDP 增长率（年百分比）","NY.GDP.MKTP.KD.ZG","","","","","","","","","","","","","","","","","","","","","","","","10.0235760796348","8.45903981224809","0.732261858094873","6.6949970424333","14.2932173963789","7.81082461067145","5.02492333558295","7.97943699762126","3.65938964930415","13.2989545353826","5.18623877678014","4.25357492985363","3.29612425723712","-0.419861406496466","-0.278986192547762","-4.57110341884395","-2.35859213250518","5.74714593475937","2.88824010651439","8.90480904902596","11.6433551416587","26.6368742306114","8.07794929953978","13.3921711919351","14.4817728129028","3.39251560752048","1.29837946885112","25.1031075246958","21.6223064381087","9.21747479596735","10.7816711590297","-2.03874227961819","-21.7540078753246","-0.701510212552961","9.91855844513513","6.35917030567686","-2.4609094006739","-54.4020925789353","22.4622020023362","-18.956941494497","75.3084184293413","7.84960207010525",
"中国澳门特别行政区","MAC","GDP（现价美元）","NY.GDP.MKTP.CD","","","","","","","","","","","","","","","","","","","","","","","1142497718.77916","1133013235.10045","1304361353.27024","1362072159.94515","1532105070.18581","1957724829.35921","2288761822.51257","2705665492.01675","3246481233.24397","3765249711.09098","4914365189.04984","5665606114.80317","6311207779.92441","7046147736.91671","7176892950.39164","7267570892.70211","6796914861.6572","6547169929.36554","6773944355.1502","6860272608.45211","7371692774.43404","8246479565.94248","10643253553.184","12160056122.3757","14874098691.9082","18439981612.4086","21027018332.6663","21589540350.7115","28244172833.6035","36848881944.6939","43193350975.6862","51559125350.236","54930501310.2956","44940613353.1038","44964868323.7558","50297028370.6668","55076322634.344","55025172016.004","25280064167.7333","30633941629.3633","24929307447.3237","45626467279.891","49467258923.3244",
"中国澳门特别行政区","MAC","按要素成本计算的增加值总额（2015年不变价美元）","NY.GDP.FCST.KD","","","","","","","","","","","","","","","","","","","","","","","","","","","","","","","","","","","","","","","","","","","","","","","","","30011596248.6621","37882538644.6787","37889233758.682","46590095556.9725","51072194302.2132","57752349688.7973","56493673655.438","44732597282.8918","44628169448.3229","48550986737.161","51449354527.0475","49986617239.166","23005546845.1395","29131029573.5105","24008740688.2595","40809863356.5006","",
"中国澳门特别行政区","MAC","GDP 支出估计误差（按现价本币单位）","NY.GDP.DISC.CN","","","","","","","","","","","","","","","","","","","","","","","-1000000","-1000000","0","0","1000000","1000000","0","0","0","1000000","0","-1000000","0","1000000","0","1000000","-1000000","-1000000","0","-1000000","0","0","1000000","1000000","-1000000","-1000000","0","0","1000000","0","0","0","0","1000000","-1000000","-2000000","0","-1000000","0","-1000000","0","0","1000000",
"中国澳门特别行政区","MAC","按 GDP 平减指数衡量的通货膨胀（年通胀率）","NY.GDP.DEFL.KD.ZG","","","","","","","","","","","","","","","","","","","","","","","","8.06318541637887","14.2669499175551","3.19435189192438","5.61387214400047","11.7534760385684","8.85603300839919","12.4653155371857","10.9431048294476","11.6515615039771","14.7395166222103","9.53651081883879","6.75269663959774","8.18395809958818","2.26757809477101","1.6601174987542","-1.95355741990143","-1.18581535223802","-1.74248478789717","-1.47531297320532","-1.33226165861593","0.0481055605306295","1.92858354338881","5.5655988328253","7.74302034728646","8.75722639008842","10.0718826997931","0.906420869697186","4.80735692156269","7.48533481266914","6.94550140547257","7.74264351573144","8.7271700640861","4.53106554850895","0.888319208423269","2.15867273829333","3.55161780123106","2.40193626774135","-0.260126126770089","-0.844444812034638","1.16185333991999","4.37730030836568","0.195824921934658",
"中国澳门特别行政区","MAC","调整后的净储蓄，不包括颗粒物排放损害（现价美元）","NY.ADJ.SVNX.CD","","","","","","","","","","","","","","","","","","","","","","","","","","","","","","","","","","","","","","","","","","","","","","","","","","","","","","","","","","","","","","","","","",
"中国澳门特别行政区","MAC","调整后的国民净人均收入（2015年不变价美元）","NY.ADJ.NNTY.PC.KD","","","","","","","","","","","","","","","","","","","","","","","","","","","","","","","","","","","","","","","","","","","","","","","","","","","","","","","","","","","","","","","","","",
"中国澳门特别行政区","MAC","调整后的国民净收入（现价美元）","NY.ADJ.NNTY.CD","","","","","","","","","","","","","","","","","","","","","","","","","","","","","","","","","","","","","","","","","","","","","","","","","","","","","","","","","","","","","","","","","",
"中国澳门特别行政区","MAC","调整后的储蓄： 自然资源损耗（占 GNI 的百分比）","NY.ADJ.DRES.GN.ZS","","","","","","","","","","","","","","","","","","","","","","","","","","","","","","","","","","","","","","","","","","","","","","","","","","","","","","","","","","","","","","","","","",
"中国澳门特别行政区","MAC","调整后的储蓄： 能源损耗（现价美元）","NY.ADJ.DNGY.CD","","","","","","","","","","","","","","","","","","","","","0","0","0","0","0","0","0","0","0","0","0","0","0","0","0","0","0","0","0","0","0","0","0","0","0","0","0","0","0","0","0","0","0","0","0","0","0","0","0","0","0","0","","","",
"中国澳门特别行政区","MAC","调整后的储蓄： 固定资本消耗（现价美元）","NY.ADJ.DKAP.CD","","","","","","","","","","","","","","","","","","","","","","","86232947.0057463","85719622.4069196","99033992.1714447","114642457.488489","128788398.916024","166541569.550881","194108219.034501","227425720.023916","282791663.062794","315240751.055385","404282665.502755","449950869.091949","494463448.095866","606738542.827625","629075242.005765","677375029.110268","646240823.557721","627315706.180595","627899230.660334","604644667.869113","644887859.611626","704454509.491589","913212769.488639","1029558792.5073","1335360535.85407","1640240757.97335","1771329996.67299","1665471460.67415","2292594848.55812","2959726123.99412","3443899504.46147","4070170350.31312","4476783835.25332","3947500975.72444","3875497071.07091","4205690092.54964","4547107280.4062","4549587092.10864","2281913170.46939","2648444926.60312","","","",
"中国澳门特别行政区","MAC","调整后的储蓄： 二氧化碳损害（现价美元）","NY.ADJ.DCO2.CD","","","","","","","","","","","823227.895133272","884430.133588225","1003774.83218086","1295415.82773221","1763198.10648284","1634251.55897023","1737583.30134246","1989691.62000865","2161374.96850351","2567246.25237466","3076743.75625846","3304775.52736309","3757747.44085653","5466167.20283548","5620021.37662925","5388551.21930161","6956151.4255243","8974691.21514052","9280055.61022024","10107069.8596477","11353380.8228342","11930744.7680439","13014312.9411434","14604892.5157512","17067782.6979701","17002989.8142888","20805689.0701475","23668362.5615087","27148922.7754169","28882110.3596332","29546797.6386318","32131169.6653252","36016629.7966081","38334438.4866359","46873355.7523181","48964311.8867934","51115537.7688928","47618045.9835319","43056862.6322144","49981581.662522","49662450.4990002","51863037.35031","55327119.0388637","56900199.0761174","66639973.3893898","90937455.132945","92377601.9919337","113577832.640915","95158505.0622018","105042042.253053","109803916.256414","119951657.436621","","","",
"中国澳门特别行政区","MAC","Services, value added (constant LCU)","NV.SRV.TOTL.KN","","","","","","","","","","","","","","","","","","","","","","","","","","","","","","","","","","","","","","","","","","","","","","","","","225359000000","298359000000","299340000000","370496000000","405978000000","460821000000","444587000000","343705000000","347751000000","385317000000","411271000000","398188000000","175279000000","225570000000","183669000000","323989000000","",
"中国澳门特别行政区","MAC","Services, value added (current US$)","NV.SRV.TOTL.CD","","","","","","","","","","","","","","","","","","","","","","","","","","","","","","","","3067745260.33045","4035702432.23384","4721903219.93586","5248933988.90467","5897141956.36966","5790570395.66178","5941600633.55674","5322877582.46356","5017861946.85836","5466302844.5408","5619468475.75776","6262453424.33303","7014126617.06586","8792756973.14355","10024759504.5103","11594683247.7111","15209211118.0716","17863844760.234","19268605584.2459","26541394715.9893","35414022684.3704","41279801508.5113","49580592933.8843","51767913101.1907","41265704524.5061","41765394248.2512","47045346742.4188","51968490086.1653","51618183327.6129","22534435206.5361","28212116321.5636","22676668147.1","41456757021.5505","",
"中国澳门特别行政区","MAC","其他制造业（占制造业增加值的百分比）","NV.MNF.OTHR.ZS.UN","","","","","","","","","","","","","","","","","","","12.0787722687272","13.4741591468417","15.1048994295079","20.9739263803681","26.5051692681938","28.1797215341249","29.8170942137352","31.1776826579412","35.1188901069822","29.0453477635045","24.1338002211574","24.5982993106038","24.0851987497028","19.6484086279583","16.9590907110101","19.843464157487","21.6688322560543","18.962015122716","15.6206775146392","12.4642099368202","12.9099233999322","11.3196011958891","14.9780103358838","12.9117472660846","14.9783015842345","15.0546187674153","19.5640921223537","26.5383944136466","31.948581700278","30.2701081047816","33.6797607397143","37.1627359563268","39.6931678051349","46.3543577554808","51.7105769350833","50.8695612049733","58.1860993863132","59.1481041071555","55.9930871977939","48.4153208001112","38.1006360577308","36.3301141216165","42.5290241365258","45.5975017810008","49.9869199531552","38.999067937034","",
"中国澳门特别行政区","MAC","工业增加值（占 GDP 的百分比）","NV.IND.TOTL.ZS","","","","","","","","","","","","","","","","","","","","","","","","","","","","","","","","18.6873714247793","17.3077413920723","15.2433486187723","14.0906467087323","12.8638096255922","11.786826179732","11.9166335984541","12.3619332116317","12.3404173992814","11.4591572093365","9.82000290317898","9.23336710570753","9.54994179630217","8.41746503946968","10.9716162808602","14.1017023207354","13.7844932886133","11.8033195168377","7.31536109805833","4.80806668554439","4.16026426410164","4.03466730800993","3.71772120246942","5.03673043303847","7.71438683122985","6.6362167139086","5.0054002635725","4.09915340392799","4.21771801864083","8.50646649898002","7.77031573024087","9.27782751417487","5.43429807775942","",
"中国澳门特别行政区","MAC","工业增加值（现价本币单位）","NV.IND.TOTL.CN","","","","","","","","","","","","","","","","","","","","","","","","","","","","","","","","5632000000","6781000000","6881000000","7079000000","7222000000","6739000000","6907000000","6704000000","6457000000","6230000000","5412000000","5468000000","6317000000","7187000000","10688000000","16783000000","20426000000","19905000000","12610000000","10867000000","12292000000","13924000000","15314000000","22098000000","27683000000","23857000000","20206000000","18225000000","18730000000","17180000000","19056000000","18654000000","19993000000","",
"中国澳门特别行政区","MAC","制造业，增加值（年增长百分比）","NV.IND.MANF.KD.ZG","","","","","","","","","","","","","","","","","","","","","","","","","","","","","","","","","","","","","","","","","","","","","","","","","","","","","","","","","","","","","","","","","",
"中国澳门特别行政区","MAC","工业（包括建筑业），每个工人的增加值（2015年不变价美元）","NV.IND.EMPL.KD","","","","","","","","","","","","","","","","","","","","","","","","","","","","","","","","","","","","","","","","","","","","","","","","","42104.1520435911","38433.6510177267","38757.6354811767","40913.0593198349","44569.753117031","45048.3263849155","55567.8315574999","61304.0652029608","53495.5827116807","45753.6766773461","42629.4206089443","44997.1077588265","42392.7631559941","44569.8872176381","45265.9556228523","48487.8703665049","",
"中国澳门特别行政区","MAC","农业，增加值（不变价本币单位）","NV.AGR.TOTL.KN","","","","","","","","","","","","","","","","","","","","","","","","","","","","","","","","","","","","","","","","","","","","","","","","","","","","","","","","","","","","","","","","","",
"中国澳门特别行政区","MAC","农业，增加值（现价美元）","NV.AGR.TOTL.CD","","","","","","","","","","","","","","","","","","","","","","","","","","","","","","","","","","","","","","","","","","","","","","","","","","","","","","","","","","","","","","","","","",
"中国澳门特别行政区","MAC","货物和服务对外贸易差额（不变价本币单位）","NE.RSB.GNFS.KN","","","","","","","","","","","","","","","","","","","","","","","","","","","","","","","","","","","","","","","","","","","","","","","","","","","","","","","","","","","","","","","","143334000000","167531000000",
"中国澳门特别行政区","MAC","货物和服务进口（不变价本币单位）","NE.IMP.GNFS.KN","","","","","","","","","","","","","","","","","","","","","","","15358000000","17347000000","18247000000","18057000000","21708000000","24556000000","27028000000","28993000000","30771000000","34138000000","37744000000","38390000000","40504000000","40188000000","37031000000","36607000000","36253000000","39568000000","41677000000","43621000000","48626000000","53738000000","63312000000","67432000000","77421000000","96385000000","92603000000","72384000000","84476000000","103061000000","117801000000","131936000000","151895000000","153974000000","138030000000","148657000000","156481000000","150713000000","129421000000","198367000000","174232000000","196672000000","195633000000",
"中国澳门特别行政区","MAC","货物和服务进口（现价美元）","NE.IMP.GNFS.CD","","","","","","","","","","","","","","","","","","","","","","","1137197223.24707","1152439381.3804","1266777427.24337","1256806922.80208","1480440046.23396","1796797126.72264","2049475958.98411","2344569867.39787","2513155480.02043","2895086985.0392","3195924108.62454","3309549359.58984","3588063389.20362","3620340878.82689","3468693512.75356","3585448658.18079","3446898499.47993","3670364183.51195","3963044642.96839","4033733739.9639","4358037217.71253","4776941622.87357","5761532632.5006","6321506566.23058","7472792974.65227","9549700629.20506","9864328544.12221","7565488347.5448","9183455035.02342","11993203468.9048","14227025641.4878","15854669803.3797","18112891378.116","18221381196.6497","16224010214.3022","17507224332.5163","18570067514.3422","17929686870.777","15615350087.407","24329800942.6482","21333615037.2353","24390733922.0849","24679130368.6739",
"中国澳门特别行政区","MAC","资本形成总额（2015年不变价美元）","NE.GDI.TOTL.KD","","","","","","","","","","","","","","","","","","","","","","","1037060807.41414","1295741480.22066","1226979608.68993","1300311434.58824","1542625294.07833","1646352630.42145","1908434199.50151","1918743166.3307","2033735971.57994","2660351109.98062","3576892655.70101","3738754062.72004","3811341942.55852","3437455908.48566","2776619251.33244","2700630475.22041","2316541752.32692","2404539943.4049","1682593431.33641","1605860709.16455","1805131975.19258","2668321960.62174","3735246888.43795","5982601657.19993","8494269833.2215","10452335862.7151","8964656299.0562","5959326773.32786","5244394609.82356","6481258073.30848","7583042187.92852","8100509811.55011","11049937104.7821","11413833006.0514","9853884396.57968","9442057113.45509","8881015506.3287","7251879913.29208","6063585499.71373","6130859479.12479","4952980310.38417","5981326321.09736","6038397611.68778",
"中国澳门特别行政区","MAC","库存变化（现价本币单位）","NE.GDI.STKB.CN","","","","","","","","","","","","","","","","","","","","","","","115000000","423000000","312000000","317000000","267000000","436000000","495000000","376000000","133000000","375000000","351000000","422000000","585000000","254000000","541000000","113000000","-72000000","83000000","74000000","19000000","240000000","319000000","634000000","648000000","1040000000","892000000","1309000000","220000000","1738000000","4282000000","3897000000","2967000000","3613000000","1927000000","-154000000","-977000000","2186000000","1318000000","-833000000","1366000000","1586000000","2479000000","1353000000",
"中国澳门特别行政区","MAC","固定资本形成总额（年增长率）","NE.GDI.FTOT.KD.ZG","","","","","","","","","","","","","","","","","","","","","","","","7.11897314205588","2.94028798711106","7.03316052039517","24.1911899104368","2.89204503642652","16.6714347017594","4.9776252068902","12.3036496350365","27.3814475873544","36.905053473753","4.27561942812844","0.643353444085434","-7.50042616057731","-22.0498802137723","1.91890933448914","-12.4371762158818","1.81906485937569","-30.1678157928971","-3.7009438648783","7.8669074026309","48.3620277379244","38.0731726972359","63.308722677795","41.7576526509534","24.1437557513646","-14.9763408541663","-32.2453512951883","-16.6992755539104","17.1163164688207","20.2410204524102","9.32067136481795","37.1732138439124","5.43993426787843","-11.6280837799825","-3.11532174810736","-9.80298573727731","-17.7153193950506","-13.2471921874766","-2.98401972107777","-20.0664558086641","19.5976436589975","3.14492295682236",
"中国澳门特别行政区","MAC","固定资本形成总额，私营部门（占 GDP 的百分比）","NE.GDI.FPRV.ZS","","","","","","","","","","","","","","","","","","","","","","","","","","","","","","","","","","","","","","","","","","7.61903033822035","7.27119216480919","9.66030205451494","11.447377667424","20.518400656983","29.0125531450082","33.4907984154514","27.7741210514768","16.1616689001433","10.2333463117655","9.25567416452877","9.44889875372708","11.5411039549038","17.2875777515915","22.2146362397554","19.3818029079519","16.5153932283667","13.1701469172567","10.8600046388143","20.5199936622368","16.5286391753418","14.0808713816771","9.03741193354788","9.01750679142771",
"中国澳门特别行政区","MAC","货物和服务出口（年增长率）","NE.EXP.GNFS.KD.ZG","","","","","","","","","","","","","","","","","","","","","","","","10.555998464582","10.8567918380429","-4.25711325800468","10.5032712632109","17.3976408434668","5.71439655506848","6.90825688073396","7.15180640178494","-0.416453100973854","8.09689249179695","2.47448144510906","5.02403113156863","5.7445837769083","-0.575283719470747","-1.73320709063174","-2.45429970826754","-0.695549580200847","19.0771568695172","5.6442443789591","12.2832449291119","11.5811196745041","29.897883157295","-1.01083714590334","8.81210121612041","18.6589651867212","6.11065060953398","-0.341823356436677","39.7101261146115","25.7516143672431","10.5285144305639","13.1395250179333","-4.43612713216346","-26.5634623387432","-1.94903810970179","16.7902906208719","9.87894503182606","-2.38665695602158","-65.5067320849031","83.2276013880184","-24.9699654602793","89.0339977205126","6.81105627547748",
"中国澳门特别行政区","MAC","国民总支出（占 GDP 的百分比）","NE.DAB.TOTL.ZS","","","","","","","","","","","","","","","","","","","","","","","88.991986503585","89.2751566749438","82.7974429920809","86.3974300137678","88.1892970595422","81.480772909891","83.3559745693637","82.3204674058058","79.1589861751152","85.2511779149247","82.942392608285","82.2578144037571","83.2918648858457","77.393039079477","74.3187462832756","75.4024257690516","76.5392487691542","79.8658359452641","69.2386925892545","67.575119756133","65.854441067207","65.065687030402","59.3614579185308","67.5984191346302","71.6957668845682","72.9061080705354","67.2181405250268","56.5301635368988","45.0901706073906","42.2071196972876","42.1646494296005","40.1258499850699","47.367557329334","61.8402169157501","59.2730954639399","54.1611755729729","50.8652643700911","49.9379614888342","100.104474064685","87.5265555107017","100.784840346165","61.0403800991563","57.6999698158768",
"中国澳门特别行政区","MAC","国民总支出（现价美元）","NE.DAB.TOTL.CD","","","","","","","","","","","","","","","","","","","","","","","1016731415.69971","1011499340.78377","1079977847.88466","1176795341.12563","1351152691.61047","1595169322.41072","1907819722.72688","2227316479.46578","2569881630.6013","3209919730.14336","4076092069.30661","4660403762.76271","5256722656.71962","5453227871.62963","5333776862.82386","5479924747.58291","5202307574.59141","5228951994.84475","4690190508.22961","4635837430.7587","4854587073.79523","5365628585.40218","6317990479.13589","8220005704.60981","10664099124.3311","13443872922.5295","14133970731.0748","12204602467.122","12735345717.3181","15552851709.5092","18212325015.795","20688537291.6498","26019236699.4448","27791372780.828","26652069326.7746","27241461843.8248","28014717113.2834","27478449210.5169","25306475278.3243","26812833925.3406","25124962710.1899","27850569053.4626","28542593467.4998",
"中国澳门特别行政区","MAC","Final consumption expenditure (annual % growth)","NE.CON.TOTL.KD.ZG","","","","","","","","","","","","","","","","","","","","","","","","5.9873242392445","5.57772917805724","7.57637882130473","8.43544759982704","9.96745508595076","11.1045132245356","5.77382174521705","7.67912052895714","8.22983030055204","6.45544041450793","6.51748132551242","6.29485326518031","3.54091402855363","4.09357887761159","1.91591366906462","-0.299254752851738","4.71470131294372","-3.77551264065914","1.51918750000009","5.64465146660859","4.13913043478256","7.26271604938277","6.69991072394758","6.94196807731728","11.5416560285249","4.80331316356086","4.11362713830108","5.2760286198106","9.84169839108611","7.10127953341693","6.5507591871111","5.79945229978209","2.86299696716814","0.323393029194989","1.92588270318595","4.04605091430604","4.27183713656088","-7.10208717661303","5.10886930433108","-1.91375040338116","7.75952609916513","2.46301027987403",
"中国澳门特别行政区","MAC","Households and NPISHs final consumption expenditure (% of GDP)","NE.CON.PRVT.ZS","","","","","","","","","","","","","","","","","","","","","","","61.1837480669197","59.2172165070356","54.3745825779983","56.4570904084442","55.526594444897","49.1741598112365","50.0516220181492","48.3691401757372","46.1674347158218","46.8246068086801","42.0123025089972","41.3681575507853","42.0350723541472","41.5108118699013","44.2491342218491","45.3632615034247","47.7641939112316","49.2202431006804","46.4068276711976","45.9210335317172","43.7993920972644","39.7251576035194","33.6733737790167","32.2814761587025","29.4587191422858","27.6236494557332","28.093145713625","28.3895183232102","23.6974373495682","21.3445383839546","20.6540542263459","19.5650115678082","20.4867608612905","26.7505273805974","26.95098985527","24.7971185382626","24.1237145864635","25.5495080830213","48.0085559802737","43.0568298123071","50.1074306177261","31.8754348960598","31.1618372069625",
"中国澳门特别行政区","MAC","人均居民最终消费支出（2015年不变价美元）","NE.CON.PRVT.PC.KD","","","","","","","","","","","","","","","","","","","","","","","8309.16432528015","8334.74611940506","8299.00226192321","8602.78513913538","9165.81007730879","9606.84642538573","10208.6682841749","10354.6679068394","10609.8245657781","10829.6149460526","11171.2726354429","11486.4447013146","11794.9524793462","11756.5710453187","12057.4919299136","12164.7267420618","11900.1794884395","12048.3350020292","11843.5446303865","11972.6692199321","12550.0028556418","12827.8083195393","13505.0649018082","13754.5739314678","14038.895447769","14842.1368174509","15084.0182728618","15430.8976507081","16167.8721460338","17583.278171206","18312.0963078918","18782.9144511535","18887.3666169503","18699.410608229","18249.764557707","18802.0223785864","19291.42043588","19734.0565790618","16459.5055798343","17893.6530876857","17128.4607158344","19892.9339665836","20764.8865203224",
"中国澳门特别行政区","MAC","Households and NPISHs final consumption expenditure: linked series (current LCU)","NE.CON.PRVT.CN.AD","","","","","","","","","","","","","","","","","","","","","","","","","","","","","","","12022000000","14112000000","16460000000","18674000000","21118000000","23305000000","25299000000","26293000000","25903000000","25754000000","25230000000","25308000000","25938000000","26277000000","28751000000","31447000000","35060000000","40933000000","47376000000","48937000000","53560000000","63065000000","71279000000","80592000000","89883000000","95994000000","96888000000","100102000000","107255000000","113460000000","96960000000","105593000000","100746000000","117271000000","123887000000",
"中国澳门特别行政区","MAC","一般政府最终消费支出（不变价本币单位）","NE.CON.GOVT.KN","","","","","","","","","","","","","","","","","","","","","","","3844000000","4030000000","4665000000","5585000000","5852000000","7028000000","8592000000","9860000000","11677000000","13187000000","12695000000","13534000000","14510000000","15517000000","16213000000","16874000000","17293000000","19545000000","17000000000","17017000000","17819000000","19033000000","20006000000","21774000000","22886000000","26420000000","27102000000","30763000000","32463000000","34292000000","36203000000","38212000000","40643000000","42351000000","43918000000","44231000000","45738000000","47674000000","53602000000","53176000000","55455000000","51019000000","48545000000",
"中国澳门特别行政区","MAC","一般政府最终消费支出（现价美元）","NE.CON.GOVT.CD","","","","","","","","","","","","","","","","","","","","","","","66336504.6894126","64173269.435156","80519205.75955","98264223.7463873","114811164.337456","146570304.806307","187050903.714552","253800061.564252","330507747.670114","407033763.31324","437387156.747666","504546567.012444","585155075.516788","673464229.209773","750150632.65716","825298935.763104","867803258.322996","969612793.032902","843519106.891439","851559096.284309","896876839.577799","965311976.039618","1023787700.36191","1189230146.05424","1296518895.50688","1610656440.4978","1833640685.72626","2080587574.36328","2301112304.25268","2612803259.78074","2965131822.0185","3350249804.26836","3897019817.7593","4355688694.74612","4686891812.24816","4902566047.52479","5208790775.90146","5621357863.91623","6554461587.60565","6551219831.48653","6848678136.67748","6327239535.72877","6160388342.12142",
"中国澳门特别行政区","MAC","军费支出（现价本币单位）","MS.MIL.XPND.CN","","","","","","","","","","","","","","","","","","","","","","","","","","","","","","","","","","","","","","","","","","","","","","","","","","","","","","","","","","","","","","","","","",
"中国澳门特别行政区","MAC","Arms imports (SIPRI trend indicator values)","MS.MIL.MPRT.KD","","","","","","","","","","","","","","","","","","","","","","","","","","","","","","","","","","","","","","","","","","","","","","","","","","","","","","","","","","","","","","","","","",
"中国澳门特别行政区","MAC","物流绩效指数：物流服务的能力和质量（1=很低 至 5=很高）","LP.LPI.LOGS.XQ","","","","","","","","","","","","","","","","","","","","","","","","","","","","","","","","","","","","","","","","","","","","","","","","","","","","","","","","","","","","","","","","","",
"中国澳门特别行政区","MAC","进口周转时间，中值（天数）","LP.IMP.DURS.MD","","","","","","","","","","","","","","","","","","","","","","","","","","","","","","","","","","","","","","","","","","","","","","","","","","","","","","","","","","","","","","","","","",
"中国澳门特别行政区","MAC","Individuals using the Internet, female (% of female population)","IT.NET.USER.FE.ZS","","","","","","","","","","","","","","","","","","","","","","","","","","","","","","","","","","","","","","","","","","","","","","","43.0154","","47.1444","50.874","","57.7021","60.4749","65.3794","69.3691","76.3243","80.8745","83.1173","83.7895","85.756","","88.3626","","","",
"中国澳门特别行政区","MAC","Fixed broadband subscriptions","IT.NET.BBND","","","","","","","","","","","","","","","","","","","","","","","","","","","","","","","","","","","","","","","","","3731","9788","16954","27774","45218","68030","92217","110498","121569","126142","132081","137661","144596","151796","161498","169939","177959","186000","193057","200000","208000","205653","208536","211860","",
"中国澳门特别行政区","MAC","航空运输，货运量（百万吨-公里）","IS.AIR.GOOD.MT.K1","","","","","","","","","","","","","","","","","","","","","","","","","","","","","","","","","","","","","","","","","21.899","22.616","30.455","45.973","106.863","169.805","180.83","185.079","98.06","32.116","36.71379","25.09099","19.06999","20.07111","23.87158","25.435","29.39461","32.76585","31.84376","26.02953","8.99441","1.10174","0.00077347","8.54018","",
"中国澳门特别行政区","MAC","Statistical performance indicators (SPI): Pillar 3 data products score  (scale 0-100)","IQ.SPI.PIL3","","","","","","","","","","","","","","","","","","","","","","","","","","","","","","","","","","","","","","","","","","","","","","21.2625","20.95625","20.73125","21.35625","21.35625","20.16875","19.7625","19.31875","19.31875","19.29375","21.475","22.59375","23.9875","23.93125","23.925","29.41875","37.725","35.175","36.20625","36.20625",
"中国澳门特别行政区","MAC","国家政策和制度评估 (CPIA) 公共部门透明度、问责性和腐败评级（1=低至 6=高）","IQ.CPA.TRAN.XQ","","","","","","","","","","","","","","","","","","","","","","","","","","","","","","","","","","","","","","","","","","","","","","","","","","","","","","","","","","","","","","","","","",
"中国澳门特别行政区","MAC","国家政策和制度评估 (CPIA)收入动员效率评级（1=低至 6=高）","IQ.CPA.REVN.XQ","","","","","","","","","","","","","","","","","","","","","","","","","","","","","","","","","","","","","","","","","","","","","","","","","","","","","","","","","","","","","","","","","",
"中国澳门特别行政区","MAC","国家政策和制度评估 (CPIA) 公共资源使用公平性评级（1=低至 6=高）","IQ.CPA.PRES.XQ","","","","","","","","","","","","","","","","","","","","","","","","","","","","","","","","","","","","","","","","","","","","","","","","","","","","","","","","","","","","","","","","","",
"中国澳门特别行政区","MAC","国家政策和制度评估 (CPIA) 人力资源建设评级（1=低至 6=高）","IQ.CPA.HRES.XQ","","","","","","","","","","","","","","","","","","","","","","","","","","","","","","","","","","","","","","","","","","","","","","","","","","","","","","","","","","","","","","","","","",
"中国澳门特别行政区","MAC","国家政策和制度评估 (CPIA) 预算和金融管理质量评级（1=低至 6=高）","IQ.CPA.FINQ.XQ","","","","","","","","","","","","","","","","","","","","","","","","","","","","","","","","","","","","","","","","","","","","","","","","","","","","","","","","","","","","","","","","","",
"中国澳门特别行政区","MAC","国家政策和制度评估 (CPIA) 企业监管环境评级（1=低至 6=高）","IQ.CPA.BREG.XQ","","","","","","","","","","","","","","","","","","","","","","","","","","","","","","","","","","","","","","","","","","","","","","","","","","","","","","","","","","","","","","","","","",
"中国澳门特别行政区","MAC","专利申请，非居民","IP.PAT.NRES","","","","","","","","","","","","","","","","","","","","","","","","","","","","","","","","","","","","","","","","","","7","12","","22","119","131","291","208","123","58","56","53","54","104","62","51","67","54","38","63","35","","","",
"中国澳门特别行政区","MAC","Public private partnerships investment in water and sanitation (current US$)","IE.PPN.WATR.CD","","","","","","","","","","","","","","","","","","","","","","","","","","","","","","","","","","","","","","","","","","","","","","","","","","","","","","","","","","","","","","","","","",
"中国澳门特别行政区","MAC","私营部门参与的供水及卫生投资（现价美元）","IE.PPI.WATR.CD","","","","","","","","","","","","","","","","","","","","","","","","","","","","","","","","","","","","","","","","","","","","","","","","","","","","","","","","","","","","","","","","","",
"中国澳门特别行政区","MAC","企业与税务官员见面的平均次数","IC.TAX.METG","","","","","","","","","","","","","","","","","","","","","","","","","","","","","","","","","","","","","","","","","","","","","","","","","","","","","","","","","","","","","","","","","",
"中国澳门特别行政区","MAC","提供正式培训的公司（占公司数的百分比）","IC.FRM.TRNG.ZS","","","","","","","","","","","","","","","","","","","","","","","","","","","","","","","","","","","","","","","","","","","","","","","","","","","","","","","","","","","","","","","","","",
"中国澳门特别行政区","MAC","Firms visited or required meetings with tax officials (% of firms)","IC.FRM.METG.ZS","","","","","","","","","","","","","","","","","","","","","","","","","","","","","","","","","","","","","","","","","","","","","","","","","","","","","","","","","","","","","","","","","",
"中国澳门特别行政区","MAC","女性参与股权的公司（占公司数的百分比）","IC.FRM.FEMO.ZS","","","","","","","","","","","","","","","","","","","","","","","","","","","","","","","","","","","","","","","","","","","","","","","","","","","","","","","","","","","","","","","","","",
"中国澳门特别行政区","MAC","取得营业执照所需时间（天）","IC.FRM.DURS","","","","","","","","","","","","","","","","","","","","","","","","","","","","","","","","","","","","","","","","","","","","","","","","","","","","","","","","","","","","","","","","","",
"中国澳门特别行政区","MAC","Firms monitoring own CO2 emissions (% of firms)","IC.FRM.CO2.ZS","","","","","","","","","","","","","","","","","","","","","","","","","","","","","","","","","","","","","","","","","","","","","","","","","","","","","","","","","","","","","","","","","",
"中国澳门特别行政区","MAC","利用银行筹措投资资金的公司（占公司数的百分比）","IC.FRM.BNKS.ZS","","","","","","","","","","","","","","","","","","","","","","","","","","","","","","","","","","","","","","","","","","","","","","","","","","","","","","","","","","","","","","","","","",
"中国澳门特别行政区","MAC","通电延误（天数）","IC.ELC.DURS","","","","","","","","","","","","","","","","","","","","","","","","","","","","","","","","","","","","","","","","","","","","","","","","","","","","","","","","","","","","","","","","","",
"中国澳门特别行政区","MAC","新企业密度（15至64岁间每1000人中的新注册）","IC.BUS.NDNS.ZS","","","","","","","","","","","","","","","","","","","","","","","","","","","","","","","","","","","","","","","","","","","","","","","","","","","","","","","","","","","","","","","","","",
"中国澳门特别行政区","MAC","B-READY: Utility Services: Overall Score","IC.BRE.US.OS","","","","","","","","","","","","","","","","","","","","","","","","","","","","","","","","","","","","","","","","","","","","","","","","","","","","","","","","","","","","","","","","","",
"中国澳门特别行政区","MAC","B-READY: Taxation: Overall Score","IC.BRE.TX.OS","","","","","","","","","","","","","","","","","","","","","","","","","","","","","","","","","","","","","","","","","","","","","","","","","","","","","","","","","","","","","","","","","",
"中国澳门特别行政区","MAC","B-READY: Market Competition Pillar 3:  Implementation of Key Services Promoting Market Competition","IC.BRE.MC.P3","","","","","","","","","","","","","","","","","","","","","","","","","","","","","","","","","","","","","","","","","","","","","","","","","","","","","","","","","","","","","","","","","",
"中国澳门特别行政区","MAC","B-READY: Labor Pillar 3: Operational Efficiency of Labor Regulations and Public Services in Practice","IC.BRE.LB.P3","","","","","","","","","","","","","","","","","","","","","","","","","","","","","","","","","","","","","","","","","","","","","","","","","","","","","","","","","","","","","","","","","",
"中国澳门特别行政区","MAC","B-READY: International Trade Pillar 3: Efficiency of Importing Goods, Exporting Goods, and Engaging in Digital Trade","IC.BRE.IT.P3","","","","","","","","","","","","","","","","","","","","","","","","","","","","","","","","","","","","","","","","","","","","","","","","","","","","","","","","","","","","","","","","","",
"中国澳门特别行政区","MAC","B-READY: Financial Services Pillar 3: Operational Efficiency of Receiving Financial Services","IC.BRE.FS.P3","","","","","","","","","","","","","","","","","","","","","","","","","","","","","","","","","","","","","","","","","","","","","","","","","","","","","","","","","","","","","","","","","",
"中国澳门特别行政区","MAC","B-READY: Dispute Resolution Pillar 3:  Ease of Resolving a Commercial Dispute","IC.BRE.DR.P3","","","","","","","","","","","","","","","","","","","","","","","","","","","","","","","","","","","","","","","","","","","","","","","","","","","","","","","","","","","","","","","","","",
"中国澳门特别行政区","MAC","B-READY: Business Location Pillar 3: Operational Efficiency of Establishing a Business Location","IC.BRE.BL.P3","","","","","","","","","","","","","","","","","","","","","","","","","","","","","","","","","","","","","","","","","","","","","","","","","","","","","","","","","","","","","","","","","",
"中国澳门特别行政区","MAC","B-READY: Business Insolvency Pillar 3: Operational Efficiency of Resolving Judicial Insolvency Proceedings","IC.BRE.BI.P3","","","","","","","","","","","","","","","","","","","","","","","","","","","","","","","","","","","","","","","","","","","","","","","","","","","","","","","","","","","","","","","","","",
"中国澳门特别行政区","MAC","B-READY: Business Entry Pillar 3: Operational Efficiency of Business Entry","IC.BRE.BE.P3","","","","","","","","","","","","","","","","","","","","","","","","","","","","","","","","","","","","","","","","","","","","","","","","","","","","","","","","","","","","","","","","","",
"中国澳门特别行政区","MAC","人力资本指数，男性，上界 (数值范围 0-1)","HD.HCI.OVRL.UB.MA","","","","","","","","","","","","","","","","","","","","","","","","","","","","","","","","","","","","","","","","","","","","","","","","","","","0.632071137428284","","","","","","","0.74","0.745761394500732","","0.781982719898224","","","","",
"中国澳门特别行政区","MAC","人力资本指数，男性，下界 (数值范围 0-1)","HD.HCI.OVRL.LB.MA","","","","","","","","","","","","","","","","","","","","","","","","","","","","","","","","","","","","","","","","","","","","","","","","","","","0.622260451316834","","","","","","","0.725","0.732381641864777","","0.765359401702881","","","","",
"中国澳门特别行政区","MAC","人力资本指数 (数值范围 0-1)","HD.HCI.OVRL","","","","","","","","","","","","","","","","","","","","","","","","","","","","","","","","","","","","","","","","","","","","","","","","","","","0.648325145244598","","","","","","","0.759","0.763288140296936","","0.795671582221985","","","","",
"中国澳门特别行政区","MAC","Government Effectiveness: Percentile Rank, Lower Bound of 90% Confidence Interval","GE.PER.RNK.LOWER","","","","","","","","","","","","","","","","","","","","","","","","","","","","","","","","","","","","","57.9234962463379","","53.5519142150879","","59.0163917541504","","64.8648681640625","75.6756744384766","69.1542282104492","75","63.4146347045898","59.7087364196777","62.6213607788086","74.6411514282227","75.1196136474609","74.8815155029297","69.1943130493164","69.6682434082031","75.4807662963867","75.7142868041992","71.9047622680664","75.7142868041992","72.8571395874023","71.4285736083984","68.5714263916016","68.0952377319336","68.3962249755859","67.4528274536133","",
"中国澳门特别行政区","MAC","补贴和其它拨款占支出比例","GC.XPN.TRFT.ZS","","","","","","","","","","","","","","","","","","","","","","","","","","","","","","","","","","","","","21.0341743914577","21.6981692129397","21.7462174167598","11.6368584136852","9.64652924010881","10.2958208011599","14.6346004274779","14.3339693448718","14.7268208730484","10.6819392647842","11.97803897309","9.46726647753885","17.9284244423173","22.4080965811078","21.6989241168311","36.0697912801338","34.4511593136451","33.5399701265549","32.8361881939202","30.7499310634806","31.7359658312121","32.3151110771158","30.974723411764","31.2757969046797","44.4584410179544","37.5565579767683","42.0219746871106","32.5785375547465","",
"中国澳门特别行政区","MAC","其他支出（占支出的百分比）","GC.XPN.OTHR.ZS","","","","","","","","","","","","","","","","","","","","","","","","","","","","","","","","","","","","","2.57932914699495","1.75593463576552","0.730556840930822","17.3563308902872","14.5180937073908","14.1620406023518","13.7030629708807","14.5965058844603","15.1083114274331","17.9541822056473","20.6696566656356","21.7543533803447","31.4386831174992","32.7954111674785","35.7015311263664","17.2524078571599","15.3633974624904","18.3082144685854","19.6468478884637","21.3022037454301","21.3567318453141","20.8449632048995","21.8309355908905","19.919185764397","15.5427229074137","16.7110352188993","12.445968367109","15.991488628896","",
"中国澳门特别行政区","MAC","利息支付（现价本币单位）","GC.XPN.INTP.CN","","","","","","","","","","","","","","","","","","","","","","","","","","","","","","","","","","","","","3960000","190000","1130000","","","","","","","","","","","","","","","","","","","","","","","","","","",
"中国澳门特别行政区","MAC","雇员报酬（现值本币）","GC.XPN.COMP.CN","","","","","","","","","","","","","","","","","","","","","","","","","","","","","","","","","","","","","3992020000","4399430000","4621610000","4543954141","4373101506","4523536670","4647924888","4821823476","5030247919","5545000000","5861000000","6786034961","7847491288","8401727097","9150321676","10718182020","11943945460","13203958070","14921768420","16920363340","18118415110","19569731170","20663129690","21934080950","23213810010","23535614180","23683290660","24080843280","",
"中国澳门特别行政区","MAC","税收（占国民生产总值（GDP）比例）","GC.TAX.TOTL.GD.ZS","","","","","","","","","","","","","","","","","","","","","","","","","","","","","","","","","","","","","1.31032462308042E-05","1.5946757302324E-05","1.42235068503255E-05","1.41935509899855E-05","1.49234018798168E-05","1.63975835244593E-05","1.72348113306315E-05","2.0047673787171E-05","2.12685675435103E-05","2.09803418364728E-05","2.11344883795184E-05","2.54624359533274E-05","3.02359136380078E-05","2.93044609837739E-05","3.43855448950517E-05","3.74212339996345E-05","3.67996606579371E-05","3.63721993887148E-05","3.50697011421421E-05","2.922002817341E-05","2.78407264038365E-05","2.90871926556415E-05","2.94976246952344E-05","2.98091792451343E-05","2.18821760808857E-05","1.95195200639371E-05","1.67484467074505E-05","2.29306249864095E-05","",
"中国澳门特别行政区","MAC","国际贸易税占总税收比例","GC.TAX.INTT.RV.ZS","","","","","","","","","","","","","","","","","","","","","","","","","","","","","","","","","","","","","","","","","","","","","","","","","","","","","","","","","","","","","","","","","",
"中国澳门特别行政区","MAC","货物和服务税收（占工业和服务业增加值比例）","GC.TAX.GSRV.VA.ZS","","","","","","","","","","","","","","","","","","","","","","","","","","","","","","","","","","","","","11.8011500122945","14.620577238318","12.8595599300443","12.7281070920767","13.5216372799489","14.9822137589999","15.8899866324829","19.1878403458029","21.4309326591529","20.6776047562008","21.1113849411722","23.7962938553752","29.0648686502222","28.3066771399048","33.0275311681157","35.8046523363792","35.3904062616366","34.9523365076587","33.5651150548126","26.7545660352531","25.3710588611805","27.0709101741614","27.7471108029634","27.827095538153","17.1965010978201","15.6720210282186","10.9796949877447","20.4174485921953","",
"中国澳门特别行政区","MAC","出口产品税收（现值本币）","GC.TAX.EXPT.CN","","","","","","","","","","","","","","","","","","","","","","","","","","","","","","","","","","","","","","","","","","","","","","","","","","","","","","","","","","","","","","","","","",
"中国澳门特别行政区","MAC","社会缴款（现值本币）","GC.REV.SOCL.CN","","","","","","","","","","","","","","","","","","","","","","","","","","","","","","","","","","","","","43020000","41170000","48640000","82495777.9","83291572.25","90494593.4","95750234.2","98028012.7","105516129.8","118000000","137000000","166370453","164526075","172158390","157160002.5","304567117.5","180666482.5","180552965","184741320","190087695","191500095","383106472.5","390027652.5","475758521","479601484.5","477259750.5","470828227","475523593.5","",
"中国澳门特别行政区","MAC","Net lending (+) / net borrowing (-) (current LCU)","GC.NLD.TOTL.CN","","","","","","","","","","","","","","","","","","","","","","","","","","","","","","","","","","","","","755610000","1448630000","90000","-284256847.5","805162944.7","1798180882","1576668883","3174570232","6657896674","8100000000","11593000000","24267390657.735","29476751450","23037126984.57","43855418810","72886766800","82754609590","111112048600","105947169600","49701387160","41131570300","53677237230","59369047750","64210327520","-43331013860","-31943648900","-74438572220","8096418312","",
"中国澳门特别行政区","MAC","Net incurrence of liabilities, total (current LCU)","GC.LBL.TOTL.CN","","","","","","","","","","","","","","","","","","","","","","","","","","","","","","","","","","","","","","","","","","","","","","","","","","","","","","","","","","","","","","","","","",
"中国澳门特别行政区","MAC","Net acquisition of financial assets (current LCU)","GC.AST.TOTL.CN","","","","","","","","","","","","","","","","","","","","","","","","","","","","","","","","","","","","","","","","-284256847.5","805162944.7","1798176922","1576668883","3174570232","6657896674","8100000000","11592000000","24267390660","29476751450","23037126980","43855418810","72886769800","82754609590","111112000000","105947169600","49701387160","41131570300","53677237230","59369047750","64210327520","-43331013860","-31943648900","-74438572220","8096418312","",
"中国澳门特别行政区","MAC","Account ownership at a financial institution or with a mobile-money-service provider, secondary education or more (% of population ages 15+)","FX.OWN.TOTL.SO.ZS","","","","","","","","","","","","","","","","","","","","","","","","","","","","","","","","","","","","","","","","","","","","","","","","","","","","","","","","","","","","","","","","","",
"中国澳门特别行政区","MAC","Account ownership at a financial institution or with a mobile-money-service provider, female (% of population ages 15+)","FX.OWN.TOTL.FE.ZS","","","","","","","","","","","","","","","","","","","","","","","","","","","","","","","","","","","","","","","","","","","","","","","","","","","","","","","","","","","","","","","","","",
"中国澳门特别行政区","MAC","Domestic credit provided by financial sector (% of GDP)","FS.AST.DOMS.GD.ZS","","","","","","","","","","","","","","","","","","","","","","","","","","","","","","","","","","","","","","","","","","","","","","","","","","","","","","","","","","","","","","","","","",
"中国澳门特别行政区","MAC","实际利率 （%）","FR.INR.RINR","","","","","","","","","","","","","","","","","","","","","","","","","","","0.839026008620661","-4.5890975568388","-0.728974762784127","-1.71043744583012","-0.474511835224165","-2.00166912778094","-6.52740820485604","-2.77214491874846","1.12471322180186","1.58795129819254","7.12787510407958","7.93485459166879","13.184244200743","10.770280997789","11.8389008339836","9.60559218756839","7.54058488307433","5.94903262397945","4.00624936484718","1.40397652012113","0.943370630990643","-0.872348892685347","-4.22016587632611","4.30456168484241","0.422339701561774","-2.07966492969947","-1.58538824278756","-2.31351620342181","-3.19806913215582","0.687771092467645","4.32327629779025","3.02600570156772","1.68017540114181","2.88540553528711","5.53562308204052","6.15680880273772","4.13322292208438","1.56384720390049","5.81027686117298",
"中国澳门特别行政区","MAC","批发物价指数（2010年该指数为100）","FP.WPI.TOTL","","","","","","","","","","","","","","","","","","","","","","","","","","","","","","","","","","","","","","","","","","","","","","","","","","","","","","","","","","","","","","","","","",
"中国澳门特别行政区","MAC","广义货币与总储备的比率","FM.LBL.BMNY.IR.ZS","","","","","","","","","","","","","","","","","","","","","","","","","14.5671267884759","18.0119284820625","13.4104621296608","10.2411154336891","11.2371525748829","8.51231398514366","7.33861075031574","8.054660544946","4.89525903250009","4.34451737023547","3.91071740183207","3.8623193717285","3.85223318049182","3.87052014390508","4.10353854345162","3.77023371937739","3.18399761249458","3.24817485391451","3.24140098498686","3.1886488755445","2.77341779376113","2.53146160598869","2.31164944561635","1.74521774508753","1.48550701230363","1.4485515340022","1.28014354157489","1.09212681544255","2.82681885350007","3.42195848253884","3.71142870950344","3.13459413873163","3.41686548263998","3.65368970446558","3.97905096427178","3.83478883654607","3.44655056308925","3.2208337835683","3.4264682188704","3.24027221691964","3.31237194885552",
"中国澳门特别行政区","MAC","Monetary Sector credit to private sector (% GDP)","FM.AST.PRVT.GD.ZS","","","","","","","","","","","","","","","","","","","","","","","","","52.4282034157046","63.1886186324002","61.0914718579458","56.016835660991","59.6364723142966","63.5975525601509","62.6428571428571","65.5942663746765","66.0616656882514","79.7436919873286","79.0368040765143","74.2661465569449","77.8194633924511","84.3506840806749","78.9365860854493","80.4818056723492","71.9693931980797","63.4037886485702","54.5793752110773","48.2194022404644","40.7207561312689","43.901689678181","40.9151570403482","47.3115190206572","53.2820474504711","57.4558050087889","56.8660267414696","56.1253216995756","57.5709317925641","62.51508476181","77.347359124031","108.511704087234","117.673690461951","113.628459884464","113.85829727128","119.791555781742","269.837324968806","232.523915658475","287.359828906794","146.669253120379","129.630265117215",
"中国澳门特别行政区","MAC","对中央政府的债权（年增长率占广义货币的百分比）","FM.AST.CGOV.ZG.M3","","","","","","","","","","","","","","","","","","","","","","","","","","1.36413778571143","-2.77208758629123","-1.71208925547505","0.498670922925716","-1.18743267256747","-0.684495605496978","0.00587361775826983","-5.25593211878688","-2.92566104526903","-1.05866949327125","1.20627435174516","-2.43175953116678","-2.36396741104375","-0.0372204304400806","2.34311832461037","-14.5591546307802","-1.20680011565539","-2.68766342503204","-3.29827071808946","-7.23561227078797","-7.48528324791564","-8.61611885254756","-14.6507223986436","-14.3606860311113","-12.5233815899506","-23.291403723734","-29.3306520563841","0.0195959983675203","-16.0313408812217","-10.7717801350512","4.71368708565731","2.87812924777633","-5.01383025690323","-12.8444303686759","-1.14207698852386","6.00591145071417","8.27884435736661","3.37779033009669","6.25551670746714","-3.69254630856446",
"中国澳门特别行政区","MAC","总储备（包括黄金，按现值美元计）","FI.RES.TOTL.CD","","","","","","","","","","","","","","","","","","","","","","","","","67950522.5525978","64198331.4419683","103053911.653807","174059038.741041","221365693.539563","354620866.342483","520624844.411252","650685700.737487","1301729869.41305","1569065634.34806","1966349230.24805","2256563500.53362","2422172297.80611","2532769529.53705","2462574718.98144","2857387350.24797","3323014302.25176","3508440974.68654","3800343591.27577","4343370556.09048","5436107122.79169","6689436716.70569","9132102574.35142","13229919966.1443","15930121266.7869","18350321740.6545","23726490181.8908","34026184616.5378","16600225450.9018","16145878199.0284","16444386287.6882","18890787008.0417","19491696000","20169663000","20281241000","22214954000","25144935000","26664872000","25970915000","27770639000","29391736000",
"中国澳门特别行政区","MAC","商业银行的借款人 (每10万成年人)","FB.CBK.BRWR.P3","","","","","","","","","","","","","","","","","","","","","","","","","","","","","","","","","","","","","","","","","","","","","","","","","","","","","","","","","","","","","","","","","",
"中国澳门特别行政区","MAC","银行不良贷款与贷款总额的比率（百分比）","FB.AST.NPER.ZS","","","","","","","","","","","","","","","","","","","","","","","","","","","","","","","","","","","","","","","","","","","","","","","","","","","0.393130048679923","0.344719585672998","0.187259446456941","0.0923353115576881","0.118444607476519","0.119843705534916","0.195618683773704","0.227486975366639","0.217152000015563","0.239743350610203","0.347551535467048","0.651560726498019","1.50402875691478","3.47029328805726","",
"中国澳门特别行政区","MAC","人均可再生内陆淡水资源（立方米）","ER.H2O.INTR.PC","","","","","","","","","","","","","","","","","","","","","","","","","","","","","","","","","","","","","","","","","","","","","","","","","","","","","","","","","","","","","","","","","",
"中国澳门特别行政区","MAC","Level of water stress: freshwater withdrawal as a proportion of available freshwater resources","ER.H2O.FWST.ZS","","","","","","","","","","","","","","","","","","","","","","","","","","","","","","","","","","","","","","","","","","","","","","","","","","","","","","","","","","","","","","","","","",
"中国澳门特别行政区","MAC","水的生产率，总（2015年不价变美元GDP每立方米的总的淡水撤出）","ER.GDP.FWTL.M3.KD","","","","","","","","","","","","","","","","","","","","","","","","","","","","","","","","","","","","","","","","","","","","","","","","","","","","","","","","","","","","","","","","","",
"中国澳门特别行政区","MAC","人口超过100万的城市群中的人口（占总人口的百分比）","EN.URB.MCTY.TL.ZS","","","","","","","","","","","","","","","","","","","","","","","","","","","","","","","","","","","","","","","","","","","","","","","","","","","","","","","","","","","","","","","","","",
"中国澳门特别行政区","MAC","Population living in slums (% of urban population)","EN.POP.SLUM.UR.ZS","","","","","","","","","","","","","","","","","","","","","","","","","","","","","","","","","","","","","","","","","","","","","","","","","","","","","","","","","","","","","","","","","",
"中国澳门特别行政区","MAC","人口密度（每公里土地面积人数）","EN.POP.DNST","","8666.15","8890.5","9106.75","11282.75","13281.55","13147.1","13021.15","12896.65","12765.3","12869.8","12370","12252.5","12140","12027.5","11910","11780","11647.5","11620","11760","11982.5","12240","12732.5","13465","14142.5","14485","14802.5","15342.5","15800","16255","16747.5","17582.5","18545","19200","19840","20465","20755","20865","21115","21370","21530","16688.4615384615","16237.037037037","16429.6296296296","16239.2857142857","16910.7142857143","17444.0559440559","17839.0410958904","18517.1232876712","18135.593220339","18080.8080808081","18381.27090301","18993.3110367893","19534.6534653465","20518.1518151815","21148.0263157895","21393.4426229508","21051.9480519481","20027.3556231003","20425.5319148936","20832.8267477204","20681.8181818182","20524.2424242424","20569.696969697","",
"中国澳门特别行政区","MAC","Nitrous oxide (N2O) emissions (total) excluding LULUCF (% change from 1990)","EN.GHG.N2O.ZG.AR5","","","","","","","","","","","","","","","","","","","","","","","","","","","","","","","","21.4285714285714","36.6071428571429","48.2142857142857","59.8214285714286","34.375","45.0892857142857","59.375","71.875","83.0357142857143","29.4642857142857","58.9285714285714","71.875","76.3392857142857","95.0892857142857","93.75","101.339285714286","108.035714285714","89.7321428571429","101.785714285714","79.4642857142857","84.375","93.75","78.125","88.3928571428572","139.285714285714","146.428571428571","126.785714285714","100.892857142857","102.678571428571","88.8392857142857","83.9285714285714","74.1071428571429","74.1071428571429","79.4642857142857",
"中国澳门特别行政区","MAC","Nitrous oxide (N2O) emissions (total) excluding LULUCF (Mt CO2e)","EN.GHG.N2O.MT.CE.AR5","","","","","","","","","","","0.0041","0.004","0.0044","0.0049","0.0054","0.0057","0.0055","0.0063","0.006","0.0065","0.007","0.0072","0.0076","0.0102","0.0103","0.01","0.0141","0.0165","0.0161","0.0156","0.0224","0.0272","0.0306","0.0332","0.0358","0.0301","0.0325","0.0357","0.0385","0.041","0.029","0.0356","0.0385","0.0395","0.0437","0.0434","0.0451","0.0466","0.0425","0.0452","0.0402","0.0413","0.0434","0.0399","0.0422","0.0536","0.0552","0.0508","0.045","0.0454","0.0423","0.0412","0.039","0.039","0.0402",
"中国澳门特别行政区","MAC","Nitrous oxide (N2O) emissions from Building (Energy) (Mt CO2e)","EN.GHG.N2O.BU.MT.CE.AR5","","","","","","","","","","","0.0005","0.0004","0.0004","0.0005","0.0007","0.0004","0.0004","0.0003","0.0003","0.0003","0.0008","0.0007","0.0008","0.0011","0.001","0.001","0.0026","0.0028","0.0028","0.003","0.0032","0.0032","0.0036","0.0038","0.0041","0.0041","0.0046","0.0059","0.0062","0.0064","0.0011","0.0011","0.0011","0.001","0.0011","0.0008","0.0008","0.005","0.0041","0.0039","0.0033","0.0034","0.0032","0.0035","0.0035","0.0048","0.0049","0.0042","0.0033","0.0033","0.0032","0.0029","0.0028","0.0027","0.0029",
"中国澳门特别行政区","MAC","Carbon dioxide (CO2) emissions from Waste (Mt CO2e)","EN.GHG.CO2.WA.MT.CE.AR5","","","","","","","","","","","0.0003","0.0003","0.0003","0.0003","0.0003","0.0003","0.0003","0.0003","0.0003","0.0003","0.0003","0.0003","0.0003","0.0003","0.0003","0.0003","0.0003","0.0004","0.0004","0.0004","0.0004","0.0004","0.0004","0.0004","0.0005","0.0005","0.0005","0.0005","0.0005","0.0005","0.0005","0.0005","0.0005","0.0005","0.0006","0.0006","0.0006","0.0007","0.0007","0.0007","0.0007","0.0008","0.0008","0.0008","0.0008","0.0008","0.0008","0.0008","0.0008","0.0008","0.0008","0.0009","0.0009","0.0009","0.0009",
"中国澳门特别行政区","MAC","Carbon dioxide (CO2) emissions from Power Industry (Energy) (Mt CO2e)","EN.GHG.CO2.PI.MT.CE.AR5","","","","","","","","","","","0.0261","0.0261","0.0536","0.0802","0.0948","0.0966","0.1105","0.1722","0.1255","0.1383","0.1425","0.1411","0.1533","0.2123","0.209","0.2023","0.292","0.3404","0.32","0.2997","0.2756","0.289","0.3295","0.3823","0.3576","0.3575","0.4003","0.4448","0.5485","0.5742","0.5113","0.5828","0.6776","0.7265","0.8317","0.7994","0.7421","0.6723","0.4998","0.4913","0.5644","0.4419","0.3504","0.4023","0.5598","0.6829","0.7083","0.8718","0.5917","0.6042","0.5612","0.5481","0.4185","0.4162","0.4245",
"中国澳门特别行政区","MAC","Carbon dioxide (CO2) net fluxes from LULUCF - Other Land (Mt CO2e)","EN.GHG.CO2.LU.OL.MT.CE.AR5","","","","","","","","","","","","","","","","","","","","","","","","","","","","","","","","","","","","","","","","","","","","","","","","","","","","","","","","","","","","","","","","","",
"中国澳门特别行政区","MAC","Carbon dioxide (CO2) emissions from Industrial Processes (Mt CO2e)","EN.GHG.CO2.IP.MT.CE.AR5","","","","","","","","","","","0.0049","0.005","0.0051","0.0052","0.0052","0.0053","0.0048","0.0047","0.0054","0.0053","0.0054","0.0051","0.0055","0.0057","0.0057","0.0048","0.005","0.005","0.0054","0.0053","0.0057","0.0055","0.007","0.0069","0.0069","0.0048","0.0052","0.005","0.0046","0.0048","0.0044","0.0042","0.0046","0.0046","0.0053","0.006","0.0066","0.0067","0.0062","0.0067","0.0055","0.0057","0.2005","0.1845","0.1827","0.1815","0.0138","0.0086","0.006","0.0061","0.0048","0.0045","0.0044","0.0038","0.0033",
"中国澳门特别行政区","MAC","Carbon dioxide (CO2) emissions from Agriculture (Mt CO2e)","EN.GHG.CO2.AG.MT.CE.AR5","","","","","","","","","","","","","","","","","","","","","","","","","","","","","","","","","","","","","","","","","","","","","","","","","","","","","","","","","","","","","","","","","",
"中国澳门特别行政区","MAC","Methane (CH4) emissions from Power Industry (Energy) (Mt CO2e)","EN.GHG.CH4.PI.MT.CE.AR5","","","","","","","","","","","0","0","0.0001","0.0001","0.0001","0.0001","0.0001","0.0002","0.0001","0.0001","0.0001","0.0001","0.0001","0.0002","0.0002","0.0002","0.0003","0.0003","0.0003","0.0003","0.0003","0.0003","0.0003","0.0004","0.0004","0.0004","0.0004","0.0005","0.0006","0.0006","0.0005","0.0006","0.0007","0.0008","0.0009","0.0008","0.0008","0.0007","0.0005","0.0005","0.0008","0.0006","0.0004","0.0004","0.0007","0.0007","0.0008","0.0012","0.0007","0.0008","0.0007","0.0007","0.0005","0.0005","0.0005",
"中国澳门特别行政区","MAC","Methane (CH4) emissions from Fugitive Emissions (Energy) (Mt CO2e)","EN.GHG.CH4.FE.MT.CE.AR5","","","","","","","","","","","0.0048","0.0055","0.0033","0.003","0.003","0.0028","0.0027","0.0025","0.0023","0.0029","0.0035","0.0035","0.0033","0.0033","0.003","0.0031","0.0023","0.0024","0.0022","0.0022","0.0045","0.0064","0.0066","0.0056","0.0059","0.0058","0.0028","0.0039","0.0035","0.0025","0.003","0.0029","0.0027","0.0038","0.0044","0.0034","0.0034","0.0037","0.0037","0.0036","0.0036","0.0036","0.0035","0.0035","0.0035","0.0034","0.0034","0.0037","0.0034","0.0035","0.0036","0.0034","0.0031","0.0031","0.0031",
"中国澳门特别行政区","MAC","Total greenhouse gas emissions excluding LULUCF (Mt CO2e)","EN.GHG.ALL.MT.CE.AR5","","","","","","","","","","","0.3327","0.3337","0.3521","0.4182","0.5064","0.4238","0.4175","0.4392","0.4359","0.4676","0.5026","0.4837","0.5065","0.6865","0.6673","0.6083","0.7489","0.9177","0.896","0.918","1.0014","1.0268","1.1586","1.2817","1.3984","1.269","1.4584","1.5491","1.702","1.7925","1.5185","1.6265","1.7814","1.8294","2.1137","2.126","2.115","2.0109","1.6758","1.7756","1.7977","1.7689","1.8256","1.8952","2.1722","2.8554","2.7234","2.9801","2.2124","2.3356","2.3188","2.1323","1.7615","1.7639","1.8201",
"中国澳门特别行政区","MAC","减少灾害风险进展评分 （1-5分；5为最佳）","EN.CLC.DRSK.XQ","","","","","","","","","","","","","","","","","","","","","","","","","","","","","","","","","","","","","","","","","","","","","","","","","","","","","","","","","","","","","","","","","",
"中国澳门特别行政区","MAC","PM2.5 pollution, population exposed to levels exceeding WHO Interim Target-2 value (% of total)","EN.ATM.PM25.MC.T2.ZS","","","","","","","","","","","","","","","","","","","","","","","","","","","","","","","","","","","","","","","","","","","","","","","","","","","","","","","","","","","","","","","","","",
"中国澳门特别行政区","MAC","耗电量（人均千瓦时）","EG.USE.ELEC.KH.PC","","","","","","","","","","","","","","","","","","","","","","","","","","","","","","","","","","","","","","","","","","","","","","","","","","","","","","","","","","","","","","","","","",
"中国澳门特别行政区","MAC","可替代能源和核能（占能源使用总量的百分比）","EG.USE.COMM.CL.ZS","","","","","","","","","","","","","","","","","","","","","","","","","","","","","","","","","","","","","","","","","","","","","","","","","","","","","","","","","","","","","","","","","",
"中国澳门特别行政区","MAC","Renewable energy consumption (% of total final energy consumption)","EG.FEC.RNEW.ZS","","","","","","","","","","","","","","","","","","","","","","","","","","","","","","","0.8","0.8","0.7","0.6","0.6","0.6","0.5","0.2","0.2","0.2","0.2","0.9","1.4","2.4","2.5","2.3","2.8","3.4","4.7","3","5.5","6.4","11.1","16.6","11.4","5.4","5.4","3.9","8.4","8.4","11","13.6","11","","",
"中国澳门特别行政区","MAC","石油发电量（占总发电量的比例）","EG.ELC.PETR.ZS","","","","","","","","","","","","","","","","","","","","","","","","","","","","","","","","","","","","","","","","","","","","","","","","","","","","","","","","","","","","","","","","","",
"中国澳门特别行政区","MAC","水力发电量（占总发电电量的比例）","EG.ELC.HYRO.ZS","","","","","","","","","","","","","","","","","","","","","","","","","","","","","","","","","","","","","","","","","","","","","","","","","","","","","","","","","","","","","","","","","",
"中国澳门特别行政区","MAC","Access to electricity, urban (% of urban population)","EG.ELC.ACCS.UR.ZS","","","","","","","","","","","","","","","","","","","","","","","","","","","","","","","99.8399810791016","99.8956909179688","99.9454956054688","99.981201171875","100","100","100","100","100","100","100","100","100","100","100","100","100","100","100","100","100","100","100","100","100","100","100","100","100","100","100","100","100","100","",
"中国澳门特别行政区","MAC","Access to clean fuels and technologies for cooking, urban (% of urban population)","EG.CFT.ACCS.UR.ZS","","","","","","","","","","","","","","","","","","","","","","","","","","","","","","","","","","","","","","","","","","","","","","","","","","","","","","","","","","","","","","","","","",
"中国澳门特别行政区","MAC","公共和政府担保的债务还本付息（在商品与服务的出口和初次收入中所占%）","DT.TDS.DPPG.XP.ZS","","","","","","","","","","","","","","","","","","","","","","","","","","","","","","","","","","","","","","","","","","","","","","","","","","","","","","","","","","","","","","","","","",
"中国澳门特别行政区","MAC","国际货币基金组织（IMF）回购和收费（TDS，现价美元）","DT.TDS.DIMF.CD","","","","","","","","","","","","","","","","","","","","","","","","","","","","","","","","","","","","","","","","","","","","","","","","","","","","","","","","","","","","","","","","","",
"中国澳门特别行政区","MAC","获得的净官方发展援助（ODA）净额（占中央政府支出的百分比）","DT.ODA.ODAT.XP.ZS","","","","","","","","","","","","","","","","","","","","","","","","","","","","","","","","","","","","","0.035788110392141","0.0370533082718055","0.0489662534781846","0.0261474923818269","","","","","","","","","","","","","","","","","","","","","","","","","",
"中国澳门特别行政区","MAC","已收到的官方发展援助（ODA）净额（占GNI的百分比）","DT.ODA.ODAT.GN.ZS","","","","","","","","","","","","","","","","","","","","","","","0.062617513488797","0.0488018327667459","0.0339479474716338","0.0306801227049373","0.0231306816529288","0.00699617833037246","0.0150351053595572","0.0120172389263862","0.00704798623610674","0.00316718655809119","0.00262252037501605","0.00317340836268257","0.00460645761704133","-0.0577423844888417","0.00461039340695446","0.00513666922387585","0.0076864219355598","0.00521685690793636","","","","","","","","","","","","","","","","","","","","","","","","","",
"中国澳门特别行政区","MAC","已收到的净官方援助（现价美元）","DT.ODA.OATL.CD","","","","","","","","","","","","","","","","","","","","","","","","","","","","","","","","","","","","","","","","","680000.007152557","529999.971389771","980000.019073486","129999.995231628","119999.997317791","","","","","","","","","","","","","","","","","","","","",
"中国澳门特别行政区","MAC","来自联合国机构的净官方流动，WHO（现价美元）","DT.NFL.WHOL.CD","","","","","","","","","","","","","","","","","","","","","","","","","","","","","","","","","","","","","","","","","","","","","","","","","","","","","","","","","","","","","","","","","",
"中国澳门特别行政区","MAC","来自联合国机构的净官方流动，UNTA（现价美元）","DT.NFL.UNTA.CD","","","","","","","","","","","","","9999.99977648258","","","","","","","","","","","","","19999.9995529652","29999.9993294477","29999.9993294477","29999.9993294477","29999.9993294477","","","9999.99977648258","29999.9993294477","19999.9995529652","59999.9986588955","29999.9993294477","50000.0007450581","","19999.9995529652","","","","","","","","","","","","","","","","","","","","","","","","","",
"中国澳门特别行政区","MAC","Net official flows from UN agencies, UNIDIR (current US$)","DT.NFL.UNID.CD","","","","","","","","","","","","","","","","","","","","","","","","","","","","","","","","","","","","","","","","","","","","","","","","","","","","","","","","","","","","","","","","","",
"中国澳门特别行政区","MAC","来自联合国机构的净官方流动，UNDP（现价美元）","DT.NFL.UNDP.CD","","","","","","","","","","","","","","","","","","","","","","","","","","","","","","","","","","","","9999.99977648258","","","","","","","","","","","","","","","","","","","","","","","","","","","","","",
"中国澳门特别行政区","MAC","来自联合国机构的净官方流动，UNICEF（现价美元）","DT.NFL.UNCF.CD","","","","","","","","","","","","","","","","","","","","","","","","","","","","","","","","","","","","","","","","","","","","","","","","","","","","","","","","","","","","","","","","","",
"中国澳门特别行政区","MAC","Net official flows from UN agencies, SDGFUND (current US$)","DT.NFL.SDGF.CD","","","","","","","","","","","","","","","","","","","","","","","","","","","","","","","","","","","","","","","","","","","","","","","","","","","","","","","","","","","","","","","","","",
"中国澳门特别行政区","MAC","PPG，其他私人债权人（NFL，现价美元）","DT.NFL.PROP.CD","","","","","","","","","","","","","","","","","","","","","","","","","","","","","","","","","","","","","","","","","","","","","","","","","","","","","","","","","","","","","","","","","",
"中国澳门特别行政区","MAC","PPG，商业银行（NFL，现价美元）","DT.NFL.PCBK.CD","","","","","","","","","","","","","","","","","","","","","","","","","","","","","","","","","","","","","","","","","","","","","","","","","","","","","","","","","","","","","","","","","",
"中国澳门特别行政区","MAC","净金融流动，其他（NFL，现价美元）","DT.NFL.MOTH.CD","","","","","","","","","","","","","","","","","","","","","","","","","","","","","","","","","","","","","","","","","","","","","","","","","","","","","","","","","","","","","","","","","",
"中国澳门特别行政区","MAC","净金融流动，IMF非优惠贷款（NFL，现价美元）","DT.NFL.IMFN.CD","","","","","","","","","","","","","","","","","","","","","","","","","","","","","","","","","","","","","","","","","","","","","","","","","","","","","","","","","","","","","","","","","",
"中国澳门特别行政区","MAC","来自联合国机构的净官方流动，IAEA（现价美元）","DT.NFL.IAEA.CD","","","","","","","","","","","","","","","","","","","","","","","","","","","","","","","","","","","","","","","","","","","","","","","","","","","","","","","","","","","","","","","","","",
"中国澳门特别行政区","MAC","债券投资，债券（PPF+PNG）（NFL，现价美元）","DT.NFL.BOND.CD","","","","","","","","","","","","","","","","","","","","","","","","","","","","","","","","","","","","","","","","","","","","","","","","","","","","","","","","","","","","","","","","","",
"中国澳门特别行政区","MAC","外债的现值（现价美元）","DT.DOD.PVLX.CD","","","","","","","","","","","","","","","","","","","","","","","","","","","","","","","","","","","","","","","","","","","","","","","","","","","","","","","","","","","","","","","","","",
"中国澳门特别行政区","MAC","短期外债（占总外债比例）","DT.DOD.DSTC.ZS","","","","","","","","","","","","","","","","","","","","","","","","","","","","","","","","","","","","","","","","","","","","","","","","","","","","","","","","","","","","","","","","","",
"中国澳门特别行政区","MAC","公共外债和公共担保的外债存量 (PPG)（DOD，现价美元）","DT.DOD.DPPG.CD","","","","","","","","","","","","","","","","","","","","","","","","","","","","","","","","","","","","","","","","","","","","","","","","","","","","","","","","","","","","","","","","","",
"中国澳门特别行政区","MAC","外债存量（占 GNI 的百分比）","DT.DOD.DECT.GN.ZS","","","","","","","","","","","","","","","","","","","","","","","","","","","","","","","","","","","","","","","","","","","","","","","","","","","","","","","","","","","","","","","","","",
"中国澳门特别行政区","MAC","Net ODA provided, total (current US$)","DC.ODA.TOTL.CD","","","","","","","","","","","","","","","","","","","","","","","","","","","","","","","","","","","","","","","","","","","","","","","","","","","","","","","","","","","","","","","","","",
"中国澳门特别行政区","MAC","来自DAC捐助国的双边援助净流量，总额（现价美元）","DC.DAC.TOTL.CD","1779999.97138977","1200000.04768372","","1000000","","","340000.003576279","140000.000596046","170000.001788139","","","","","","","","","","","19999.9995529652","70000.0002980233","9999.99977648258","59999.9986588955","79999.9982118607","70000.0002980232","99999.9977648259","70000.0002980233","109999.999403954","169999.99806285","169999.999925494","110000.001266599","120000.001043081","119999.997317791","149999.998509884","270000.008866191","139999.995008111","289999.989792704","309999.99679625","500000.009313226","299999.993294477","","70000.0002980232","","9999.99977648258","","","","","","","","","","","","","","","","","","","","","",
"中国澳门特别行政区","MAC","来自DAC捐助国的双边援助净流量，葡萄牙（现价美元）","DC.DAC.PRTL.CD","779999.971389771","1200000.04768372","","","","","","","","","","","","","","","","","","","","","","","","","","","","","","","39999.9991059303","","150000.005960464","","9999.99977648258","9999.99977648258","","70000.0002980232","","","","","","","","","","","","","","","","","","","","","","","","","",
"中国澳门特别行政区","MAC","来自DAC捐助国的双边援助净流量，荷兰（现价美元）","DC.DAC.NLDL.CD","","","","","","","","","","","","","","","","","","","","","","","","","","","","","","","","","","","","","","","","","","70000.0002980232","","","","","","","","","","","","","","","","","","","","","","","",
"中国澳门特别行政区","MAC","来自DAC捐助国的双边援助净流量，日本（现价美元）","DC.DAC.JPNL.CD","","","","","","","","","","","","","","","","","","","","19999.9995529652","19999.9995529652","9999.99977648258","59999.9986588955","79999.9982118607","70000.0002980232","79999.9982118607","50000.0007450581","109999.999403954","109999.999403954","140000.000596046","100000.001490116","100000.001490116","79999.9982118607","109999.999403954","90000.0035762787","129999.995231628","129999.995231628","159999.996423721","129999.995231628","209999.993443489","","","","","","","","","","","","","","","","","","","","","","","","","",
"中国澳门特别行政区","MAC","Net bilateral aid flows from DAC donors, Hungary (current US$)","DC.DAC.HUNL.CD","","","","","","","","","","","","","","","","","","","","","","","","","","","","","","","","","","","","","","","","","","","","","","","","","","","","","","","","","","","","","","","","","",
"中国澳门特别行政区","MAC","来自DAC捐助国的双边援助净流量，芬兰（现价美元）","DC.DAC.FINL.CD","","","","","","","","","","","","","","","","","","","","","","","","","","","","","","","","","","","","","","","","","","","","","","","","","","","","","","","","","","","","","","","","","",
"中国澳门特别行政区","MAC","来自DAC捐助国的双边援助净流量，德国（现价美元）","DC.DAC.DEUL.CD","","","","","","","","","","","","","","","","","","","","","","","","","","9999.99977648258","19999.9995529652","","59999.9986588955","29999.9993294477","9999.99977648258","19999.9995529652","","19999.9995529652","","","","","","","","","","","","","","","","","","","","","","","","","","","","","","","",
"中国澳门特别行政区","MAC","Proportion of women subjected to physical and/or sexual violence in the last 12 months ( % of women age 15-49)","SG.VAW.1549.ZS","","","","","","","","","","","","","","","","","","","","","","","","","","","","","","","","","","","","","","","","","","","","","","","","","","","","","","","","","","","","","","","","","",
"中国澳门特别行政区","MAC","国家议会中妇女席位的比例（%）","SG.GEN.PARL.ZS","","","","","","","","","","","","","","","","","","","","","","","","","","","","","","","","","","","","","","","","","","","","","","","","","","","","","","","","","","","","","","","","","",
"中国澳门特别行政区","MAC","公共教育支出，总数（占政府支出的比例）","SE.XPD.TOTL.GB.ZS","","","","","","","","","","","","","","","","","","","","","","","","","","","","","","","","","","","","","","","","","11.8389101028442","11.0921602249146","10.7146902084351","10.3880701065063","9.00207996368408","8.11334991455078","11.1839303970337","9.94645977020264","10.4455699920654","11.3725004196167","12.9794197082519","14.6331100463867","22.3286094665527","12.5863199234009","13.6573600769043","13.4196996688843","13.8348398208618","14.1025695800781","15.1596899032593","16.5979499816894","14.169659614563","14.6864900588989","12.2754001617432","12.3790102005005","",
"中国澳门特别行政区","MAC","中学人均的支出（占人均 GDP 的百分比）","SE.XPD.SECO.PC.ZS","","","","","","","","","","","","","","","","","","","","","","","","","","","","","","","","","","","","","","","","","10.09118","","","","","","","","","","","","","","","","","","","","","","","","",
"中国澳门特别行政区","MAC","Current education expenditure, tertiary (% of total expenditure in tertiary public institutions)","SE.XPD.CTER.ZS","","","","","","","","","","","","","","","","","","","","","","","","","","","","","","","","","","","","","","","","","","","","","","","","","","89.5795974731445","50.2312393188477","35.7928504943848","25.3853092193604","67.0577087402344","84.8354797363281","89.0503005981445","90.436897277832","93.6737670898438","80.178337097168","77.649543762207","79.9778671264648","84.0681533813477","83.480827331543","77.7607498168945","",
"中国澳门特别行政区","MAC","入学率，高等院校，男生（占总人数的百分比）","SE.TER.ENRR.MA","","","","","","","","","","","","","","","","","","","","","","","","","","","","","","","","","","","","","","","","","","61.2712211608887","92.1699295043945","107.548988342285","84.2570877075195","66.6716384887695","55.1559715270996","48.6202812194824","48.8682098388672","56.1881713867188","61.0873160595395","66.26532987199","48.1303031595105","54.2869955156951","60.4084507042253","65.2766990291262","69.0742574257426","72.1442786069652","69.066985645933","72.8195121951219","79.572864321608","91.015873015873","110.191011235955","123.313186813187","133.684210526316",
"中国澳门特别行政区","MAC","Educational attainment, at least completed short-cycle tertiary, population 25+, total (%) (cumulative)","SE.TER.CUAT.ST.ZS","","","","","","","","","","","","","","","","","","","","","","","","","","","","","","","","5.94999980926514","","","","","","","","","","10.0900001525879","","","","","12.579999923706","","","","","17.3600006103516","","","","","23.8600006103516","","","","","","","","",
"中国澳门特别行政区","MAC","Educational attainment, at least Master's or equivalent, population 25+, male (%) (cumulative)","SE.TER.CUAT.MS.MA.ZS","","","","","","","","","","","","","","","","","","","","","","","","","","","","","","","","","","","","","","","","","","","","","","","","","","","","","","","","","","","","","","","","","",
"中国澳门特别行政区","MAC","Educational attainment, Doctoral or equivalent, population 25+, female (%) (cumulative)","SE.TER.CUAT.DO.FE.ZS","","","","","","","","","","","","","","","","","","","","","","","","","","","","","","","","","","","","","","","","","","","","","","","","","","","","","","","","","","","","","","","","","",
"中国澳门特别行政区","MAC","Adolescents out of school (% of lower secondary school age)","SE.SEC.UNER.LO.ZS","","","","","","","","","","","","","","","","","","","","","","","","","","","","","","","","","","","","","","","","","","9.63045024871826","9.70343971252441","10.3327398300171","11.001859664917","11.7283201217651","12.6766700744629","13.1720695495606","13.8354501724243","14.6395196914673","14.6672890410248","12.1758543705993","12.0720498426994","9.5472972972973","7.27407407407407","9.05426356589147","9.936","10.4365079365079","12.2954545454545","12.2028985507246","12.1266666666667","12.4753086419753","10.3734939759036","9.76646706586826","8.33918128654971",
"中国澳门特别行政区","MAC","中学教育，教师，女性","SE.SEC.TCHR.FE","","","","","","","","","","","","","","","","","","","","","","","","","","","","","","","","","","","","","","","","771","842","917","998","1029","1142","1203","1268","1314","1296","1360","1387","1481","1460","1538","1546","1563","1586","1583","1602","1577","1596","1618","1615","1648","1687",
"中国澳门特别行政区","MAC","Trained teachers in upper secondary education, male (% of male teachers)","SE.SEC.TCAQ.UP.MA.ZS","","","","","","","","","","","","","","","","","","","","","","","","","","","","","","","","","","","","","","","","51.5267181396484","53.684211730957","50.4983406066895","47.9674797058105","53.5808982849121","55.7142906188965","55.4323692321777","57.2033882141113","57.0552101135254","60.393871307373","64.5030364990234","64.6153846153846","67.0648464163823","69.4915254237288","72.3404255319149","80.4878048780488","86.1788617886179","87.7112135176651","89.2215568862275","91.3109756097561","92.9356357927787","91.283676703645","91.2087912087912","92.1221864951768","94.8995363214838","93.4523809523809",
"中国澳门特别行政区","MAC","Trained teachers in lower secondary education, male (% of male teachers)","SE.SEC.TCAQ.LO.MA.ZS","","","","","","","","","","","","","","","","","","","","","","","","","","","","","","","","","","","","","","","","48.5955085754395","51.129940032959","48.6352386474609","46.1139907836914","46.2337684631348","46.6970405578613","50.3546104431152","52.4154586791992","57.0024604797363","56.367919921875","53.5147399902344","54.9107142857143","57.8947368421053","63.0232558139535","66.6666666666667","73.3333333333333","85.1441241685144","87.3638344226579","89.1067538126362","87.6332622601279","89.3617021276596","91.497975708502","91.6179337231969","92.6691729323308","91.3200723327306","93.2642487046632",
"中国澳门特别行政区","MAC","Progression to secondary school, male (%)","SE.SEC.PROG.MA.ZS","","","","","","","","","","","","","","","","","","","","","","","","","","","","","","","","","82.51689","","","","","","","92.74955","94.39601","92.2179","96.133","97.45048","95.80273","95.03946","99.41601","96.60478","98.46154","99.51754","98.87527","100","99.06743","100","99.39081","","100","98.45925","","","","","","","",
"中国澳门特别行政区","MAC","入学率，中学，女生（净百分比）","SE.SEC.NENR.FE","","","","","","","","","","","","","","","","","","","","","","","","","","","","","","","49.80246","","57.96687","","","","","","","68.26462","71.89039","74.64973","72.40363","70.86169","69.29429","68.42639","67.8951","68.12021","68.34771","70.65692","72.59098","74.90167","75.96144","76.66443","77.14902","79.37816","83.97504","86.30034","88.4108","","","","","","",
"中国澳门特别行政区","MAC","入学率，中学（占总人数的百分比）","SE.SEC.ENRR","","","","","","","","","","","","","","","","","","","","","","","","","","","","","","","","","","","","","","","","","","82.3632736206055","85.1063385009766","88.1465911865234","92.5055236816406","92.0361480712891","92.9831237792969","94.0301895141602","89.8171920776367","89.3067169189453","91.1610379698531","94.9301234316026","97.4283454689247","98.6075581395349","101.75873015873","100.96644295302","99.4636678200692","97.4219858156028","92.7108013937282","90.6689895470383","88.5771812080537","88.5480769230769","90.2211838006231","92.5810397553517","94.6616766467066",
"中国澳门特别行政区","MAC","中学师生比例","SE.SEC.ENRL.TC.ZS","","","","","","","","","","","","13.80276","14.38024","","","16.51826","20.84752","19.40977","15.14977","21.32402","","","","","","","","","","","","","","","","","","","","22.93665","23.88049","24.02406","23.96863","24.80458","23.24288","22.40684","21.53807","20.54751","18.95774","17.14385","16.23015","14.75386","14.40565","13.1121","12.2064","11.44466","10.66209","10.13764","9.75724","","","","","","",
"中国澳门特别行政区","MAC","中学教育，学生（女生所占百分比）","SE.SEC.ENRL.FE.ZS","","","","","","","","","","","","44.87858","50.97856","58.24497","54.89645","","","","","","","","","","","","","","","","52.49595","","52.08136","52.59775","","","","","","51.35441","50.47643","50.21442","50.16065","50.22847","49.62265","49.42736","49.3221","49.22044","49.23554","49.31347","48.68662","48.28874","48.27856","48.07052","47.85986","48.03244","48.24839","48.41117","48.2975","","","","","","",
"中国澳门特别行政区","MAC","Educational attainment, at least completed upper secondary, population 25+, male (%) (cumulative)","SE.SEC.CUAT.UP.MA.ZS","","","","","","","","","","","","","","","","","","","","","","","","","","","","","","","","29.8600006103516","","","","","","","","","","31.5","","","","","38.0699996948242","","","","","46.7200012207031","","","","","53.1800003051758","","","","","","","","",
"中国澳门特别行政区","MAC","Educational attainment, at least completed post-secondary, population 25+, female (%) (cumulative)","SE.SEC.CUAT.PO.FE.ZS","","","","","","","","","","","0.870000004768372","","","","","","","","","","","","","","","","","","","","","","","","","","","","","","","","","","","","13.5500001907349","","","","","18.7399997711182","","","","","26","","","","","","","","",
"中国澳门特别行政区","MAC","Lower secondary completion rate, total (% of relevant age group)","SE.SEC.CMPT.LO.ZS","","","","","","","","","","","","","","","","","","","","","","","","","","","","","","","","","","","","","","","","","","70.4375686645508","73.7739105224609","79.6100692749023","86.4580917358398","92.7299499511719","91.5862121582031","89.5486297607422","83.1520309448242","83.3403701782227","85.0750536097212","89.3751933188989","93.5390385271054","95.6666666666667","99.6470588235294","99.9565217391304","100.53488372093","96.953488372093","87.2954545454545","84.5869565217391","85.2708333333333","89.8235294117647","85.375","92.9272727272727","94.1666666666667",
"中国澳门特别行政区","MAC","Children out of school (% of primary school age)","SE.PRM.UNER.ZS","","","","","","","","","","","","","","","","","","","","","","","","","","","","","","","","","","","","","","","","","","12.3770704269409","9.4634895324707","9.42368984222412","9.00463962554932","10.1669301986694","11.7455101013184","10.7608804702759","10.0964298248291","9.99594974517822","9.47910841255892","7.08396287502698","8.94736842105263","7.74887892376682","4.8942731277533","4.24691358024691","2.44827586206897","2.66998049209189","2.2013422818792","6.13609467455621","9.81147540983607","12.7311557788945","16.3325635103926","14.203196347032","10.791569086651",
"中国澳门特别行政区","MAC","失学女童，小学","SE.PRM.UNER.FE","","","","","","","","","","","","","","","","","","","","","","","","","","","","","","","","","","","","","","","","","","2514","1857","1702","1612","1731","1827","1646","1458","1267","1097","685","813","671","303","157","89","","31","713","1453","2201","2850","2717","2169",
"中国澳门特别行政区","MAC","小学总入学率（净比例）","SE.PRM.TENR","","","","","","","","","","","","","","","","","","","","","","","","","","","","","","","90.26463","","85.43809","","","","","","","87.52764","86.66079","84.33981","84.90325","84.95148","85.38228","85.54091","85.22112","86.24522","86.09209","84.5324","83.85307","84.6512","85.58427","87.17839","90.94936","94.22006","96.77011","96.80779","96.4155","","","","","","",
"中国澳门特别行政区","MAC","经过培训的男性初等教育教师（占男性教师总数比例）","SE.PRM.TCAQ.MA.ZS","","","","","","","","","","","","","","","","","","","","","","","","","","","","","","","","","","","","","","","","61.9289283752441","63.4920616149902","70.3296737670898","74.7191009521484","74.4318237304688","76.9662933349609","75.4098434448242","72.4137878417969","76.0416717529297","73.3333282470703","73.3333282470703","70.5583756345178","72.1393034825871","76.7441860465116","73.3333333333333","73.542600896861","93.6254980079681","96","97.7142857142857","97.7329974811083","98.1651376146789","98.0891719745223","98.3402489626556","98.6407766990291","98.6866791744841","97.6234003656307",
"中国澳门特别行政区","MAC","小学复读生，女生（占入学女生总量的百分比）","SE.PRM.REPT.FE.ZS","","","","","","","","","","","","","","","","","","","","","","","","","","","","","","","6.02024","","5.90268","8.14072","","","","","","5.11815","5.45121","5.40515","4.82534","5.07335","4.149","4.05807","4.19132","4.0202","4.43748","4.60425","4.33629","4.19784","3.11054","2.76342","2.03097","1.50771","1.6264","1.34789","1.29343","","","","","","",
"中国澳门特别行政区","MAC","五年级持续就学率，总计（占同龄人的百分比）","SE.PRM.PRS5.ZS","","","","","","","","","","","","","","","","","","","","","","","","","","","","","","","","","92.0035171508789","","","","","","","","98.7975997924805","","99.2284317016602","","","","","","98.8611221313477","98.585823059082","","","","","","","","99.4647903442383","98.9737777709961","99.6967086791992","99.4657897949219","99.554328918457","98.6769485473633","99.5523910522461","",
"中国澳门特别行政区","MAC","Over-age students, primary (% of enrollment)","SE.PRM.OENR.ZS","","","","","","","","","","","","","","","","","","","","","","","","","","","","","","","19.76013","","17.34791","","","","","","","14.5864","16.63704","17.69047","17.27146","15.93387","15.22622","14.2162","13.52083","13.46714","13.12363","12.18208","11.7942","10.72104","9.5911","8.64109","6.8323","5.36038","4.72462","4.57838","3.99417","","","","","","",
"中国澳门特别行政区","MAC","一年级净入学率，男童（占官方定义的学龄人口的百分比）","SE.PRM.NINT.MA.ZS","","","","","","","","","","","","","","","","","","","","","","","","","","","","","","","","","","","","","","","","63.12292","67.93213","68.48865","71.11182","72.31029","75.08999","71.76335","72.66776","76.85185","71.65168","71.70854","74.77714","80.34188","83.41207","89.7929","91.14779","92.78945","87.54273","87.26182","88.29156","","","","","","",
"中国澳门特别行政区","MAC","入学率，小学（净百分比）","SE.PRM.NENR","","","","","","","","","","","","","","","","","","","","","","","","","","","","","","","90.26463","","85.43809","","","","","","","87.2912","86.42739","84.10608","84.76173","84.80423","85.26329","85.43399","85.11616","86.13287","85.99752","84.4063","83.6919","84.496","85.45902","86.94722","90.71511","94.01933","96.7317","96.78639","96.39553","","","","","","",
"中国澳门特别行政区","MAC","入学率，小学，男生（占总数的百分比）","SE.PRM.ENRR.MA","","","","","","","","","","","","","","","","","","","","","","","","","","","","","","","","","","","","","","","","","","104.602493286133","108.771522521973","107.464920043945","107.484062194824","104.928840637207","101.634078979492","103.6025390625","104.508941650391","103.203987121582","102.662332636793","103.45631714833","99.6550273453933","99.9310344827586","99.8487394957983","98.0232558139535","100.51094890511","103.405594405594","99.5796178343949","95.247191011236","91.8445595854922","88.2822966507177","83.1168831168831","85.4632034632035","89.7488789237668",
"中国澳门特别行政区","MAC","初等教育，小学生（女生所占百分比）","SE.PRM.ENRL.FE.ZS","","","","","","","","","","","","46.97829","49.05533","47.19636","46.8003","","","","","","","","","","","","","","","","47.40853","47.73533","48.13319","48.0905","","","","","","47.29064","47.31497","47.24175","47.03615","46.83541","46.72703","46.7795","47.18328","46.90575","47.08564","47.25831","47.623","47.77381","47.69937","47.8566","48.02729","47.85997","47.91194","48.00267","48.17859","","","","","","",
"中国澳门特别行政区","MAC","Educational attainment, at least completed primary, population 25+ years, male (%) (cumulative)","SE.PRM.CUAT.MA.ZS","","","","","","","","","","","","","","","","","","","","","","","","","","","","","","","","77.5999984741211","","","","","","","","","","83.5599975585938","","","","","86.7900009155273","","","","","90.4800033569336","","","","","92.0599975585938","","","","","","","","",
"中国澳门特别行政区","MAC","小学女生毕业率（相关年龄群体所占比例）","SE.PRM.CMPT.FE.ZS","","","","","","","","","","","","","","","","","","","","","","","","","","","","","","","","","","","","","","","","","","100.301132202148","104.552757263184","99.6689682006836","102.153846740723","94.7566604614258","97.1726226806641","90.8011016845703","92.2702178955078","91.5073471069336","97.2244569589702","97.8867286559594","99.6203132415757","98.6842105263158","94.4736842105263","99.7058823529412","90.8421052631579","115.823529411765","100.571428571429","91.36","90.3846153846154","96.0384615384615","93.7777777777778","92.2","93.9090909090909",
"中国澳门特别行政区","MAC","Trained teachers in preprimary education, female (% of female teachers)","SE.PRE.TCAQ.FE.ZS","","","","","","","","","","","","","","","","","","","","","","","","","","","","","","","","","","","","","","","","92.8440399169922","93.5849075317383","95.9514236450195","98.0891723632812","98.481559753418","97.5877227783203","98","97.5225219726562","97.8947372436523","96.9939880371094","96.3178329467773","94.5229681978799","92.3076923076923","93.2471264367816","94.4370860927152","92.2330097087379","98.0066445182724","99.119373776908","99.328295549958","99.4505494505495","99.4607087827427","99.7078159240321","99.7837058399423","99.7781065088757","99.7727272727273","99.6923076923077",
"中国澳门特别行政区","MAC","Pupil-teacher ratio in pre-primary education (headcount basis)","SE.PRE.ENRL.TC.ZS","","","","","","","","","","","","40.13068","35.5625","","40.98291","34.60504","39.01538","38.95238","36.89474","37.17842","","","","","","","","","","","","","","","","","","","","31.36147","30.43691","30.05466","28.85593","27.41649","25.86928","24.14537","22.61486","19.49895","18.09381","17.58574","17.15088","16.67284","16.69547","16.56078","16.04192","15.88646","16.17437","14.65099","14.49653","","","","","","",
"中国澳门特别行政区","MAC","Primary school age children out-of-school (%)","SE.LPV.PRIM.SD","","","","","","","","","","","","","","","","","","","","","","","","","","","","","","","","","","","","","","","","","","","","","","","","","","","","","","","","","3.23999786376953","","","","","3.23999786376953","","","",
"中国澳门特别行政区","MAC","Pupils below minimum reading proficiency at end of primary (%). Low GAML threshold","SE.LPV.PRIM.LD","","","","","","","","","","","","","","","","","","","","","","","","","","","","","","","","","","","","","","","","","","","","","","","","","","","","","","","","","2.40241360664367","","","","","4.08200025558471","","","",
"中国澳门特别行政区","MAC","中学女生与男生的入学比例(%)","SE.ENR.SECO.FM.ZS","","","","","","","","","","","","0.90530002117157","1.17229998111725","1.5762300491333","1.36364996433258","","","","","","","","","","","","","","","","1.06125998497009","","1.06026995182037","1.07074999809265","","","","","","1.07587003707886","1.05545997619629","1.05260002613068","1.0152599811554","0.989430010318756","0.947319984436035","0.93206000328064","0.932619988918304","0.947880029678345","0.965319991111755","0.982129991054535","0.968760013580322","0.961149990558624","0.974789977073669","0.97597998380661","0.97435998916626","0.985109984874725","0.99576997756958","1.00232994556427","0.997439980506897","0.99889999628067","1.00156998634338","0.996479988098145","","","",
"中国澳门特别行政区","MAC","识字率，成人总体（占 15 岁以上人口的百分比）","SE.ADT.LITR.ZS","","","","","","","","","","","","","","","","","","","","","","90.379997253418","","","","","","","","","","","","","","","","","","","","91.3000030517578","","","","","93.5","","","","","95.6399993896484","","","","","96.5400009155273","","","","","","","","",
"中国澳门特别行政区","MAC","识字率，青年男性（占 15-24 岁男性人口的百分比）","SE.ADT.1524.LT.MA.ZS","","","","","","","","","","","","","","","","","","","","","","95.1399993896484","","","","","","","","","","","","","","","","","","","","99.4300003051758","","","","","99.5899963378906","","","","","99.6500015258789","","","","","99.7300033569336","","","","","","","","",
"中国澳门特别行政区","MAC","Regulatory Quality: Percentile Rank, Upper Bound of 90% Confidence Interval","RQ.PER.RNK.UPPER","","","","","","","","","","","","","","","","","","","","","","","","","","","","","","","","","","","","","83.6956558227539","","89.1304321289062","","85.8695678710938","","87.5675659179688","94.0540542602539","100","90.6862716674805","94.6078414916992","91.2621383666992","93.689323425293","97.1291885375977","98.5645904541016","97.6303329467773","98.1042633056641","97.6303329467773","99.5192337036133","99.523811340332","100","100","99.523811340332","99.523811340332","100","100","100","100","",
"中国澳门特别行政区","MAC","Regulatory Quality: Estimate","RQ.EST","","","","","","","","","","","","","","","","","","","","","","","","","","","","","","","","","","","","","0.547131836414337","","0.536847531795502","","0.515273034572601","","0.698325157165527","1.17078423500061","1.58311903476715","1.11161744594574","1.10253143310547","0.877206325531006","1.02743172645569","1.28059065341949","1.34938621520996","1.33216416835785","1.34905993938446","1.33952033519745","1.7261563539505","1.76284778118134","1.77214682102203","1.75083112716675","1.60642433166504","1.62074279785156","1.73721349239349","1.77781021595001","1.82458806037903","1.79425728321075","",
"中国澳门特别行政区","MAC","Rule of Law: Percentile Rank","RL.PER.RNK","","","","","","","","","","","","","","","","","","","","","","","","","","","","","","","","","","","","","58.7939682006836","","58.5","","57.2139320373535","","69.1542282104492","86.5671615600586","89.9038467407227","70.3349304199219","63.1578941345215","58.8516731262207","63.461540222168","69.1943130493164","69.6682434082031","68.5446014404297","69.4835662841797","70.4225387573242","79.8076934814453","78.5714263916016","78.0952377319336","76.6666641235352","80","78.5714263916016","76.1904754638672","76.1904754638672","76.8867950439453","76.8867950439453","",
"中国澳门特别行政区","MAC","Political Stability and Absence of Violence/Terrorism: Standard Error","PV.STD.ERR","","","","","","","","","","","","","","","","","","","","","","","","","","","","","","","","","","","","","0.613030731678009","","0.575733542442322","","0.595203697681427","","0.518141508102417","0.412701427936554","0.42519822716713","0.443682581186295","0.362917214632034","0.331106036901474","0.332146733999252","0.326683729887009","0.328449696302414","0.340797632932663","0.296924620866776","0.319759637117386","0.258382558822632","0.261111110448837","0.270750105381012","0.291351348161697","0.275864362716675","0.310499727725983","0.32008358836174","0.329990327358246","0.325289338827133","0.311511397361755","",
"中国澳门特别行政区","MAC","Political Stability and Absence of Violence/Terrorism: Number of Sources","PV.NO.SRC","","","","","","","","","","","","","","","","","","","","","","","","","","","","","","","","","","","","","1","","1","","1","","1","1","1","1","2","2","2","2","2","2","2","2","2","2","2","2","2","2","2","2","2","2","",
"中国澳门特别行政区","MAC","Coverage of social insurance programs in 3rd quintile (% of population)","per_si_allsi.cov_q3_tot","","","","","","","","","","","","","","","","","","","","","","","","","","","","","","","","","","","","","","","","","","","","","","","","","","","","","","","","","","","","","","","","","",
"中国澳门特别行政区","MAC","Benefits incidence in poorest quintile (%) - All Social Insurance","per_si_allsi.ben_q1_tot","","","","","","","","","","","","","","","","","","","","","","","","","","","","","","","","","","","","","","","","","","","","","","","","","","","","","","","","","","","","","","","","","",
"中国澳门特别行政区","MAC","Coverage of social safety net programs in 3rd quintile (% of population)","per_sa_allsa.cov_q3_tot","","","","","","","","","","","","","","","","","","","","","","","","","","","","","","","","","","","","","","","","","","","","","","","","","","","","","","","","","","","","","","","","","",
"中国澳门特别行政区","MAC","Benefits incidence in poorest quintile (%) - All Social Assistance","per_sa_allsa.ben_q1_tot","","","","","","","","","","","","","","","","","","","","","","","","","","","","","","","","","","","","","","","","","","","","","","","","","","","","","","","","","","","","","","","","","",
"中国澳门特别行政区","MAC","Coverage of unemployment benefits and ALMP in 3rd quintile (% of population)","per_lm_alllm.cov_q3_tot","","","","","","","","","","","","","","","","","","","","","","","","","","","","","","","","","","","","","","","","","","","","","","","","","","","","","","","","","","","","","","","","","",
"中国澳门特别行政区","MAC","Benefits incidence in poorest quintile (%) - All Labor Market","per_lm_alllm.ben_q1_tot","","","","","","","","","","","","","","","","","","","","","","","","","","","","","","","","","","","","","","","","","","","","","","","","","","","","","","","","","","","","","","","","","",
"中国澳门特别行政区","MAC","Adequacy of social protection and labor programs (% of total welfare of beneficiary households)","per_allsp.adq_pop_tot","","","","","","","","","","","","","","","","","","","","","","","","","","","","","","","","","","","","","","","","","","","","","","","","","","","","","","","","","","","","","","","","","",
"中国澳门特别行政区","MAC","官方汇率（相当于1美元的本币单位，时期平均值）","PA.NUS.FCRF","","","","","","","","6.075789473","6.07157894683333","6.03614035041667","6.05140350825","5.94736842066667","5.714561403","4.92875475283333","5.03976404083333","5.12643735416667","6.061448986","5.57378531","5.02916666575","5.17666666566667","5.09499999908333","5.75166666583333","6.2258333325","7.464166666","8.03535","7.99884166666666","8.01315833333333","8.00980833333333","8.04059166666667","8.03388333333333","8.02099166666667","8.00425","7.97234166666667","7.96755","7.96028333333333","7.96775833333333","7.9664","7.97529166666667","7.97876666666667","7.99185","8.0259","8.0335","8.03343333333333","8.02124116666667","8.02217108333333","8.01106458333333","8.00142616666667","8.03585391666667","8.02010991666667","7.98428333333333","8.00221666666667","8.01820833333333","7.9898635","7.98925533333333","7.987129","7.98496041666667","7.99506425","8.026001","8.07250741666667","8.07047033333333","7.98906191666666","8.00553175","8.06520608333333","8.06339008333333","8.03683075",
"中国澳门特别行政区","MAC","来自国外的净经常转移（现价本币单位）","NY.TRF.NCTR.CN","","","","","","","","","","","","","","","","","","","","","","","","","","","","","","","","","","","","","","","","","","","-893400000","-1191700000","-1611300000","-1745600000","-2944100000","-4930700000","-8180800000","-8866200000","-9462200000","-8885000000","-10925600000","-14690700000","-17350000000","-16225800000","-17127200000","-17669400000","-21721000000","-24285100000","-11482200000","-12811900000","-9393100000","-24767500000","",
"中国澳门特别行政区","MAC","净产品税（现价美元）","NY.TAX.NIND.CD","","","","","","","","","","","","","","","","","","","","","","","","","","","","","","","","14242433.7070931","14550304.0386376","12676418.723447","16331077.6765097","18449355.5150646","22218316.9311107","21691995.7288084","18173234.0347826","20520905.672654","23299567.649734","29750420.1157652","28132431.0540712","27925853.3685748","31911561.0973638","34327520.7478656","33369051.966487","39697087.5777484","31919761.6990291","27053149.2934306","32366030.56378","51258336.0272021","66709520.9630602","58328342.2546908","57217055.0895071","63995311.1850279","55784418.9865147","66035376.7710719","63177399.5364761","65919333.0747776","75353026.4253801","93685216.6726708","108242740.483008","112731741.860433","",
"中国澳门特别行政区","MAC","总储蓄（占 GDP 的百分比）","NY.GNS.ICTR.ZS","","","","","","","","","","","","","","","","","","","","","","","","","","","","","","","","","","","","","","","","","","","41.4172285526723","44.2527003529776","49.0246915853698","49.1917879026556","48.4128457635496","58.2320335444361","45.9665126112045","46.0563365606643","52.1707576372079","54.1572726615733","53.4846772289302","53.3921187715612","52.4872621000577","48.3481832550591","48.0161800156843","50.0517671706706","49.7885047734392","47.0495327493383","39.4674125108879","30.0459572919271","35.6649090109484","44.9392567687458","",
"中国澳门特别行政区","MAC","按购买力平价 (PPP) 衡量的人均国民总收入（GNI）（2017年不变价国际元）","NY.GNP.PCAP.PP.KD","","","","","","","","","","","","","","","","","","","","","","","","","","","","","","","","","","","","","","","","","","","46801.6765375483","51213.6545520023","60601.9517176045","62059.4248101963","64878.9490435899","79650.3144990295","71657.3769990779","76751.9988281801","94814.9509865448","109510.717063121","116877.411052704","130184.863263197","130624.069519338","108365.263573543","108424.486644661","118786.358213622","125161.179985207","121503.017973776","72433.9000345224","73163.4875314126","70146.238355497","105553.296213103","",
"中国澳门特别行政区","MAC","人均国民总收入（GNI）（2015年不变价美元）","NY.GNP.PCAP.KD","","","","","","","","","","","","","","","","","","","","","","","","","","","","","","","","","","","","","","","","","","","26963.6602372393","29505.5152509258","34914.3568503596","35754.0449167056","37378.4459870154","45888.6129050962","41283.6742150629","44218.8180432316","54625.3534691346","63091.9656234412","67336.1091777322","75002.8776905898","75255.9158110333","62432.0401465035","62466.1600944621","68435.9031694397","72108.603402391","70001.0413476458","41731.0492845716","42151.3835724621","40413.0680323081","60811.9927867837","",
"中国澳门特别行政区","MAC","按购买力平价 (PPP) 衡量的国民总收入（GNI）（现价国际元）","NY.GNP.MKTP.PP.CD","","","","","","","","","","","","","","","","","","","","","","","","","","","","","","","9405890570.65635","10090591230.0127","11721187219.99","12527019493.0568","13290226769.2843","13848654646.5861","13779608929.9168","13938147154.3732","13348759944.1749","12939903819.5732","13665577764.4966","15601343090.7948","17186226458.3861","19287793624.8559","24238166352.9945","26684972818.5413","29856545063.5829","38597099422.3811","36402304585.7948","37777775511.1373","47286331320.9365","56965391598.5853","63627051285.0857","73641367832.9068","75841521433.1184","62389592569.5799","63328084878.0173","69675311884.8527","75281489304.4615","74769115597.1582","46588600084.0341","49934080240.1891","51267843580.7511","76921980301.6974","",
"中国澳门特别行政区","MAC","GNI: linked series (current LCU)","NY.GNP.MKTP.CN.AD","","","","","","","","","","","","","","","","","","","","","","","","","","","","","","","26175252500","30326915100","39519404000","45193019400","50114039800","55333204000","55293501400","55894298600","51901698000","49021700000","49742000000","54718200000","58563700000","64483499999.9999","80433599999.9999","90639799999.9999","105996200000","145095500000","147780300000","153805700000","199350500000","252914200000","290476000000","341981000000","368640000000","320496800000","324103900000","359170400000","392385700000","392049200000","240516200000","244535900000","237081900000","358390800000","",
"中国澳门特别行政区","MAC","国内总收入（不变价本币单位）","NY.GDY.TOTL.KN","","","","","","","","","","","","","","","","","","","","","","","36635659887.0056","40537094629.156","43747079870.3213","45220939122.65","48988512433.6171","56295173151.751","62010773529.9472","65346273890.4226","72404265155.2733","77798811893.1515","92928041288.9046","99506568508.4759","103435598347.455","108807992442.626","107551697173.669","106665372162.966","100883713693.55","99297267684.86","102074608576.728","104897500262.305","114169299800.057","128029009604.092","160158833491.995","176231491331.306","203472504289.8","234514913799.844","242842613451.645","252112869679.662","310393155453.952","375767829707.583","418005050628.123","483082256767.745","497227332549.941","399613157590.878","397703979693.475","437795090375.979","471373094125.024","466696728094.484","209821103060.472","248748472765.732","202630080111.589","367904000000","395122136990.653",
"中国澳门特别行政区","MAC","自然资源租金总额（占GDP的百分比）","NY.GDP.TOTL.RT.ZS","","","","","","","","","","","","","","","","","","","","","","","0.00180635451304879","0.00186693119817914","0.00255971079328982","0.00250332835608348","0.00369865605929788","0.00291006898641668","0.00254336022844102","0.00222094443428256","0.00191367383640553","0.00191073903714248","0.00195001869429506","0.001434625295453","0.00175308274359916","0.0026598693592288","0.00272245739392018","0.0024700951416263","0.00206941045661232","0.00114701339124268","0.00109989412783637","0.0012515633431334","0.00129294906675416","0.00166554584265641","0.00142006573846366","0.000813289697051987","0.000762848827837186","0.000914438870209263","0.00134690575890845","0.00122316242318777","0.000905336110860392","0.000918692177244038","0.000637773144866662","0.0005215709086089","0.000707754579992928","0.000676701941454292","0.000766339291005204","0.000816577243915305","0.000378495372010862","0.000345302748769397","0.00092361911978552","0.000724556273813068","","","",
"中国澳门特别行政区","MAC","人均 GDP（不变价本币单位）","NY.GDP.PCAP.KN","","","","","","","","","","","","","","","","","","","","","","","209872.373846456","218347.567768288","225472.865476401","221753.538142906","231525.080222935","255303.89441095","267275.316455696","272848.354352507","285956.112852665","282343.239016067","303289.296306282","308135.416666667","310879.536290323","311319.325677987","305680.55890147","303220.704529116","285934.170021312","275858.680393074","289544.821179749","295641.852961512","318663.321167883","351596.032461677","434380.910490433","450829.989440338","485179.39466827","531983.106162411","529889.032735343","542487.85046729","676141.527001862","803486.171761281","849269.237541821","902686.264571718","841896.413060962","637027.5314979","623252.107279693","689401.60394818","721557.140689027","690080.357142857","308510.358914502","379413.919413919","309849.402037502","541991.750147319","577558.951965066",
"中国澳门特别行政区","MAC","人均 GDP（现价美元）","NY.GDP.PCAP.CD","","","","","","","","","","","","","","","","","","","","","","","4486.541208636","4207.25300817099","4611.49497355573","4701.66434223387","5175.15646068506","6380.07114016362","7242.91715984991","8322.56380195863","9692.43538809962","10707.3786750774","13249.8387410349","14754.1825906333","15905.2615421482","17215.1178522275","17289.5517956917","17415.6982810978","16094.9913844594","15318.6006770368","15731.4081633771","15810.7227666562","16814.9926424134","18589.8998330534","23407.1993692194","25681.2167315221","29813.7877167933","35400.2334659409","38888.5118044503","40354.2810293673","52596.2250160214","67046.7284292101","76058.0224963659","87107.8313063626","88355.3181764446","69902.9605741233","68911.6755919628","77570.9876166977","83588.2875009014","81882.6964523869","36883.6652578543","44884.8961602393","36806.891255461","67216.3631112124","72004.7437020733",
"中国澳门特别行政区","MAC","GDP（不变价本币单位）","NY.GDP.MKTP.KN","","","","","","","","","","","","","","","","","","","","","","","53444000000","58801000000","63775000000","64242000000","68543000000","78340000000","84459000000","88703000000","95781000000","99286000000","112490000000","118324000000","123357000000","127423000000","126888000000","126534000000","120750000000","117902000000","124678000000","128279000000","139702000000","155968000000","197513000000","213468000000","242056000000","277110000000","286511000000","290231000000","363088000000","441596000000","482300000000","534300000000","523407000000","409545000000","406672000000","447008000000","475434000000","463734000000","211453000000","258950000000","209861000000","367904000000","396783000000",
"中国澳门特别行政区","MAC","GDP（现价本币单位）","NY.GDP.MKTP.CN","","","","","","","","","","","","","","","","","","","","","","","7113000000","8457000000","10481000000","10895000000","12277000000","15681000000","18403000000","21737000000","26040000000","30138000000","39179000000","45141000000","50239000000","56142000000","57174000000","57961000000","54231000000","52324000000","54367000000","55112000000","59220000000","66147000000","85382000000","97415000000","119014000000","148181000000","168639000000","172377000000","226016000000","295462000000","345109000000","411919000000","438737000000","358849000000","359497000000","403684000000","444604000000","444079000000","201964000000","245241000000","201060000000","367904000000","397560000000",
"中国澳门特别行政区","MAC","按要素成本计算的增加值总额（不变价本币单位）","NY.GDP.FCST.KN","","","","","","","","","","","","","","","","","","","","","","","","","","","","","","","","","","","","","","","","","","","","","","","","","252909399400","319238271000","319294691100","392617339900","430388236600","486682279500","476075346200","376964098100","376084078900","409141879500","433566586900","421240018000","193869029400","245488814800","202323000000","343907000000","",
"中国澳门特别行政区","MAC","GDP 支出估计误差（不变价本币单位）","NY.GDP.DISC.KN","","","","","","","","","","","","","","","","","","","","","","","","","","","","","","","","","","","","","","","","","","","","","","","","","","","","","","","","","","","","","","","","0","0",
"中国澳门特别行政区","MAC","Inflation, GDP deflator: linked series (annual %)","NY.GDP.DEFL.KD.ZG.AD","","","","","","","","","","","","","","","","","","","","","","","","","","","","","","","10.9431048294476","11.6515615039771","14.7395166222103","9.53651081883879","6.75269663959774","8.18395809958818","2.26757809477101","1.6601174987542","-1.95355741990143","-1.18581535223802","-1.74248478789717","-1.47531297320532","-1.33226165861593","0.0481055605306295","1.92858354338881","5.5655988328253","7.74302034728646","8.75722639008842","10.0718826997931","0.906420869697186","4.80735692156269","7.48533481266914","6.94550140547257","7.74264351573144","8.7271700640861","4.53106554850895","0.888319208423269","2.15867273829333","3.55161780123106","2.40193626774135","-0.260126126770089","-0.844444812034638","1.16185333991999","4.37730030836568","0.195824921934658",
"中国澳门特别行政区","MAC","调整后的净储蓄，不包括颗粒物排放损害（占 GNI 的百分比）","NY.ADJ.SVNX.GN.ZS","","","","","","","","","","","","","","","","","","","","","","","","","","","","","","","","","","","","","","","","","","","","","","","","","","","","","","","","","","","","","","","","","",
"中国澳门特别行政区","MAC","人均调整国民收入净额（每年％的增长）","NY.ADJ.NNTY.PC.KD.ZG","","","","","","","","","","","","","","","","","","","","","","","","","","","","","","","","","","","","","","","","","","","","","","","","","","","","","","","","","","","","","","","","","",
"中国澳门特别行政区","MAC","调整后的国民净收入（2015年不变价美元）","NY.ADJ.NNTY.KD","","","","","","","","","","","","","","","","","","","","","","","","","","","","","","","","","","","","","","","","","","","","","","","","","","","","","","","","","","","","","","","","","",
"中国澳门特别行政区","MAC","调整后的储蓄： 总储蓄（占 GNI 的百分比）","NY.ADJ.ICTR.GN.ZS","","","","","","","","","","","","","","","","","","","","","","","","","","","","","","","","","","","","","","","","","","","41.8816788793479","45.3945638960501","52.040759514014","52.8687977674638","54.3585790644815","59.4703918872223","52.4543796938478","51.6130014789356","59.1453331174461","63.2646776412056","63.5404688327212","64.3316429665794","62.4913758831356","54.4891023740656","53.6390727187159","56.5463822386023","56.7954368511752","54.1253614220156","34.3057786829474","31.3722481127637","","","",
"中国澳门特别行政区","MAC","调整后的储蓄： 能源损耗（占 GNI 的百分比）","NY.ADJ.DNGY.GN.ZS","","","","","","","","","","","","","","","","","","","","","","","0","0","0","0","0","0","0","0","0","0","0","0","0","0","0","0","0","0","0","0","0","0","0","0","0","0","0","0","0","0","0","0","0","0","0","0","0","0","0","0","","","",
"中国澳门特别行政区","MAC","调整后的储蓄： 固定资本消耗（占 GNI 的百分比）","NY.ADJ.DKAP.GN.ZS","","","","","","","","","","","","","","","","","","","","","","","7.49953317597293","7.470166347308","7.4711594961551","8.37434834416105","8.27494153172271","8.32252393792637","8.33840136498454","8.28192390946927","8.66571174213764","8.32027107060624","8.15564600667465","7.93270419231385","7.85424085063988","8.73683613466871","9.06338879077519","9.66515226950737","9.93460037280928","10.2269900722021","10.1311898101338","8.87714314309777","8.84612070795034","8.76277531959024","9.10810342865636","9.0996432501564","10.0803272871198","9.08421869634871","9.61311607291194","8.64651589354993","9.20366449714763","9.384181754536","9.47381541234603","9.51366788855406","9.70539526206623","9.8086903336301","9.53528260205437","9.36788488483004","9.29766792126886","9.29153268505604","7.54734262019344","8.58070920541749","","","",
"中国澳门特别行政区","MAC","调整后的储蓄： 二氧化碳损害（占 GNI 的百分比）","NY.ADJ.DCO2.GN.ZS","","","","","","","","","","","","","","","","","","","","","","","0.326804922922941","0.476357421332785","0.423976406039552","0.393620356448801","0.446948225278864","0.44848912301553","0.398647871544477","0.368058562226341","0.347906739696029","0.314892761205552","0.262539402316588","0.257486539189942","0.271110992354385","0.244837479937526","0.299757543313079","0.337712962976157","0.417357877271176","0.47085869682845","0.476739260922148","0.471736554759458","0.494050942230845","0.476845654240296","0.467500440756407","0.4327657375196","0.385859351338417","0.263725152240255","0.2336722231297","0.259486007676665","0.199370827683081","0.164438244772734","0.152199247507675","0.132999248240592","0.144471412022289","0.225960004218553","0.227286080969682","0.252986796039353","0.194574731888379","0.214525307272868","0.363172353685883","0.388631940514479","","","",
"中国澳门特别行政区","MAC","Services, value added (% of GDP)","NV.SRV.TOTL.ZS","","","","","","","","","","","","","","","","","","","","","","","","","","","","","","","","81.4752140155286","82.1205237499681","83.3433020978711","83.1684547861223","83.6931352641516","80.6835274775247","81.7549731716154","78.3131419298925","76.6416940600871","80.6960104475141","81.9131949484686","84.9527186761229","85.0560116105039","82.6134314024033","82.4400759636606","77.9521736938512","82.4795351630776","84.9566233196354","89.2497258915052","93.9712232762282","96.1060982461366","95.5698054817464","96.1625950733033","94.2425644520521","91.8227443855215","92.8845025132338","93.5350422607782","94.3572257559536","93.8083088819782","89.1391535125072","92.0943072324774","90.9638913757087","90.8612029225015","",
"中国澳门特别行政区","MAC","Services, value added (current LCU)","NV.SRV.TOTL.CN","","","","","","","","","","","","","","","","","","","","","","","","","","","","","","","","24555000000","32174000000","37622000000","41783000000","46987000000","46130000000","47386000000","42470000000","40102000000","43872000000","45144000000","50309000000","56262000000","70537000000","80309000000","92774000000","122219000000","143270000000","153846000000","212390000000","283957000000","329820000000","396112000000","413477000000","329505000000","333917000000","377586000000","419516000000","416583000000","180029000000","225853000000","182892000000","334282000000","",
"中国澳门特别行政区","MAC","Medium and high-tech manufacturing value added (% manufacturing value added)","NV.MNF.TECH.ZS.UN","","","","","","","","","","","","","","","","","","","","","","","","","","","","","","","4.56058269270877","4.3716880009376","3.92658937163394","3.8796347497008","4.13305515816468","5.61866304576471","5.94096692884514","5.21340511816214","5.37205248828112","6.27722356722782","3.89734305728655","2.38408328609146","2.49645544203391","2.08676665990313","2.086766665959","2.03672941051893","2.08676663757912","2.08676665162362","2.03370364587545","2.08676669505692","2.08676665789146","2.08676665789146","2.08676665789146","2.08676665789146","2.08676665789146","4.74685782451596","4.74685782451596","4.74685782451596","4.74685782451596","5.14981001658945","11.3170240881934","6.06316740752244","7.95966478577621","","",
"中国澳门特别行政区","MAC","化学品（占制造业增加值的百分比）","NV.MNF.CHEM.ZS.UN","","","","","","","","","","","","","","","","","","","0.697574586821206","0.697292863002461","0.340130795751457","0.319529652351738","0.395296979525644","0.512513880584266","0.373864028528701","0.587061765027598","0.688012701772956","0.901897015290188","1.14878977761396","1.18565412162343","1.23270911460305","1.05192144779211","0.858918194239016","1.02674770877334","0.918185594142279","1.20741990078209","1.22298054359751","0.968064164639361","1.24151000796842","2.00664597689775","1.14068261141067","","0.730667856552373","0.610759290993577","","","","","","","","","","","","","","","4.74685782451596","5.14981001658945","11.3170240881934","6.06316740752244","7.95966478577621","4.43293205177008","",
"中国澳门特别行政区","MAC","工业（包括建筑业），增加值（2015年不变价美元）","NV.IND.TOTL.KD","","","","","","","","","","","","","","","","","","","","","","","","","","","","","","","","","","","","","","","","","","","","","","","","","2382720281.28379","1950013573.7067","1876345443.85233","2011065100.77033","2224691985.31172","2289592645.43016","3035148334.07237","3466892758.38577","2875943914.11134","2317285019.35219","2123331481.53532","2228434198.00389","2017694163.25359","2117450861.59049","1994492444.56216","2129639782.93069","",
"中国澳门特别行政区","MAC","制造业，增加值（不变价本币单位）","NV.IND.MANF.KN","","","","","","","","","","","","","","","","","","","","","","","","","","","","","","","","","","","","","","","","","","","","","","","","","","","","","","","","","","","","","","","","","",
"中国澳门特别行政区","MAC","制造业，增加值（现价美元）","NV.IND.MANF.CD","","","","","","","","","","","","","","","","","","","","","","","","","","","","","","","","491114095.636693","507002835.553216","455974546.755276","459908272.105401","468387719.606946","467337818.839124","484621754.288119","496567953.419369","480239243.729549","504491708.095042","411900168.046306","389248282.770268","382983131.911882","394157641.366657","379724793.145481","426174034.478354","384651089.977493","298998392.790124","212542566.439591","155706849.739266","168242081.02359","199377611.433686","204524702.240697","228117011.757291","257108363.723801","268290535.260256","288437541.934022","297800918.599389","295521822.149144","210537857.886195","256197839.194197","234091974.836105","347372507.096891","",
"中国澳门特别行政区","MAC","农业，林业、和渔业，每个工人的增加值（占 GDP 的百分比）","NV.AGR.TOTL.ZS","","","","","","","","","","","","","","","","","","","","","","","","","","","","","","","","","","","","","","","","","","","","","","","","","","","","","","","","","","","","","","","","","",
"中国澳门特别行政区","MAC","农业，增加值（现价本币单位）","NV.AGR.TOTL.CN","","","","","","","","","","","","","","","","","","","","","","","","","","","","","","","","","","","","","","","","","","","","","","","","","","","","","","","","","","","","","","","","","",
"中国澳门特别行政区","MAC","货物和服务对外贸易差额（占 GDP 的百分比）","NE.RSB.GNFS.ZS","","","","","","","","","","","","","","","","","","","","","","","11.0220722620554","10.7366678491191","17.2025570079191","13.6025699862322","11.802557628085","18.5128499457943","16.6440254306363","17.6795325941942","20.8410138248848","14.745504014865","17.0576073917149","17.7444008772513","16.7081351141543","22.6051797228456","25.6812537167244","24.5958489329032","23.4625951946304","20.1360752236068","30.7613074107455","32.4266947307301","34.145558932793","34.934312969598","40.6373708744232","32.4005543294154","28.3050733527148","27.0945667798166","32.7818594749732","43.4698364631012","54.9093869460569","57.7928803027124","57.8353505703995","59.8741500149301","52.632442670666","38.1595044155062","40.7271827024982","45.8393198640521","49.1347356299089","50.0622636963243","-0.104474064684795","12.4738522514588","-0.784840346165324","38.9596199008437","42.2997786497636",
"中国澳门特别行政区","MAC","货物和服务进口（占 GDP 的百分比）","NE.IMP.GNFS.ZS","","","","","","","","","","","","","","","","","","","","","","","99.5360607338676","101.714555989121","97.1185955538594","92.2716842588343","96.62784067769","91.7798609782539","89.5451828506222","86.6540921010259","77.4116743471582","76.8896409848032","65.0322877051482","58.4147449103919","56.8522462628635","51.3804281999216","48.3314093818869","49.334897603561","50.7126920027291","56.060316489565","58.5042397042323","58.7984467992452","59.1185410334346","57.9270412868308","54.133189665269","51.985833803829","50.2403078629405","51.7880160074503","46.9126358671482","35.0423780434745","32.5145122469206","32.5469941989156","32.9379992987723","30.7504630764786","32.9741963864456","40.5454661988747","36.0815250196803","34.8076713468951","33.7169706075519","32.5845176196127","61.7694242538274","79.4210592845405","85.5764448423356","53.4574236757415","49.889827950498",
"中国澳门特别行政区","MAC","货物和服务进口（现价本币单位）","NE.IMP.GNFS.CN","","","","","","","","","","","","","","","","","","","","","","","7080000000","8602000000","10179000000","10053000000","11863000000","14392000000","16479000000","18836000000","20158000000","23173000000","25479000000","26369000000","28562000000","28846000000","27633000000","28595000000","27502000000","29333000000","31807000000","32405000000","35010000000","38317000000","46220000000","50642000000","59793000000","76740000000","79113000000","60405000000","73488000000","96164000000","113672000000","126667000000","144670000000","145497000000","129712000000","140513000000","149907000000","144701000000","124752000000","194773000000","172060000000","196672000000","198342000000",
"中国澳门特别行政区","MAC","资本形成总额（年增长率）","NE.GDI.TOTL.KD.ZG","","","","","","","","","","","","","","","","","","","","","","","","24.9436359909817","-5.30675853018373","5.97661325249025","18.6350633428688","6.72407853944195","15.9189206636111","0.540179317257895","5.99313171596323","30.8110367892977","34.4519015659955","4.5251961017352","1.94149918985758","-9.80982655735878","-19.2245857036854","-2.73673734976651","-14.2221872417457","3.79868789282929","-30.0243093922652","-4.56038403233957","12.4090006618134","47.8186635266412","39.984864778747","60.1661640015934","41.9828750088822","23.0516108852049","-14.2329866089132","-33.5242024398051","-11.9968612344622","23.5844850646456","16.9995408631772","6.82401087581113","36.4103909734978","3.29319432154811","-13.6671756862453","-4.1793395025777","-5.94194252782999","-18.3440237422814","-16.3860189052539","1.10947523398886","-19.2123008650129","20.7621663376534","0.954157782515992",
"中国澳门特别行政区","MAC","库存变化（不变价本币单位）","NE.GDI.STKB.KN","","","","","","","","","","","","","","","","","","","","","","","389000000","1313000000","834000000","829000000","679000000","985000000","1090000000","734000000","237000000","640000000","560000000","627000000","867000000","375000000","763000000","151000000","-101000000","119000000","100000000","26000000","352000000","475000000","913000000","870000000","1309000000","1076000000","1401000000","247000000","1889000000","4317000000","3861000000","2971000000","3633000000","1956000000","-158000000","-1015000000","2261000000","1361000000","-859000000","1397000000","1611000000","2479000000","1324000000",
"中国澳门特别行政区","MAC","固定资本形成总额（不变价本币单位）","NE.GDI.FTOT.KN","","","","","","","","","","","","","","","","","","","","","","","9271000000","9931000000","10223000000","10942000000","13589000000","13982000000","16313000000","17125000000","19232000000","24498000000","33539000000","34973000000","35198000000","32558000000","25379000000","25866000000","22649000000","23061000000","16104000000","15508000000","16728000000","24818000000","34267000000","55961000000","79329000000","98482000000","83733000000","56733000000","47259000000","55348000000","66551000000","72754000000","99799000000","105228000000","92992000000","90095000000","81263000000","66867000000","58009000000","56278000000","44985000000","53801000000","55493000000",
"中国澳门特别行政区","MAC","固定资本形成总额现价美元）（现价美元）","NE.GDI.FTOT.CD","","","","","","","","","","","","","","","","","","","","","","","232900561.258228","219716413.097403","251389174.087003","269789051.965272","352295561.874607","431471016.53373","513643771.503392","618007506.457338","723975288.842078","993097416.99722","1530039729.85604","1759261002.44115","1945031351.27231","1823097538.85597","1340128539.86744","1343775249.85919","1097036672.45829","1026420666.05354","693878568.135661","631605153.420053","699078463.715326","1084620197.79732","1631353906.56719","3024566646.2574","4855884438.59882","6628418087.23752","6229964426.92182","3967294245.45698","3524023405.01389","4540790161.59222","5838272090.73897","6879364846.91001","10416383659.2598","11172504308.0992","9865962298.73832","9988411414.35193","9248675783.12413","7635119144.23819","6719687492.72443","6900977973.73116","5588201962.85129","6672255713.78787","6798948491.01592",
"中国澳门特别行政区","MAC","货物和服务出口（按不变价本币单位）","NE.EXP.GNFS.KN","","","","","","","","","","","","","","","","","","","","","","","33867000000","37442000000","41507000000","39740000000","43914000000","51554000000","54500000000","58265000000","62432000000","62172000000","67206000000","68869000000","72329000000","76484000000","76044000000","74726000000","72892000000","72385000000","86194000000","91059000000","102244000000","114085000000","148194000000","146696000000","159623000000","189407000000","200981000000","200294000000","279831000000","351892000000","388941000000","440046000000","420525000000","308819000000","302800000000","353641000000","388577000000","379303000000","130834000000","239724000000","179865000000","340006000000","363164000000",
"中国澳门特别行政区","MAC","货物和服务出口（现价美元）","NE.EXP.GNFS.CD","","","","","","","","","","","","","","","","","","","","","","","1263124147.40325","1274087249.11969","1491160932.62895","1442083741.6216","1661267630.06545","2159227786.73346","2430418058.7698","2822918879.94884","3189755082.66309","3450292032.35781","4034197228.36777","4314877220.72657","4642548512.40842","5213135238.29414","5311809600.32135","5372969416.04144","5041631119.19423","4988707245.50636","6046798489.88898","6258293396.40256","6875142918.35134","7657792603.41386","10086671052.0132","10261432156.6483","11682917519.9521","14545933761.365","16757376145.7137","16950426231.1343","24692157185.9398","33289233704.0895","39208051601.3789","46725257861.9659","47024155988.9667","35370496533.4829","34536934288.456","40563040049.4592","45631673035.4028","45476533584.785","15588938976.8161","28151033560.2931","21137959774.3691","42166632148.5132","45603671397.3456",
"中国澳门特别行政区","MAC","国民总支出（现价本币单位）","NE.DAB.TOTL.CN","","","","","","","","","","","","","","","","","","","","","","","6330000000","7550000000","8678000000","9413000000","10827000000","12777000000","15340000000","17894000000","20613000000","25693000000","32496000000","37132000000","41845000000","43450000000","42491000000","43704000000","41508000000","41789000000","37643000000","37242000000","38999000000","43039000000","50684000000","65851000000","85328000000","108033000000","113356000000","97445000000","101911000000","124706000000","145514000000","165286000000","207819000000","221913000000","213085000000","218640000000","226149000000","221764000000","202175000000","214651000000","202638000000","224570000000","229392000000",
"中国澳门特别行政区","MAC","最终消费支出（不变价本币单位）","NE.CON.TOTL.KN","","","","","","","","","","","","","","","","","","","","","","","23526182404.4865","24934771226.1592","26325565236.3225","28320089785.476","30709016119.5538","33769923508.6077","37519909130.5366","39686241802.7012","42733796144.144","46250715047.7909","49236402398.9849","52445375730.6929","55746735177.3125","57720679143.6666","60083520673.1057","61234669058.537","61051421400.9863","63929813567.3494","61516135374.9643","62450680814.0639","65975804084.542","68706628670.9978","73696596018.4762","78634202158.3024","84092963369.9849","93798683946.342","98304128479.5835","102347993786.79","107747903230.783","118352126889.476","126756642253.642","135060164641.346","142892914465.728","146983934273.18","147459270070.656","150299162647.191","156380343291.672","163060656870.687","151479946868.973","159218859376.779","156171807813.197","168290000000","172435000000",
"中国澳门特别行政区","MAC","最终消费支出（现价美元）","NE.CON.TOTL.CD","","","","","","","","","","","","","","","","","","","","","","","765359430.617558","735112169.917956","789760246.908971","867250534.514871","965536933.129236","1109265041.05966","1332613320.01425","1562507196.08438","1829324851.58943","2170097135.89655","2502025126.36814","2848303430.79115","3238075832.22858","3598377360.35658","3925863627.23438","4122106124.76634","4114294852.82626","4192145748.48127","3987091790.32881","4001867181.17881","4125633462.05788","4241238980.35229","4607730251.57404","5114675764.0838","5678237854.10251","6704452320.8112","7740791585.15282","8209754088.12538","8994257466.39962","10478027010.524","11886309954.7126","13437798643.3028","15150500261.1076","16377539774.7766","16805368912.6191","17374779793.8226","18495245652.9304","19680018635.8415","18691055345.421","19741223943.643","19340113569.3248","20870874408.9025","21575295038.5544",
"中国澳门特别行政区","MAC","人均居民最终消费支出（年增长率）","NE.CON.PRVT.PC.KD.ZG","","","","","","","","","","","","","","","","","","","","","","","","0.3078744519119","-0.428853584377762","3.66047468869802","6.54468208920065","4.81175525520419","6.26451003941202","1.43015345978861","2.46417037450458","2.07157412369905","3.15484614265833","2.82127270685118","2.68584219098162","-0.325405584251186","2.55959738119999","0.889362504006669","-2.17470773681764","1.24498553768532","-1.6997400189167","1.09025290633281","4.8220962686292","2.21358885008216","5.27959699270957","1.84752188511254","2.06710522418075","5.72154250076431","1.62969428449449","2.29964835345208","4.77596645385006","8.75443603454926","4.1449502737167","2.57107725595995","0.556102015309975","-0.995141421952354","-2.40460012319397","3.02610929107105","2.6029011530746","2.29447149655488","-16.5934002778824","8.71318704498935","-4.2763340057035","16.1396479030577","4.38322750783506",
"中国澳门特别行政区","MAC","居民最终消费支出（2015年不变价美元）","NE.CON.PRVT.KD","","","","","","","","","","","","","","","","","","","","","","","2115928695.43259","2244547129.95578","2347372789.78498","2492226854.80752","2713538073.38727","2947860825.62961","3225939177.79927","3366302536.51348","3553760738.30736","3808234095.77939","4143425020.48576","4410794765.30479","4680237143.80458","4811964528.84893","5005064900.10712","5076340469.46241","5025445797.968","5149458379.86726","5099830317.84444","5194941174.52855","5501921251.91337","5690415770.54763","6140753010.8522","6512790756.55","7004004938.89193","7731269068.21019","8155928680.13636","8255530243.12881","8682147342.42015","9663769682.89484","10399439493.2518","11117607063.6378","11742275825.758","12021851080.0305","11907971373.9038","12191231310.2754","12711116925.2013","13261286021.1295","11281345124.4184","12212418232.3455","11601106442.8346","13503323576.517","14265477039.4615",
"中国澳门特别行政区","MAC","一般政府最终消费支出（占 GDP 的百分比）","NE.CON.GOVT.ZS","","","","","","","","","","","","","","","","","","","","","","","5.80627020947561","5.6639470261322","6.17307508825494","7.21431849472235","7.49368738291114","7.48676742554684","8.1725805575178","9.38031927128859","10.1804915514593","10.8102727453713","8.90017611475535","8.90542965375158","9.27168136308446","9.55790673648962","10.4523034945954","11.355911733752","12.767605244233","14.8096475804602","12.4524067908842","12.4129046305705","12.1664978047957","11.7057462923489","9.61912346864679","9.77980803777652","8.71662157393248","8.7345881050877","8.7204027538114","9.63701653932949","8.14721081693332","7.09059032972091","6.86478764680145","6.49787943746222","7.09445522032562","9.69209890511051","10.4234527687296","9.74722802984513","9.45740479167979","10.2159750855141","25.9273930007328","21.3854942689028","27.4723962996121","13.8674762981647","12.4534661434752",
"中国澳门特别行政区","MAC","一般政府最终消费支出（现价本币）","NE.CON.GOVT.CN","","","","","","","","","","","","","","","","","","","","","","","413000000","479000000","647000000","786000000","920000000","1174000000","1504000000","2039000000","2651000000","3258000000","3487000000","4020000000","4658000000","5366000000","5976000000","6582000000","6924000000","7749000000","6770000000","6841000000","7205000000","7743000000","8213000000","9527000000","10374000000","12943000000","14706000000","16612000000","18414000000","20950000000","23691000000","26766000000","31126000000","34780000000","37472000000","39348000000","42048000000","45367000000","52364000000","52446000000","55236000000","51019000000","49510000000",
"中国澳门特别行政区","MAC","军费支出（占GDP的百分比）","MS.MIL.XPND.GD.ZS","","","","","","","","","","","","","","","","","","","","","","","","","","","","","","","","","","","","","","","","","","","","","","","","","","","","","","","","","","","","","","","","","",
"中国澳门特别行政区","MAC","武装部队人员，总数","MS.MIL.TOTL.P1","","","","","","","","","","","","","","","","","","","","","","","","","","","","","","","","","","","","","","","","","","","","","","","","","","","","","","","","","","","","","","","","","",
"中国澳门特别行政区","MAC","物流绩效指数：综合分数（1=很低 至 5=很高）","LP.LPI.OVRL.XQ","","","","","","","","","","","","","","","","","","","","","","","","","","","","","","","","","","","","","","","","","","","","","","","","","","","","","","","","","","","","","","","","","",
"中国澳门特别行政区","MAC","物流绩效指数：清关程序的效率（1=很低 至 5=很高）","LP.LPI.CUST.XQ","","","","","","","","","","","","","","","","","","","","","","","","","","","","","","","","","","","","","","","","","","","","","","","","","","","","","","","","","","","","","","","","","",
"中国澳门特别行政区","MAC","Individuals using the Internet, male (% of male population)","IT.NET.USER.MA.ZS","","","","","","","","","","","","","","","","","","","","","","","","","","","","","","","","","","","","","","","","","","","","","","","50.1422","","51.4512","57.361","","62.9571","62.208","66.1957","70.2056","78.9297","82.5008","83.24","83.771","87.2861","","88.6168","","","",
"中国澳门特别行政区","MAC","Fixed broadband subscriptions (per 100 people)","IT.NET.BBND.P2","","","","","","","","","","","","","","","","","","","","","","","","","","","","","","","","","","","","","","","","","0.853172","2.19893","3.71787","5.92129","9.37744","13.732","18.1263","21.1571","22.6837","22.9565","23.4683","23.9147","24.6143","25.3524","26.4619","27.3135","28.0554","28.7679","29.3056","29.8074","30.4509","29.6158","29.6066","29.6759","",
"中国澳门特别行政区","MAC","Mobile cellular subscriptions (per 100 people)","IT.CEL.SETS.P2","0","","","","","0","","","","","0","","","","","0","0","0","0","0","0","0","0","0","0","0","0","0","0","0.401973107","0.637300951","1.337509313","2.82326718","3.975446006","5.515973044","9.046215595","11.07799464","12.83580277","19.60809597","27.75464258","32.2545","43.69","60.5547","77.6098","89.6827","107.539","125.081","152.089","174.015","188.792","199.405","235.079","274.656","287.643","304.185","304.751","310.568","316.602","331.1","416.261","237.344","183.575","172.245","192.478","",
"中国澳门特别行政区","MAC","铁路（总公里数）","IS.RRS.TOTL.KM","","","","","","","","","","","","","","","","","","","","","","","","","","","","","","","","","","","","","","","","","","","","","","","","","","","","","","","","","","","","","","","","","",
"中国澳门特别行政区","MAC","物流绩效指数：贸易和运输相关基础设施的质量（1=很低 至 5=很高）","LP.LPI.INFR.XQ","","","","","","","","","","","","","","","","","","","","","","","","","","","","","","","","","","","","","","","","","","","","","","","","","","","","","","","","","","","","","","","","","",
"中国澳门特别行政区","MAC","使用网络人数（占人口的百分比）","IT.NET.USER.ZS","","","","","","","","","","","","","","","","","","","","","","","","","","","","","","","0","","","","0.037","0.28","0.727","2.36","7","9.21","13.6086","22.5212","25.1719","25.7421","31.4841","34.8629","46.4","47.327","49.24","54","55.198","60.2037","61.31","65.8","69.7809","77.6001","81.643","83.1741","83.7941","86.4679","87.4623","88.4681","87.9696","89.1806","",
"中国澳门特别行政区","MAC","安全的互联网服务器","IT.NET.SECR","","","","","","","","","","","","","","","","","","","","","","","","","","","","","","","","","","","","","","","","","","","","","","","","","","","113","145","215","240","297","453","681","1108","1674","2669","3920","3528","4079","3910","4525",
"中国澳门特别行政区","MAC","Fixed telephone subscriptions","IT.MLT.MAIN","2304","2304","2304","2304","2304","2304","2304","2304","2304","2304","2304","2304","2304","2304","2304","2304","2304","2304","","","","","15955","17712","27716","38026","47591","55643","65381","78830","93155","106685","120777","134489","145303","153273","161485","169591","173893","178445","176837","176450","176106","174621","173928","174389","176665","178013","175920","170486","168374","166310","162533","158414","153587","146138","142000","138000","123469","110000","110000","99474","92382","87038","",
"中国澳门特别行政区","MAC","班轮运输相关指数（2004 年的最大值 = 100）","IS.SHP.GCNW.XQ","","","","","","","","","","","","","","","","","","","","","","","","","","","","","","","","","","","","","","","","","","","","","","","","","","","","","","","","","","","","","","","","","",
"中国澳门特别行政区","MAC","航空运输，客运量","IS.AIR.PSGR","","","","","","","","","","","","","","","","","","","","","","","","","","","","","","","","","","","","","","","","","1532189","1706332","1728004","1211797","1800237","2040654","2285750","2393294","1866141","1427324","1329721","1327732","1561850","1767100","2078758","2276436","2788571","2776815","3157724","3659911","544411","698047","374108","2053176","",
"中国澳门特别行政区","MAC","Statistical performance indicators (SPI): Pillar 4 data sources score (scale 0-100)","IQ.SPI.PIL4","","","","","","","","","","","","","","","","","","","","","","","","","","","","","","","","","","","","","","","","","","","","","","","","","","","","","","","","","","","","","","","","","",
"中国澳门特别行政区","MAC","Statistical performance indicators (SPI): Overall score (scale 0-100)","IQ.SPI.OVRL","","","","","","","","","","","","","","","","","","","","","","","","","","","","","","","","","","","","","","","","","","","","","","","","","","","","","","","","","","","","","","","","","",
"中国澳门特别行政区","MAC","国家政策和制度评估 (CPIA) 社会包容性/公平政策集群平均值（1=低至 6=高）","IQ.CPA.SOCI.XQ","","","","","","","","","","","","","","","","","","","","","","","","","","","","","","","","","","","","","","","","","","","","","","","","","","","","","","","","","","","","","","","","","",
"中国澳门特别行政区","MAC","国家政策和制度评估 (CPIA) 财产权和基于规则的治理评级（1=低至 6=高）","IQ.CPA.PROP.XQ","","","","","","","","","","","","","","","","","","","","","","","","","","","","","","","","","","","","","","","","","","","","","","","","","","","","","","","","","","","","","","","","","",
"中国澳门特别行政区","MAC","国际开发协会（IDA ）资源分配指数（1=低，6=高）","IQ.CPA.IRAI.XQ","","","","","","","","","","","","","","","","","","","","","","","","","","","","","","","","","","","","","","","","","","","","","","","","","","","","","","","","","","","","","","","","","",
"中国澳门特别行政区","MAC","国家政策和制度评估 (CPIA) 金融部门评级（1=低至 6=高）","IQ.CPA.FINS.XQ","","","","","","","","","","","","","","","","","","","","","","","","","","","","","","","","","","","","","","","","","","","","","","","","","","","","","","","","","","","","","","","","","",
"中国澳门特别行政区","MAC","国家政策和制度评估 (CPIA) 债务政策评级（1=低至 6=高）","IQ.CPA.DEBT.XQ","","","","","","","","","","","","","","","","","","","","","","","","","","","","","","","","","","","","","","","","","","","","","","","","","","","","","","","","","","","","","","","","","",
"中国澳门特别行政区","MAC","专利申请量，居民","IP.PAT.RESD","","","","","","","","","","","","","","","","","","","","","","","","","","","","","","","","","","","","","","","","","","","","","","3","","1","3","1","4","4","5","6","2","3","","1","1","","3","2","","","",
"中国澳门特别行政区","MAC","Industrial design applications, nonresident, by count","IP.IDS.NRCT","","","","","","","","","","","","","","","","","","","","","","","","","","","","","","","","","","","","","","","","","","13","33","","50","79","64","70","94","99","72","151","144","134","120","228","173","176","141","216","173","235","","","",
"中国澳门特别行政区","MAC","Public private partnerships investment in energy (current US$)","IE.PPN.ENGY.CD","","","","","","","","","","","","","","","","","","","","","","","","","","","","","","","","","","","","","","","","","","","","","","","","","","","","","","","","","","","","","","","","","",
"中国澳门特别行政区","MAC","私营部门参与的能源投资（现价美元）","IE.PPI.ENGY.CD","","","","","","","","","","","","","","","","","","","","","","","","","","","","","","","","","","","","","","","","","","","","","","","","","","","","","","","","","","","","","","","","","",
"中国澳门特别行政区","MAC","用于应付官员的管理时间（占管理时间的百分比）","IC.GOV.DURS.ZS","","","","","","","","","","","","","","","","","","","","","","","","","","","","","","","","","","","","","","","","","","","","","","","","","","","","","","","","","","","","","","","","","",
"中国澳门特别行政区","MAC","Firms that introduced a new product/service and process, and spent on R&D","IC.FRM.NPRD.ZS","","","","","","","","","","","","","","","","","","","","","","","","","","","","","","","","","","","","","","","","","","","","","","","","","","","","","","","","","","","","","","","","","",
"中国澳门特别行政区","MAC","Firms with at least 10% foreign ownership","IC.FRM.FO.ZS","","","","","","","","","","","","","","","","","","","","","","","","","","","","","","","","","","","","","","","","","","","","","","","","","","","","","","","","","","","","","","","","","",
"中国澳门特别行政区","MAC","Firms adopting energy management measures to reduce emissions (% of firms)","IC.FRM.ENGM.ZS","","","","","","","","","","","","","","","","","","","","","","","","","","","","","","","","","","","","","","","","","","","","","","","","","","","","","","","","","","","","","","","","","",
"中国澳门特别行政区","MAC","对公职人员的非正常支付（占公司的百分比）","IC.FRM.CORR.ZS","","","","","","","","","","","","","","","","","","","","","","","","","","","","","","","","","","","","","","","","","","","","","","","","","","","","","","","","","","","","","","","","","",
"中国澳门特别行政区","MAC","Bribery incidence (% of firms experiencing at least one bribe payment request)","IC.FRM.BRIB.ZS","","","","","","","","","","","","","","","","","","","","","","","","","","","","","","","","","","","","","","","","","","","","","","","","","","","","","","","","","","","","","","","","","",
"中国澳门特别行政区","MAC","Firms experiencing electrical outages (% of firms)","IC.ELC.OUTG.ZS","","","","","","","","","","","","","","","","","","","","","","","","","","","","","","","","","","","","","","","","","","","","","","","","","","","","","","","","","","","","","","","","","",
"中国澳门特别行政区","MAC","新注册企业（数量）","IC.BUS.NREG","","","","","","","","","","","","","","","","","","","","","","","","","","","","","","","","","","","","","","","","","","","","","","","","","","","","","","","","","","","","","","","","","",
"中国澳门特别行政区","MAC","B-READY: Utility Services Pillar 1: Quality of Regulations on Utility Services","IC.BRE.US.P1","","","","","","","","","","","","","","","","","","","","","","","","","","","","","","","","","","","","","","","","","","","","","","","","","","","","","","","","","","","","","","","","","",
"中国澳门特别行政区","MAC","B-READY: Taxation Pillar 1: Quality of Regulations on Taxation","IC.BRE.TX.P1","","","","","","","","","","","","","","","","","","","","","","","","","","","","","","","","","","","","","","","","","","","","","","","","","","","","","","","","","","","","","","","","","",
"中国澳门特别行政区","MAC","B-READY: Pillar 1: Regulatory Framework","IC.BRE.P1.RF","","","","","","","","","","","","","","","","","","","","","","","","","","","","","","","","","","","","","","","","","","","","","","","","","","","","","","","","","","","","","","","","","",
"中国澳门特别行政区","MAC","B-READY: Market Competition: Overall Score","IC.BRE.MC.OS","","","","","","","","","","","","","","","","","","","","","","","","","","","","","","","","","","","","","","","","","","","","","","","","","","","","","","","","","","","","","","","","","",
"中国澳门特别行政区","MAC","B-READY: Labor: Overall Score","IC.BRE.LB.OS","","","","","","","","","","","","","","","","","","","","","","","","","","","","","","","","","","","","","","","","","","","","","","","","","","","","","","","","","","","","","","","","","",
"中国澳门特别行政区","MAC","B-READY: International Trade: Overall Score","IC.BRE.IT.OS","","","","","","","","","","","","","","","","","","","","","","","","","","","","","","","","","","","","","","","","","","","","","","","","","","","","","","","","","","","","","","","","","",
"中国澳门特别行政区","MAC","B-READY: Financial Services: Overall Score","IC.BRE.FS.OS","","","","","","","","","","","","","","","","","","","","","","","","","","","","","","","","","","","","","","","","","","","","","","","","","","","","","","","","","","","","","","","","","",
"中国澳门特别行政区","MAC","B-READY: Dispute Resolution: Overall Score","IC.BRE.DR.OS","","","","","","","","","","","","","","","","","","","","","","","","","","","","","","","","","","","","","","","","","","","","","","","","","","","","","","","","","","","","","","","","","",
"中国澳门特别行政区","MAC","B-READY: Business Location: Overall Score","IC.BRE.BL.OS","","","","","","","","","","","","","","","","","","","","","","","","","","","","","","","","","","","","","","","","","","","","","","","","","","","","","","","","","","","","","","","","","",
"中国澳门特别行政区","MAC","B-READY: Business Insolvency: Overall Score","IC.BRE.BI.OS","","","","","","","","","","","","","","","","","","","","","","","","","","","","","","","","","","","","","","","","","","","","","","","","","","","","","","","","","","","","","","","","","",
"中国澳门特别行政区","MAC","B-READY: Business Entry: Overall Score","IC.BRE.BE.OS","","","","","","","","","","","","","","","","","","","","","","","","","","","","","","","","","","","","","","","","","","","","","","","","","","","","","","","","","","","","","","","","","",
"中国澳门特别行政区","MAC","人力资本指数，男性 (数值范围 0-1)","HD.HCI.OVRL.MA","","","","","","","","","","","","","","","","","","","","","","","","","","","","","","","","","","","","","","","","","","","","","","","","","","","0.627212822437286","","","","","","","0.732","0.739121437072754","","0.773786962032318","","","","",
"中国澳门特别行政区","MAC","人力资本指数，女性 (数值范围 0-1)","HD.HCI.OVRL.FE","","","","","","","","","","","","","","","","","","","","","","","","","","","","","","","","","","","","","","","","","","","","","","","","","","","0.67076313495636","","","","","","","0.787","0.788205683231354","","0.817906618118286","","","","",
"中国澳门特别行政区","MAC","Government Effectiveness: Percentile Rank, Upper Bound of 90% Confidence Interval","GE.PER.RNK.UPPER","","","","","","","","","","","","","","","","","","","","","","","","","","","","","","","","","","","","","75.4098358154297","","79.7814178466797","","85.792350769043","","86.4864883422852","97.2972946166992","93.532341003418","95.5882339477539","93.6585388183594","95.1456298828125","94.1747589111328","97.6076583862305","98.0861206054688","97.6303329467773","93.3649291992188","92.4170608520508","99.038459777832","99.0476226806641","94.2857131958008","98.0952377319336","95.2380981445312","94.2857131958008","94.2857131958008","95.7142868041992","96.2264175415039","96.698112487793","",
"中国澳门特别行政区","MAC","Government Effectiveness: Estimate","GE.EST","","","","","","","","","","","","","","","","","","","","","","","","","","","","","","","","","","","","","0.388550758361816","","0.401742517948151","","0.618822574615479","","0.834610283374786","1.34903717041016","1.18255519866943","1.28759801387787","1.02123284339905","0.991429924964905","1.01344287395477","1.34572219848633","1.35015833377838","1.32617700099945","1.08708012104034","1.05867087841034","1.46286869049072","1.41346395015717","1.14072906970978","1.33569025993347","1.1579931974411","1.12508857250214","1.07495975494385","1.08387625217438","1.10521340370178","1.08997046947479","",
"中国澳门特别行政区","MAC","支出（现价本币单位）","GC.XPN.TOTL.CN","","","","","","","","","","","","","","","","","","","","","","","","","","","","","","","","","","","","","7123170000","7748580000","8147210000","9780639403.17","8166697363.28","8431134124.85001","8841627850.46395","9643755177.7279","10120172034.7366","11262000000","12932000000","14927334590.1148","23078063285.55","29395356255.0843","33231322259","35451469155.14","37629531287.69","43112789101","49857694514.71","55307899411.71","58763132163.19","61408074287.18","64930368471.77","70377086974.39","87266900599.06","77882181262.36","98870190868.55","72060348523.01","",
"中国澳门特别行政区","MAC","利息支付（占收入的百分比）","GC.XPN.INTP.RV.ZS","","","","","","","","","","","","","","","","","","","","","","","","","","","","","","","","","","","","","0.0433545946016961","0.00178188591053432","0.011660616217131","","","","","","","","","","","","","","","","","","","","","","","","","","",
"中国澳门特别行政区","MAC","雇员报酬（占支出的百分比）","GC.XPN.COMP.ZS","","","","","","","","","","","","","","","","","","","","","","","","","","","","","","","","","","","","","56.0427450138071","56.777241765588","56.7262903497025","46.4586613787976","53.5479804316347","53.6527660812237","52.5686555305097","49.9994388818157","49.7051621428382","49.2363700941218","45.3216826476956","45.4604599369928","34.0041154706149","28.5818175636052","27.535231985907","30.2333930734885","31.7408828950981","30.6265457311685","29.9287172526549","30.5930319538","30.8329635317663","31.8683355522281","31.8235213758009","31.1665087217687","26.6009332870131","30.2195108027549","23.9539242839001","33.4176059005746","",
"中国澳门特别行政区","MAC","所得税、利润税和资本收益税（现值本币）","GC.TAX.YPKG.CN","","","","","","","","","","","","","","","","","","","","","","","","","","","","","","","","","","","","","851010000","884720000","932130000","975972590","838138475","923826294","873364004","780847163","967594125","1053000000","1446000000","3122354763","2939081800","2754797738","3212868446","3761983004","4419687047","4955407558","6311625075","7955558316","7709597871","7975894325","7834448561","9580009671","8991849460","7647807405","9932102278","10374831890","",
"中国澳门特别行政区","MAC","其他税收（现价本币单位）","GC.TAX.OTHR.CN","","","","","","","","","","","","","","","","","","","","","","","","","","","","","","","","","","","","","401490000","420230000","457860000","524581649","500656715","538801950","470133422","472529001","534956118","569000000","578000000","663914087","623861180","641190466","767689447","732618917","926855725","1065477592","1350879662","1336121267","1605926180","1758533498","1852690419","1661330982","1289220785","1839868814","1613188612","1653938655","",
"中国澳门特别行政区","MAC","关税及其他进口税（现价本币单位）","GC.TAX.IMPT.CN","","","","","","","","","","","","","","","","","","","","","","","","","","","","","","","","","","","","","","","","","","","","","","","","","","","","","","","","","","","","","","","","","",
"中国澳门特别行政区","MAC","出口产品税收（占总税收比例）","GC.TAX.EXPT.ZS","","","","","","","","","","","","","","","","","","","","","","","","","","","","","","","","","","","","","","","","","","","","","","","","","","","","","","","","","","","","","","","","","",
"中国澳门特别行政区","MAC","社会缴款（占收入比例）","GC.REV.SOCL.ZS","","","","","","","","","","","","","","","","","","","","","","","","","","","","","","","","","","","","","0.470988550445698","0.386106541772095","0.501922453806417","0.774191190396392","0.853072222595261","0.814518983713685","0.804951673623389","0.641161468257636","0.521103606573547","0.495444430448839","0.47121139162138","0.387540997699572","0.294159684876342","0.303772428685078","0.19034940982706","0.258673748260688","0.13448919297254","0.11461424418051","0.113066379931952","0.166425109045664","0.175772079301398","0.296790480393364","0.278959148395813","0.325356782661567","0.853218371864097","0.784941325416935","1.13695742204594","0.471303803643609","",
"中国澳门特别行政区","MAC","Net lending (+) / net borrowing (-) (% of GDP)","GC.NLD.TOTL.GD.ZS","","","","","","","","","","","","","","","","","","","","","","","","","","","","","","","","","","","","","1.32159722950992E-06","2.49931850727213E-06","1.65956740609614E-10","-5.4326283827689E-07","1.48097732944617E-06","3.26277558789374E-06","2.66239257514353E-06","4.79926562353546E-06","7.79777549600618E-06","8.31494123081661E-06","9.74087082192011E-06","1.63768571259034E-05","1.74792019936076E-05","1.336438561094E-05","1.94036788590188E-05","2.46687448132078E-05","2.39792673010556E-05","2.69742470242936E-05","2.41482185455068E-05","1.38502231189163E-05","1.14414224040813E-05","1.32968453617186E-05","1.33532419298972E-05","1.44592127797081E-05","-2.14548205917886E-05","-1.30254112893032E-05","-3.70230638714812E-05","2.20068776419936E-06","",
"中国澳门特别行政区","MAC","Net incurrence of liabilities, total (% of GDP)","GC.LBL.TOTL.GD.ZS","","","","","","","","","","","","","","","","","","","","","","","","","","","","","","","","","","","","","","","","0","0","0","0","0","0","0","0","0","0","0","0","0","0","0","0","0","0","0","0","0","0","0","0","0","",
"中国澳门特别行政区","MAC","Net acquisition of financial assets (% of GDP)","GC.AST.TOTL.GD.ZS","","","","","","","","","","","","","","","","","","","","","","","","","","","","","","","","","","","","","","","","-5.4326283827689E-07","1.48097732944617E-06","3.26276840252577E-06","2.66239257514353E-06","4.79926562353546E-06","7.79777549600618E-06","8.31494123081661E-06","9.7400305846371E-06","1.6376857127432E-05","1.74792019936076E-05","1.33643856082888E-05","1.94036788590188E-05","2.46687458285668E-05","2.39792673010556E-05","2.69742352258575E-05","2.41482185455068E-05","1.38502231189163E-05","1.14414224040813E-05","1.32968453617186E-05","1.33532419298972E-05","1.44592127797081E-05","-2.14548205917886E-05","-1.30254112893032E-05","-3.70230638714812E-05","2.20068776419936E-06","",
"中国澳门特别行政区","MAC","Account ownership at a financial institution or with a mobile-money-service provider, young adults (% of population ages 15-24)","FX.OWN.TOTL.YG.ZS","","","","","","","","","","","","","","","","","","","","","","","","","","","","","","","","","","","","","","","","","","","","","","","","","","","","","","","","","","","","","","","","","",
"中国澳门特别行政区","MAC","Account ownership at a financial institution or with a mobile-money-service provider, male (% of population ages 15+)","FX.OWN.TOTL.MA.ZS","","","","","","","","","","","","","","","","","","","","","","","","","","","","","","","","","","","","","","","","","","","","","","","","","","","","","","","","","","","","","","","","","",
"中国澳门特别行政区","MAC","私营部门的国内信贷（占 GDP 的百分比）","FS.AST.PRVT.GD.ZS","","","","","","","","","","","","","","","","","","","","","","","","","52.4282034157046","63.1886186324002","61.0914718579458","56.016835660991","59.6364723142966","63.5975525601509","62.6428571428571","65.5942663746765","66.0616656882514","79.7436919873286","79.0368040765143","74.2661465569449","77.8194633924511","84.3506840806749","78.9365860854493","80.4818056723492","71.9693931980797","63.4037886485702","54.5793752110773","48.2194022404644","40.7207561312689","43.901689678181","40.9151570403482","47.3115190206572","53.2820474504711","57.4558050087889","56.8660267414696","56.1253216995756","57.5709317925641","62.51508476181","77.347359124031","108.511704087234","117.673690461951","113.628459884464","113.85829727128","119.791555781742","269.837324968806","232.523915658475","287.359828906794","146.669253120379","129.630265117215",
"中国澳门特别行政区","MAC","贷款的风险溢价（基本利率减去国库券利率，%）","FR.INR.RISK","","","","","","","","","","","","","","","","","","","","","","","","","","","","","","","","","","","","","","","","","","","","","","","","","","","","","","","","","","","","","","","","","",
"中国澳门特别行政区","MAC","存款利率 (百分比)","FR.INR.DPST","","","","","","","","","","","","","","","","","","","","","","","","","9.16666666666667","3.91666666666667","3.5","3.5","4.5625","7.04166666666667","7.125","5.875","3.5","2.75","4.20833333333333","5.93358333333333","5.229825","6.219875","7.00319166666667","5.29938333333333","5.33351666666667","2.587","0.631057618394863","0.322883332974775","0.124101539591974","1.57901281062647","2.84714031830121","2.8511448355833","1.0990184945999","0.0285460509504367","0.0175646048257513","0.0526984334519327","0.0628071923917909","0.0445908630339258","0.0504266694869003","0.0391956639002561","0.0382758519971497","0.0455213180596343","0.10468923148429","0.240615736771251","0.207810567161384","0.164187466687535","0.257614815455147","0.635199189610742","0.66081076692746",
"中国澳门特别行政区","MAC","广义货币增长（年度百分比）","FM.LBL.BMNY.ZG","","","","","","","","","","","","","","","","","","","","","","","","","","16.2892510217203","19.7294144116336","28.9300101343764","40.0840442604062","21.2502951082674","26.3657563507379","36.890189583413","21.0997701253762","6.91163653286313","12.7036933038529","13.4452410908536","7.04042696899225","5.17969044726581","3.12693696526968","6.78272477846512","-1.3688780865204","7.81015841544913","8.09321310250065","12.2582706744352","8.8729704909835","12.1646307768459","24.5113664591837","9.8446034536047","2.290485102274","11.8251379532775","14.5220033646556","22.5917234314209","25.8310178822169","17.7311371013272","10.4350165346757","-3.00382200164796","12.6147668321256","11.0785130410729","10.141996585668","5.53663493399623","0.703661849387327","-0.69592945327697","4.38820009428687","1.09638172541453","7.83609099304374",
"中国澳门特别行政区","MAC","对私营部门的债权（年增长率占广义货币的百分比）","FM.AST.PRVT.ZG.M3","","","","","","","","","","","","","","","","","","","","","","","","","","17.4685072761978","6.65776729968072","11.5927225009434","15.3446365876117","14.2456922692483","10.2591871474487","11.2793039684642","14.5730604599771","19.9101637224566","6.83108791988696","3.24635481011373","4.02917224385898","5.91664504539633","-7.77970948827306","-0.864220224745133","-3.46553619668756","-4.92771179127823","-2.86312381960001","-0.430700115204889","2.58574742151065","6.61333709608238","4.36970591573879","12.6763844448059","10.6432951737535","4.84022569662448","13.8930714713337","15.3474960690089","11.0259899106232","15.6906323259979","18.5405569344231","10.2655543594385","7.11466965005948","6.69824984140203","8.03404789556411","3.95280033916357","1.89159604148341","3.64980350436886","1.09400111036437","-5.31741031411453","-3.34132444881616",
"中国澳门特别行政区","MAC","对国内经济其他部门的债权（年增长率占广义货币的百分比）","FM.AST.DOMO.ZG.M3","","","","","","","","","","","","","","","","","","","","","","","","","","","","","","","","","","","","","","","","","","","-2.19116864056971","-0.487920584597258","2.58167054859263","6.61333709608238","4.39071435115635","12.6595117399156","10.6432951737535","4.91262242509029","13.9241594276759","15.2965711387662","10.3522700292262","15.685603934134","18.5405569344231","10.2655543594385","7.11466965005948","6.69824984140203","8.03404789556411","3.95280033916356","2.90159999516873","3.79626031140092","1.11157099541849","-4.68205459563551","-3.0395545062996",
"中国澳门特别行政区","MAC","总储备（占外债总额比例）","FI.RES.TOTL.DT.ZS","","","","","","","","","","","","","","","","","","","","","","","","","","","","","","","","","","","","","","","","","","","","","","","","","","","","","","","","","","","","","","","","","",
"中国澳门特别行政区","MAC","商业银行的存款人 (每10万成年人)","FB.CBK.DPTR.P3","","","","","","","","","","","","","","","","","","","","","","","","","","","","","","","","","","","","","","","","","","","","","","","","","","","","","","","","","","","","","","","","","",
"中国澳门特别行政区","MAC","自动取款机（ATM）(每10万成年人)","FB.ATM.TOTL.P5","","","","","","","","","","","","","","","","","","","","","","","","","","","","","","","","","","","","","","","","","","","","","54.0077616868939","54.0176556337455","64.2559235188535","85.3764324521755","110.743921743898","127.065073493417","134.596992282831","147.697166699399","169.979567121319","208.619195667823","215.145156577864","242.319100117522","276.498541364695","305.302440794616","314.309993564467","311.235114747149","308.455513016581","303.273753174737","262.937025147047","259.627866724361","",
"中国澳门特别行政区","MAC","陆地保护区面积（占土地总面积的比例）","ER.LND.PTLD.ZS","","","","","","","","","","","","","","","","","","","","","","","","","","","","","","","","","","","","","","","","","","","","","","","","","","","","","","","","","","","","","","","","","",
"中国澳门特别行政区","MAC","年度淡水抽取量，总量（10亿立方米）","ER.H2O.FWTL.K3","","","","","","","","","","","","","","","","","","","","","","","","","","","","","","","","","","","","","","","","","","","","","","","","","","","","","","","","","","","","","","","","","",
"中国澳门特别行政区","MAC","年度淡水抽取量，农业（占淡水抽取总量的百分比）","ER.H2O.FWAG.ZS","","","","","","","","","","","","","","","","","","","","","","","","","","","","","","","","","","","","","","","","","","","","","","","","","","","","","","","","","","","","","","","","","",
"中国澳门特别行政区","MAC","Aquaculture production (metric tons)","ER.FSH.AQUA.MT","0","0","0","0","0","0","0","0","0","0","0","0","0","0","0","0","0","0","0","0","0","0","0","0","0","0","0","0","0","0","0","0","0","0","0","0","0","0","0","0","0","0","0","0","0","0","0","0","0","0","0","0","0","0","0","0","0","0","0","0","0","0","0","0","",
"中国澳门特别行政区","MAC","最大城市中的人口","EN.URB.LCTY","159892","162501","168358","176462","185782","195462","205447","215699","225350","233321","238887","241794","242291","240954","238758","236533","234387","232361","231185","231736","234592","240152","248429","258605","269937","281813","294157","306969","319757","331943","343119","353073","361876","369854","377547","385339","393487","401564","409837","418604","427979","438081","448896","460147","471453","482559","493320","503823","514348","525313","536969","549439","562531","575841","588781","600942","612167","622567","632418","642090","651875","661838","671858","681876","691748",
"中国澳门特别行政区","MAC","Rural population living in areas where elevation is below 5 meters (% of total population)","EN.POP.EL5M.RU.ZS","","","","","","","","","","","","","","","","","","","","","","","","","","","","","","","0.569760177018961","","","","","","","","","","0.556411216671139","","","","","","","","","","","","","","","0.772778435373717","","","","","","","","","",
"中国澳门特别行政区","MAC","Total greenhouse gas emissions excluding LULUCF (% change from 1990)","EN.GHG.TOT.ZG.AR5","","","","","","","","","","","","","","","","","","","","","","","","","","","","","","","","2.53644897143996","15.6980227681246","27.9908128619932","39.6444977032155","26.7225883762732","45.6361094467745","54.6934291991212","69.9620531256241","78.9994008388256","51.6377072099061","62.4226083483123","77.8909526662672","82.6842420611144","111.074495706012","112.302776113441","111.204313960455","100.80886758538","67.3457159976033","77.3117635310565","79.5186738566008","76.6427002196924","82.3047733173557","89.2550429398841","116.916317155982","185.140802875974","171.959257040144","197.593369283004","120.930697024166","133.233473137607","131.555821849411","112.931895346515","75.9037347713202","76.1433992410625","81.7555422408628",
"中国澳门特别行政区","MAC","Nitrous oxide (N2O) emissions from Power Industry (Energy) (Mt CO2e)","EN.GHG.N2O.PI.MT.CE.AR5","","","","","","","","","","","0.0001","0.0001","0.0001","0.0002","0.0002","0.0002","0.0002","0.0004","0.0002","0.0003","0.0003","0.0003","0.0003","0.0004","0.0004","0.0004","0.0005","0.0007","0.0006","0.0006","0.0005","0.0006","0.0007","0.0008","0.0007","0.0007","0.0008","0.0009","0.0011","0.0012","0.001","0.0012","0.0014","0.0015","0.0017","0.0016","0.0015","0.0014","0.001","0.001","0.0008","0.0007","0.0007","0.0008","0.001","0.0014","0.0014","0.0013","0.001","0.001","0.0009","0.0008","0.0007","0.0007","0.0008",
"中国澳门特别行政区","MAC","Nitrous oxide (N2O) emissions from Fugitive Emissions (Energy) (Mt CO2e)","EN.GHG.N2O.FE.MT.CE.AR5","","","","","","","","","","","0.0001","0.0001","0","0","0","0","0","0","0","0","0","0","0","0","0","0","0","0","0","0","0.0001","0.0001","0.0001","0.0001","0.0001","0.0001","0","0","0","0","0","0","0","0","0.0001","0","0","0","0","0","0","0","0","0","0.0001","0","0.0001","0.0002","0.0001","0.0001","0.0002","0.0001","0.0001","0.0001","0.0001",
"中国澳门特别行政区","MAC","Carbon dioxide (CO2) emissions (total) excluding LULUCF (% change from 1990)","EN.GHG.CO2.ZG.AR5","","","","","","","","","","","","","","","","","","","","","","","","","","","","","","","","1.94977217336016","15.4498251562997","28.2716965137226","40.2988237787433","27.2968104270425","47.4409240224648","56.6387623185334","72.6396100455653","82.1341528027975","54.6254106177811","65.2749814559712","81.3394087103953","86.09727667691","115.619370562679","116.954540637915","115.566387623185","104.270424923175","69.2698950937798","79.4744092402246","82.2825050333793","78.9657730210872","84.6985270742821","92.349263537141","121.373317791671","192.35986012504","178.255801631875","205.870509695878","125.241072374695","138.137119847409","136.611211189997","116.943944050016","77.8637278796228","78.0756596375967","83.8402034544877",
"中国澳门特别行政区","MAC","Carbon intensity of GDP (kg CO2e per constant 2015 US$ of GDP)","EN.GHG.CO2.RT.GDP.KD","","","","","","","","","","","","","","","","","","","","","","","0.0804662300915416","0.100474057821991","0.0898227903115952","0.0807720382906221","0.0938252307976495","0.101297210469692","0.0915953088249566","0.0894525795694241","0.089787777318838","0.0883069394154915","0.0882624443215881","0.0932297637598731","0.0978108017690925","0.0859144638205645","0.0999295840371856","0.106460522537125","0.122956047692129","0.132851604997379","0.106656573376114","0.110802137666441","0.111631345533492","0.102612696983722","0.0938833712388367","0.0874042499919451","0.076588185338314","0.0633942519805521","0.0508083407492797","0.0531808558268472","0.0431747349664217","0.0348531020215895","0.0329338693209176","0.0309600705336232","0.0363732690658459","0.061392130506146","0.0588432354875994","0.0588462644196918","0.0407430875975671","0.0441626113953108","0.0962316772584235","0.0720490408751938","0.0728873633730013","0.0416261878582539","0.0398459350801395",
"中国澳门特别行政区","MAC","Carbon dioxide (CO2) net fluxes from LULUCF - Organic Soil (Mt CO2e)","EN.GHG.CO2.LU.OS.MT.CE.AR5","","","","","","","","","","","","","","","","","","","","","","","","","","","","","","","","","","","","","","","","","","","","","","","","","","","","","","","","","","","","","","","","","",
"中国澳门特别行政区","MAC","Carbon dioxide (CO2) net fluxes from LULUCF - Deforestation (Mt CO2e)","EN.GHG.CO2.LU.DF.MT.CE.AR5","","","","","","","","","","","","","","","","","","","","","","","","","","","","","","","","","","","","","","","","","","","","","","","","","","","","","","","","","","","","","","","","","",
"中国澳门特别行政区","MAC","Carbon dioxide (CO2) emissions from Building (Energy) (Mt CO2e)","EN.GHG.CO2.BU.MT.CE.AR5","","","","","","","","","","","0.1545","0.1545","0.1351","0.1794","0.2541","0.1531","0.1465","0.0863","0.1218","0.1227","0.1539","0.1173","0.1231","0.1738","0.1424","0.115","0.1224","0.171","0.1821","0.2275","0.0981","0.0951","0.1091","0.119","0.1279","0.1144","0.1322","0.1498","0.1553","0.1668","0.0945","0.1093","0.1076","0.1076","0.1344","0.1186","0.1229","0.1504","0.1151","0.1278","0.107","0.1333","0.1416","0.193","0.2245","0.3881","0.4088","0.3173","0.2559","0.2625","0.2435","0.2264","0.2084","0.2074","0.2163",
"中国澳门特别行政区","MAC","Methane (CH4) emissions from Transport (Energy) (Mt CO2e)","EN.GHG.CH4.TR.MT.CE.AR5","","","","","","","","","","","0.0007","0.0007","0.0007","0.0007","0.0008","0.0008","0.0008","0.0008","0.0009","0.001","0.001","0.001","0.0012","0.0015","0.0015","0.0011","0.0014","0.0017","0.0016","0.0017","0.0026","0.0027","0.0031","0.0035","0.004","0.0033","0.0038","0.0041","0.0044","0.0047","0.0035","0.0041","0.0044","0.0047","0.0048","0.0054","0.0052","0.0048","0.004","0.0041","0.0034","0.0033","0.0033","0.0031","0.0028","0.0042","0.0036","0.003","0.0026","0.0028","0.0027","0.0026","0.0024","0.0024","0.0025",
"中国澳门特别行政区","MAC","Methane (CH4) emissions from Industrial Combustion (Energy) (Mt CO2e)","EN.GHG.CH4.IC.MT.CE.AR5","","","","","","","","","","","0","0","0","0","0","0","0","0","0","0","0","0","0","0","0","0","0","0","0","0","0.0001","0.0001","0.0001","0.0001","0.0002","0.0002","0.0002","0.0002","0.0002","0.0003","0.0003","0.0003","0.0003","0.0003","0.0004","0.0004","0.0004","0.0004","0.0003","0.0003","0.0003","0.0002","0.0002","0.0002","0.0003","0.0003","0.0004","0.0004","0.0003","0.0003","0.0003","0.0003","0.0002","0.0002","0.0002",
"中国澳门特别行政区","MAC","Total greenhouse gas emissions excluding LULUCF per capita (t CO2e/capita)","EN.GHG.ALL.PC.CE.AR5","","","","","","","","","","","1.29256087895694","1.34882780921584","1.43684962252602","1.72240527182867","2.10517563916026","1.7791771620487","1.77207130730051","1.88538312942692","1.87564543889845","1.98809523809524","2.09722511996662","1.97589869281046","1.98900451600236","2.54920163386558","2.35920098992399","2.09975837072834","2.52964026346901","2.99071207430341","2.83544303797468","2.8237465395263","2.9896999552172","2.91994881273994","3.12375303316258","3.33776041666667","3.5241935483871","3.100415343269","3.51337027222356","3.71219745986101","4.03031020601468","4.19396350023397","3.52647468648398","3.74855957593916","4.06341240875912","4.12398557258792","4.64855948977348","4.48996832101373","4.23932651834035","3.86043386446535","3.09931570186795","3.3188785046729","3.34767225325885","3.21852256186317","3.21465046663145","3.20189221152222","3.49396815184172","4.4414372375175","4.17379310344828","4.59608266502159","3.35771740780088","3.47559523809524","3.38313393638751","3.12424908424908","2.60076775431862","2.59855627578079","2.64934497816594",
"中国澳门特别行政区","MAC","干旱、洪水和极端气温 （占总人口的百分比，1990年-2009年平均值）","EN.CLC.MDAT.ZS","","","","","","","","","","","","","","","","","","","","","","","","","","","","","","","","","","","","","","","","","","","","","","","","","","","","","","","","","","","","","","","","","",
"中国澳门特别行政区","MAC","PM2.5 pollution, population exposed to levels exceeding WHO Interim Target-3 value (% of total)","EN.ATM.PM25.MC.T3.ZS","","","","","","","","","","","","","","","","","","","","","","","","","","","","","","","","","","","","","","","","","","","","","","","","","","","","","","","","","","","","","","","","","",
"中国澳门特别行政区","MAC","能源使用量(人均千克石油当量）","EG.USE.PCAP.KG.OE","","","","","","","","","","","","","","","","","","","","","","","","","","","","","","","","","","","","","","","","","","","","","","","","","","","","","","","","","","","","","","","","","",
"中国澳门特别行政区","MAC","化石燃料能耗（占总量的百分比）","EG.USE.COMM.FO.ZS","","","","","","","","","","","","","","","","","","","","","","","","","","","","","","","","","","","","","","","","","","","","","","","","","","","","","","","","","","","","","","","","","",
"中国澳门特别行政区","MAC","GDP单位能源使用量（购买力平价美元/千克石油当量）","EG.GDP.PUSE.KO.PP","","","","","","","","","","","","","","","","","","","","","","","","","","","","","","","","","","","","","","","","","","","","","","","","","","","","","","","","","","","","","","","","","",
"中国澳门特别行政区","MAC","Renewable electricity output (% of total electricity output)","EG.ELC.RNEW.ZS","","","","","","","","","","","","","","","","","","","","","","","","","","","","","","","","","","","","","","","","","","","","","","","","","","","","","","","","","","","","","","","","","",
"中国澳门特别行政区","MAC","输配电损耗（占电产量的比例）","EG.ELC.LOSS.ZS","","","","","","","","","","","","","","","","","","","","","","","","","","","","","","","","","","","","","","","","","","","","","","","","","","","","","","","","","","","","","","","","","",
"中国澳门特别行政区","MAC","通电率（占人口的百分比）","EG.ELC.ACCS.ZS","","","","","","","","","","","","","","","","","","","","","","","","","","","","","","","99.8492813110352","99.8805847167969","99.9114303588867","99.9416198730469","100","100","100","100","100","100","100","100","100","100","100","100","100","100","100","100","100","100","100","100","100","100","100","100","100","100","100","100","100","100","",
"中国澳门特别行政区","MAC","Access to clean fuels and technologies for cooking  (% of population)","EG.CFT.ACCS.ZS","","","","","","","","","","","","","","","","","","","","","","","","","","","","","","","","","","","","","","","","","","","","","","","","","","","","","","","","","","","","","","","","","",
"中国澳门特别行政区","MAC","多边债务还本付息（TDS，现价美元）","DT.TDS.MLAT.CD","","","","","","","","","","","","","","","","","","","","","","","","","","","","","","","","","","","","","","","","","","","","","","","","","","","","","","","","","","","","","","","","","",
"中国澳门特别行政区","MAC","债务还本付息（仅针对PPG和IMG，在商品与服务的出口和初次收入中所占%）","DT.TDS.DPPF.XP.ZS","","","","","","","","","","","","","","","","","","","","","","","","","","","","","","","","","","","","","","","","","","","","","","","","","","","","","","","","","","","","","","","","","",
"中国澳门特别行政区","MAC","长期外债还本付息总额（TDS，现价美元）","DT.TDS.DECT.CD","","","","","","","","","","","","","","","","","","","","","","","","","","","","","","","","","","","","","","","","","","","","","","","","","","","","","","","","","","","","","","","","","",
"中国澳门特别行政区","MAC","收到的净官方发展援助（2020年不变价美元）","DT.ODA.ODAT.KD","18390319.8242188","15844120.9793091","","7788730.14450073","","","2439918.99490356","976360.976696014","1137148.02265167","481393.00942421","1437504.05311584","1539028.04851532","523198.008537292","602787.017822266","136954.993009567","80540.0013923645","","","","37032.0007205009","11210269.9279785","17125.9995549917","1869953.03630829","1415835.97660065","1148882.03144073","1060008.04901123","750316.023826599","172525.003552437","534115.016460419","476943.999528885","308955.997228622","123053.997755051","151804.000139236","192600.9953022","422111.004590988","-5184969.90203857","360141.99256897","436482.99574852","686187.982559204","349491.000175476","","","","","","","","","","","","","","","","","","","","","","","","","",
"中国澳门特别行政区","MAC","收到的净官方援助（2020年不变价美元）","DT.ODA.OATL.KD","","","","","","","","","","","","","","","","","","","","","","","","","","","","","","","","","","","","","","","","","1090000.0333786","870000.004768372","1620000.00476837","150000.005960464","129999.995231628","","","","","","","","","","","","","","","","","","","","",
"中国澳门特别行政区","MAC","Net official flows from UN agencies, WTO-ITC (current US$)","DT.NFL.WITC.CD","","","","","","","","","","","","","","","","","","","","","","","","","","","","","","","","","","","","","","","","","","","","","","","","","","","","","","","","","","","","","","","","","",
"中国澳门特别行政区","MAC","Net official flows from UN agencies, UNWOMEN (current US$)","DT.NFL.UNWN.CD","","","","","","","","","","","","","","","","","","","","","","","","","","","","","","","","","","","","","","","","","","","","","","","","","","","","","","","","","","","","","","","","","",
"中国澳门特别行政区","MAC","Net official flows from UN agencies, UNIDO (current US$)","DT.NFL.UNIDO.CD","","","","","","","","","","","","","","","","","","","","","","","","","","","","","","","","","","","","","","","","","","","","","","","","","","","","","","","","","","","","","","","","","",
"中国澳门特别行政区","MAC","来自联合国机构的净官方流动，UNECE（现价美元）","DT.NFL.UNEC.CD","","","","","","","","","","","","","","","","","","","","","","","","","","","","","","","","","","","","","","","","","","","","","","","","","","","","","","","","","","","","","","","","","",
"中国澳门特别行政区","MAC","来自联合国机构的净官方流动，UNHCR（现价美元）","DT.NFL.UNCR.CD","","","","","","","","","","70000.0002980232","209999.993443489","239999.994635582","79999.9982118607","119999.997317791","29999.9993294477","19999.9995529652","","","","","4360000.1335144","","660000.026226044","479999.989271164","379999.995231628","300000.011920929","259999.990463257","","150000.005960464","129999.995231628","119999.997317791","","","","","","","","","","","","","","","","","","","","","","","","","","","","","","","","","","",
"中国澳门特别行政区","MAC","Net official flows from UN agencies, SPRP (current US$)","DT.NFL.SPRP.CD","","","","","","","","","","","","","","","","","","","","","","","","","","","","","","","","","","","","","","","","","","","","","","","","","","","","","","","","","","","","","","","","","",
"中国澳门特别行政区","MAC","PPG，私人债权人（NFL，现价美元）","DT.NFL.PRVT.CD","","","","","","","","","","","","","","","","","","","","","","","","","","","","","","","","","","","","","","","","","","","","","","","","","","","","","","","","","","","","","","","","","",
"中国澳门特别行政区","MAC","商业银行和其他贷款（公共和公共担保贷款(PPG) + 私人无担保贷款(PNG)）（NFL，现价美元）","DT.NFL.PCBO.CD","","","","","","","","","","","","","","","","","","","","","","","","","","","","","","","","","","","","","","","","","","","","","","","","","","","","","","","","","","","","","","","","","",
"中国澳门特别行政区","MAC","国际金融公司（IFC），私人无担保贷款（NFL，现价美元）","DT.NFL.NIFC.CD","","","","","","","","","","","","","","","","","","","","","","","","","","","","","","","","","","","","","","","","","","","","","","","","","","","","","","","","","","","","","","","","","",
"中国澳门特别行政区","MAC","净金融流动，IBRD，（NFL，现价美元）","DT.NFL.MIBR.CD","","","","","","","","","","","","","","","","","","","","","","","","","","","","","","","","","","","","","","","","","","","","","","","","","","","","","","","","","","","","","","","","","",
"中国澳门特别行政区","MAC","来自联合国机构的净官方流量，IFAD（现价美元）","DT.NFL.IFAD.CD","","","","","","","","","","","","","","","","","","","","","","","","","","","","","","","","","","","","-4219999.79019165","","","","","","","","","","","","","","","","","","","","","","","","","","","","","",
"中国澳门特别行政区","MAC","Net official flows from UN agencies, CERF (current US$)","DT.NFL.CERF.CD","","","","","","","","","","","","","","","","","","","","","","","","","","","","","","","","","","","","","","","","","","","","","","","","","","","","","","","","","","","","","","","","","",
"中国澳门特别行政区","MAC","外债的现值（占出口货物、服务和收入的百分比）","DT.DOD.PVLX.EX.ZS","","","","","","","","","","","","","","","","","","","","","","","","","","","","","","","","","","","","","","","","","","","","","","","","","","","","","","","","","","","","","","","","","",
"中国澳门特别行政区","MAC","PPG，IBRD（DOS，现价美元）","DT.DOD.MIBR.CD","","","","","","","","","","","","","","","","","","","","","","","","","","","","","","","","","","","","","","","","","","","","","","","","","","","","","","","","","","","","","","","","","",
"中国澳门特别行政区","MAC","短期外债（DOD，现价美元）","DT.DOD.DSTC.CD","","","","","","","","","","","","","","","","","","","","","","","","","","","","","","","","","","","","","","","","","","","","","","","","","","","","","","","","","","","","","","","","","",
"中国澳门特别行政区","MAC","国际货币基金信贷利用额（已支付未偿还债务，债务余额按现值美元计）","DT.DOD.DIMF.CD","","","","","","","","","","","","","","","","","","","","","","","","","","","","","","","","","","","","","","","","","","","","","","","","","","","","","","","","","","","","","","","","","",
"中国澳门特别行政区","MAC","Net ODA provided, total (% of GNI)","DC.ODA.TOTL.GN.ZS","","","","","","","","","","","","","","","","","","","","","","","","","","","","","","","","","","","","","","","","","","","","","","","","","","","","","","","","","","","","","","","","","",
"中国澳门特别行政区","MAC","来自DAC捐助国的双边援助净流量，美国（现价美元）","DC.DAC.USAL.CD","1000000","","","1000000","","","340000.003576279","140000.000596046","170000.001788139","","","","","","","","","","","","","","","","","","","","","","","","","","","","","","","19999.9995529652","","","","","","","","","","","","","","","","","","","","","","","","","",
"中国澳门特别行政区","MAC","Net bilateral aid flows from DAC donors, Slovak Republic (current US$)","DC.DAC.SVKL.CD","","","","","","","","","","","","","","","","","","","","","","","","","","","","","","","","","","","","","","","","","","","","","","","","","","","","","","","","","","","","","","","","","",
"中国澳门特别行政区","MAC","来自DAC捐助国的双边援助净流量，挪威（现价美元）","DC.DAC.NORL.CD","","","","","","","","","","","","","","","","","","","","","50000.0007450581","","","","","","","","","","","","","","","","","","","","","","","","","","","","","","","","","","","","","","","","","","","","",
"中国澳门特别行政区","MAC","来自DAC捐助国的双边援助净流量，韩国（现价美元）","DC.DAC.KORL.CD","","","","","","","","","","","","","","","","","","","","","","","","","","","","","","","","","","","","","","","","","","","","","","","","","","","","","","","","","","","","","","","","","",
"中国澳门特别行政区","MAC","Trademark applications, nonresident, by count","IP.TMK.NRCT","","","","","","","","","","","","","","","","","","","","","","","","","","","","","","","","","","","","","","","","","","","","","2633","4091","4973","6529","7054","5340","5989","7350","8596","8893","10866","11307","9823","11105","14028","12884","11148","12239","","","",
"中国澳门特别行政区","MAC","Industrial design applications, resident, by count","IP.IDS.RSCT","","","","","","","","","","","","","","","","","","","","","","","","","","","","","","","","","","","","","","","","","","","","","","4","4","4","17","6","1","7","25","7","12","21","45","17","67","18","34","29","","","",
"中国澳门特别行政区","MAC","Public private partnerships investment in ICT (current US$)","IE.PPN.ICTI.CD","","","","","","","","","","","","","","","","","","","","","","","","","","","","","","","","","","","","","","","","","","","","","","","","","","","","","","","","","","","","","","","","","",
"中国澳门特别行政区","MAC","Investment in ICT with private participation (current US$)","IE.PPI.ICTI.CD","","","","","","","","","","","","","","","","","","","","","","","","","","","","","","","","","","","","","","","","","","","","","","","","","","","","","","","","","","","","","","","","","",
"中国澳门特别行政区","MAC","Management practices index","IC.MNG.IND","","","","","","","","","","","","","","","","","","","","","","","","","","","","","","","","","","","","","","","","","","","","","","","","","","","","","","","","","","","","","","","","","",
"中国澳门特别行政区","MAC","电力中断导致的价值损失（占销售额比例）","IC.FRM.OUTG.ZS","","","","","","","","","","","","","","","","","","","","","","","","","","","","","","","","","","","","","","","","","","","","","","","","","","","","","","","","","","","","","","","","","",
"中国澳门特别行政区","MAC","投入运营时已正式注册的公司（占公司数的百分比）","IC.FRM.FREG.ZS","","","","","","","","","","","","","","","","","","","","","","","","","","","","","","","","","","","","","","","","","","","","","","","","","","","","","","","","","","","","","","","","","",
"中国澳门特别行政区","MAC","Firms exporting directly at least 10% of sales (% of firms)","IC.FRM.EXS.ZS","","","","","","","","","","","","","","","","","","","","","","","","","","","","","","","","","","","","","","","","","","","","","","","","","","","","","","","","","","","","","","","","","",
"中国澳门特别行政区","MAC","Firms that are fully credit constrained (% of firms)","IC.FRM.CRDC.FL.ZS","","","","","","","","","","","","","","","","","","","","","","","","","","","","","","","","","","","","","","","","","","","","","","","","","","","","","","","","","","","","","","","","","",
"中国澳门特别行政区","MAC","Firms that use a third party to resolve commercial disputes (% of firms)","IC.FRM.CDP.ZS","","","","","","","","","","","","","","","","","","","","","","","","","","","","","","","","","","","","","","","","","","","","","","","","","","","","","","","","","","","","","","","","","",
"中国澳门特别行政区","MAC","Firms using banks to finance working capital (% of firms)","IC.FRM.BKWC.ZS","","","","","","","","","","","","","","","","","","","","","","","","","","","","","","","","","","","","","","","","","","","","","","","","","","","","","","","","","","","","","","","","","",
"中国澳门特别行政区","MAC","海关办理出口清关手续的平均时间（天）","IC.CUS.DURS.EX","","","","","","","","","","","","","","","","","","","","","","","","","","","","","","","","","","","","","","","","","","","","","","","","","","","","","","","","","","","","","","","","","",
"中国澳门特别行政区","MAC","B-READY: Utility Services Pillar 2: Quality of Governance and Transparency of Utility Services","IC.BRE.US.P2","","","","","","","","","","","","","","","","","","","","","","","","","","","","","","","","","","","","","","","","","","","","","","","","","","","","","","","","","","","","","","","","","",
"中国澳门特别行政区","MAC","B-READY: Taxation Pillar 2: Public Services Provided by the Tax Administration","IC.BRE.TX.P2","","","","","","","","","","","","","","","","","","","","","","","","","","","","","","","","","","","","","","","","","","","","","","","","","","","","","","","","","","","","","","","","","",
"中国澳门特别行政区","MAC","B-READY: Pillar 2: Public Services","IC.BRE.P2.PS","","","","","","","","","","","","","","","","","","","","","","","","","","","","","","","","","","","","","","","","","","","","","","","","","","","","","","","","","","","","","","","","","",
"中国澳门特别行政区","MAC","B-READY: Market Competition Pillar 1: Quality of Regulations that Promote Market Competition","IC.BRE.MC.P1","","","","","","","","","","","","","","","","","","","","","","","","","","","","","","","","","","","","","","","","","","","","","","","","","","","","","","","","","","","","","","","","","",
"中国澳门特别行政区","MAC","B-READY: Labor Pillar 1: Quality of Labor Regulations","IC.BRE.LB.P1","","","","","","","","","","","","","","","","","","","","","","","","","","","","","","","","","","","","","","","","","","","","","","","","","","","","","","","","","","","","","","","","","",
"中国澳门特别行政区","MAC","B-READY: International Trade Pillar 1: Quality of Regulations for International Trade","IC.BRE.IT.P1","","","","","","","","","","","","","","","","","","","","","","","","","","","","","","","","","","","","","","","","","","","","","","","","","","","","","","","","","","","","","","","","","",
"中国澳门特别行政区","MAC","B-READY: Financial Services Pillar 1: Quality of Regulations for Financial Services","IC.BRE.FS.P1","","","","","","","","","","","","","","","","","","","","","","","","","","","","","","","","","","","","","","","","","","","","","","","","","","","","","","","","","","","","","","","","","",
"中国澳门特别行政区","MAC","B-READY: Dispute Resolution Pillar 1: Quality of Regulations for Dispute Resolution","IC.BRE.DR.P1","","","","","","","","","","","","","","","","","","","","","","","","","","","","","","","","","","","","","","","","","","","","","","","","","","","","","","","","","","","","","","","","","",
"中国澳门特别行政区","MAC","B-READY: Business Location Pillar 1: Quality of Regulations for Business Location","IC.BRE.BL.P1","","","","","","","","","","","","","","","","","","","","","","","","","","","","","","","","","","","","","","","","","","","","","","","","","","","","","","","","","","","","","","","","","",
"中国澳门特别行政区","MAC","B-READY: Business Insolvency Pillar 1: Quality of Regulations for Judicial Insolvency Proceedings","IC.BRE.BI.P1","","","","","","","","","","","","","","","","","","","","","","","","","","","","","","","","","","","","","","","","","","","","","","","","","","","","","","","","","","","","","","","","","",
"中国澳门特别行政区","MAC","B-READY: Business Entry Pillar 1: Quality of Regulations for Business Entry","IC.BRE.BE.P1","","","","","","","","","","","","","","","","","","","","","","","","","","","","","","","","","","","","","","","","","","","","","","","","","","","","","","","","","","","","","","","","","",
"中国澳门特别行政区","MAC","人力资本指数，上界 (数值范围 0-1)","HD.HCI.OVRL.UB","","","","","","","","","","","","","","","","","","","","","","","","","","","","","","","","","","","","","","","","","","","","","","","","","","","0.651802778244019","","","","","","","0.765","0.767703354358673","","0.801458597183228","","","","",
"中国澳门特别行政区","MAC","人力资本指数，下界 (数值范围 0-1)","HD.HCI.OVRL.LB","","","","","","","","","","","","","","","","","","","","","","","","","","","","","","","","","","","","","","","","","","","","","","","","","","","0.644694924354553","","","","","","","0.753","0.758660852909088","","0.789596736431122","","","","",
"中国澳门特别行政区","MAC","Government Effectiveness: Standard Error","GE.STD.ERR","","","","","","","","","","","","","","","","","","","","","","","","","","","","","","","","","","","","","0.187617555260658","","0.302315533161163","","0.331546425819397","","0.295856952667236","0.361106097698212","0.410197407007217","0.30711555480957","0.435252577066422","0.469166576862335","0.451515167951584","0.323029518127441","0.335227936506271","0.329279899597168","0.313144892454147","0.300611138343811","0.350540965795517","0.330808758735657","0.320162951946259","0.333910912275314","0.330526649951935","0.328045010566711","0.356915891170502","0.362242460250854","0.361506670713425","0.376253008842468","",
"中国澳门特别行政区","MAC","Government Effectiveness: Number of Sources","GE.NO.SRC","","","","","","","","","","","","","","","","","","","","","","","","","","","","","","","","","","","","","1","","1","","1","","1","1","1","1","1","1","1","2","2","2","2","2","2","2","2","2","2","2","2","2","2","2","",
"中国澳门特别行政区","MAC","支出（占 GDP 的百分比）","GC.XPN.TOTL.GD.ZS","","","","","","","","","","","","","","","","","","","","","","","","","","","","","","","","","","","","","12.4587574771749","13.368609927365","15.023160185134","18.6924535646548","15.0214235901926","15.2981821107019","14.9301382142248","14.5792782404764","11.8528167936293","11.5608479186984","10.8659485438688","10.0737170015824","13.6848909715724","17.0529457265669","14.7030839670643","11.9986560556484","10.9036655919405","10.4663268994632","11.363913805927","15.412582844514","16.3459311658206","15.2119168179021","14.6040900378247","15.8478754848552","43.2091365783308","31.7574064949825","49.1744707393564","19.5867260271728","",
"中国澳门特别行政区","MAC","利息支付（占费用的百分比）","GC.XPN.INTP.ZS","","","","","","","","","","","","","","","","","","","","","","","","","","","","","","","","","","","","","0.055593226049638","0.00245206218429699","0.0138697787340697","","","","","","","","","","","","","","","","","","","","","","","","","","",
"中国澳门特别行政区","MAC","货物和服务支出（现价本币）","GC.XPN.GSRV.CN","","","","","","","","","","","","","","","","","","","","","","","","","","","","","","","","","","","","","1445160000","1531600000","1693240000","2400965965","1820144232","1845522356","1688192224","2031947499","2070557401","2493000000","2849000000","3480743968","3837599674","4766361390","5006070319","5829784153","6940601600","7555632551","8769094287","9598593719","9445784950","9193765216","9980329823","12413468540","11691934510","12081781780","21334340950","12979775090","",
"中国澳门特别行政区","MAC","所得税、利润税和资本收益税（占总税收比例）","GC.TAX.YPKG.RV.ZS","","","","","","","","","","","","","","","","","","","","","","","","","","","","","","","","","","","","","9.31696806868419","8.29721106719961","9.61877008360559","9.15912790303357","8.58421365327094","8.3151271898732","7.34218378237893","5.10720456045611","4.77857545753991","4.42121173951379","4.97351585609135","7.27316935312444","5.25484714878047","4.86082379957444","3.89136932310804","3.19511263239927","3.29004105198216","3.14567136500117","3.86287484964372","6.96523075972615","7.0764040527672","6.17888153347097","5.60342602561331","6.55147724495144","15.9966376340694","12.5782240692307","23.9840705249209","10.2827657738922","",
"中国澳门特别行政区","MAC","其他税收（占财政收入的百分比）","GC.TAX.OTHR.RV.ZS","","","","","","","","","","","","","","","","","","","","","","","","","","","","","","","","","","","","","4.39556469359469","3.94106271675704","4.72471658511115","4.92299729316708","5.12772571203676","4.84962029496175","3.95231080139949","3.09062052499891","2.64194263926067","2.38904983835076","1.98803054275298","1.54651215419111","1.11541473359395","1.13137666486389","0.929811853158453","0.622225021737863","0.689956857145475","0.676360584265954","0.826772663018963","1.16979759031065","1.47403051608487","1.36232624380744","1.3250982031981","1.136133730413","2.29354348287271","3.02600222193773","3.89553272381307","1.63926162602633","",
"中国澳门特别行政区","MAC","关税及其他进口税（占税收收入的百分比）","GC.TAX.IMPT.ZS","","","","","","","","","","","","","","","","","","","","","","","","","","","","","","","","","","","","","","","","","","","","","","","","","","","","","","","","","","","","","","","","","",
"中国澳门特别行政区","MAC","货物和服务税收（现值本币）","GC.TAX.GSRV.CN","","","","","","","","","","","","","","","","","","","","","","","","","","","","","","","","","","","","","6239150000","7937950000","6323560000","5926079381","6774610710","7574407988","8862957844","12007558610","16656978100","18816000000","23129000000","33944223370","47426599420","47118162500","73736275260","106070924500","121652398100","143803000000","146201249900","95564099330","90771052130","107685915000","121460480300","121134964400","33913047850","38382189980","22129136060","72333916000","",
"中国澳门特别行政区","MAC","收入，不包括捐赠（按当值本国货币单位计）","GC.REV.XGRT.CN","","","","","","","","","","","","","","","","","","","","","","","","","","","","","","","","","","","","","9131160000","10662530000","9690590000","10655737100","9763718715","11110188370","11895153130","15289130360","20248589430","23817000000","29074000000","42929768460","55930871380","56673474530","82563955750","117741796200","134335316100","157531000000","163391912000","114218158600","108947960200","129083140400","139815329500","146226710600","56210871720","60801965070","41411245300","100895343900","",
"中国澳门特别行政区","MAC","赠款和其他收入（现价本币单位）","GC.REV.GOTR.CN","","","","","","","","","","","","","","","","","","","","","","","","","","","","","","","","","","","","","1599310000","1378790000","1928550000","3146607704","1567021243","1982657542","1592947624","1930167569","1983544958","3261000000","3784000000","5032905780","4776802905","5987165431","4689962596","6871702685","7155708708","7527157648","9343415999","9172292015","8669883914","11279691110","8277682541","13374647020","11537152140","12454839120","7265990130","16057133730","",
"中国澳门特别行政区","MAC","Net investment in nonfinancial assets (current LCU)","GC.NFN.TOTL.CN","","","","","","","","","","","","","","","","","","","","","","","","","","","","","","","","","","","","","1255200000","1465650000","1543440000","1159354546","791858407.1","880873360.4","1476856394","2470804951","3470520723","4455000000","4549000000","3735043207","3376056652","4240991288","5477214675","9403560267","13951175190","3306162274","7587047876","9208872045","9053257720","13997828910","15515913250","11639296120","12274984990","14863432710","16979626660","20738577040","",
"中国澳门特别行政区","MAC","中央政府债务，总额（现价本币单位）","GC.DOD.TOTL.CN","","","","","","","","","","","","","","","","","","","","","","","","","","","","","","","","","","","","","","","","","","","","","","","","","","","","","","","","","","","","","","","","","",
"中国澳门特别行政区","MAC","Account ownership at a financial institution or with a mobile-money-service provider (% of population ages 15+)","FX.OWN.TOTL.ZS","","","","","","","","","","","","","","","","","","","","","","","","","","","","","","","","","","","","","","","","","","","","","","","","","","","","","","","","","","","","","","","","","",
"中国澳门特别行政区","MAC","Account ownership at a financial institution or with a mobile-money-service provider, older adults (% of population ages 25+)","FX.OWN.TOTL.OL.ZS","","","","","","","","","","","","","","","","","","","","","","","","","","","","","","","","","","","","","","","","","","","","","","","","","","","","","","","","","","","","","","","","","",
"中国澳门特别行政区","MAC","Account ownership at a financial institution or with a mobile-money-service provider, poorest 40% (% of population ages 15+)","FX.OWN.TOTL.40.ZS","","","","","","","","","","","","","","","","","","","","","","","","","","","","","","","","","","","","","","","","","","","","","","","","","","","","","","","","","","","","","","","","","",
"中国澳门特别行政区","MAC","对中央政府的债权等（占 GDP 的百分比）","FS.AST.CGOV.GD.ZS","","","","","","","","","","","","","","","","","","","","","","","","","-2.51121076233184","-1.41991739329968","-3.3485379164291","-3.83075058988585","-2.87724827473781","-3.52854579748815","-3.58294930875576","-3.08978697989249","-8.00454325021057","-10.2399149332093","-10.3453492306774","-7.94236044316198","-10.7526148249204","-13.6383085177964","-14.6300086666298","-11.5526335907041","-34.1745912042231","-35.5720859340978","-37.2594461330632","-38.2919724250533","-39.0797076667213","-43.5459261920649","-45.464292436184","-53.2157840748814","-62.5600122154424","-74.9918771065745","-79.0655820826844","-84.6099136267946","-72.4211057955603","-75.2667929859997","-81.5034959440394","-93.2448182940457","-89.291278647666","-86.1309526758554","-95.2909254077786","-97.0789769387879","-193.012355172209","-135.579368457966","-153.821017109321","-71.8600569713838","-73.2388532548546",
"中国澳门特别行政区","MAC","贷款利率 (百分比)","FR.INR.LEND","","","","","","","","","","","","","","","","","","","","","","","","","","","6.5","6.625","8.0625","10.5416666666667","10.4166666666667","9.41666666666667","7.25","6.5","7.95335833333333","9.90186666666667","9.55708333333333","9.7267","10.973125","9.45675","9.890125","7.98856666666667","6.10786290322581","6","6.01209677419355","7.04771505376344","8.75943635818504","7.80848392995919","5.42666666666667","5.25","5.25","5.25","5.25","5.25","5.25","5.25","5.25","5.25","5.29146661101172","5.35664740505193","5.26109735335453","5.26037313818147","5.34309825057094","6.00960180074487","6.01747975323522",
"中国澳门特别行政区","MAC","消费者价格指数（2010 年 = 100）","FP.CPI.TOTL","","","","","","","","","","","","","","","","","","","","","","","","","","","","","45.6081151565765","49.6083780995063","53.5620139548285","58.6872975420491","63.2143897126442","67.4534743238086","71.6707120153953","77.8047689074938","81.5568935928022","84.4039934907517","84.549700429306","81.8405906496202","80.5231872434778","78.9250837382648","76.8434212388545","75.6427796386281","76.3846299004576","79.7424163796764","83.8491295938104","88.5207812426287","96.1433221682313","97.2673019766948","100","105.80624616691","112.26824550644","118.443647685993","125.607397273199","131.335802236166","134.447091569562","136.098268622918","140.187290654338","144.045147898287","145.213945369628","145.252360796339","146.770288671746","147.469479571402","",
"中国澳门特别行政区","MAC","广义货币（现价本币单位）","FM.LBL.BMNY.CN","","","","","","","","","","","","","","","","","","","","","","","","","7953742000","9249347000","11074189000","14277953000","20001134000","24251434000","30645508000","41950694000","50802194000","54313457000","61213272000","69443544000","74332666000","78182868000","80627597000","86096345000","84917791000","91550005000","98959342000","111090046000","120947033000","135659793000","168911862000","185540565000","189790344000","212233314000","243053843000","297963895000","374931002000","441410532000","487471794000","472829009000","532475286000","591465630000","651452054000","687520576000","692358396000","687540070000","717710704000","725579553000","782436627000",
"中国澳门特别行政区","MAC","净国内信贷（现价本币单位）","FM.AST.DOMS.CN","","","","","","","","","","","","","","","","","","","","","","","","","5231800000","6729700000","7089100000","8183300000","10445400000","13057200000","15379200000","18837600000","22746200000","31374700000","34509900000","37235500000","38344800000","40985600000","34874100000","36066500000","20547900000","16731826000","12265255000","8518465000","3348399000","2293806000","-3438369000","-6801760000","-13699028000","-28143514000","-48023927000","-82134300000","-51229884000","-52526159000","-18233960000","54785617000","102034469000","111003587000","82551828000","100862343000","162103317000","245706318000","276572476000","287865382000","239018635000",
"中国澳门特别行政区","MAC","总储备可支付进口的月份","FI.RES.TOTL.MO","","","","","","","","","","","","","","","","","","","","","","","","","","","","","","","","","","","","","","","","","","","9.24920411641577","9.60477175609329","9.55265836588673","9.94008725591017","10.2872257838148","13.1500513560323","13.4616412051101","19.9243300494649","20.9419554644623","21.5615999593418","8.51778257378398","7.0534828925993","6.313488965427","8.26527792559087","9.3407838847012","8.60299410804751","7.68570701905713","8.17256891721813","17.354168372284","10.7728219134158","12.50943573427","8.82171401758719","9.53945885099134",
"中国澳门特别行政区","MAC","Domestic credit to private sector by banks (% of GDP)","FD.AST.PRVT.GD.ZS","","","","","","","","","","","","","","","","","","","","","","","","","52.4282034157046","63.1886186324002","61.0914718579458","56.016835660991","59.6364723142966","63.5975525601509","62.6428571428571","65.5942663746765","66.0616656882514","79.7436919873286","79.0368040765143","74.2661465569449","77.8194633924511","84.3506840806749","78.9365860854493","80.4818056723492","71.9693931980797","63.4037886485702","54.5793752110773","48.2194022404644","40.7207561312689","43.901689678181","40.9151570403482","47.3115190206572","53.2820474504711","57.4558050087889","56.8660267414696","56.1253216995756","57.5709317925641","62.51508476181","77.347359124031","108.511704087234","117.673690461951","113.628459884464","113.85829727128","119.791555781742","269.837324968806","232.523915658475","287.359828906794","146.669253120379","129.630265117215",
"中国澳门特别行政区","MAC","银行资本对资产的比率（百分比）","FB.BNK.CAPA.ZS","","","","","","","","","","","","","","","","","","","","","","","","","","","","","","","","","","","","","","","","","","","","","","","","","","","3.02417678719897","2.66474232206443","2.66295928968193","2.35577463212102","2.21062374459902","2.90153478146058","3.12047082267029","3.29677628315394","3.14691690745233","3.10029841690629","3.07849300396397","2.84286314441354","3.50964506867552","3.8415825803094","",
"中国澳门特别行政区","MAC","海洋保护区（占领海的百分比）","ER.MRN.PTMR.ZS","","","","","","","","","","","","","","","","","","","","","","","","","","","","","","","","","","","","","","","","","","","","","","","","","","","","","","","","","","","","","","","","","",
"中国澳门特别行政区","MAC","年度淡水抽取量，总量（占内部资源的百分比）","ER.H2O.FWTL.ZS","","","","","","","","","","","","","","","","","","","","","","","","","","","","","","","","","","","","","","","","","","","","","","","","","","","","","","","","","","","","","","","","","",
"中国澳门特别行政区","MAC","年度淡水抽取量，生活用水（占淡水总抽取量的百分比）","ER.H2O.FWDM.ZS","","","","","","","","","","","","","","","","","","","","","","","","","","","","","","","","","","","","","","","","","","","","","","","","","","","","","","","","","","","","","","","","","",
"中国澳门特别行政区","MAC","Capture fisheries production (metric tons)","ER.FSH.CAPT.MT","5800","5800","5800","5500","5800","7000","7500","7500","7000","7000","5900","6100","5900","6000","6000","6000","7400","7160","9236","7881","6624","7545","6656","6250","8800","9100","8042","3517","2485","3464","2583","2322","2668","1898","1890","1604","1418","1500","1500","1500","1500","1500","1500","1500","1500","1500","1500","1500","1500","1500","1500","1500","1500","1500","1500","1500","1500","1500","1500","1500","1500","1500","1500","1500","",
"中国澳门特别行政区","MAC","最大城市中的人口（占城市人口的百分比）","EN.URB.LCTY.UR.ZS","96.8549344576095","98.4234179668573","99.3198081540431","100","86.0767352536452","76.7601319509896","81.3052563260331","85.968051780348","90.4529672667429","94.393536667759","95.6665385169878","100","100","100","100","100","100","100","100","100","99.3979145216577","99.4941439183339","98.8260800381892","97.1607517226351","96.4429264040187","98.1868669800047","100","100","100","100","100","100","97.7916378415773","96.4787023970075","95.2636519158857","94.230581123512","94.857287498192","96.2738488537686","97.07636553129","97.9557261197173","99.3954693879447","100","100","100","100","100","98.8815393866506","96.7216356306393","95.1263177362678","98.1893457943925","99.9942271880819","99.9707059679767","99.0545870751893","97.2868727825646","94.7050024127393","93.4736350909939","93.8186973180077","96.0158852560148","95.9808772196084","95.5491071428572","95.1086956521739","96.9726007326007","99.196515576554","100","100",
"中国澳门特别行政区","MAC","Urban population living in areas where elevation is below 5 meters (% of total population)","EN.POP.EL5M.UR.ZS","","","","","","","","","","","","","","","","","","","","","","","","","","","","","","","13.6415899551078","","","","","","","","","","14.8012183517191","","","","","","","","","","","","","","","16.4565015811634","","","","","","","","","",
"中国澳门特别行政区","MAC","植物物种（较高的），受到威胁的","EN.HPT.THRD.NO","","","","","","","","","","","","","","","","","","","","","","","","","","","","","","","","","","","","","","","","","","","","","","","","","","","","","","","","","","","0","","","","0","","",
"中国澳门特别行政区","MAC","Nitrous oxide (N2O) emissions from Transport (Energy) (Mt CO2e)","EN.GHG.N2O.TR.MT.CE.AR5","","","","","","","","","","","0.0007","0.0007","0.0008","0.0007","0.0007","0.001","0.0008","0.0009","0.001","0.0011","0.001","0.0012","0.0013","0.0017","0.0019","0.002","0.0025","0.0029","0.0028","0.0027","0.0061","0.0102","0.0114","0.0123","0.0133","0.0093","0.0089","0.0095","0.0097","0.0106","0.0072","0.007","0.0071","0.0072","0.0075","0.0077","0.0094","0.0092","0.0099","0.0114","0.0099","0.0102","0.0117","0.008","0.0081","0.0112","0.0121","0.0113","0.0095","0.0102","0.0091","0.009","0.0082","0.0082","0.0086",
"中国澳门特别行政区","MAC","Nitrous oxide (N2O) emissions from Industrial Combustion (Energy) (Mt CO2e)","EN.GHG.N2O.IC.MT.CE.AR5","","","","","","","","","","","0","0","0","0","0","0","0","0","0","0","0","0.0001","0","0.0001","0.0001","0.0001","0.0001","0.0001","0.0001","0.0001","0.0002","0.0002","0.0002","0.0002","0.0003","0.0004","0.0004","0.0004","0.0004","0.0005","0.0005","0.0005","0.0006","0.0006","0.0007","0.0007","0.0007","0.0007","0.0005","0.0005","0.0004","0.0004","0.0004","0.0004","0.0005","0.0006","0.0006","0.0006","0.0005","0.0005","0.0005","0.0004","0.0004","0.0004","0.0004",
"中国澳门特别行政区","MAC","F-gases emissions from Industrial Processes (Mt CO2e)","EN.GHG.FGAS.IP.MT.CE.AR5","","","","","","","","","","","","","","","","","","","","","","","","","","","","","","","","","","","","","","","","","","","","","","","","","","","","","","","","","","","","","","","","","",
"中国澳门特别行政区","MAC","Carbon intensity of GDP (kg CO2e per 2021 PPP $ of GDP)","EN.GHG.CO2.RT.GDP.PP.KD","","","","","","","","","","","","","","","","","","","","","","","","","","","","","","","0.0509475139181594","0.0501072546763767","0.0500820072041302","0.0529005709750019","0.0554999503638639","0.0487497126220884","0.0567021929442755","0.0604079877646858","0.0697679031397777","0.0753828549582965","0.0605192312228307","0.0628715134675515","0.0633420238266353","0.0582246488761365","0.0532714419011555","0.0495950493034049","0.0434577818385496","0.0359712605830689","0.0288297441453584","0.0301759601732504","0.0244982722180953","0.0197763988970402","0.0186873850284549","0.0175674091899815","0.0206389743383518","0.0348352138434227","0.0333889160475412","0.0333906347286863","0.0231185032576849","0.0250588145281196","0.0546039211894238","0.0408821737478164","0.0413578559442169","0.023619593318782","0.0226094396442039",
"中国澳门特别行政区","MAC","二氧化碳（CO₂）排放总量，不包括土地利用、土地利用变化及林业 （LULUCF）（百万吨二氧化碳当量）","EN.GHG.CO2.MT.CE.AR5","","","","","","","","","","","0.3034","0.3034","0.3233","0.3883","0.4759","0.3935","0.3877","0.4092","0.4061","0.4361","0.4694","0.4502","0.4719","0.6483","0.6286","0.5694","0.7057","0.8708","0.8489","0.8707","0.9437","0.9621","1.0895","1.2105","1.324","1.2013","1.3914","1.4782","1.6292","1.7188","1.4592","1.5597","1.7113","1.7562","2.0348","2.0474","2.0343","1.9277","1.5974","1.6937","1.7202","1.6889","1.743","1.8152","2.0891","2.759","2.6259","2.8865","2.1256","2.2473","2.2329","2.0473","1.6785","1.6805","1.7349",
"中国澳门特别行政区","MAC","Carbon dioxide (CO2) net fluxes from LULUCF - Forest Land (Mt CO2e)","EN.GHG.CO2.LU.FL.MT.CE.AR5","","","","","","","","","","","","","","","","","","","","","","","","","","","","","","","","","","","","","","","","","","","","","","","","","","","","","","","","","","","","","","","","","",
"中国澳门特别行政区","MAC","Carbon dioxide (CO2) emissions from Fugitive Emissions (Energy) (Mt CO2e)","EN.GHG.CO2.FE.MT.CE.AR5","","","","","","","","","","","0","0","0","0","0","0","0","0","0","0","0","0","0","0","0","0","0","0","0","0","0","0","0","0","0","0","0","0","0","0","0","0","0","0","0","0","0","0","0","0","0.0049","0.0028","0","0","0.0611","0.0047","0.0233","0.2678","0.097","0.1724","0.3218","0.2093","0.0829","0.0821","0.0733",
"中国澳门特别行政区","MAC","Methane (CH4) emissions from Waste (Mt CO2e)","EN.GHG.CH4.WA.MT.CE.AR5","","","","","","","","","","","0.0169","0.0179","0.0184","0.0186","0.0186","0.0187","0.0187","0.0188","0.0188","0.0191","0.0195","0.0198","0.0204","0.021","0.0217","0.0225","0.0232","0.0239","0.0246","0.0251","0.0255","0.0257","0.026","0.0261","0.0258","0.0255","0.0249","0.0242","0.0231","0.0219","0.0206","0.0207","0.0209","0.0213","0.0219","0.0222","0.023","0.0237","0.0243","0.0251","0.0262","0.0279","0.0287","0.0295","0.0303","0.0304","0.0304","0.0309","0.0314","0.0321","0.0329","0.0335","0.0345","0.0349","0.0354",
"中国澳门特别行政区","MAC","Methane (CH4) emissions from Industrial Processes (Mt CO2e)","EN.GHG.CH4.IP.MT.CE.AR5","","","","","","","","","","","","","","","","","","","","","","","","","","","","","","","","","","","","","","","","","","","","","","","","","","","","","","","","","","","","","","","","","",
"中国澳门特别行政区","MAC","Methane (CH4) emissions from Agriculture (Mt CO2e)","EN.GHG.CH4.AG.MT.CE.AR5","","","","","","","","","","","0.0008","0.0008","0.0008","0.0008","0.0008","0.0009","0.0009","0.0009","0.0009","0.0011","0.0011","0.0011","0.0011","0.001","0.001","0.001","0.0011","0.0011","0.0011","0.0011","0.0011","0.0011","0.0011","0.0011","0.0011","0.0011","0.001","0.001","0.0012","0.0015","0.0012","0.0015","0.0015","0.0017","0.0015","0.0017","0.0017","0.0019","0.0017","0.0017","0.0017","0.0017","0.0018","0.0018","0.0018","0.0018","0.0019","0.0019","0.0019","0.0019","0.0019","0.0019","0.002","0.002","0.002",
"中国澳门特别行政区","MAC","受胁鱼类","EN.FSH.THRD.NO","","","","","","","","","","","","","","","","","","","","","","","","","","","","","","","","","","","","","","","","","","","","","","","","","","","","","","","","","","","9","","","","21","","",
"中国澳门特别行政区","MAC","PM2.5 air pollution, population exposed to levels exceeding WHO guideline value (% of total)","EN.ATM.PM25.MC.ZS","","","","","","","","","","","","","","","","","","","","","","","","","","","","","","","","","","","","","","","","","","","","","","","","","","","","","","","","","","","","","","","","","",
"中国澳门特别行政区","MAC","PM2.5 air pollution, mean annual exposure (micrograms per cubic meter)","EN.ATM.PM25.MC.M3","","","","","","","","","","","","","","","","","","","","","","","","","","","","","","","","","","","","","","","","","","","","","","","","","","","","","","","","","","","","","","","","","",
"中国澳门特别行政区","MAC","每 1,000 美元 GDP（2017年不变价PPP）的能源使用量（千克石油当量）","EG.USE.COMM.GD.PP.KD","","","","","","","","","","","","","","","","","","","","","","","","","","","","","","","","","","","","","","","","","","","","","","","","","","","","","","","","","","","","","","","","","",
"中国澳门特别行政区","MAC","GDP单位能源消耗（2017年不变价购买力平价美元/千克石油当量）","EG.GDP.PUSE.KO.PP.KD","","","","","","","","","","","","","","","","","","","","","","","","","","","","","","","","","","","","","","","","","","","","","","","","","","","","","","","","","","","","","","","","","",
"中国澳门特别行政区","MAC","可再生能源发电量，不包括水电（千瓦时）","EG.ELC.RNWX.KH","","","","","","","","","","","","","","","","","","","","","","","","","","","","","","","","","","","","","","","","","","","","","","","","","","","","","","","","","","","","","","","","","",
"中国澳门特别行政区","MAC","天然气发电量（占总发电量的比例）","EG.ELC.NGAS.ZS","","","","","","","","","","","","","","","","","","","","","","","","","","","","","","","","","","","","","","","","","","","","","","","","","","","","","","","","","","","","","","","","","",
"中国澳门特别行政区","MAC","燃煤炭发电量（占总量的百分比）","EG.ELC.COAL.ZS","","","","","","","","","","","","","","","","","","","","","","","","","","","","","","","","","","","","","","","","","","","","","","","","","","","","","","","","","","","","","","","","","",
"中国澳门特别行政区","MAC","一次能源能源强度水平（兆焦耳/2017年PPP美元GDP）","EG.EGY.PRIM.PP.KD","","","","","","","","","","","","","","","","","","","","","","","","","","","","","","","","","","","","","","","","","1.01","1.04","0.87","0.84","0.73","0.73","0.63","0.58","0.56","0.75","0.51","0.44","0.4","0.35","0.42","0.59","0.61","0.59","0.48","0.5","0.98","0.85","1.13","","",
"中国澳门特别行政区","MAC","多边债务还本付息（占公共和公共担保的债务还本付息的百分比）","DT.TDS.MLAT.PG.ZS","","","","","","","","","","","","","","","","","","","","","","","","","","","","","","","","","","","","","","","","","","","","","","","","","","","","","","","","","","","","","","","","","",
"中国澳门特别行政区","MAC","公共和公共担保 (PPG) 外债的还本付息额（TDS，现价美元）","DT.TDS.DPPG.CD","","","","","","","","","","","","","","","","","","","","","","","","","","","","","","","","","","","","","","","","","","","","","","","","","","","","","","","","","","","","","","","","","",
"中国澳门特别行政区","MAC","偿还债务总量（占货物、服务和收入出口比例）","DT.TDS.DECT.EX.ZS","","","","","","","","","","","","","","","","","","","","","","","","","","","","","","","","","","","","","","","","","","","","","","","","","","","","","","","","","","","","","","","","","",
"中国澳门特别行政区","MAC","已收到的官方发展援助（ODA）净额（占进口货物和服务的百分比）","DT.ODA.ODAT.MP.ZS","","","","","","","","","","","","","","","","","","","","","","","","","","","","","","","","","","","","","","","","","","","","","","","","","","","","","","","","","","","","","","","","","",
"中国澳门特别行政区","MAC","已收到的净官方发展援助（现价美元）","DT.ODA.ODAT.CD","1779999.97138977","1200000.04768372","","1019999.98092651","","","340000.003576279","140000.000596046","170000.001788139","70000.0002980232","209999.993443489","239999.994635582","90000.0035762787","119999.997317791","29999.9993294477","19999.9995529652","","","","19999.9995529652","4429999.82833862","9999.99977648258","720000.028610229","560000.002384186","449999.988079071","419999.986886978","360000.014305115","140000.000596046","349999.994039536","330000.013113022","230000.004172325","119999.997317791","129999.995231628","180000.007152557","289999.99165535","-4010000.22888184","319999.992847443","360000.014305115","500000","319999.992847443","","","","","","","","","","","","","","","","","","","","","","","","","",
"中国澳门特别行政区","MAC","已收到的净官方发展援助和官方援助（现价美元）","DT.ODA.ALLD.CD","1779999.97138977","1200000.04768372","","1019999.98092651","","","340000.003576279","140000.000596046","170000.001788139","70000.0002980232","209999.993443489","239999.994635582","90000.0035762787","119999.997317791","29999.9993294477","19999.9995529652","","","","19999.9995529652","4429999.82833862","9999.99977648258","720000.028610229","560000.002384186","449999.988079071","419999.986886978","360000.014305115","140000.000596046","349999.994039536","330000.013113022","230000.004172325","119999.997317791","129999.995231628","180000.007152557","289999.99165535","-4010000.22888184","319999.992847443","360000.014305115","500000","319999.992847443","","","","","","","","","","","","","","","","","","","","","","","","","",
"中国澳门特别行政区","MAC","Net official flows from UN agencies, UNWTO (current US$)","DT.NFL.UNWT.CD","","","","","","","","","","","","","","","","","","","","","","","","","","","","","","","","","","","","","","","","","","","","","","","","","","","","","","","","","","","","","","","","","",
"中国澳门特别行政区","MAC","来自联合国机构的净官方流动，UNPBF（现价美元）","DT.NFL.UNPB.CD","","","","","","","","","","","","","","","","","","","","","","","","","","","","","","","","","","","","","","","","","","","","","","","","","","","","","","","","","","","","","","","","","",
"中国澳门特别行政区","MAC","Net official flows from UN agencies, UNEP (current US$)","DT.NFL.UNEP.CD","","","","","","","","","","","","","","","","","","","","","","","","","","","","","","","","","","","","","","","","","","","","","","","","","","","","","","","","","","","","","","","","","",
"中国澳门特别行政区","MAC","Net official flows from UN agencies, UNCTAD (current US$)","DT.NFL.UNCTAD.CD","","","","","","","","","","","","","","","","","","","","","","","","","","","","","","","","","","","","","","","","","","","","","","","","","","","","","","","","","","","","","","","","","",
"中国澳门特别行政区","MAC","来自联合国机构的净官方流动，UNAIDS（现价美元）","DT.NFL.UNAI.CD","","","","","","","","","","","","","","","","","","","","","","","","","","","","","","","","","","","","","","","","","","","","","","","","","","","","","","","","","","","","","","","","","",
"中国澳门特别行政区","MAC","净金融流动，RDB优惠（NFL，现价美元）","DT.NFL.RDBC.CD","","","","","","","","","","","","","","","","","","","","","","","","","","","","","","","","","","","","","","","","","","","","","","","","","","","","","","","","","","","","","","","","","",
"中国澳门特别行政区","MAC","PNG，债券（NFL，现价美元）","DT.NFL.PNGB.CD","","","","","","","","","","","","","","","","","","","","","","","","","","","","","","","","","","","","","","","","","","","","","","","","","","","","","","","","","","","","","","","","","",
"中国澳门特别行政区","MAC","PPG，官方债权人（NFL，现价美元）","DT.NFL.OFFT.CD","","","","","","","","","","","","","","","","","","","","","","","","","","","","","","","","","","","","","","","","","","","","","","","","","","","","","","","","","","","","","","","","","",
"中国澳门特别行政区","MAC","净金融流动，IDA（NFL，现价美元）","DT.NFL.MIDA.CD","","","","","","","","","","","","","","","","","","","","","","","","","","","","","","","","","","","","","","","","","","","","","","","","","","","","","","","","","","","","","","","","","",
"中国澳门特别行政区","MAC","Net official flows from UN agencies, ILO (current US$)","DT.NFL.ILOG.CD","","","","","","","","","","","","","","","","","","","","","","","","","","","","","","","","","","","","","","","","","","","","","","","","","","","","","","","","","","","","","","","","","",
"中国澳门特别行政区","MAC","净外债流动，私人非优惠（PNG）（NFL，现价美元）","DT.NFL.DPNG.CD","","","","","","","","","","","","","","","","","","","","","","","","","","","","","","","","","","","","","","","","","","","","","","","","","","","","","","","","","","","","","","","","","",
"中国澳门特别行政区","MAC","外债的现值（占GNI的百分比）","DT.DOD.PVLX.GN.ZS","","","","","","","","","","","","","","","","","","","","","","","","","","","","","","","","","","","","","","","","","","","","","","","","","","","","","","","","","","","","","","","","","",
"中国澳门特别行政区","MAC","PPG，IDA（DOD，现价美元）","DT.DOD.MIDA.CD","","","","","","","","","","","","","","","","","","","","","","","","","","","","","","","","","","","","","","","","","","","","","","","","","","","","","","","","","","","","","","","","","",
"中国澳门特别行政区","MAC","短期外债（占总储备比例）","DT.DOD.DSTC.IR.ZS","","","","","","","","","","","","","","","","","","","","","","","","","","","","","","","","","","","","","","","","","","","","","","","","","","","","","","","","","","","","","","","","","",
"中国澳门特别行政区","MAC","长期外债（DOD，现价美元）","DT.DOD.DLXF.CD","","","","","","","","","","","","","","","","","","","","","","","","","","","","","","","","","","","","","","","","","","","","","","","","","","","","","","","","","","","","","","","","","",
"中国澳门特别行政区","MAC","提供的净官方发展援助，总（2020年不变价美元）","DC.ODA.TOTL.KD","","","","","","","","","","","","","","","","","","","","","","","","","","","","","","","","","","","","","","","","","","","","","","","","","","","","","","","","","","","","","","","","","",
"中国澳门特别行政区","MAC","Net ODA provided, to the least developed countries (current US$)","DC.ODA.TLDC.CD","","","","","","","","","","","","","","","","","","","","","","","","","","","","","","","","","","","","","","","","","","","","","","","","","","","","","","","","","","","","","","","","","",
"中国澳门特别行政区","MAC","Net bilateral aid flows from DAC donors, Slovenia (current US$)","DC.DAC.SVNL.CD","","","","","","","","","","","","","","","","","","","","","","","","","","","","","","","","","","","","","","","","","","","","","","","","","","","","","","","","","","","","","","","","","",
"中国澳门特别行政区","MAC","来自DAC捐助国的双边援助净流量，新西兰（现价美元）","DC.DAC.NZLL.CD","","","","","","","","","","","","","","","","","","","","","","","","","","","","","","","","","","","","","","","","","","","","","","","","","","","","","","","","","","","","","","","","","",
"中国澳门特别行政区","MAC","Net bilateral aid flows from DAC donors, Lithuania (current US$)","DC.DAC.LTUL.CD","","","","","","","","","","","","","","","","","","","","","","","","","","","","","","","","","","","","","","","","","","","","","","","","","","","","","","","","","","","","","","","","","",
"中国澳门特别行政区","MAC","Net bilateral aid flows from DAC donors, Iceland (current US$)","DC.DAC.ISLL.CD","","","","","","","","","","","","","","","","","","","","","","","","","","","","","","","","","","","","","","","","","","","","","","","","","","","","","","","","","","","","","","","","","",
"中国澳门特别行政区","MAC","国际谋杀犯罪率（每10万人）","VC.IHR.PSRC.P5","","","","","","","","","","","","","","","","","","","","","","","","","","","","","","","","3.31246937691071","0.805913254183697","3.14690953815169","3.33229519521482","2.00655642311252","4.17661171146492","7.22771394635591","5.67630850736738","8.59960139685417","2.28671259910041","1.79724796405504","0.438583025959729","1.70556418997427","0.829531314807134","0.807411227658679","1.9656154882638","1.14881896623525","0.746366129905025","0.909946258573969","0.355362554203895","0.694887797335974","0.680914229490225","0.167016566373219","0.163852768456376","0.160725450392893","0.157651248637302","0.309332005267924","0.303595174051113","0.29807414296232","0.29279726058883","0.432026405453901","0.283947120527744","0.560293537784445","",
"中国澳门特别行政区","MAC","Internally displaced persons, new displacement associated with conflict and violence (number of cases)","VC.IDP.NWCV","","","","","","","","","","","","","","","","","","","","","","","","","","","","","","","","","","","","","","","","","","","","","","","","","","","","","","","","","","","","","","","","","",
"中国澳门特别行政区","MAC","Voice and Accountability: Percentile Rank, Lower Bound of 90% Confidence Interval","VA.PER.RNK.LOWER","","","","","","","","","","","","","","","","","","","","","","","","","","","","","","","","","","","","","37.5","","34.825870513916","","33.8308448791504","","40.7960205078125","49.7512435913086","35.5769233703613","43.75","31.730770111084","25","25.9615383148193","54.502368927002","55.4502372741699","55.3990592956543","29.1079807281494","28.1690139770508","25.6157627105713","29.5566501617432","31.5270938873291","32.019702911377","32.5242729187012","25.6038646697998","28.9855079650879","22.7053146362305","23.6714973449707","25","",
"中国澳门特别行政区","MAC","旅行服务（占商业服务出口比例）","TX.VAL.TRVL.ZS.WT","","","","","","","","","","","","","","","","","","","","","","","","","","","","","","","","","","","","","","","","","","","85.1850539212275","87.2125391083278","88.7543185009507","88.9128264566241","89.5938488872386","90.5604716157706","91.0891797755948","93.49371608659","93.9332573296826","94.9405466507404","95.450699466731","95.568987510108","94.7252139248607","93.0995378188441","92.8330733016465","92.9196799268434","93.6360907005275","92.8812153904338","81.3338089967462","84.9181946293917","72.7401106659999","88.4817029132454","90.0360838410411",
"中国澳门特别行政区","MAC","商业服务出口额（现价美元）","TX.VAL.SERV.CD.WT","","","","","","","","","","","","","","","","","","","","","","","","","","","","","","","","","","","","","","","","","","","4519275256.42122","5077090826.30095","7274370091.09923","7786942116.52624","9125657617.54281","12003448173.0635","14710736961.7291","15914066364.4545","23715055402.8282","32225654661.5018","37804652712.7602","45227504370.5491","45232566457.0711","33406012300.9204","32996377810.8975","38830088629.7148","43656892626.9531","43701215884.0759","11339626767.4251","18682083823.1614","13249169519.0715","36184364258.6513","39952659151.8603",
"中国澳门特别行政区","MAC","报告经济体的商品出口（现价美元）","TX.VAL.MRCH.WL.CD","","","","19700000","20700000","20100000","22600000","23800000","","36163000","41055000","46355000","68361000","93182000","101745000","125748000","182473000","217439000","254954000","384939000","530674000","691038000","713796000","747767000","654223000","893347000","1022608000","1380737000","1479872000","1621100538.01242","1676571225.96273","1649941804.84472","1745233930.67081","1753154782.6087","1829649068.32298","1977291322.98137","2137500282.36025","2119303017.76398","2108081612.54658","2172366067.32919","2521302051","2284076319","2331280292","2500507565","2742610099","2375105794","2421559265","2391978226","1808067954","873547609","769088287","736733766","869949098","975656270","1070068052","1161162099","1080745005","1208646030","1289670367","1279539767","991683361","1251956007","1232378609","1084915292","",
"中国澳门特别行政区","MAC","向中东和北非地区的发展中经济体的商品出口（占商品出口总额的百分比）","TX.VAL.MRCH.R4.ZS","","","","0.50761421319797","","","","","","0.0221220584575395","0.0438436244062843","0.0323589688275267","0.00731411184739837","0.110536369685132","0.208364047373335","0.171772115659891","0.121113808618261","0.276859257078997","0.372224009036924","0.19925234907349","0.398361329177612","0.733389480752144","1.43976710432673","1.44697479295021","0.325577058587057","0.401747585204853","0.309698339930844","0.22372109967358","0.11575325433551","0.133390778846549","0.0469381743691772","0.020318209560847","0.0571675627163556","0.00505211687239811","0.00982437320397112","0.0086592706001974","0.0040925496755009","0.00558627932594152","0.0026944046240501","0.0025931310097245","0.077740031156624","0.19102330179187","0.0975107972988432","0.0442062249869658","0.0119102966958046","0.0213591327713295","0.00353165009157849","0.0070044115861446","0.0191999420835927","0.0133785495828654","0.00454785238459886","0.0351690138225591","0.0262626860037275","0.107370088443136","0.157099354275461","0.123390954736975","0.0828312872933426","0.0600071470056457","0.0581321412962263","0.019998518733025","","0.0134251522465837","0.00557442327368407","","",
"中国澳门特别行政区","MAC","向地区外的发展中经济体的商品出口（占商品出口总额的百分比）","TX.VAL.MRCH.OR.ZS","","","","30.4568527918782","25.1207729468599","26.3681592039801","23.4513274336283","12.6050420168067","","15.8587506567486","18.253562294483","21.4626253910042","10.2865669021811","9.90641969479084","5.42925942306747","3.5292807837898","1.18099664059888","1.15158734173722","0.778964048416577","0.408376392103684","0.660292382894206","1.24985890790376","3.07819040734327","1.67578938359141","0.560817947397141","0.619803950760455","0.575195969521068","0.531238027227488","0.437335120875319","0.444047476146699","0.488579872919725","0.326984256174777","0.356989534467585","0.903620348367904","0.700388867294577","0.434117759748644","0.23695506368246","0.332530454174788","0.539821988238264","0.485090686340648","0.588170266792045","0.817702492891176","0.625576085811993","0.472979252914198","0.519132887507099","0.530972853161252","0.854659528640527","1.12307435360409","1.7613953020706","1.80244005452942","1.87159722015114","1.47081666404849","0.670663607033247","0.450287066776089","0.551323907762083","0.551272471389888","0.782318767228538","1.04641894202887","0.824895358706804","0.525908000169252","0.252053941641157","0.0866850747096579","0.0750619974449751","0.108740378967762","",
"中国澳门特别行政区","MAC","矿石和金属出口（占商品出口的百分比）","TX.VAL.MMTL.ZS.UN","","","","","","","","","","","","","","0.221320500685962","0.539729798693165","1.10463562692053","0.699167935826595","0.697160088670212","0.663198661321978","0.539414381660913","0.446430466837275","0.268699626232997","0.594832803584531","0.24789270469325","0.176986566375161","0.152416518810933","0.109938701985172","0.065573565979019","","0.121715911670193","0.0581562514149432","0.0544010179390158","0.113551656226215","0.16688654057991","0.0481759059772123","0.0402304878944229","0.0578531838736193","0.175913740226429","0.0130582188255307","0.0286386227115061","0.0125760076872345","0.00781264449236931","0.00565120557847524","0.310894097207751","1.13780725729118","2.06201141324786","2.65374780351676","0","0","0","0","0","0","0","10.4037261799776","2.11555351510338","1.04409684118757","18.3860611104044","22.6052016974852","19.277132468758","17.9232048667689","24.0730271281974","21.6225375889091","19.8622104081638","32.8331615369533",
"中国澳门特别行政区","MAC","燃料出口（占商品出口的百分比）","TX.VAL.FUEL.ZS.UN","","","","","","","","","","","","","","","0.000198651221329987","","","","","","0","0.0101621595088136","0.0276333352539676","0.00984547952016909","0.0126207912844896","0.0304452442991848","0.0100336625717221","0.00689014780515723","","0.0132651834487974","0.00932806454379963","0.017405916533475","0.0173031661482616","0.017727571768995","0.0107598304665631","0.00477241588794387","0.39451135314299","0.423261803066598","1.48205789779031E-05","0","0","0.00110190574508336","3.48400332375004E-05","0","0","0","0","0","0","0","0","0","0","0","0","0","","0","0","0","0","","0","0","",
"中国澳门特别行政区","MAC","出口物量指数（2015年 = 100）","TX.QTY.MRCH.XD.WD","","","","","","","","","","","","","","","","","","","","","","","","","","","","","","","","","","","","","","","","","194.3331484576","177.9972116435","183.0841978095","199.9233482435","215.0508783208","210","213","206.1","156","77","65.6","61.6","72.4","80.5","89.2","100","94.5","102.7","106.3","111","93","107","107.8","107.2","",
"中国澳门特别行政区","MAC","交通服务（占商业服务进口比例）","TM.VAL.TRAN.ZS.WT","","","","","","","","","","","","","","","","","","","","","","","","","","","","","","","","","","","","","","","","","","","11.1949078722709","10.9332878755957","12.7320460491659","14.7897656940125","15.668113198969","13.9927272135379","11.4214930864527","12.0477995213608","12.2364136209832","12.2474427140301","10.3885577121792","12.5417002581552","13.5017838236495","12.3676378189053","10.7723600882074","9.10824212977329","8.7993348976824","9.11836930667277","9.92504889348193","11.2563967118229","10.5760188954979","10.697474539797","10.1161077052487",
"中国澳门特别行政区","MAC","从地区内的发展中经济体的商品进口（占商品进口总额的百分比）","TM.VAL.MRCH.WR.ZS","","","","33.8942307692308","35.6394129979036","39.5299145299145","42.0432220039293","34.5882352941176","","25.7117871617645","27.5249722530522","27.4558887205023","26.3168086754454","26.2496230524376","25.8313417008278","19.5486709488746","24.2089804080867","26.3776412664977","26.7046938078692","30.0456243405857","26.685557099092","33.4804883366034","27.8879656739163","27.009475763511","29.6323684945299","21.8798880806975","20.2652541780455","21.5948712892959","20.9522676406263","21.092526518782","19.4161404065499","23.0671815275789","21.9767070295198","22.3432356516559","20.7786493841429","24.0895112696647","26.1037213969166","30.2635711136275","35.7277284802589","39.8017071763795","44.0068032328951","45.3799353720806","44.7300496088541","45.8871092400228","47.2421011705913","46.4676860817372","48.3452412737165","45.6933341368558","42.69128829791","35.1254019583351","34.83887777273","33.7223446699581","35.623060410388","35.1430070958108","35.7298170138461","36.9224823739055","39.4050187416088","37.0802554221098","38.3234613505392","37.4723095415079","32.8401221187016","33.8400561328026","33.9127819258402","33.927731431188","",
"中国澳门特别行政区","MAC","从南亚地区发展中经济体的商品进口（占商品进口总额的百分比）","TM.VAL.MRCH.R5.ZS","","","","","","","","","","","","0.0284152413942412","","","","0.00587498041673194","","0.000503938277639755","","0.00114060851464256","0.00147198174742633","0.128987718915776","2.42432203018786","2.33434814626113","0.0174297100406975","0.0499455374243074","0.0315151209550342","0.0262296505396524","0.0359477493646522","0.0446315496090055","0.049636542655973","0.0438461327330108","0.147688460326198","0.175636951938489","0.35302311326439","0.523401310143107","0.507659733457781","0.503286241738904","0.303593579051752","0.458842221069429","0.358001677726589","0.246769934322342","0.142806636301273","0.1534249638811","0.179702348203225","0.236988945644351","0.188043946287049","0.123225932750954","0.13025236401492","0.150836865271684","0.157474097193441","0.11499908895692","0.115315063478187","0.150064866902408","0.115487508555756","0.191448318960651","0.185569747037536","0.209787091703006","0.310116117130756","0.272896362901266","0.166577180871746","0.335835969727953","0.267535568630563","0.214229377039145","",
"中国澳门特别行政区","MAC","从东亚和太平洋地区发展中经济体的商品进口（占商品进口总额的百分比）","TM.VAL.MRCH.R1.ZS","","","","33.8942307692308","35.6394129979036","39.5299145299145","42.0432220039293","34.5882352941176","","25.7117871617645","27.5249722530522","27.4558887205023","26.3168086754454","26.2496230524376","25.8313417008278","19.5486709488746","24.2089804080867","26.3776412664977","26.7046938078692","30.0456243405857","26.685557099092","33.4804883366034","27.8879656739163","27.009475763511","29.6323684945299","21.8798880806975","20.2652541780455","21.5948712892959","20.9522676406263","21.092526518782","19.4161404065499","23.0671815275789","21.9767070295198","22.3432356516559","20.7786493841429","24.0895112696647","26.1037213969166","30.2635711136275","35.7277284802589","39.8017071763795","44.0068032328951","45.3799353720806","44.7300496088541","45.8871092400228","47.2421011705913","46.4676860817372","48.3452412737165","45.6933341368558","42.69128829791","35.1254019583351","34.83887777273","33.7223446699581","35.623060410388","35.1430070958108","35.7298170138461","36.9224823739055","39.4050187416088","37.0802554221098","38.3234613505392","37.4723095415079","32.8401221187016","33.8400561328026","33.9127819258402","33.927731431188","",
"中国澳门特别行政区","MAC","来自阿拉伯世界的发展中经济体的商品进口（占商品进口总额百分比）","TM.VAL.MRCH.AL.ZS","","","","","","","","","","","","","","","","0.174291085696381","0.62994094303659","0.171842952675156","0.196027234931411","0.0906783769140837","0.254100849149471","0.225693571017312","0.267077946931852","0.32880495685305","0.385653487211162","0.286380226213276","0.205707789506496","0.238961161123316","0.22709223723359","0.297395898018102","0.219110840962872","0.277040294020308","0.412292682895001","0.545378500201605","0.432092747203949","0.471005443495448","0.617995641359472","0.556760998939574","0.590439124768125","0.528547132210635","0.539915002641005","0.435453519712863","0.380029071827165","0.383293666705538","0.364174061836501","0.355303512784908","0.46419178559454","0.534732800107323","0.59945438478407","0.614051869597631","0.557573567940427","0.316059778120966","0.381764031318536","0.404602723560703","0.529828243328129","0.392186667299525","0.52587065736573","0.535194368706095","0.606465556694764","0.529534014367835","0.276010247074403","0.272976187444361","0.238721869673572","0.534502116352096","",
"中国澳门特别行政区","MAC","信息和通信技术 (ICT) 产品进口（占产品进口总量的百分比）","TM.VAL.ICTG.ZS.UN","","","","","","","","","","","","","","","","","","","","","","","","","","","","","","","","","","","","","","","","","1.23","1.57","2.52","4.26","4.78","3.54","3.53","6.05","4.59","4.89","5.08","5.16","5.15","3.8","3.45","13.73","10.83","3.43","2.88","9.33","9.06","15.62","13.26","","",
"中国澳门特别行政区","MAC","进口单位价值指数（2015年=100）","TM.UVI.MRCH.XD.WD","","","","","","","","","","","","","","","","","","","","","","","","","","","","","","","","","","","","","","","","","77.6","75.2","73.5","78","82.6","87.1","89.7","93.8","103.3","95.4","99.5","109.3","110","108.8","106.3","100","98.9","101.7","105.8","105.4","105.7","118.4","124.5","125.7","126.2",
"中国澳门特别行政区","MAC","初级产品简单平均适用税率（%）","TM.TAX.TCOM.SM.AR.ZS","","","","","","","","","","","","","","","","","","","","","","","","","","","","","","","","","","","","","0","0","0","0","0","0","0","0","0","0","0","0","0","0","0","0","0","0","0","0","0","0","0","0","0","0","0","","",
"中国澳门特别行政区","MAC","所有产品加权平均适用税率（%）","TM.TAX.MRCH.WM.AR.ZS","","","","","","","","","","","","","","","","","","","","","","","","","","","","","","","","","","","","","0","0","0","0","0","0","0","0","0","0","0","0","0","0","0","0","0","0","0","0","0","0","0","0","0","0","0","","",
"中国澳门特别行政区","MAC","约束范围，所有产品（百分比）","TM.TAX.MRCH.BC.ZS","","","","","","","","","","","","","","","","","","","","","","","","","","","","","","","","","","","","","31.03","31.03","31.03","31.03","31.03","31.03","30.31","30.31","30.31","30.31","30.31","30.31","29.19","29.19","29.19","29.19","28.21","28.21","28.21","28.21","28.21","28.14","28.14","28.13","28.13","28.13","0","","",
"中国澳门特别行政区","MAC","工业产品简单平均适用税率（%）","TM.TAX.MANF.SM.AR.ZS","","","","","","","","","","","","","","","","","","","","","","","","","","","","","","","","","","","","","0","0","0","0","0","0","0","0","0","0","0","0","0","0","0","0","0","0","0","0","0","0","0","0","0","0","0","","",
"中国澳门特别行政区","MAC","商品贸易（GDP的百分比）","TG.VAL.TOTL.GD.ZS","","","","","","","","","","","","","","","","","","","","","","","126.127166497961","131.507731228568","130.945308653754","123.635153079394","125.64412437892","128.823007308207","122.031046329403","115.424467999264","99.8003612903226","93.4068194637999","75.9813293550116","67.2831807004719","61.271948806704","57.3221021018133","55.678690313779","58.2037666016804","60.262635083255","64.760805748796","76.2332804826457","74.6909094208158","72.7783992654509","70.4906857952742","64.8861738141529","57.4832873274136","52.3930905758986","46.5727145531478","37.4613265436821","26.4572561861501","23.0100560504566","23.8704664450928","23.1586570017009","21.8739164471656","22.7614889756278","26.5728460494526","22.6421212371731","21.5857682883146","23.0080720605303","23.1766653928693","51.1905346210216","68.0258526706383","76.2756849149508","42.0720716382535","35.7590058252842",
"中国澳门特别行政区","MAC","国际旅游，旅行项目收入（现价美元）","ST.INT.TVLR.CD","","","","","","","","","","","","","","","","","","","","","","","","","","","","","","","","","","","","","","","","","","","4205000000","5061000000","7206000000","6924000000","8176000000","10870000000","13400000000","14879000000","22276000000","30595000000","36085000000","43223000000","42847000000","31101000000","30632000000","36080000000","40876000000","40591000000","9360000000","","","","",
"中国澳门特别行政区","MAC","国际旅游，收入（现价美元）","ST.INT.RCPT.CD","","","","","","","","","","","","","","","","","","","","","","","","","","","","","","","","","","","","3233000000","3085000000","2876000000","2648000000","2598000000","3205000000","3745000000","4428000000","5225000000","7431000000","7181000000","8482000000","11198000000","13749000000","15182000000","22688000000","31118000000","36593000000","43755000000","43412000000","31620000000","31155000000","36595000000","41478000000","41166000000","9442000000","","","","",
"中国澳门特别行政区","MAC","城镇人口（占总人口比例）","SP.URB.TOTL.IN.ZS","95.2506574699247","95.2580242806369","95.3325428429328","95.4664342050951","95.6471985446079","95.8623360389554","96.0993468656216","96.3457312020907","96.588989225847","96.8166211143745","97.0130701868515","97.1818605041573","97.3411730703713","97.4980543470228","97.6519578369296","97.8023370429096","97.9486454677805","98.0903366143601","98.2268639854662","98.3576810839166","98.4822414125289","98.5999984741211","98.7160061718438","98.8346655192397","98.9544506847143","99.073835836673","99.1912951435215","99.3053027736653","99.4143328955099","99.5168596774608","99.6113572879236","99.6962998953038","99.770161668007","99.8314167744386","99.8785393830042","99.9100036621094","99.9325876536988","99.9534353925978","99.9715700365331","99.9860147432315","99.9957926704194","99.9998984128371","100","100","100","100","100","100","100","100","100","100","100","100","100","100","100","100","100","100","100","100","100","100","100",
"中国澳门特别行政区","MAC","农村人口增长（年增长率）","SP.RUR.TOTL.ZG","","-0.145896682414402","0.968647844994801","-0.507370018101946","17.3563442181761","11.245198846971","-6.92138559084491","-7.47832270881079","-7.85552501636783","-7.93325711554602","-5.55311801030763","-9.77585440102169","-6.7794917080966","-6.99252213501962","-7.28804890356712","-7.59346558684408","-7.98994514595531","-8.27880410390423","-7.65834994672245","-6.4651768672536","-6.02849176792922","-5.94739231123802","-4.68952579833097","-4.12043305983212","-5.94104134405007","-9.72396694268531","-11.3969964307706","-11.5905100832183","-14.1334472712238","-16.4013674317876","-18.7810815487107","-19.8113803248374","-22.5956492690825","-27.5240232328415","-29.44021804503","-26.9861175881669","-27.3293334999681","-36.6931444105921","-48.0366416281282","-69.3147180559945","-120.397280432594","","","","","","","","","","","","","","","","","","","","","","","","",
"中国澳门特别行政区","MAC","城市出生登记完整性（百分比）","SP.REG.BRTH.UR.ZS","","","","","","","","","","","","","","","","","","","","","","","","","","","","","","","","","","","","","","","","","","","","","","","","","","","","","","","","","","","","","","","","","",
"中国澳门特别行政区","MAC","Population, male (% of total population)","SP.POP.TOTL.MA.ZS","49.3260864547993","49.1285057378421","49.2477883571698","49.3592629602381","50.1845737962819","50.7354186823074","50.7737418375846","50.8150201787093","50.8643717554559","50.9280983286788","51.0040987587172","51.1293977431023","51.4332988018932","49.0420415141976","46.1431791387932","46.9465035277306","47.7348192649212","48.4980931938032","49.2241974200595","49.912501140388","50.5583187048956","50.7843409041405","50.5395414759342","50.22513530299","49.9274657199785","49.6436394097735","49.3750598838996","49.126883224207","48.9016686805035","48.6934809652676","48.5042321231246","48.351630151242","48.2654037093551","48.2185846231309","48.168777972019","48.1169722066853","48.0626687533321","48.0047895651085","47.9452994363912","47.8815952474474","47.8158464609693","47.7591687728166","47.7240880234203","47.7059095667227","47.6898541888308","47.6744514644436","47.6556081030613","47.635732830917","47.624592063501","47.6138479261415","47.59650749992","47.5526030519499","47.4521018989012","47.3254802143825","47.2016450790998","47.0777702236816","46.95188953053","46.8281071650628","46.7103944915692","46.5894356562251","46.4663056479086","46.3549932171854","46.2504099483643","46.1282989056059","46.0512979998945",
"中国澳门特别行政区","MAC","人口，总数","SP.POP.TOTL","173315","173323","177810","182135","225655","265631","262942","260423","257933","255306","257396","247400","245050","242800","240550","238200","235600","232950","232400","235200","239650","244800","254650","269300","282850","289700","296050","306850","316000","325100","334950","351650","370900","384000","396800","409300","415100","417300","422300","427400","430600","433900","438400","443600","454700","473500","498900","520900","540700","535000","537000","549600","567900","591900","621700","642900","652500","648400","658900","672000","685400","682500","677300","678800","687000",
"中国澳门特别行政区","MAC","少儿抚比率（占工作年龄人口的百分比）","SP.POP.DPND.YG","73.3552770392877","74.6243561912059","74.140355230238","72.5722572257226","107.013622409823","131.984375709679","115.718363300745","101.219806957895","88.680023525997","77.9971996966338","70.9260688485152","62.7696690683127","50.5180353031466","78.6263944632304","144.877837245661","114.513130257379","91.4674658770853","73.6392918633484","59.9974278278763","49.3995296141865","41.1128234970616","36.8740773009995","36.0987246430387","36.0338151077175","36.0598671923636","36.1280233211363","36.2544120631872","36.538452348525","35.2344943722268","34.103185855561","34.532429749509","35.0155266746628","35.8269568489714","36.6177642085844","37.0172086961673","37.1022004327542","36.9157802643091","36.3787381249232","35.4506351905572","34.1585847428141","32.490167296777","30.5194279065697","28.4453674101239","26.3511462552392","24.2533266315706","22.323156325394","20.6596933687884","19.1849873060926","17.9049619936878","16.8382213324769","15.878611885533","15.2347932148262","15.277783870331","15.7305920097032","16.2144938277135","16.6894069841572","17.0983658628493","17.5023077831865","18.0572204588628","18.7477634396272","19.3397217297751","19.5881935812857","19.5604368927129","19.4606491086757","19.3677507483589",
"中国澳门特别行政区","MAC","Population ages 80 and above, male (% of male population)","SP.POP.80UP.MA.5Y","0.46555424935226","0.476212845415791","0.455648499728781","0.438262301099549","0.419006746494296","0.408105721642217","0.397361906438312","0.38236438721573","0.372724778194457","0.369935972620123","0.369051472968598","0.347054675030622","0.276501631608727","0.727004659346388","1.34795164211248","1.17185456447816","1.02452597247047","0.908346097673921","0.817916763423382","0.762283777271896","0.726556691916655","0.699118011744247","0.678738176085375","0.667596542041285","0.66857279519113","0.680149792013167","0.701270718601741","0.725272947836636","0.741264340493676","0.743130957534077","0.747169124446963","0.764718475701135","0.783391542710841","0.808177494486609","0.83946859376372","0.866872742247405","0.89148564754113","0.915920964803541","0.947377508108574","0.99023598197188","1.04565442472269","1.09719269196756","1.11818994295324","1.12327414190302","1.13910867301123","1.16561663787555","1.19614017937978","1.2323671216028","1.27118395044557","1.30145625501663","1.33065298869626","1.37033593505974","1.4055353267206","1.42981669831097","1.44546443876302","1.46581861881546","1.50459504198831","1.54358348512647","1.56995921550786","1.58875634590839","1.61911303230034","1.64776787101184","1.65255642052012","1.66618334089953","1.72782074801886",
"中国澳门特别行政区","MAC","Population ages 70-74, male (% of male population)","SP.POP.7074.MA.5Y","0.973803800466724","1.02993505654661","1.05118908270763","1.05505531114955","0.957225106848928","0.907478722851694","0.918688743160395","0.933996803554629","0.984786121528095","1.05174104481917","1.10410755431988","1.11985449686352","1.0818081854447","1.32164152357369","1.71553032157016","1.68739447839631","1.63306860270136","1.59539415096356","1.61777227339577","1.69281002309699","1.78625248648757","1.83884023613266","1.809968469561","1.75216490444242","1.70088060282207","1.66009107852324","1.62403056683819","1.60064698746462","1.57573407063592","1.54286700226118","1.53103614302197","1.54713480339685","1.5620521240625","1.57257417584659","1.59166438285089","1.60681613227759","1.62067387931718","1.65894616392225","1.7156880881029","1.76033862187305","1.79217468861114","1.81101473272245","1.80514041129723","1.78334014850368","1.74595202219512","1.70354469396742","1.67191524728136","1.64878340926767","1.63281217860438","1.62997362687765","1.62351237139572","1.61857460951271","1.63082276551093","1.65497356700711","1.73879235681172","1.89974326409658","2.12040118057491","2.39802886354141","2.72996116536405","3.08154432299114","3.37527883149126","3.62375345614962","3.86502050539034","4.05629252191288","4.26799763031389",
"中国澳门特别行政区","MAC","Population ages 65 and above, male (% of male population)","SP.POP.65UP.MA.ZS","3.59985729241603","3.70635694237296","3.66574356924658","3.67628656125383","3.2522694359083","3.03890360542855","3.14593780780567","3.21155858827441","3.31183877557243","3.45247937856909","3.56406984937063","3.59711963178798","3.5301109209248","4.53390244697143","5.98404385492634","5.85832164173781","5.79152002063793","5.75374915399138","5.71294647848561","5.68576461009289","5.72725994092708","5.79608993004921","5.84071064758671","5.86079103197765","5.8511720548708","5.81187478604846","5.74968382594032","5.64981803477558","5.5263289587269","5.42561274250134","5.37403961611067","5.3718689788054","5.43420485062685","5.5452070886847","5.65011587593426","5.73814500701109","5.82251563550301","5.9032988210968","5.98739625340683","6.06980678263107","6.15556411059595","6.23271304118765","6.25193850989186","6.22772500675931","6.19780353582463","6.16659045489957","6.14712936668502","6.15058111375279","6.17569333299378","6.27049650269464","6.46157177201392","6.75614705812511","7.15466987139244","7.623924505396","8.15035051818373","8.66312971991205","9.14357953267231","9.6629614277528","10.2252083908812","10.8692175059101","11.6466496112112","12.4696324831464","13.2488458043761","14.0330473360653","14.8444554319627",
"中国澳门特别行政区","MAC","Population ages 65-69, male (% of male population)","SP.POP.6569.MA.5Y","1.55925581504161","1.5818956911839","1.55936848716704","1.59676531276244","1.36960898590654","1.26215969547893","1.34900809329953","1.38966029266745","1.43297051739382","1.49551039243208","1.53219202864053","1.5441149177833","1.56008127795709","1.79368544524453","2.10170818853703","2.11257223028084","2.19139840424552","2.27620845652406","2.31915094907587","2.31800734451073","2.32554401334164","2.34378046212753","2.36440395343197","2.3796467700325","2.37337987999243","2.3471564759458","2.30422301479494","2.23307723412859","2.15592198271009","2.10740436918625","2.08385322016681","2.0789267109113","2.11223510095037","2.17109324225474","2.20683122557093","2.2138355600269","2.21593479477683","2.21125905256132","2.19591303168202","2.1719661281045","2.14965316219002","2.13582140101981","2.10519302389163","2.05684075516556","2.02360840231257","1.99695999729025","1.97260014064959","1.96712481837055","1.98523318751971","2.07812559721744","2.26933357224985","2.54211746310669","2.88891679073021","3.29353679797288","3.70391584092254","4.03300695098802","4.26816779206302","4.47155344247026","4.64601985603562","4.84048457628366","5.16106063088382","5.52114076237224","5.82178114486383","6.11146453780645","6.31946443888034",
"中国澳门特别行政区","MAC","Population ages 55-59, male (% of male population)","SP.POP.5559.MA.5Y","3.37819264354102","3.40454016981597","3.46075884317812","3.50498606793066","2.60543604959203","2.09543737803204","2.31638396919977","2.52352938953939","2.70549406994116","2.88373166182776","2.95431607411498","2.94755205820125","2.98671582251229","2.79642240396207","2.45166658509128","2.40601146172687","2.41297978588144","2.49216328856909","2.63952318290889","2.83935129027434","3.1228274628785","3.31739879750142","3.37019463982537","3.41158762112608","3.43460087310681","3.40558988385241","3.33605454922613","3.23493732308937","3.10142497904443","2.97676164415076","2.8988400529624","2.83365446371227","2.77512627492451","2.74405084012933","2.72035717991768","2.69053737769692","2.66372231039956","2.63534300612789","2.63914067606398","2.75178812833264","3.01023177517354","3.38565676331684","3.8308401702902","4.33064972035457","4.8469193622383","5.26835009992209","5.5403975722479","5.73717942276503","5.93082048077356","6.18392386194244","6.59838880676134","7.11909793828556","7.5788775089236","7.92442775570127","8.055583036968","7.9524970297841","7.74962141689135","7.57242720947784","7.42180264205515","7.21170302268372","6.94510957920074","6.60225542887322","6.16005869207534","5.7306746873439","5.44078121254969",
"中国澳门特别行政区","MAC","Population ages 45-49, male (% of male population)","SP.POP.4549.MA.5Y","5.57963258645799","5.3974703761553","5.21540525880036","5.14457650402389","3.85980714210024","3.13981702023462","3.43768608783908","3.73863202717356","3.99211866215433","4.21042511872945","4.33454573153314","4.48684161686648","4.82899245936992","3.48025479782347","1.65434878371103","2.35274534515968","2.90497337338075","3.32169700423895","3.60365009331648","3.74786062046161","3.78629267214531","3.71433250411361","3.60629396070822","3.5356118960257","3.49492591442411","3.46713877199595","3.45081402273777","3.41835826930853","3.39292639901915","3.4601751427992","3.69621189657653","4.0993363305502","4.62771508480944","5.25424143622821","5.9044841724915","6.4363867618159","6.80677917583583","7.11306730638936","7.42017832698213","7.78597311315145","8.28130566920209","8.87867612471071","9.44453506778754","9.87171838375442","10.0356365549736","9.92891135724689","9.68048621035981","9.44915279784718","9.26931899880306","9.04082100676528","8.70682703937643","8.25142431277708","7.64721709027641","7.01074259417416","6.55180014822606","6.29037103800511","6.22252964028729","6.28580487796822","6.98535982971256","7.62516674504083","7.5894151155024","7.5399981360092","7.46881216080155","6.78316082905299","6.18334315677765",
"中国澳门特别行政区","MAC","Population ages 35-39, male (% of male population)","SP.POP.3539.MA.5Y","6.52945683388018","6.1161935855128","5.84806006794758","5.69685374386127","5.28858041044117","5.06088195356499","5.05934212448176","5.02401112332763","4.98109698466417","4.92491684131593","4.79538400015234","4.55179837422516","4.14254246275057","4.67685966570004","5.91356272331261","5.99386488478824","5.79105935248484","5.38773910875218","4.98576601216124","4.7631312208172","4.86166087323434","5.25527750267092","5.80470834343924","6.4507343929987","7.15405016616158","7.80184024259944","8.33193926781448","8.76312171451678","9.10973214397418","9.45274686023387","9.93544106464994","10.5025333618783","11.0284275119318","11.49912574339","11.75176208582","11.6801067561862","11.4180704754164","11.1323292497478","10.8333025022507","10.4166514976106","9.88075283292724","9.2481701695298","8.45018000859262","7.64639767971381","7.12187527858045","6.90923178538766","6.92317686582401","7.06179320268741","7.98167959268829","8.85812024614914","8.91961205931102","8.85512469472489","8.66997901382935","7.77814637313928","6.98398151860549","6.98444562797875","7.12290268315532","7.39721141000002","7.76465235688868","8.19745811780437","8.65133776103038","9.08990648979465","9.51443972397534","9.9179965716767","10.2362299680876",
"中国澳门特别行政区","MAC","Population ages 25-29, male (% of male population)","SP.POP.2529.MA.5Y","6.40137092859357","6.02987633733015","5.77497359180061","5.47883493417723","4.01345766663134","3.09826443766742","3.05081064076012","3.05022499801639","3.15177291990609","3.40864081216712","3.7434540018662","4.41186295980105","5.80795769560622","4.99250594636864","2.98614849982869","3.92980286780967","5.146584606313","6.46127952124817","7.90996895184526","9.48679815888736","11.0952601016697","12.1918694875734","12.6887278680572","13.0409500921901","13.2643700316617","13.2440759195162","12.9965940191243","12.6240194096239","12.1761269094594","11.6107022965925","10.9113114653029","10.0894883322629","9.14049563777533","8.16117865562991","7.39929702820136","6.99883756691809","6.85125122362028","6.81671041339403","7.81580277973041","8.77936425879138","8.68062944905274","8.54116883361243","8.41778535439981","7.408425338133","6.50220363932067","6.61264099176913","6.89739798264772","7.39058521360427","8.01556999543557","8.69663264916103","9.4246965013663","10.0742158744888","10.4534447812595","10.6365445831775","10.7198336535641","10.6178390484384","10.3931556203223","10.1284970910214","9.72750759631477","9.20128725572051","8.7425487403748","8.3387181956569","7.92603938999533","7.50936412042555","7.08328120124393",
"中国澳门特别行政区","MAC","15-64岁的人口（占总人口的百分比）","SP.POP.1564.TO.ZS","54.6912999702854","54.217559123717","54.3983870378129","54.8991132950833","46.1941902461723","41.4426403544767","44.5025053005885","47.6599609097507","50.7569795256908","53.7112327951556","55.8760739795373","58.737792218144","63.8075122354776","52.1302392099839","36.4287424284172","41.7729262906888","47.0188277618229","52.1093638652668","56.877774320351","61.282664272548","65.252319207467","67.5149006950357","67.9865698541875","68.0839029511688","68.1491963294381","68.2045472101347","68.2326762359603","68.1957094204269","68.9674370229883","69.6421964934519","69.4740874280523","69.2313000752207","68.7795921273021","68.3225529828113","68.0686657874534","67.9739799795833","68.0128050001413","68.2326312010774","68.6510489345096","69.2632814451979","70.0880841693173","71.1110362257793","72.2748643681992","73.523247905887","74.8205101617586","76.0698451082486","77.1873614855335","78.1881401674021","79.051088761592","79.7362247785646","80.2879502776714","80.5548679061728","80.2835326851597","79.6751694800607","79.0006291946309","78.3187796438003","77.6817068585387","77.0198799946486","76.217568445532","75.2676705803802","74.3158243011478","73.557823854194","72.9822895082249","72.4259939782452","71.8214344224741",
"中国澳门特别行政区","MAC","Population ages 15-64, female (% of female population)","SP.POP.1564.FE.ZS","55.6486689590782","55.3015696593023","55.3605859799207","55.7052946565548","47.1977831351024","42.366003881952","45.1864613673061","48.0968236805021","50.9780095788917","53.799183451931","55.9010569885737","58.7977849231869","64.2221058145626","51.2311853245531","35.4804079441761","40.4400377078985","45.4135426922138","50.4276837153136","55.3051431811265","59.9551266925806","64.2612051004935","66.7350650186687","67.2169363801469","67.372115045398","67.5962044959496","67.8964663853229","68.2101333646595","68.4428047508075","69.0367150973103","69.4862763799751","69.4417175708672","69.2699286496887","68.8001412392708","68.3367433757394","68.1511337504018","68.1601516045133","68.3155156102176","68.6408792675242","69.1345684200961","69.7809499600876","70.6209973028696","71.6376318607361","72.7414209337397","73.9128573612598","75.1670535344385","76.3978605582377","77.5031918888472","78.5080406309647","79.3972471949141","80.1094655952865","80.6847060060116","80.9924678043352","80.8048838561601","80.319450829938","79.7916398354594","79.2526520707867","78.7398158343252","78.2225809735736","77.5550694046836","76.7050068225387","75.8610552396215","75.2026780345331","74.7040652317754","74.2289311381294","73.6753115570453",
"中国澳门特别行政区","MAC","Population ages 10-14, male (% of male population)","SP.POP.1014.MA.5Y","13.8268442323326","14.9334711277613","15.4977588717275","15.6834500364292","17.9285436756031","19.663275679125","19.7995588196741","19.4423978629911","18.7856337083448","18.0372627814417","17.5366099822901","17.1623176571026","16.4228446573266","14.9897364048092","14.0247662865254","14.3143176467791","13.8430780003317","12.996918747551","11.9088164718631","10.6059221348931","9.2201973115795","8.32936919513698","7.99364843560514","9.30844505945437","10.565092147393","10.2769354186189","9.91749362633245","9.54662353416903","7.89837484830667","6.37821279274971","6.27416556328332","6.3618068935988","6.58132383430504","6.91927198762172","7.39237906197699","7.97335265509098","8.6066191786984","9.18957305536178","9.64642914400582","9.94750293066164","10.0483731740502","9.95046757107645","9.67887937471425","9.2411475406173","8.68888352564897","8.1286200589371","7.59445898373456","7.03285307458715","6.48854288899032","5.99281427970798","5.49190670310144","5.04971166685237","4.75471291994762","4.52537073243035","4.30844905900751","4.14157346334002","4.02255045816111","3.98141160189517","4.07048730156151","4.22900611958299","4.37009288081765","4.49377116406226","4.73312295866997","5.11044879454505","5.47771334335274",
"中国澳门特别行政区","MAC","0-14岁的人口（占总人口的百分比）","SP.POP.0014.TO.ZS","40.119031477277","40.4597197140599","40.3313658719022","39.8410519669476","49.4343134430879","54.6980585850296","51.4977609173108","48.2415147663609","45.0111075356779","41.8932575027614","39.6306462234188","36.869493925051","32.2343061925976","40.988079449034","52.7770374954266","47.8352508813725","43.006988393725","38.3732330190594","34.1250134945482","30.2732985964963","26.8272266626574","24.8953486069583","24.542193296802","24.5331844748487","24.5745509371553","24.6409351906687","24.7373785597822","24.917718068969","24.3001789510714","23.75034085298","23.9910230887752","24.2417550566915","24.6416036599207","25.0183241919982","25.1970219534171","25.2199060429955","25.1073327789086","24.8222584678692","24.3371727253376","23.6592466051911","22.7717700756216","21.7026677899466","20.5589082791318","19.3742498182508","18.1464122770635","16.981170160907","15.9466453331866","15.0004164468753","14.1539939917527","13.4261660506331","12.7485427914262","12.2724133887506","12.2655633586435","12.5334241903454","12.8095998059983","13.0709168904769","13.2822753489413","13.4803021245695","13.7627282276721","14.1109789649077","14.3725391305239","14.4086566570949","14.2756544448727","14.0945341264288","13.910146585548",
"中国澳门特别行政区","MAC","Population ages 0-14, female (% of female population)","SP.POP.0014.FE.ZS","37.61414615262","37.8147257632809","37.8122160413111","37.4913942179987","47.3031998647819","52.9298039155752","49.9331721223452","46.8882842722024","43.8376322620861","40.826605259272","38.6383640068827","35.9771346909611","31.3663788717585","39.6276262151145","49.6041331186259","45.1564709447175","40.792164188524","36.5107717594573","32.5137261277937","28.8522119974003","25.5756136248762","23.8243530320587","23.6457207913661","23.7090814564495","23.7065958628152","23.6253809390702","23.5112725279244","23.4763240595538","23.0766928275953","22.7845992082416","22.9299803388574","23.121776542583","23.5532061833722","23.9668584393485","24.1069706485992","24.0432865692711","23.8261589403973","23.4521536864737","22.9101400547497","22.2158302897329","21.3366899570782","20.3042956604755","19.2576729708812","18.1866177444835","17.0383702790404","15.9403070287953","14.9763424708975","14.0793313003225","13.2447794852429","12.5374757254571","11.895893764442","11.4571188192273","11.4767056323405","11.7386686113797","11.9833473243532","12.1840368571784","12.3193671143762","12.4212807423244","12.6053603830717","12.8898543687966","13.1180940218038","13.1406505025341","12.9899613960804","12.7656033864107","12.5479801066725",
"中国澳门特别行政区","MAC","青少年母亲（占15-19岁年龄段内曾生育子女或正处于怀孕阶段的女性比例）","SP.MTR.1519.ZS","","","","","","","","","","","","","","","","","","","","","","","","","","","","","","","","","","","","","","","","","","","","","","","","","","","","","","","","","","","","","","","","","",
"中国澳门特别行政区","MAC","意愿生育率（每名妇女的生育次数）","SP.DYN.WFRT","","","","","","","","","","","","","","","","","","","","","","","","","","","","","","","","","","","","","","","","","","","","","","","","","","","","","","","","","","","","","","","","","",
"中国澳门特别行政区","MAC","出生时的预期寿命，男性（岁）","SP.DYN.LE00.MA.IN","62.331","62.811","63.299","64.005","64.469","64.6","65.141","65.85","66.545","66.6","67.305","67.506","68.077","68.594","68.966","68.825","69.846","69.329","69.991","70.382","70.818","71.191","71.987","71.967","71.923","72.408","72.695","72.669","73.106","74.024","74.466","74.285","74.806","75.272","74.846","75.1","75.3","75.5","76.1","76.8","77.5","78.1","78.8","78.8","78.7","79","78.9","78.9","79.1","79.2","79.2","79.3","79.3","79.6","79.9","80.2","80.3","80.6","80.8","81.1","81.3","80.9","80.3","80.4","",
"中国澳门特别行政区","MAC","死亡率，婴幼儿（每千例活产儿）","SP.DYN.IMRT.IN","","","","","","","","","","","","","","","","","","","","","","","","","","","","","","","","","","","","","","","","","","","","","","","","","","","","","","","","","","","","","","","","","",
"中国澳门特别行政区","MAC","粗死亡率（每千人）","SP.DYN.CDRT.IN","9.455","9.095","8.699","8.354","6.697","6.427","6.095","5.875","5.702","5.746","5.612","5.478","4.976","4.968","11.335","10.449","9.437","9.045","8.37","7.755","7.192","6.613","6.26","6.171","6.062","5.1","4.5","4.3","4.5","4.7","4.4","3.8","3.9","4","3.4","3.3","3.4","3.1","3.2","3.2","3.1","3.1","3.2","3.3","3.4","3.4","3.1","3","3.2","3.1","3.3","3.4","3.2","3.2","3.1","3.1","3.4","3.3","3.1","3.4","3.3","3.4","4.4","4.4","",
"中国澳门特别行政区","MAC","青春期生育率（每千名 15-19 岁女性生育数）","SP.ADO.TFRT","12.857","11.602","11.799","9.606","9.011","6.299","5.851","5.237","4.561","4.13","4.166","4.617","4.992","5.545","5.321","5.829","5.927","6.657","6.956","7.203","8.234","9.463","9.839","9.696","8.895","8.147","7.449","6.899","5.991","6.643","7.687","8.349","8.603","7.797","6.784","6.281","5.681","5.386","5.332","5.229","4.771","4.293","3.669","3.396","3.167","3.271","3.418","3.394","3.245","3.172","3.163","3.265","3.251","2.908","2.729","2.276","2.011","1.616","1.349","1.318","1.096","0.814","0.473","0.465","",
"中国澳门特别行政区","MAC","Prevalence of moderate or severe food insecurity in the population (%)","SN.ITK.MSFI.ZS","","","","","","","","","","","","","","","","","","","","","","","","","","","","","","","","","","","","","","","","","","","","","","","","","","","","","","","","","","","","","","","","","",
"中国澳门特别行政区","MAC","Refugees under the mandate of the UNRWA by country or territory of origin","SM.POP.RRWA.EO","","","","","","","","","","","","","","","","","","","","","","","","","","","","","","","","","","","","","","","","","","","","","","","","","","","","","","","","","","","","","","","","","",
"中国澳门特别行政区","MAC","Other people in need of international protection by country or territory of origin","SM.POP.OPIP.EO","","","","","","","","","","","","","","","","","","","","","","","","","","","","","","","","","","","","","","","","","","","","","","","","","","","","","","","","","","","","","","","","","",
"中国澳门特别行政区","MAC","Forcibly displaced people","SM.POP.FDIP","","","","","","","","","","","","","","","","","","","","","","","","","","","","","","","","","","","","","","","","","","","","","","","","","","","10","10","5","5","5","5","5","5","","","","","","","",
"中国澳门特别行政区","MAC","Children in employment, wage workers, male (% of male children in employment, ages 7-14)","SL.WAG.0714.MA.ZS","","","","","","","","","","","","","","","","","","","","","","","","","","","","","","","","","","","","","","","","","","","","","","","","","","","","","","","","","","","","","","","","","",
"中国澳门特别行政区","MAC","男性失业人数（占男性劳动力比例）（模拟劳工组织估计）","SL.UEM.TOTL.MA.ZS","","","","","","","","","","","","","","","","","","","","","","","","","","","","","","","","2.495","2.072","2.139","2.396","4.045","4.748","3.71","5.624","7.996","8.735","8.085","7.84","7.1","5.655","4.444","3.822","3.564","3.192","4.284","3.559","2.949","2.274","2.231","1.939","2.014","2.349","2.395","2.278","2.127","2.903","2.598","2.738","2.482","2.547",
"中国澳门特别行政区","MAC","Share of youth not in education, employment or training, total (% of youth population)","SL.UEM.NEET.ZS","","","","","","","","","","","","","","","","","","","","","","","","","","","","","","","","","","","","","","","","","","","","","","","","","","7.19","6.19","6.3","5.76","5.27","5","5.31","4.96","","","","","","","","",
"中国澳门特别行政区","MAC","Share of youth not in education, employment or training, female (% of female youth population)","SL.UEM.NEET.FE.ZS","","","","","","","","","","","","","","","","","","","","","","","","","","","","","","","","","","","","","","","","","","","","","","","","","","5.71","5.47","6.3","5.94","4.96","5.13","5.36","4.32","","","","","","","","",
"中国澳门特别行政区","MAC","Unemployment with intermediate education, female (% of female labor force with intermediate education)","SL.UEM.INTM.FE.ZS","","","","","","","","","","","","","","","","","","","","","","","","","","","","","","","","","","","","","2.84","1.91","3.85","4.11","3.23","4.73","4.09","5.11","","3.16","3.9","2.56","2.41","2.4","1.98","1.93","1.44","1.36","1.08","1.54","1.65","","","","","","","","",
"中国澳门特别行政区","MAC","Unemployment with advanced education (% of total labor force with advanced education)","SL.UEM.ADVN.ZS","","","","","","","","","","","","","","","","","","","","","","","","","","","","","","","","","","","","","2.82","3.26","2.96","3.88","3.53","3.47","2.52","3.11","","2.36","2.82","1.54","2.31","1.99","1.64","1.85","1.69","1.36","1.77","1.59","1.49","","","","","","","","",
"中国澳门特别行政区","MAC","Unemployment, youth total (% of total labor force ages 15-24) (national estimate)","SL.UEM.1524.NE.ZS","","","","","","","","","","","","","","","","","","","","","","","","","","","","","","","","","","","","","6.672","7.048","8.966","11.528","10.895","9.827","10.842","11.694","10.409","8.228","7.162","6.542","5.973","7.76","5.53","5.83","5.54","4.2","","4.46","5.137","5.298","5.258","5.167","8.032","","","","",
"中国澳门特别行政区","MAC","Unemployment, youth female (% of female labor force ages 15-24) (national estimate)","SL.UEM.1524.FE.NE.ZS","","","","","","","","","","","","","","","","","","","","","","","","","","","","","","","","","","","","","3.916","4.755","5.814","7.196","7.383","6.094","6.988","7.143","7.483","5.814","5.82","4.148","4.348","5.88","3.47","4.74","4.48","3.03","","3.85","3.623","3.915","4.384","4.43","6.122","","","","",
"中国澳门特别行政区","MAC","非全日制就业，男性（占男性就业总数的比例）","SL.TLF.PART.MA.ZS","","","","","","","","","","","","","","","","","","","","","","","","","","","","","","","","","","","","","","","","","","","","","","","","","","10.73","9.89","11.75","9.68","8.67","","5.23","6.07","","","","","","","","",
"中国澳门特别行政区","MAC","Labor force with intermediate education, female (% of female working-age population with intermediate education)","SL.TLF.INTM.FE.ZS","","","","","","","","","","","","","","","","","","","","","","","","","","","","","","","","","","","","","","","","","","","","","","","","","","71.65","72.45","73.04","70.43","71.93","39.99","70.12","69.82","","","","","","","","",
"中国澳门特别行政区","MAC","Labor force participation rate, male (% of male population ages 15+) (national estimate)","SL.TLF.CACT.MA.NE.ZS","63.17","","","","","","","","","","","","","","","","","","","","","","","","","","","","","","60.6","60.2","72.06","71.2","70.64","72.85","81.11","78.49","77.38","","74.92","79.43","72.53","69.4","70.06","70.84","73.55","76","77.32","78.01","77.57","78.06","78.55","78.43","79.82","79.57","77.78","","","","","","","","",
"中国澳门特别行政区","MAC","Labor force participation rate, female (% of female population ages 15+) (national estimate)","SL.TLF.CACT.FE.NE.ZS","18.53","","","","","","","","","","","","","","","","","","","","","","","","","","","","","","40.8","40.4","46.91","46.73","47.94","48.96","56.41","54.79","54.6","","56.69","60.54","56.36","53.16","54.76","56.83","58.85","62.7","64.26","66.44","66.03","67.44","66.76","67.55","68.1","68.07","67.31","","","","","","","","",
"中国澳门特别行政区","MAC","Labor force with advanced education (% of total working-age population with advanced education)","SL.TLF.ADVN.ZS","","","","","","","","","","","","","","","","","","","","","","","","","","","","","","","","","","","","","","","","","","","","","","","","","","91.82","91.16","90.8","91.38","91.18","74.09","91.75","90.79","","","","","","","","",
"中国澳门特别行政区","MAC","劳动力参与率，男性（占 15-64 岁男性人口的百分比）（模拟劳工组织估计）","SL.TLF.ACTI.MA.ZS","","","","","","","","","","","","","","","","","","","","","","","","","","","","","","","74.897","75.394","74.876","77.566","79.637","81.215","82.391","83.195","82.906","82.544","81.17","79.745","77.868","75.663","75.897","76.165","78.087","79.834","80.837","80.446","80.827","81.29","81.95","81.639","82.837","82.252","81.746","82.62","83.502","83.773","83.203","83.959","84.82","85","85.124",
"中国澳门特别行政区","MAC","劳动力参与率，男性（占 15-24 岁男性人口的百分比）（模拟劳工组织估计）","SL.TLF.ACTI.1524.MA.ZS","","","","","","","","","","","","","","","","","","","","","","","","","","","","","","","49.931","50.352","48.58","47.749","46.918","46.09","45.264","44.44","41.64","38.731","35.9","35.045","34.2","27.96","29.97","32.8","37.02","43.53","44.96","45.909","45.573","45.909","45.109","44","43.727","41.873","43.209","44.438","45.613","45.665","44.798","44.789","46.993","45.848","45.263",
"中国澳门特别行政区","MAC","从事经济活动的儿童总计（占 7-14 岁儿童的百分比）","SL.TLF.0714.ZS","","","","","","","","","","","","","","","","","","","","","","","","","","","","","","","","","","","","","","","","","","","","","","","","","","","","","","","","","","","","","","","","","",
"中国澳门特别行政区","MAC","Average working hours of children, working only, male, ages 7-14 (hours per week)","SL.TLF.0714.WK.MA.TM","","","","","","","","","","","","","","","","","","","","","","","","","","","","","","","","","","","","","","","","","","","","","","","","","","","","","","","","","","","","","","","","","",
"中国澳门特别行政区","MAC","Average working hours of children, study and work, ages 7-14 (hours per week)","SL.TLF.0714.SW.TM","","","","","","","","","","","","","","","","","","","","","","","","","","","","","","","","","","","","","","","","","","","","","","","","","","","","","","","","","","","","","","","","","",
"中国澳门特别行政区","MAC","Average working hours of children, study and work, female, ages 7-14 (hours per week)","SL.TLF.0714.SW.FE.TM","","","","","","","","","","","","","","","","","","","","","","","","","","","","","","","","","","","","","","","","","","","","","","","","","","","","","","","","","","","","","","","","","",
"中国澳门特别行政区","MAC","服务业男性就业人员（占男性就业的百分比）","SL.SRV.EMPL.MA.ZS","","","","","","","","","","","","","","","","","","","","","","","","","","","","","","","","63.9042942633552","64.3668997317417","65.3050142415114","66.2430101598803","67.1362227607581","68.1876842789453","68.8560798761666","69.6771741884116","70.2267853068674","70.8599409835466","71.6415375952953","72.0955473666705","72.4535592466895","72.7337473192279","71.6539474776754","70.4612275543642","70.1970735565515","71.1848104428206","73.4798814166041","74.8880665070278","75.2466169753977","75.6669965907841","75.9011811969171","75.5221706563748","75.1699322400183","76.2514346723609","77.3261942345309","78.0247676424397","78.4923843358243","79.326478653577","79.4298675137129","80.4627029850671","80.5979255643685","80.7848236445798",
"中国澳门特别行政区","MAC","服务业女童工雇佣率（占 7-14 岁参与经济活动女童的百分比）","SL.SRV.0714.FE.ZS","","","","","","","","","","","","","","","","","","","","","","","","","","","","","","","","","","","","","","","","","","","","","","","","","","","","","","","","","","","","","","","","","",
"中国澳门特别行政区","MAC","制造业童工雇佣率（占 7-14 岁参与经济活动儿童的百分比）","SL.MNF.0714.ZS","","","","","","","","","","","","","","","","","","","","","","","","","","","","","","","","","","","","","","","","","","","","","","","","","","","","","","","","","","","","","","","","","",
"中国澳门特别行政区","MAC","工业男性就业人员（占男性就业的百分比）","SL.IND.EMPL.MA.ZS","","","","","","","","","","","","","","","","","","","","","","","","","","","","","","","","35.7230539906618","35.2635718210319","34.324091719432","33.3819012365126","32.4862657256235","31.4326893186507","30.7646350625956","29.9410082877927","29.3926534337212","28.7572742803373","27.973259212255","27.5166962808651","27.1549107944297","26.8717390608495","27.9512670123871","29.1437152219829","29.4054837859214","28.4142152270314","26.1129494544426","24.700088840775","24.3385345037382","23.9161992741669","23.680159821838","24.0589232838407","24.4116911251989","23.3284398772187","22.2516479885886","21.5509384413378","21.0854873616726","20.2500529335516","20.14288831269","19.1003109131","18.9739926685417","18.792951716091",
"中国澳门特别行政区","MAC","Contributing family workers, male (% of male employment)","SL.FAM.WORK.MA.ZS","","","","","","","","","","","","","","","","","","","","","","","","","","","","","","","","0.3562112277779","0.326434750756833","0.312493596442696","0.301252264314405","0.288685275119964","0.285426302551881","0.189189923147251","0.28500597155369","0.284736481861739","0.195503421309873","0.185898524430462","0.284471364674784","0.481291193995401","0.269677667168144","0.167576258520347","0.145251945463859","0.119957817031374","0.168634064080944","0.240488110907458","0.235928150758677","0.120549433757237","0.168811173430111","0.0534922818279077","0.0951575947987603","0.0856980129771277","0.0480448418523956","0.0634547714317179","0.0308951880744574","0.0280738290661113","0.029436218943498","0.0482045088975375","0.135616376430878","0.119049390615932","0.088499075456586",
"中国澳门特别行政区","MAC","Children in employment, unpaid family workers, female (% of female children in employment, ages 7-14)","SL.FAM.0714.FE.ZS","","","","","","","","","","","","","","","","","","","","","","","","","","","","","","","","","","","","","","","","","","","","","","","","","","","","","","","","","","","","","","","","","",
"中国澳门特别行政区","MAC","弱势群体就业率（占所有就业人员比例）","SL.EMP.VULN.ZS","","","","","","","","","","","","","","","","","","","","","","","","","","","","","","","","7.65422548830014","7.49321017784953","7.4033850828467","7.32507060822522","7.28302094212059","7.26646353763018","6.3808101398672","6.25911065025622","7.29199127454036","8.40119185115449","7.80477671974658","6.9792967888897","7.54631824647142","8.07506989471179","6.44194548420772","5.54492954834135","5.16145677738247","4.64553017892133","4.85029399025952","4.83813003503938","4.36636641803671","4.10716284275322","3.54565740682288","3.19505151107174","3.35428933105689","3.23331807392785","3.39733465599833","3.03737182290907","3.27505503124763","3.48984544641717","3.23630816704073","3.89088704582968","3.86057008291223","3.62885003443735",
"中国澳门特别行政区","MAC","Employment to population ratio, 15+, total (%) (national estimate)","SL.EMP.TOTL.SP.NE.ZS","","","","","","","","","","","","","","","","","","","","","","","","","","","","","","","","","","","","","","62.26","60.89","","60.81","","","57.98","59.25","60.84","63.38","67.09","68.49","69.44","69.45","70.66","70.95","71.34","72.59","72.39","70.93","","","","","","","","",
"中国澳门特别行政区","MAC","Employment to population ratio, 15+, female (%) (national estimate)","SL.EMP.TOTL.SP.FE.NE.ZS","","","","","","","","","","","","","","","","","","","","","","","","","","","","","","","","","","","","","","52.52","51.85","","54.05","","","51.47","52.94","54.62","56.67","60.98","62.45","64.51","64.71","66.01","65.66","66.57","67.19","66.96","66.33","","","","","","","","",
"中国澳门特别行政区","MAC","Self-employed, female (% of female employment)","SL.EMP.SELF.FE.ZS","","","","","","","","","","","","","","","","","","","","","","","","","","","","","","","","7.33894697301697","7.15928093645485","7.07606380728057","7.01256804892802","6.97576476894215","6.9780734290822","6.36364672754426","5.94354974468324","6.87640400898566","8.0358159515553","7.42319623736616","6.49487424756273","7.06617826617827","7.60304375396322","6.52992884051904","6.32827538908762","5.39804547491039","4.73611111111111","4.84202017140006","4.49363498289039","4.39309382629927","4.23324731256302","3.93034798403348","4.26415094339623","4.19490106666241","3.66295176929858","3.76604271820436","3.52158489108448","3.65444337970791","3.82739079222086","3.96713061256586","4.64409565203909","4.67818094466255","4.49811613318017",
"中国澳门特别行政区","MAC","15-24 岁总就业人口比率（百分比）（模拟劳工组织估计）","SL.EMP.1524.SP.ZS","","","","","","","","","","","","","","","","","","","","","","","","","","","","","","","","46.954","45.951","45.809","45.26","44.178","43.453","42.988","39.197","37.763","37.763","36.17","33.793","27.039","28.476","32.431","35.406","41.426","43.414","44.352","44.214","44.451","42.695","43.67","43.206","41.474","40.303","40.614","41.444","41.836","39.89","40.658","40.391","40.993","41.125",
"中国澳门特别行政区","MAC","15-24 岁女性就业人口比率（百分比）（模拟劳工组织估计）","SL.EMP.1524.SP.FE.ZS","","","","","","","","","","","","","","","","","","","","","","","","","","","","","","","","46.301","45.52","45.988","45.898","45.98","45.9","45.713","41.874","42.765","44.175","41.676","38.256","30.698","30.987","35.509","36.898","43.17","45.172","46.986","46.17","46.061","43.306","45.591","44.698","43.151","40.233","39.72","40.135","40.703","39.296","40.012","38.288","40.165","40.951",
"中国澳门特别行政区","MAC","农业女性就业人员（占女性就业的百分比）","SL.AGR.EMPL.FE.ZS","","","","","","","","","","","","","","","","","","","","","","","","","","","","","","","","0.438239529205534","0.431497849976111","0.430177289459951","0.42879225754419","0.428806615873502","0.426856705055394","0.425231141055896","0.424218618483811","0.422282702609297","0.419232958956576","0.416291403982788","0.41353855667314","0.41025641025641","0.405833861762841","0.406027626622018","0.405259015064725","0.403225806451613","0.398809523809524","0.392818122683036","0.387329742654459","0.384838972212533","0.382251237616712","0.380943968111125","0.380592991913747","0.382127691236574","0.380409688116526","0.377383990809712","0.376096524664817","0.378288070881351","0.377633195322808","0.363194935912558","0.361770193236965","0.351348859329428","0.341317903116771",
"中国澳门特别行政区","MAC","繁荣差距（相较于每天28美元的繁荣标准的平均差额）","SI.SPR.PGAP","","","","","","","","","","","","","","","","","","","","","","","","","","","","","","","","","","","","","","","","","","","","","","","","","","","","","","","","","","","","","","","","","",
"中国澳门特别行政区","MAC","底层40%人口的人均消费或收入平均值（按2021年购买力平价计算的日均美元）","SI.SPR.PC40","","","","","","","","","","","","","","","","","","","","","","","","","","","","","","","","","","","","","","","","","","","","","","","","","","","","","","","","","","","","","","","","","",
"中国澳门特别行政区","MAC","贫困人口比例，以每天8.3美元为贫困线（按2021年购买力平价计算）（占总人口的百分比）","SI.POV.UMIC","","","","","","","","","","","","","","","","","","","","","","","","","","","","","","","","","","","","","","","","","","","","","","","","","","","","","","","","","","","","","","","","","",
"中国澳门特别行政区","MAC","Multidimensional poverty headcount ratio (UNDP) (% of population)","SI.POV.MPUN","","","","","","","","","","","","","","","","","","","","","","","","","","","","","","","","","","","","","","","","","","","","","","","","","","","","","","","","","","","","","","","","","",
"中国澳门特别行政区","MAC","贫困差距，以每天3美元为贫困线（按2021年购买力平价计算）（百分比）","SI.POV.GAPS","","","","","","","","","","","","","","","","","","","","","","","","","","","","","","","","","","","","","","","","","","","","","","","","","","","","","","","","","","","","","","","","","",
"中国澳门特别行政区","MAC","Proportion of people living below 50 percent of median income (%)","SI.DST.50MD","","","","","","","","","","","","","","","","","","","","","","","","","","","","","","","","","","","","","","","","","","","","","","","","","","","","","","","","","","","","","","","","","",
"中国澳门特别行政区","MAC","第三个20% 占有的收入份额","SI.DST.03RD.20","","","","","","","","","","","","","","","","","","","","","","","","","","","","","","","","","","","","","","","","","","","","","","","","","","","","","","","","","","","","","","","","","",
"中国澳门特别行政区","MAC","UHC service coverage sub-index on infectious diseases","SH_UHC_SCI_ID","","","","","","","","","","","","","","","","","","","","","","","","","","","","","","","","","","","","","","","","","","","","","","","","","","","","","","","","","","","","","","","","","",
"中国澳门特别行政区","MAC","Proportion of population facing large (but non-impoverishing) out-of-pocket health expenditure (%)","SH_UHC_FH40_LARGE","","","","","","","","","","","","","","","","","","","","","","","","","","","","","","","","","","","","","","","","","","","","","","","","","","","","","","","","","","","","","","","","","",
"中国澳门特别行政区","MAC","国内人均私人医疗支出，购买力平价（现价国际美元）","SH.XPD.PVTD.PP.CD","","","","","","","","","","","","","","","","","","","","","","","","","","","","","","","","","","","","","","","","","","","","","","","","","","","","","","","","","","","","","","","","","",
"中国澳门特别行政区","MAC","Out-of-pocket expenditure per capita (current US$)","SH.XPD.OOPC.PC.CD","","","","","","","","","","","","","","","","","","","","","","","","","","","","","","","","","","","","","","","","","","","","","","","","","","","","","","","","","","","","","","","","","",
"中国澳门特别行政区","MAC","Domestic general government health expenditure (% of general government expenditure)","SH.XPD.GHED.GE.ZS","","","","","","","","","","","","","","","","","","","","","","","","","","","","","","","","","","","","","","","","","","","","","","","","","","","","","","","","","","","","","","","","","",
"中国澳门特别行政区","MAC","External health expenditure per capita (current US$)","SH.XPD.EHEX.PC.CD","","","","","","","","","","","","","","","","","","","","","","","","","","","","","","","","","","","","","","","","","","","","","","","","","","","","","","","","","","","","","","","","","",
"中国澳门特别行政区","MAC","当前医疗支出（占 GDP 的百分比）","SH.XPD.CHEX.GD.ZS","","","","","","","","","","","","","","","","","","","","","","","","","","","","","","","","","","","","","","","","","","","","","","","","","","","","","","","","","","","","","","","","","",
"中国澳门特别行政区","MAC","肺结核治疗成功率（占登记病例比例）","SH.TBS.CURE.ZS","","","","","","","","","","","","","","","","","","","","","","","","","","","","","","","","","","","","","","","","","89","86","82","83","92","92","89","91","91","89","92","90","88","82","86","80","82","82","83","85","84","82","81","88","",
"中国澳门特别行政区","MAC","消瘦发生率（5岁以下儿童所占百分比）","SH.STA.WAST.ZS","","","","","","","","","","","","","","","","","","","","","","","","","","","","","","","","","","","","","","","","","","","","","","","","","","","","","","","","","","","","","","","","","",
"中国澳门特别行政区","MAC","Mortality caused by road traffic injury (per 100,000 people)","SH.STA.TRAF.P5","","","","","","","","","","","","","","","","","","","","","","","","","","","","","","","","","","","","","","","","","","","","","","","","","","","","","","","","","","","","","","","","","",
"中国澳门特别行政区","MAC","营养不良的发生率，年龄身高（占5岁以下儿童的百分比）","SH.STA.STNT.ZS","","","","","","","","","","","","","","","","","","","","","","","","","","","","","","","","","","","","","","","","","","","","","","","","","","","","","","","","","","","","","","","","","",
"中国澳门特别行政区","MAC","营养不良患病率，基于年龄相应的身高，男性（占5岁以下儿童百分比）","SH.STA.STNT.MA.ZS","","","","","","","","","","","","","","","","","","","","","","","","","","","","","","","","","","","","","","","","","","","","","","","","","","","","","","","","","","","","","","","","","",
"中国澳门特别行政区","MAC","People using safely managed sanitation services, rural (% of rural population)","SH.STA.SMSS.RU.ZS","","","","","","","","","","","","","","","","","","","","","","","","","","","","","","","","","","","","","","","","","","","","","","","","","","","","","","","","","","","","","","","","","",
"中国澳门特别行政区","MAC","超重的发生率（占5岁以下儿童的百分比）","SH.STA.OWGH.ZS","","","","","","","","","","","","","","","","","","","","","","","","","","","","","","","","","","","","","","","","","","","","","","","","","","","","","","","","","","","","","","","","","",
"中国澳门特别行政区","MAC","超重率，男性（占5岁以下儿童中百分比）","SH.STA.OWGH.MA.ZS","","","","","","","","","","","","","","","","","","","","","","","","","","","","","","","","","","","","","","","","","","","","","","","","","","","","","","","","","","","","","","","","","",
"中国澳门特别行政区","MAC","People practicing open defecation (% of population)","SH.STA.ODFC.ZS","","","","","","","","","","","","","","","","","","","","","","","","","","","","","","","","","","","","","","","","","0","0","0","0","0","0","0","0","0","0","0","0","0","0","0","0","0","0","0","0","0","0","0","0","0",
"中国澳门特别行政区","MAC","孕产妇死亡率（模型估计值，每10万例活产中所占比例）","SH.STA.MMRT","","","","","","","","","","","","","","","","","","","","","","","","","","","","","","","","","","","","","","","","","","","","","","","","","","","","","","","","","","","","","","","","","",
"中国澳门特别行政区","MAC","People with basic handwashing facilities including soap and water (% of population)","SH.STA.HYGN.ZS","","","","","","","","","","","","","","","","","","","","","","","","","","","","","","","","","","","","","","","","","","","","","","","","","","","","","","","","","","","","","","","","","",
"中国澳门特别行政区","MAC","Diabetes prevalence (% of population ages 20 to 79)","SH.STA.DIAB.ZS","","","","","","","","","","","","","","","","","","","","","","","","","","","","","","","","","","","","","","","","","","","","","","","","","","","","7.2","","","","","","","","","","","","","8.1",
"中国澳门特别行政区","MAC","People using at least basic sanitation services (% of population)","SH.STA.BASS.ZS","","","","","","","","","","","","","","","","","","","","","","","","","","","","","","","","","","","","","","","","","100","100","100","100","100","100","100","100","100","100","100","100","100","100","100","100","100","100","100","100","100","100","100","100","100",
"中国澳门特别行政区","MAC","接受产前护理的孕妇（百分比）","SH.STA.ANVC.ZS","","","","","","","","","","","","","","","","","","","","","","","","","","","","","","","","","","","","","","","","","","","","","","","","","","","","","","","","","","","","","","","","","",
"中国澳门特别行政区","MAC","Specialist surgical workforce (per 100,000 population)","SH.SGR.PROC.P5","","","","","","","","","","","","","","","","","","","","","","","","","","","","","","","","","","","","","","","","","","","","","","","","","","","","","","","","","","","","","","","2721.2","","",
"中国澳门特别行政区","MAC","女性吸烟率（吸烟女性占所有成年人比例）","SH.PRV.SMOK.FE","","","","","","","","","","","","","","","","","","","","","","","","","","","","","","","","","","","","","","","","","","","","","","","","","","","","","","","","","","","","","","","","","",
"中国澳门特别行政区","MAC","孕产妇死亡的终身风险 （各国比率有所差异）","SH.MMR.RISK","","","","","","","","","","","","","","","","","","","","","","","","","","","","","","","","","","","","","","","","","","","","","","","","","","","","","","","","","","","","","","","","","",
"中国澳门特别行政区","MAC","Incidence of malaria (per 1,000 population at risk)","SH.MLR.INCD.P3","","","","","","","","","","","","","","","","","","","","","","","","","","","","","","","","","","","","","","","","","","","","","","","","","","","","","","","","","","","","","","","","","",
"中国澳门特别行政区","MAC","社区卫生服务人员（每 1,000 人）","SH.MED.CMHW.P3","","","","","","","","","","","","","","","","","","","","","","","","","","","","","","","","","","","","","","","","","","","","","","","","","","","","","","","","","","","","","","","","","",
"中国澳门特别行政区","MAC","Immunization, HepB3 (% of one-year-old children)","SH.IMM.HEPB","","","","","","","","","","","","","","","","","","","","","","","","","","","","","","","","","","","","","","","","","","","","","","","","","","","","","","","","","","","","","","","","","",
"中国澳门特别行政区","MAC","Young people (ages 15-24) newly infected with HIV","SH.HIV.INCD.YG","","","","","","","","","","","","","","","","","","","","","","","","","","","","","","","","","","","","","","","","","","","","","","","","","","","","","","","","","","","","","","","","","",
"中国澳门特别行政区","MAC","Adults (ages 15+) newly infected with HIV","SH.HIV.INCD","","","","","","","","","","","","","","","","","","","","","","","","","","","","","","","","","","","","","","","","","","","","","","","","","","","","","","","","","","","","","","","","","",
"中国澳门特别行政区","MAC","艾滋病病毒感染儿童（0至14岁）","SH.HIV.0014","","","","","","","","","","","","","","","","","","","","","","","","","","","","","","","","","","","","","","","","","","","","","","","","","","","","","","","","","","","","","","","","","",
"中国澳门特别行政区","MAC","People using at least basic drinking water services (% of population)","SH.H2O.BASW.ZS","","","","","","","","","","","","","","","","","","","","","","","","","","","","","","","","","","","","","","","","","100","100","100","100","100","100","100","100","100","100","100","100","100","100","100","100","100","100","100","100","100","100","100","100","100",
"中国澳门特别行政区","MAC","新生儿死亡率 （每千例活产儿）","SH.DYN.NMRT","","","","","","","","","","","","","","","","","","","","","","","","","","","","","","","","","","","","","","","","","","","","","","","","","","","","","","","","","","","","","","","","","",
"中国澳门特别行政区","MAC","死亡率，5岁以下，男性（每千人）","SH.DYN.MORT.MA","","","","","","","","","","","","","","","","","","","","","","","","","","","","","","","","","","","","","","","","","","","","","","","","","","","","","","","","","","","","","","","","","",
"中国澳门特别行政区","MAC","感染 HIV 的成年女性（占15 岁以上HIV感染者的百分比）","SH.DYN.AIDS.FE.ZS","","","","","","","","","","","","","","","","","","","","","","","","","","","","","","","","","","","","","","","","","","","","","","","","","","","","","","","","","","","","","","","","","",
"中国澳门特别行政区","MAC","Probability of dying among children ages 5-9 years (per 1,000)","SH.DYN.0509","","","","","","","","","","","","","","","","","","","","","","","","","","","","","","","","","","","","","","","","","","","","","","","","","","","","","","","","","","","","","","","","","",
"中国澳门特别行政区","MAC","Cause of death, by injury (% of total)","SH.DTH.INJR.ZS","","","","","","","","","","","","","","","","","","","","","","","","","","","","","","","","","","","","","","","","","","","","","","","","","","","","","","","","","","","","","","","","","",
"中国澳门特别行政区","MAC","Number of deaths ages 15-19 years","SH.DTH.1519","","","","","","","","","","","","","","","","","","","","","","","","","","","","","","","","","","","","","","","","","","","","","","","","","","","","","","","","","","","","","","","","","",
"中国澳门特别行政区","MAC","安全套使用率，15-24岁人口，女性（占 15-24 岁女性人口的百分比）","SH.CON.1524.FE.ZS","","","","","","","","","","","","","","","","","","","","","","","","","","","","","","","","","","","","","","","","","","","","","","","","","","","","","","","","","","","","","","","","","",
"中国澳门特别行政区","MAC","Total alcohol consumption per capita, male (liters of pure alcohol, projected estimates, male 15+ years of age)","SH.ALC.PCAP.MA.LI","","","","","","","","","","","","","","","","","","","","","","","","","","","","","","","","","","","","","","","","","","","","","","","","","","","","","","","","","","","","","","","","","",
"中国澳门特别行政区","MAC","Women who believe a husband is justified in beating his wife (any of five reasons) (%)","SG.VAW.REAS.ZS","","","","","","","","","","","","","","","","","","","","","","","","","","","","","","","","","","","","","","","","","","","","","","","","","","","","","","","","","","","","","","","","","",
"中国澳门特别行政区","MAC","Mobile cellular subscriptions","IT.CEL.SETS","0","","","","","0","","","","","0","","","","","0","0","0","0","0","0","0","0","0","0","0","0","0","0","1356","2232","4847","10513","15135","21445","35881","44788","52845","82114","118101","141052","194475","276138","364031","432450","532758","636347","794323","932596","1037380","1122260","1353190","1613460","1722250","1856450","1896100","1969970","2047000","2181190","2793000","1621220","1274750","1213220","1374130","",
"中国澳门特别行政区","MAC","铁路客运量 （百万乘客-公里）","IS.RRS.PASG.KM","","","","","","","","","","","","","","","","","","","","","","","","","","","","","","","","","","","","","","","","","","","","","","","","","","","","","","","","","","","","","","","","","",
"中国澳门特别行政区","MAC","航空运输量，注册承运人全球出港量","IS.AIR.DPRT","","","","","","","","","","","","","","","","","","","","","","","","","","","","","","","","","","","","","","","","","11673","14161","15378","14355","21126","23572","25154","25016","19009","14258","13411","14368","15890","17859","20158","21472","23574","22924","24411","28685","6470","6773","4361","16207","",
"中国澳门特别行政区","MAC","Statistical performance indicators (SPI): Pillar 2 data services score (scale 0-100)","IQ.SPI.PIL2","","","","","","","","","","","","","","","","","","","","","","","","","","","","","","","","","","","","","","","","","","","","","","","","","","","","","","","","","","","","","","","","","",
"中国澳门特别行政区","MAC","国家政策和制度评估 (CPIA) 贸易评级（1=低至 6=高）","IQ.CPA.TRAD.XQ","","","","","","","","","","","","","","","","","","","","","","","","","","","","","","","","","","","","","","","","","","","","","","","","","","","","","","","","","","","","","","","","","",
"中国澳门特别行政区","MAC","国家政策和制度评估 (CPIA) 公共部门管理和机构集群平均值（1=低至 6=高）","IQ.CPA.PUBS.XQ","","","","","","","","","","","","","","","","","","","","","","","","","","","","","","","","","","","","","","","","","","","","","","","","","","","","","","","","","","","","","","","","","",
"中国澳门特别行政区","MAC","国家政策和制度评估 (CPIA) 公共管理质量评级（1=低至 6=高）","IQ.CPA.PADM.XQ","","","","","","","","","","","","","","","","","","","","","","","","","","","","","","","","","","","","","","","","","","","","","","","","","","","","","","","","","","","","","","","","","",
"中国澳门特别行政区","MAC","国家政策和制度评估 (CPIA) 性别平等评级（1=低至 6=高）","IQ.CPA.GNDR.XQ","","","","","","","","","","","","","","","","","","","","","","","","","","","","","","","","","","","","","","","","","","","","","","","","","","","","","","","","","","","","","","","","","",
"中国澳门特别行政区","MAC","国家政策和制度评估 (CPIA) 环境可持续性政策和制度评级（1=低至 6=高）","IQ.CPA.ENVR.XQ","","","","","","","","","","","","","","","","","","","","","","","","","","","","","","","","","","","","","","","","","","","","","","","","","","","","","","","","","","","","","","","","","",
"中国澳门特别行政区","MAC","Trademark applications, resident, by count","IP.TMK.RSCT","","","","","","","","","","","","","","","","","","","","","","","","","","","","","","","","","","","","","","","","","","","","","273","560","531","671","624","790","765","1240","985","1191","1421","1833","1684","2030","2438","2479","2319","2504","","","",
"中国澳门特别行政区","MAC","科技期刊文章","IP.JRN.ARTC.SC","","","","","","","","","","","","","","","","","","","","","","","","","","","","","","","","","","","","","","","","","","","","","","","","","","","","","","","","","","","","","","","","","",
"中国澳门特别行政区","MAC","Public private partnerships investment in transport (current US$)","IE.PPN.TRAN.CD","","","","","","","","","","","","","","","","","","","","","","","","","","","","","","","","","","","","","","","","","","","","","","","","","","","","","","","","","","","","","","","","","",
"中国澳门特别行政区","MAC","私营部门参与的交通运输投资（现价美元）","IE.PPI.TRAN.CD","","","","","","","","","","","","","","","","","","","","","","","","","","","","","","","","","","","","","","","","","","","","","","","","","","","","","","","","","","","","","","","","","",
"中国澳门特别行政区","MAC","在与税务官会面时被期待送礼的企业（占企业的百分比）","IC.TAX.GIFT.ZS","","","","","","","","","","","","","","","","","","","","","","","","","","","","","","","","","","","","","","","","","","","","","","","","","","","","","","","","","","","","","","","","","",
"中国澳门特别行政区","MAC","Firms filling taxes electronically (% of firms)","IC.FRM.TAXE.ZS","","","","","","","","","","","","","","","","","","","","","","","","","","","","","","","","","","","","","","","","","","","","","","","","","","","","","","","","","","","","","","","","","",
"中国澳门特别行政区","MAC","Firms where largest owner is also the top manager (% of firms)","IC.FRM.LOTM.ZS","","","","","","","","","","","","","","","","","","","","","","","","","","","","","","","","","","","","","","","","","","","","","","","","","","","","","","","","","","","","","","","","","",
"中国澳门特别行政区","MAC","有女高管企业的百分比（​​企业报告平均）","IC.FRM.FEMM.ZS","","","","","","","","","","","","","","","","","","","","","","","","","","","","","","","","","","","","","","","","","","","","","","","","","","","","","","","","","","","","","","","","","",
"中国澳门特别行政区","MAC","Firms that are partially credit constrained (% of firms)","IC.FRM.CRDC.PT.ZS","","","","","","","","","","","","","","","","","","","","","","","","","","","","","","","","","","","","","","","","","","","","","","","","","","","","","","","","","","","","","","","","","",
"中国澳门特别行政区","MAC","Firms competing against unregistered firms (% of firms)","IC.FRM.CMPU.ZS","","","","","","","","","","","","","","","","","","","","","","","","","","","","","","","","","","","","","","","","","","","","","","","","","","","","","","","","","","","","","","","","","",
"中国澳门特别行政区","MAC","Firms with a bank loan/line of credit (% of firms)","IC.FRM.BNKL.ZS","","","","","","","","","","","","","","","","","","","","","","","","","","","","","","","","","","","","","","","","","","","","","","","","","","","","","","","","","","","","","","","","","",
"中国澳门特别行政区","MAC","Average time to clear imports through customs (days)","IC.CUS.DURS.IM","","","","","","","","","","","","","","","","","","","","","","","","","","","","","","","","","","","","","","","","","","","","","","","","","","","","","","","","","","","","","","","","","",
"中国澳门特别行政区","MAC","B-READY: Utility Services Pillar 3: Operational Efficiency of Utility Service Provision","IC.BRE.US.P3","","","","","","","","","","","","","","","","","","","","","","","","","","","","","","","","","","","","","","","","","","","","","","","","","","","","","","","","","","","","","","","","","",
"中国澳门特别行政区","MAC","B-READY: Taxation Pillar 3: Operational Efficiency of Tax Systems in Practice","IC.BRE.TX.P3","","","","","","","","","","","","","","","","","","","","","","","","","","","","","","","","","","","","","","","","","","","","","","","","","","","","","","","","","","","","","","","","","",
"中国澳门特别行政区","MAC","B-READY: Pillar 3: Operational Efficiency","IC.BRE.P3.OE","","","","","","","","","","","","","","","","","","","","","","","","","","","","","","","","","","","","","","","","","","","","","","","","","","","","","","","","","","","","","","","","","",
"中国澳门特别行政区","MAC","B-READY: Market Competition Pillar 2: Public Services that Promote Market Competition","IC.BRE.MC.P2","","","","","","","","","","","","","","","","","","","","","","","","","","","","","","","","","","","","","","","","","","","","","","","","","","","","","","","","","","","","","","","","","",
"中国澳门特别行政区","MAC","B-READY: Labor Pillar 2: Adequacy of Public Services for Labor","IC.BRE.LB.P2","","","","","","","","","","","","","","","","","","","","","","","","","","","","","","","","","","","","","","","","","","","","","","","","","","","","","","","","","","","","","","","","","",
"中国澳门特别行政区","MAC","B-READY: International Trade Pillar 2: Quality of Public Services for the Facilitation of International Trade","IC.BRE.IT.P2","","","","","","","","","","","","","","","","","","","","","","","","","","","","","","","","","","","","","","","","","","","","","","","","","","","","","","","","","","","","","","","","","",
"中国澳门特别行政区","MAC","B-READY: Financial Services Pillar 2: Accessibility of Information in Credit Infrastructure","IC.BRE.FS.P2","","","","","","","","","","","","","","","","","","","","","","","","","","","","","","","","","","","","","","","","","","","","","","","","","","","","","","","","","","","","","","","","","",
"中国澳门特别行政区","MAC","B-READY: Dispute Resolution Pillar 2: Public Services for Dispute Resolution","IC.BRE.DR.P2","","","","","","","","","","","","","","","","","","","","","","","","","","","","","","","","","","","","","","","","","","","","","","","","","","","","","","","","","","","","","","","","","",
"中国澳门特别行政区","MAC","B-READY: Business Location Pillar 2: Quality of Public Services and Transparency of Information for Business Location","IC.BRE.BL.P2","","","","","","","","","","","","","","","","","","","","","","","","","","","","","","","","","","","","","","","","","","","","","","","","","","","","","","","","","","","","","","","","","",
"中国澳门特别行政区","MAC","B-READY: Business Insolvency Pillar 2: Quality of Institutional and Operational Infrastructure for Judicial Insolvency Proceedings","IC.BRE.BI.P2","","","","","","","","","","","","","","","","","","","","","","","","","","","","","","","","","","","","","","","","","","","","","","","","","","","","","","","","","","","","","","","","","",
"中国澳门特别行政区","MAC","B-READY: Business Entry Pillar 2: Digital Public Services and Transparency of Information for Business Entry","IC.BRE.BE.P2","","","","","","","","","","","","","","","","","","","","","","","","","","","","","","","","","","","","","","","","","","","","","","","","","","","","","","","","","","","","","","","","","",
"中国澳门特别行政区","MAC","人力资本指数，女性，上界 (数值范围 0-1)","HD.HCI.OVRL.UB.FE","","","","","","","","","","","","","","","","","","","","","","","","","","","","","","","","","","","","","","","","","","","","","","","","","","","0.674953937530518","","","","","","","0.793","0.793999433517456","","0.825219452381134","","","","",
"中国澳门特别行政区","MAC","人力资本指数，女性，下界 (数值范围 0-1)","HD.HCI.OVRL.LB.FE","","","","","","","","","","","","","","","","","","","","","","","","","","","","","","","","","","","","","","","","","","","","","","","","","","","0.666671693325043","","","","","","","0.781","0.782385885715485","","0.810384094715118","","","","",
"中国澳门特别行政区","MAC","Primary government expenditures as a proportion of original approved budget (%)","GF.XPD.BUDG.ZS","","","","","","","","","","","","","","","","","","","","","","","","","","","","","","","","","","","","","","","","","","","","","","","","","","","","","","","","","","","","","","","","","",
"中国澳门特别行政区","MAC","Government Effectiveness: Percentile Rank","GE.PER.RNK","","","","","","","","","","","","","","","","","","","","","","","","","","","","","","","","","","","","","64.4808731079102","","66.6666641235352","","73.7704925537109","","79.4594573974609","88.1081085205078","85.572135925293","88.2352905273438","82.4390258789062","81.5533981323242","81.0679626464844","87.5598068237305","87.5598068237305","86.7298583984375","82.4644546508789","81.0426559448242","89.9038467407227","87.6190490722656","84.2857131958008","88.5714263916016","84.2857131958008","83.8095245361328","83.8095245361328","82.8571395874023","82.0754699707031","82.0754699707031","",
"中国澳门特别行政区","MAC","补贴和其它拨款（现值本币）","GC.XPN.TRFT.CN","","","","","","","","","","","","","","","","","","","","","","","","","","","","","","","","","","","","","1498300000","1681300000","1771710000","1138159159.3","787802849.1","868054461","1293936907.2","1382332910.87","1490379607.6","1203000000","1549000000","1413210543.64","4137533138.9","6586939820","7210839400","12787270930","12963809772.9","14460016585.2","16371366400","17007140941.76","18649047544.66","19844087416.22","20112002044.37","22010994789.54","38797503531.03","29249866559.37","41547206579.88","23476207705.65","",
"中国澳门特别行政区","MAC","其他支出（现价本币单位）","GC.XPN.OTHR.CN","","","","","","","","","","","","","","","","","","","","","","","","","","","","","","","","","","","","","183730000","136060000","59520000","1697560138","1185648776","1194020638","1211573832","1407651292","1528987108","2022000000","2673000000","3247345117","7255439186","9640327948","11864090860","6116232050","5781174455","7893181892","9795465402","11781801420","12549884560","12800490490","14174906920","14018542690","13563652550","13014918740","12305352680","11523522440","",
"中国澳门特别行政区","MAC","货物和服务支出（占支出的百分比）","GC.XPN.GSRV.ZS","","","","","","","","","","","","","","","","","","","","","","","","","","","","","","","","","","","","","20.2881582216906","19.7662023235225","20.7830656138727","24.5481493185591","22.2873966186617","21.8893725170436","19.0936810794566","21.0700858903257","20.4597055652117","22.1363878529568","22.0306217135787","23.317920201943","16.6287769754183","16.2146746875218","15.0643127588587","16.4444077831814","18.4445603293244","17.5252696671966","17.5882466535086","17.3548332536523","16.0743387942091","14.9715901739641","15.3708196301692","17.6385086022632","13.3979027898763","15.5128959977384","21.5781326632255","18.0123679055693","",
"中国澳门特别行政区","MAC","所得税、利润税和资本收益税（占总税收比例）","GC.TAX.YPKG.ZS","","","","","","","","","","","","","","","","","","","","","","","","","","","","","","","","","","","","","11.3594468508273","9.57188761103117","12.0843191526599","13.1415206396031","10.3302914377795","10.2226689180325","8.55697674556115","5.88832669758444","5.32829987036987","5.15216753106958","5.74881723850038","8.27541486814984","5.76408742197302","5.45351688443739","4.13407020818629","3.40249183130557","3.48009756276637","3.30748582203118","4.10208699723093","7.58714340731486","7.70292896781097","6.79260010216901","5.97376346045498","7.23695200871716","20.3462583859095","15.9762456261054","29.4944953116715","12.2978917745241","",
"中国澳门特别行政区","MAC","税收（现值本币）","GC.TAX.TOTL.CN","","","","","","","","","","","","","","","","","","","","","","","","","","","","","","","","","","","","","7491650000","9242900000","7713550000","7426633620","8113405900","9037036232","10206455270","13260934780","18159528340","20438000000","25153000000","37730492220","50989542400","50514150710","77716833150","110565526400","126998940900","149824000000","153863754700","104855778900","100086576200","117420342800","131147619300","132376305100","44194118100","47869866200","33674426950","84362686550","",
"中国澳门特别行政区","MAC","国际贸易税（现值本币）","GC.TAX.INTT.CN","","","","","","","","","","","","","","","","","","","","","","","","","","","","","","","","","","","","","","","","","","","","","","","","","","","","","","","","","","","","","","","","","",
"中国澳门特别行政区","MAC","货物和服务税收（占总税收比例）","GC.TAX.GSRV.RV.ZS","","","","","","","","","","","","","","","","","","","","","","","","","","","","","","","","","","","","","68.3070249770637","74.4448487553996","65.2536338814167","55.6139788865474","69.3855579799955","68.1753336284792","74.5089848540689","78.5365702775001","82.2624121921366","79.00239324852","79.5521772029992","79.0691974069874","84.7950304542529","83.139710227327","89.3080698353046","90.0877410769448","90.5587611893817","91.285524753858","89.478878183395","83.6680441195626","83.3159721057357","83.4236869867786","86.8720767131618","82.8405179210808","60.3318305023433","63.1265616757804","53.4375044741772","71.6920258200339","",
"中国澳门特别行政区","MAC","收入，不包括捐赠（占GDP的比例）","GC.REV.XGRT.GD.ZS","","","","","","","","","","","","","","","","","","","","","","","","","","","","","","","","","","","","","1.59708258998846E-05","1.83960421662842E-05","1.78690970109347E-05","2.03649130418164E-05","1.7958906533375E-05","2.01592908440993E-05","2.00863781323877E-05","2.31138681421682E-05","2.37152906116043E-05","2.44490068264641E-05","2.44290587661956E-05","2.89711693536958E-05","3.31660359584675E-05","3.28776313139224E-05","3.65301375787555E-05","3.98500640353074E-05","3.89254745891878E-05","3.82431982986946E-05","3.72414252729995E-05","3.18290307622426E-05","3.03056660278111E-05","3.19762835287007E-05","3.1447159607201E-05","3.29280850028936E-05","2.78321243984076E-05","2.47927406388002E-05","2.05964614045559E-05","2.74243671990519E-05","",
"中国澳门特别行政区","MAC","赠款和其他收入（占收入的百分比）","GC.REV.GOTR.ZS","","","","","","","","","","","","","","","","","","","","","","","","","","","","","","","","","","","","","17.5094537102118","12.9307709188717","19.9009569960602","29.5297047446863","16.049430434662","17.8453998795702","13.3915688733971","12.6244431406627","9.79596610844018","13.6919007431666","13.015065006535","11.7235800716918","8.54054797849638","10.5643168707271","5.6803995804186","5.83624754061634","5.32675168060292","4.77820724047965","5.71840789708122","8.03050244149182","7.95782123693216","8.73831475981041","5.92043989067737","9.14651431678994","20.524770007961","20.4842707068119","17.5459348719465","15.9146429451835","",
"中国澳门特别行政区","MAC","Net investment in nonfinancial assets (% of GDP)","GC.NFN.TOTL.GD.ZS","","","","","","","","","","","","","","","","","","","","","","","","","","","","","","","","","","","","","2.19540350508973E-06","2.52868308000207E-06","2.84604746362781E-06","2.21572231863007E-06","1.45650561388342E-06","1.59833314051386E-06","2.49384733873691E-06","3.73532427925681E-06","4.06469832400272E-06","4.57321767694914E-06","3.82223940040667E-06","2.52059522273436E-06","2.00194299776446E-06","2.46029997505468E-06","2.4233747500177E-06","3.18266317394453E-06","4.04254168682938E-06","8.02624368868637E-07","1.72929291944833E-06","2.56622480346887E-06","2.51831245323327E-06","3.46752135581296E-06","3.48982763312971E-06","2.62099674157076E-06","6.07780841635143E-06","6.06074543408321E-06","8.44505454093306E-06","5.63695340088719E-06","",
"中国澳门特别行政区","MAC","中央政府债务，总额（占 GDP 的百分比）","GC.DOD.TOTL.GD.ZS","","","","","","","","","","","","","","","","","","","","","","","","","","","","","","","","","","","","","","","","","","","","","","","","","","","","","","","","","","","","","","","","","",
"中国澳门特别行政区","MAC","研发支出（占GDP的比例）","GB.XPD.RSDV.GD.ZS","","","","","","","","","","","","","","","","","","","","","","","","","","","","","","","","","","","","","","","","","","0.06224","0.06957","0.06244","0.05344","0.0876","0.0829","0.05684","0.10106","0.05407","0.05012","0.04427","0.04789","0.05117","0.08776","0.13649","0.23492","0.1721","0.20113","0.24721","0.45327","0.37318","0.43688","0.26378","",
"中国澳门特别行政区","MAC","Account ownership at a financial institution or with a mobile-money-service provider, primary education or less (% of population ages 15+)","FX.OWN.TOTL.PL.ZS","","","","","","","","","","","","","","","","","","","","","","","","","","","","","","","","","","","","","","","","","","","","","","","","","","","","","","","","","","","","","","","","","",
"中国澳门特别行政区","MAC","Account ownership at a financial institution or with a mobile-money-service provider, richest 60% (% of population ages 15+)","FX.OWN.TOTL.60.ZS","","","","","","","","","","","","","","","","","","","","","","","","","","","","","","","","","","","","","","","","","","","","","","","","","","","","","","","","","","","","","","","","","",
"中国澳门特别行政区","MAC","对国内经济其他部门债权（占 GDP 的百分比）","FS.AST.DOMO.GD.ZS","","","","","","","","","","","","","","","","","","","","","","","","","","","","","","","","","","","","","","","","","","","","","","","","","","","","","","","","","","","","","","","","","",
"中国澳门特别行政区","MAC","利差（贷款利率减去存款利率，百分比）","FR.INR.LNDP","","","","","","","","","","","","","","","","","","","","","","","","","","","3","3.125","3.5","3.50000000000003","3.2916666666667","3.54166666666667","3.75","3.75","3.745025","3.96828333333334","4.32725833333333","3.506825","3.96993333333333","4.15736666666667","4.55660833333333","5.40156666666667","5.47680528483095","5.67711666702523","5.88799523460158","5.46870224313697","5.91229603988383","4.95733909437589","4.32764817206677","5.22145394904956","5.23243539517425","5.19730156654807","5.18719280760821","5.20540913696607","5.1995733305131","5.21080433609974","5.21172414800285","5.20447868194037","5.18677737952743","5.11603166828068","5.05328678619315","5.09618567149394","5.08548343511579","5.37440261113413","5.35666898630776",
"中国澳门特别行政区","MAC","按消费者价格指数衡量的通货膨胀（年通胀率）","FP.CPI.TOTL.ZG","","","","","","","","","","","","","","","","","","","","","","","","","","","","","","8.77094554159179","7.96969384363224","9.56887765934839","7.71392168356611","6.70588552770045","6.2520689021027","8.55866604308446","4.82248676783488","3.49093715138855","0.172630384568575","-3.20416248186588","-1.60971883961895","-1.98465008641652","-2.63751699816194","-1.56245203671305","0.980728452039424","4.39589284335676","5.14997337750697","5.57149689143953","8.61101858636995","1.16906695453765","2.80947242060845","5.80624616691043","6.10738928336549","5.50057779178484","6.04823452094085","4.56056338028164","2.36895749705898","1.22812404052816","3.00446293166938","2.75193081051982","0.811410511491651","0.0264543647054126","1.04502802369954","0.476384495788075","",
"中国澳门特别行政区","MAC","广义货币（占 GDP 的百分比）","FM.LBL.BMNY.GD.ZS","","","","","","","","","","","","","","","","","","","","","","","","","75.8872435836275","84.895337310693","90.2027286796449","91.0525668005867","108.684094984513","111.567530017942","117.686282642089","139.195348065565","129.666898083157","120.319569792428","121.844129063078","123.692679277546","130.011309336412","134.888749331447","148.674368903395","164.544654460668","156.193630327221","166.116281390623","167.104596420128","167.944193992169","141.654017240168","139.259655083919","141.926043994824","125.212115588368","112.542379876541","123.121596268644","107.538334896644","100.846773866013","108.641328391899","107.159546415679","111.107974481295","131.762665912403","148.116753686401","146.516986058402","146.524109994512","154.819429876216","342.812776534432","280.352824364605","356.963445737591","197.219805438375","196.809695894959",
"中国澳门特别行政区","MAC","净外国资产（现价本币单位）","FM.AST.NFRG.CN","","","","","","","","","","","","","","","","","","","","","","","","","3413000000","3203600000","5453300000","7751700000","11327300000","13558700000","17917900000","26169400000","32151500000","28251200000","32572100000","39242700000","43195600000","42800500000","54204300000","59120200000","74975596000","85222419247.9","97960357854.4","114717291064.5","130674967526.5","149142339661.26","192088728959.96","216465550888.15","233256577800","275171674017.38","333837524481.14","425290435090.68","482693815634.05","561495402124.65","579930170870.67","506935707869.51","525900041209.55","591795526333","696118872643.87","725252366234.67","673680180158.67","594731715231.8","597432145100.64","613755910624.02","737378325714.54",
"中国澳门特别行政区","MAC","总储备减黄金（按现值美元计）","FI.RES.XGLD.CD","","","","","","","","","","","","","","","","","","","","","","","","","67950522.5525978","64198331.4419683","103053911.653807","174059038.741041","221365693.539563","354620866.342483","520624844.411252","650685700.737487","1301729869.41305","1569065634.34806","1966349230.24805","2256563500.53362","2422172297.80611","2532769529.53705","2462574718.98144","2857387350.24797","3323014302.25176","3508440974.68654","3800343591.27577","4343370556.09048","5436107122.79169","6689436716.70569","9132102574.35142","13229919966.1443","15930121266.7869","18350321740.6545","23726490181.8908","34026184616.5378","16600225450.9018","16145878199.0284","16444386287.6882","18890787008.0417","19491696000","20169663000","20281241000","22214954000","25144935000","26664872000","25970915000","27770639000","29391736000",
"中国澳门特别行政区","MAC","银行流动准备金对银行资产的比率（百分比）","FD.RES.LIQU.AS.ZS","","","","","","","","","","","","","","","","","","","","","","","","","","","","","","","","","","","","","","","","","","17.0310099519431","15.0088833904072","15.3635816749222","14.9927519206999","12.6609312713775","13.1119990311866","13.9586314722516","9.7391259071299","7.20574209543367","5.28365127627367","7.13857668910839","7.28010800840959","4.78992409332202","3.9335201116272","4.98132528101755","4.95682606147622","4.56225437912287","3.69120086420242","3.82119863447016","4.50467167753847","4.1997874514084","4.28004321750379","5.14741059092844","5.39752678672864",
"中国澳门特别行政区","MAC","商业银行分支机构 (每10万成年人)","FB.CBK.BRCH.P5","","","","","","","","","","","","","","","","","","","","","","","","","","","","","","","","","","","","","","","","","","","","","34.2049157350328","33.7918667663157","35.3289025989269","35.1550015979546","35.2266947893113","35.1184876489343","34.8344436382824","35.2709651819461","35.134344705215","35.8956247865079","36.8061378978004","37.1220176469491","36.6952277856265","37.9145550365876","38.2220863214709","38.7073496674846","38.3195992667493","38.0371467705098","44.4138969901563","44.2737353165739","",
"中国澳门特别行政区","MAC","陆地及海洋保护区面积（占总领土面积比例）","ER.PTD.TOTL.ZS","","","","","","","","","","","","","","","","","","","","","","","","","","","","","","","","","","","","","","","","","","","","","","","","","","","","","","","","","","","","","","","","","",
"中国澳门特别行政区","MAC","可再生内陆淡水资源总量（十亿立方米）","ER.H2O.INTR.K3","","","","","","","","","","","","","","","","","","","","","","","","","","","","","","","","","","","","","","","","","","","","","","","","","","","","","","","","","","","","","","","","","",
"中国澳门特别行政区","MAC","年度淡水抽取量，工业用水（占淡水总抽取量的百分比）","ER.H2O.FWIN.ZS","","","","","","","","","","","","","","","","","","","","","","","","","","","","","","","","","","","","","","","","","","","","","","","","","","","","","","","","","","","","","","","","","",
"中国澳门特别行政区","MAC","Total fisheries production (metric tons)","ER.FSH.PROD.MT","5800","5800","5800","5500","5800","7000","7500","7500","7000","7000","5900","6100","5900","6000","6000","6000","7400","7160","9236","7881","6624","7545","6656","6250","8800","9100","8042","3517","2485","3464","2583","2322","2668","1898","1890","1604","1418","1500","1500","1500","1500","1500","1500","1500","1500","1500","1500","1500","1500","1500","1500","1500","1500","1500","1500","1500","1500","1500","1500","1500","1500","1500","1500","1500","",
"中国澳门特别行政区","MAC","人口超过100万的城市群中的人口。","EN.URB.MCTY","","","","","","","","","","","","","","","","","","","","","","","","","","","","","","","","","","","","","","","","","","","","","","","","","","","","","","","","","","","","","","","","","",
"中国澳门特别行政区","MAC","生活在海拔低于5米地区的人口 （占总人口的百分比）","EN.POP.EL5M.ZS","","","","","","","","","","","","","","","","","","","","","","","","","","","","","","","14.2113501321268","","","","","","","","","","15.3576295683902","","","","","","","","","","","","","","","17.2292800165371","","","","","","","","","",
"中国澳门特别行政区","MAC","受到威胁的哺乳动物种类","EN.MAM.THRD.NO","","","","","","","","","","","","","","","","","","","","","","","","","","","","","","","","","","","","","","","","","","","","","","","","","","","","","","","","","","","0","","","","0","","",
"中国澳门特别行政区","MAC","Nitrous oxide (N2O) emissions from Waste (Mt CO2e)","EN.GHG.N2O.WA.MT.CE.AR5","","","","","","","","","","","0","0","0","0","0","0","0","0","0","0","0","0","0","0","0","0","0","0","0","0","0","0","0","0","0","0","0","0","0","0","0","0.0055","0.0059","0.0063","0.0067","0.0071","0.0074","0.0077","0.0079","0.0085","0.0093","0.0102","0.0105","0.0111","0.0116","0.012","0.0123","0.0127","0.0129","0.0127","0.0127","0.0127","0.0128","0.0128","0.0129",
"中国澳门特别行政区","MAC","Nitrous oxide (N2O) emissions from Industrial Processes (Mt CO2e)","EN.GHG.N2O.IP.MT.CE.AR5","","","","","","","","","","","0.0021","0.0021","0.0024","0.0027","0.003","0.0033","0.0032","0.0039","0.0036","0.0039","0.0039","0.004","0.0043","0.006","0.0061","0.0057","0.0075","0.0091","0.0088","0.0084","0.0115","0.012","0.0138","0.0151","0.0164","0.0146","0.0168","0.018","0.02","0.021","0.018","0.0191","0.0213","0.0214","0.0246","0.0241","0.0239","0.021","0.0177","0.0185","0.0151","0.015","0.0154","0.0147","0.016","0.0221","0.0223","0.0191","0.0162","0.0161","0.0142","0.0136","0.0125","0.0124","0.013",
"中国澳门特别行政区","MAC","Nitrous oxide (N2O) emissions from Agriculture (Mt CO2e)","EN.GHG.N2O.AG.MT.CE.AR5","","","","","","","","","","","0.0006","0.0006","0.0007","0.0007","0.0007","0.0007","0.0007","0.0007","0.0007","0.0009","0.0009","0.0009","0.0009","0.0008","0.0008","0.0008","0.0009","0.0009","0.0009","0.0009","0.0009","0.0009","0.0009","0.0009","0.0009","0.0009","0.0008","0.0009","0.001","0.0012","0.0011","0.0012","0.0012","0.0014","0.0012","0.0014","0.0014","0.0015","0.0013","0.0013","0.0013","0.0013","0.0014","0.0014","0.0014","0.0014","0.0014","0.0015","0.0015","0.0015","0.0015","0.0015","0.0015","0.0015","0.0016",
"中国澳门特别行政区","MAC","Carbon dioxide (CO2) emissions from Transport (Energy) (Mt CO2e)","EN.GHG.CO2.TR.MT.CE.AR5","","","","","","","","","","","0.1108","0.1108","0.1208","0.1152","0.1119","0.1298","0.1175","0.1303","0.1383","0.1492","0.1518","0.1525","0.1671","0.2286","0.2443","0.2176","0.2496","0.3108","0.301","0.2986","0.4755","0.4855","0.5467","0.598","0.6736","0.555","0.6606","0.6961","0.7202","0.7398","0.6051","0.6338","0.6558","0.6509","0.7259","0.7936","0.8344","0.765","0.7286","0.8491","0.7578","0.8523","0.8738","0.8253","0.7949","1.1984","1.1517","1.0346","0.8785","0.894","0.8452","0.8063","0.757","0.7647","0.8051",
"中国澳门特别行政区","MAC","Carbon dioxide (CO2) emissions excluding LULUCF per capita (t CO2e/capita)","EN.GHG.CO2.PC.CE.AR5","","","","","","","","","","","1.17872849616933","1.22635408245756","1.3193225872271","1.5992586490939","1.97838287258366","1.651973131822","1.6455857385399","1.756600128783","1.7474182444062","1.85416666666667","1.95868975589401","1.8390522875817","1.85313174946004","2.4073523950984","2.22237935301397","1.96548153261995","2.38371896639081","2.83786866547173","2.68639240506329","2.67825284527838","2.81743543812509","2.73595905019195","2.93744944729037","3.15234375","3.3366935483871","2.93501099438065","3.35196338231751","3.54229571052001","3.85792090930618","4.02152550304165","3.38875986994891","3.5946070523162","3.90351277372263","3.95897204688909","4.47503848691445","4.32397043294615","4.07757065544197","3.70071030908044","2.95431847604957","3.16579439252336","3.20335195530726","3.07296215429403","3.06920232435288","3.0667342456496","3.36030239665434","4.29149167833256","4.02436781609195","4.45172732880938","3.22598269843679","3.34419642857143","3.25780566092793","2.99970695970696","2.47822235346228","2.47569239835003","2.52532751091703",
"中国澳门特别行政区","MAC","Carbon dioxide (CO2) net fluxes from LULUCF - Total excluding non-tropical fires (Mt CO2e)","EN.GHG.CO2.LU.MT.CE.AR5","","","","","","","","","","","","","","","","","","","","","","","","","","","","","","","","","","","","","","","","","","","","","","","","","","","","","","","","","","","","","","","","","",
"中国澳门特别行政区","MAC","Carbon dioxide (CO2) emissions from Industrial Combustion (Energy) (Mt CO2e)","EN.GHG.CO2.IC.MT.CE.AR5","","","","","","","","","","","0.0067","0.0067","0.0084","0.0081","0.0096","0.0084","0.0082","0.0154","0.0148","0.0204","0.0155","0.0339","0.0226","0.0276","0.0268","0.0293","0.0364","0.0431","0.0401","0.0391","0.0884","0.0865","0.0968","0.1039","0.1576","0.1691","0.1927","0.1821","0.2001","0.2327","0.2435","0.2292","0.2651","0.266","0.337","0.3292","0.3276","0.3326","0.247","0.218","0.2799","0.2522","0.1759","0.2093","0.2653","0.3026","0.3192","0.3856","0.2956","0.3072","0.2555","0.2518","0.2065","0.2055","0.2115",
"中国澳门特别行政区","MAC","Methane (CH4) emissions (total) excluding LULUCF (% change from 1990)","EN.GHG.CH4.ZG.AR5","","","","","","","","","","","","","","","","","","","","","","","","","","","","","","","","6.81818181818181","9.375","7.95454545454544","9.65909090909092","6.81818181818181","-2.27272727272728","0","-2.27272727272728","-7.10227272727273","-14.2045454545455","-11.3636363636364","-9.94318181818182","-3.97727272727274","0","-0.284090909090917","1.13636363636362","4.26136363636365","1.70454545454544","4.54545454545454","5.96590909090908","9.94318181818181","11.3636363636364","13.9204545454545","16.1931818181818","21.5909090909091","20.1704545454545","21.875","18.75","21.875","23.8636363636364","24.1477272727273","25","26.4204545454545","28.125",
"中国澳门特别行政区","MAC","Methane (CH4) emissions (total) excluding LULUCF (Mt CO2e)","EN.GHG.CH4.MT.CE.AR5","","","","","","","","","","","0.0252","0.0263","0.0244","0.025","0.0251","0.0245","0.0243","0.0237","0.0239","0.025","0.0261","0.0263","0.027","0.028","0.0284","0.0289","0.0291","0.0304","0.031","0.0317","0.0352","0.0376","0.0385","0.038","0.0386","0.0376","0.0344","0.0352","0.0344","0.0327","0.0302","0.0312","0.0317","0.0338","0.0352","0.0351","0.0356","0.0367","0.0358","0.0368","0.0373","0.0387","0.0392","0.0401","0.0409","0.0428","0.0423","0.0429","0.0418","0.0429","0.0436","0.0437","0.044","0.0445","0.0451",
"中国澳门特别行政区","MAC","Methane (CH4) emissions from Building (Energy) (Mt CO2e)","EN.GHG.CH4.BU.MT.CE.AR5","","","","","","","","","","","0.002","0.0014","0.0011","0.0017","0.0018","0.0012","0.0011","0.0005","0.0007","0.0008","0.0009","0.0008","0.0008","0.001","0.001","0.0009","0.0009","0.001","0.0011","0.0013","0.0011","0.0012","0.0012","0.0012","0.0013","0.0013","0.0012","0.0014","0.0013","0.0012","0.0011","0.0012","0.0011","0.0012","0.0013","0.0012","0.0012","0.0014","0.0013","0.0015","0.0014","0.0015","0.0013","0.0015","0.0015","0.0019","0.0019","0.0017","0.0015","0.0016","0.0014","0.0014","0.0013","0.0013","0.0013",
"中国澳门特别行政区","MAC","Total greenhouse gas emissions including LULUCF (Mt CO2e)","EN.GHG.ALL.LU.MT.CE.AR5","","","","","","","","","","","","","","","","","","","","","","","","","","","","","","","","","","","","","","","","","","","","","","","","","","","","","","","","","","","","","","","","","",
"中国澳门特别行政区","MAC","受胁鸟类","EN.BIR.THRD.NO","","","","","","","","","","","","","","","","","","","","","","","","","","","","","","","","","","","","","","","","","","","","","","","","","","","","","","","","","","","4","","","","4","","",
"中国澳门特别行政区","MAC","PM2.5 pollution, population exposed to levels exceeding WHO Interim Target-1 value (% of total)","EN.ATM.PM25.MC.T1.ZS","","","","","","","","","","","","","","","","","","","","","","","","","","","","","","","","","","","","","","","","","","","","","","","","","","","","","","","","","","","","","","","","","",
"中国澳门特别行政区","MAC","可燃性再生资源和废弃物（占能源总量的百分比）","EG.USE.CRNW.ZS","","","","","","","","","","","","","","","","","","","","","","","","","","","","","","","","","","","","","","","","","","","","","","","","","","","","","","","","","","","","","","","","","",
"中国澳门特别行政区","MAC","能源净进口（占能源使用量的百分比）","EG.IMP.CONS.ZS","","","","","","","","","","","","","","","","","","","","","","","","","","","","","","","","","","","","","","","","","","","","","","","","","","","","","","","","","","","","","","","","","",
"中国澳门特别行政区","MAC","可再生能源发电量，不包括水电（占总发电量的比例）","EG.ELC.RNWX.ZS","","","","","","","","","","","","","","","","","","","","","","","","","","","","","","","","","","","","","","","","","","","","","","","","","","","","","","","","","","","","","","","","","",
"中国澳门特别行政区","MAC","核能发电量（占总发电量的比例）","EG.ELC.NUCL.ZS","","","","","","","","","","","","","","","","","","","","","","","","","","","","","","","","","","","","","","","","","","","","","","","","","","","","","","","","","","","","","","","","","",
"中国澳门特别行政区","MAC","石油、天然气和煤炭能源的发电量（占总发电量的比例）","EG.ELC.FOSL.ZS","","","","","","","","","","","","","","","","","","","","","","","","","","","","","","","","","","","","","","","","","","","","","","","","","","","","","","","","","","","","","","","","","",
"中国澳门特别行政区","MAC","Access to electricity, rural (% of rural population)","EG.ELC.ACCS.RU.ZS","","","","","","","","","","","","","","","","","","","","","","","","","","","","","","","","","","","100","100","100","100","100","100","100","100","100","100","100","100","100","100","100","100","100","100","100","100","100","100","100","100","100","100","100","100","100","100","",
"中国澳门特别行政区","MAC","Access to clean fuels and technologies for cooking, rural (% of rural population)","EG.CFT.ACCS.RU.ZS","","","","","","","","","","","","","","","","","","","","","","","","","","","","","","","","","","","","","","","","","","","","","","","","","","","","","","","","","","","","","","","","","",
"中国澳门特别行政区","MAC","公共和公共担保债务服务（占GNI的比例）","DT.TDS.DPPG.GN.ZS","","","","","","","","","","","","","","","","","","","","","","","","","","","","","","","","","","","","","","","","","","","","","","","","","","","","","","","","","","","","","","","","","",
"中国澳门特别行政区","MAC","偿还债务总量（占国民总收入（GNI）比例）","DT.TDS.DECT.GN.ZS","","","","","","","","","","","","","","","","","","","","","","","","","","","","","","","","","","","","","","","","","","","","","","","","","","","","","","","","","","","","","","","","","",
"中国澳门特别行政区","MAC","已收到的人均官方发展援助（ODA）净额（现价美元）","DT.ODA.ODAT.PC.ZS","10.2703168876887","6.92348994469124","","5.60024147432679","","","1.29306084070357","0.537586928174723","0.659085893577553","0.274180788144514","0.81586346890973","0.970088903134931","0.367271999903198","0.494233926350045","0.124714193845137","0.0839630543785273","","","","0.085034011704784","18.4852903331468","0.040849672289553","2.82741028317388","2.07946528920975","1.59094922424985","1.44977558469789","1.2160108573049","0.456248983529562","1.10759491784663","1.01507232578598","0.686669664643454","0.341248392770627","0.350498773878749","0.468750018626451","0.730846753163685","-9.79721531610516","0.770898561424821","0.862688747436173","1.1839924224485","0.748713132539642","","","","","","","","","","","","","","","","","","","","","","","","","",
"中国澳门特别行政区","MAC","已收到的官方发展援助（ODA）净额（占总资本形成的百分比）","DT.ODA.ODAT.GI.ZS","","","","","","","","","","","","","","","","","","","","","","","0.286428111062141","0.202614325632378","0.155056063645419","0.135683099156341","0.0933571842922054","0.0288122591154731","0.0608477222070128","0.0496382979844315","0.0310577136947169","0.0115404298754167","0.00825886064216199","0.00993322521809361","0.0143660588933613","-0.216189941157555","0.0227286728157977","0.0265131150991548","0.0459553450063357","0.030864010895943","","","","","","","","","","","","","","","","","","","","","","","","","",
"中国澳门特别行政区","MAC","已收到的净官方发展援助和官方援助（2018年不变价美元）","DT.ODA.ALLD.KD","18390319.8242188","15844120.9793091","","7788730.14450073","","","2439918.99490356","976360.976696014","1137148.02265167","481393.00942421","1437504.05311584","1539028.04851532","523198.008537292","602787.017822266","136954.993009567","80540.0013923645","","","","37032.0007205009","11210269.9279785","17125.9995549917","1869953.03630829","1415835.97660065","1148882.03144073","1060008.04901123","750316.023826599","172525.003552437","534115.016460419","476943.999528885","308955.997228622","123053.997755051","151804.000139236","192600.9953022","422111.004590988","-5184969.90203857","360141.99256897","436482.99574852","686187.982559204","349491.000175476","1090000.0333786","870000.004768372","1620000.00476837","150000.005960464","129999.995231628","","","","","","","","","","","","","","","","","","","","",
"中国澳门特别行政区","MAC","来自联合国机构的净官方流动，WFP（现价美元）","DT.NFL.WFPG.CD","","","","","","","","","","","","","","","","","","","","","","","","","","","","","","","","","","","","","","","","","","","","","","","","","","","","","","","","","","","","","","","","","",
"中国澳门特别行政区","MAC","来自联合国机构的净官方流动，UNRWA（现价美元）","DT.NFL.UNRW.CD","","","","","","","","","","","","","","","","","","","","","","","","","","","","","","","","","","","","","","","","","","","","","","","","","","","","","","","","","","","","","","","","","",
"中国澳门特别行政区","MAC","来自联合国机构的净官方流动，UNFPA（现价美元）","DT.NFL.UNFP.CD","","","","","","","","","","","","","","","","","","","","","","","","","","","","","","","","","","","","","","","","","","","","","","","","","","","","","","","","","","","","","","","","","",
"中国澳门特别行政区","MAC","Net official flows from UN agencies, UNCOVID (current US$)","DT.NFL.UNCV.CD","","","","","","","","","","","","","","","","","","","","","","","","","","","","","","","","","","","","","","","","","","","","","","","","","","","","","","","","","","","","","","","","","",
"中国澳门特别行政区","MAC","Net official flows from UN agencies, UNCDF (current US$)","DT.NFL.UNCD.CD","","","","","","","","","","","","","","","","","","","","","","","","","","","","","","","","","","","","","","","","","","","","","","","","","","","","","","","","","","","","","","","","","",
"中国澳门特别行政区","MAC","净金融流动，RDB非优惠（NFL，现价美元）","DT.NFL.RDBN.CD","","","","","","","","","","","","","","","","","","","","","","","","","","","","","","","","","","","","","","","","","","","","","","","","","","","","","","","","","","","","","","","","","",
"中国澳门特别行政区","MAC","PNG，商业银行和其他债权人（NFL，现价美元）","DT.NFL.PNGC.CD","","","","","","","","","","","","","","","","","","","","","","","","","","","","","","","","","","","","","","","","","","","","","","","","","","","","","","","","","","","","","","","","","",
"中国澳门特别行政区","MAC","PPG，债券（NFL，现价美元）","DT.NFL.PBND.CD","","","","","","","","","","","","","","","","","","","","","","","","","","","","","","","","","","","","","","","","","","","","","","","","","","","","","","","","","","","","","","","","","",
"中国澳门特别行政区","MAC","净金融流动，多边（NFL，现价美元）","DT.NFL.MLAT.CD","","","","","","","","","","","","","","","","","","","","","","","","","","","","","","","","","","","","","","","","","","","","","","","","","","","","","","","","","","","","","","","","","",
"中国澳门特别行政区","MAC","净金融流动，IMF优惠贷款（NFL，现价美元）","DT.NFL.IMFC.CD","","","","","","","","","","","","","","","","","","","","","","","","","","","","","","","","","","","","","","","","","","","","","","","","","","","","","","","","","","","","","","","","","",
"中国澳门特别行政区","MAC","Net official flows from UN agencies, FAO (current US$)","DT.NFL.FAOG.CD","","","","","","","","","","","","","","","","","","","","","","","","","","","","","","","","","","","","","","","","","","","","","","","","","","","","","","","","","","","","","","","","","",
"中国澳门特别行政区","MAC","净金融流动，双边（NFL，现价美元）","DT.NFL.BLAT.CD","","","","","","","","","","","","","","","","","","","","","","","","","","","","","","","","","","","","","","","","","","","","","","","","","","","","","","","","","","","","","","","","","",
"中国澳门特别行政区","MAC","国际复兴开发银行（IBRD ）贷款和国际开发协会（ IDA ）信贷（DOD，现价美元）","DT.DOD.MWBG.CD","","","","","","","","","","","","","","","","","","","","","","","","","","","","","","","","","","","","","","","","","","","","","","","","","","","","","","","","","","","","","","","","","",
"中国澳门特别行政区","MAC","短期债（在商品与服务的出口和初次收入中所占%）","DT.DOD.DSTC.XP.ZS","","","","","","","","","","","","","","","","","","","","","","","","","","","","","","","","","","","","","","","","","","","","","","","","","","","","","","","","","","","","","","","","","",
"中国澳门特别行政区","MAC","私人无担保 (PNG) 外债存量（DOD，现价美元）","DT.DOD.DPNG.CD","","","","","","","","","","","","","","","","","","","","","","","","","","","","","","","","","","","","","","","","","","","","","","","","","","","","","","","","","","","","","","","","","",
"中国澳门特别行政区","MAC","外债总额存量（DOD，现价美元）","DT.DOD.DECT.CD","","","","","","","","","","","","","","","","","","","","","","","","","","","","","","","","","","","","","","","","","","","","","","","","","","","","","","","","","","","","","","","","","",
"中国澳门特别行政区","MAC","Net ODA provided to the least developed countries (% of GNI)","DC.ODA.TLDC.GN.ZS","","","","","","","","","","","","","","","","","","","","","","","","","","","","","","","","","","","","","","","","","","","","","","","","","","","","","","","","","","","","","","","","","",
"中国澳门特别行政区","MAC","来自DAC捐助国的双边援助净流量，瑞典（现价美元）","DC.DAC.SWEL.CD","","","","","","","","","","","","","","","","","","","","","","","","","","9999.99977648258","","","","","","","","","","","","","","","","","","","","","","","","","","","","","","","","","","","","","","","",
"中国澳门特别行政区","MAC","Net bilateral aid flows from DAC donors, Poland (current US$)","DC.DAC.POLL.CD","","","","","","","","","","","","","","","","","","","","","","","","","","","","","","","","","","","","","","","","","","","","","","","","","","","","","","","","","","","","","","","","","",
"中国澳门特别行政区","MAC","来自DAC捐助国的双边援助净流量，卢森堡（现价美元）","DC.DAC.LUXL.CD","","","","","","","","","","","","","","","","","","","","","","","","","","","","","","","","","","","","","","","","","","","","","","","","","","","","","","","","","","","","","","","","","",
"中国澳门特别行政区","MAC","来自DAC捐助国的双边援助净流量，意大利（现价美元）","DC.DAC.ITAL.CD","","","","","","","","","","","","","","","","","","","","","","","","","","","","","","","","","","","","","","","","","","","","","","","","","","","","","","","","","","","","","","","","","",
"中国澳门特别行政区","MAC","来自DAC捐助国的双边援助净流量，爱尔兰（现价美元）","DC.DAC.IRLL.CD","","","","","","","","","","","","","","","","","","","","","","","","","","","","","","","","","","","","","","","","","","","","","","","","","","","","","","","","","","","","","","","","","",
"中国澳门特别行政区","MAC","来自DAC捐助国的双边援助净流量，法国（现价美元）","DC.DAC.FRAL.CD","","","","","","","","","","","","","","","","","","","","","","","","","","","","","","","","","","9999.99977648258","","","19999.9995529652","","9999.99977648258","","","","","","","","","","","","","","","","","","","","","","","","","","",
"中国澳门特别行政区","MAC","来自DAC捐助国的双边援助净流量，丹麦（现价美元）","DC.DAC.DNKL.CD","","","","","","","","","","","","","","","","","","","","","","","","","","","","","","","","","","","","","","","","","","","","","","","","","","","","","","","","","","","","","","","","","",
"中国澳门特别行政区","MAC","来自DAC捐助国的双边援助净流量，欧盟机构（现价美元）","DC.DAC.CECL.CD","","","","","","","","","","","","","","","","","","","","","","","","","","","","","","","","","","","19999.9995529652","9999.99977648258","129999.995231628","140000.000596046","360000.014305115","","","","","","","","","","","","","","","","","","","","","","","","","","",
"中国澳门特别行政区","MAC","来自发展援助委员会（DAC）捐助国的净双边援助流动，澳大利亚（现价美元）","DC.DAC.AUSL.CD","","","","","","","","","","","","","","","","","","","","","","","","","","","","","","","","","","9999.99977648258","9999.99977648258","","","","","","","","","","","","","","","","","","","","","","","","","","","","","","",
"中国澳门特别行政区","MAC","国内上市公司，总数","CM.MKT.LDOM.NO","","","","","","","","","","","","","","","","","","","","","","","","","","","","","","","","","","","","","","","","","","","","","","","","","","","","","","","","","","","","","","","","","",
"中国澳门特别行政区","MAC","Control of Corruption: Standard Error","CC.STD.ERR","","","","","","","","","","","","","","","","","","","","","","","","","","","","","","","","","","","","","0.480888694524765","","0.453148931264877","","0.461006760597229","","0.427986711263657","0.395839601755142","0.393849045038223","0.225384026765823","0.258545517921448","0.298047602176666","0.268526643514633","0.204272374510765","0.201171562075615","0.260035842657089","0.258583545684814","0.245970085263252","0.239153191447258","0.224568083882332","0.260086387395859","0.240882202982903","0.252038687467575","0.252205073833466","0.226725816726685","0.252886593341827","0.266087085008621","0.27040421962738","",
"中国澳门特别行政区","MAC","Control of Corruption: Number of Sources","CC.NO.SRC","","","","","","","","","","","","","","","","","","","","","","","","","","","","","","","","","","","","","1","","1","","1","","1","1","1","2","2","2","2","3","3","3","3","3","3","3","3","3","3","3","3","3","3","3","",
"中国澳门特别行政区","MAC","私人转移，接收（国际收支平衡，现价美元）","BX.TRF.PWKR.CD","","","","","","","","","","","","","","","","","","","","","","","","","","","","","","","","","","","","","","","","","","","46620166.5539433","47740741.3694725","53334689.0206457","53150239.3434497","55465112.1882292","54385821.9267613","51598913.4375614","48381809.2700582","46853508.7487517","48292669.4739577","46907064.121934","48659083.054716","36864800.2918195","39527609.1740174","27588639.7723445","34553804.6818085","42116218.0957632","55002381.9227223","65768944.5645491","73900166.6379001","83373791.7881061","103711941.753696","118250214.393279",
"中国澳门特别行政区","MAC","外国直接投资净流入（BoP，现价美元）","BX.KLT.DINV.CD.WD","","","","","","","","","","","","20000","320000","120000","","","1220000","","","320000","","","260000","8150000","","-380000","50000","-90000","350000","-600000","480000","10720000","-19500000","-3600000","3480000","2190000","5940000","2310000","-17890000","9420000","-790000","160004980","393961071.024012","506111200.953584","771496386.166367","1775023637.88","2916866632.75465","5314514355.6461","3982611127.76311","-412628204.994395","3629274388.55483","1754336190.32971","3565735906.12655","3774560563.63993","2424230566.70926","486517486.302295","1859188732.28442","1701002327.73208","1721703376.81634","6479147402.60285","-6213336210.19689","5676921994.53209","3196325132.7901","1649825748.04201","1447614412.60287",
"中国澳门特别行政区","MAC","知识产权使用费，接收（国际收支平衡，现价美元）","BX.GSR.ROYL.CD","","","","","","","","","","","","","","","","","","","","","","","","","","","","","","","","","","","","","","","","","","","","","","","","","","","","","","","","","","","","123908.515699477","2480.14099861516","","","","",
"中国澳门特别行政区","MAC","货物和服务出口（BoP，现价美元）","BX.GSR.GNFS.CD","","","","","","","","","","","","","","","","","","","","","","","","","","","","","","","","","","","","","","","","","","","6875105972.22144","7657751919.75143","10086711384.4521","10261437459.0356","11682859867.9666","14545875052.8785","16757424188.9307","16948588122.1848","24689832972.0081","33286266594.0902","39204378547.1127","46720845878.5364","47019555754.9652","35365899483.6352","34542896602.4582","40576244966.0534","45626057701.3253","45556643415.4692","15578124891.8029","28162970579.291","21096808029.0823","41838994894.7722","44942191433.714",
"中国澳门特别行政区","MAC","信息和通信技术 (ICT) 服务出口（BoP，现价美元）","BX.GSR.CCIS.CD","","","","","","","","","","","","","","","","","","","","","","","","","","","","","","","","","","","","","","","","","","","41210325.182674","45338557.019241","48027048.538076","55773336.4089406","56604121.6360658","88730769.2989731","97600046.400029","73389179.1582212","93129274.4302099","80876983.4907008","67394209.4254801","57318892.4240999","55694228.8023644","53221015.2367171","46509005.2278191","37810456.415343","30103087.4865821","24958343.2787126","22698897.9296411","16926294.4963025","14345237.4067771","15611730.8847795","25777373.9891187",
"中国澳门特别行政区","MAC","净再分配收入（国际收支平衡，现价美元）","BN.TRF.CURR.CD","","","","","","","","","","","","","","","","","","","","","","","","","","","","","","","","","","","","","","","","","","","-111212385.926097","-148563831.645991","-200860568.863407","-217901092.38011","-367951380.537547","-613586356.038722","-1020039974.21367","-1110452714.01623","-1182452365.2243","-1108107827.66703","-1367428189.26723","-1838809535.72926","-2172239972.59465","-2032048735.50437","-2142218414.88891","-2201522802.54512","-2690739845.39107","-3009131495.69556","-1437244447.034","-1600380071.89341","-1164512591.81566","-3071596038.08245","-3705195565.47212",
"中国澳门特别行政区","MAC","净错误与遗漏（国际收支平衡，现价美元）","BN.KAC.EOMS.CD","","","","","","","","","","","","","","","","","","","","","","","","","","","","","","","","","","","","","","","","","","","-909740509.266645","-175051072.058898","-868263019.110373","-1945108233.12535","701544664.899706","-7057533230.41126","-4727406521.41047","-1149539150.88305","-4201827567.64638","-3676041673.29375","1959015306.51706","-2593876089.63763","-6232902898.55591","-4436094071.47154","-1490080786.08248","-710406847.808765","-6780809672.19757","-6004696561.69523","576779232.031863","-6244890097.96257","-6622279894.84625","-4276234533.16001","2392114585.69785",
"中国澳门特别行政区","MAC","Net financial account (BoP, current US$)","BN.FIN.TOTL.CD","","","","","","","","","","","","","","","","","","","","","","","","","","","","","","","","","","","","","","","","","","","1553218100.68754","2437826828.25457","2913188018.21032","1445737849.13626","3355156489.45665","-2740246577.07244","-1069182359.30661","5395177828.44212","6808940192.4675","12531351307.9173","18730533629.6383","17677404552.9454","11721610831.3725","6071696796.41054","10403264356.8786","14712037821.6573","11306030220.8042","12375495795.4053","4063959669.62621","-3640257022.65436","-3228832975.52109","10039791983.8307","20344318886.9182",
"中国澳门特别行政区","MAC","再分配收入，其它行业，支付（国际收支平衡，现价美元）","BM.TRF.PRVT.CD","","","","","","","","","","","","","","","","","","","","","","","","","","","","","","","","","","","","","","","","","","","178414233.4794","228104811.399926","276996118.141737","298001378.401596","471850786.884985","703387732.626494","992692267.012274","835409612.19194","890668160.975448","1110742275.52915","1358812815.43486","1807365350.93247","2104151785.63286","1965620311.50582","2050783412.02573","2260017932.53078","2716787012.91375","3015266574.75229","1579012763.73426","2015614154.32023","1156563687.10479","3434158678.64758","4074594695.66159",
"中国澳门特别行政区","MAC","交通服务（占国际收支统计口径的服务进口比例）","BM.GSR.TRAN.ZS","","","","","","","","","","","","","","","","","","","","","","","","","","","","","","","","","","","","","","","","","","","10.9366098668197","10.6637845753358","12.4287995742517","14.4040219963466","15.2498480721768","13.6379028272716","11.0826423476364","11.511407666767","11.9795343091708","11.9349223896784","10.0733471074102","12.108519491025","12.9854766159818","11.8526979162601","10.3244200073987","8.81090883225722","8.52557006190217","8.78558189468836","9.48115613130189","10.9225949721676","10.190267397692","10.376233610737","9.80927735636137",
"中国澳门特别行政区","MAC","货物进口（BoP，现价美元）","BM.GSR.MRCH.CD","","","","","","","","","","","","","","","","","","","","","","","","","","","","","","","","","","","","","","","","","","","3285211304.42359","3649040639.94917","4525891136.30741","4817290835.51369","5801797583.70991","7287013503.13869","7300671388.3462","5495962651.626","6650889399.39558","8818719477.02365","10416867697.4268","12209456943.1293","14176846601.0001","13928324303.0699","11843543247.4391","12430274961.3038","12824104173.4473","12456909037.3791","11962970870.0789","19781778172.3843","17101859492.3893","17768016056.2445","16739898479.6115",
"中国澳门特别行政区","MAC","通信、计算机等（占服务进口额的百分比，BoP）","BM.GSR.CMCP.ZS","","","","","","","","","","","","","","","","","","","","","","","","","","","","","","","","","","","","","","","","","","","41.0111102269442","45.3523389464108","42.0403672086785","43.275111342934","43.4743401939992","48.45899974216","51.1560685926613","45.9916552722121","24.5321960558645","24.1983674785722","16.2858566999028","38.1822546632394","41.8311006383451","29.3874633015738","31.9464644999993","26.8205303993671","24.5435735113353","35.3808598436271","34.3451386278297","31.4413351954393","32.5981470840176","37.0869959555659","39.2971506002896",
"中国澳门特别行政区","MAC","畜牧业生产指数（2014-2016 = 100）","AG.PRD.LVSK.XD","","32.89","40.15","47.57","47.8","50.58","49.18","49.51","49.08","49.08","55.24","56.18","57.47","58.96","60.24","60.91","61.27","64.67","65.9","74.96","71.85","72.22","71.4","66.66","64.06","65.99","71.96","71.25","69.39","70.56","70.98","70.98","70.98","72.02","68.51","68.72","73.94","69.74","83.13","103.13","105.71","112.98","157.99","100.05","86.62","104.76","118.93","165.62","94.72","109.88","110.65","94.96","114.2","100.73","133.61","81.89","84.5","92.27","78.49","76.87","63.95","59.32","73.39","","",
"中国澳门特别行政区","MAC","Urban land area (sq. km)","AG.LND.TOTL.UR.K2","","","","","","","","","","","","","","","","","","","","","","","","","","","","","","","14.949691924263","","","","","","","","","","17.169205778277","","","","","","","","","","","","","","","17.764426984834","","","","","","","","","",
"中国澳门特别行政区","MAC","农业灌溉用地（占农业用地总量的百分比）","AG.LND.IRIG.AG.ZS","","","","","","","","","","","","","","","","","","","","","","","","","","","","","","","","","","","","","","","","","","","","","","","","","","","","","","","","","","","","","","","","","",
"中国澳门特别行政区","MAC","Urban land area where elevation is below 5 meters (% of total land area)","AG.LND.EL5M.UR.ZS","","","","","","","","","","","","","","","","","","","","","","","","","","","","","","","26.520299181211","","","","","","","","","","32.5231411179569","","","","","","","","","","","","","","","32.7841488661865","","","","","","","","","",
"中国澳门特别行政区","MAC","永久性作物用地（占土地的百分比）","AG.LND.CROP.ZS","","","","","","","","","","","","","","","","","","","","","","","","","","","","","","","","","","","","","","","","","","","","","","","","","","","","","","","","","","","","","","","","","",
"中国澳门特别行政区","MAC","耕地（公顷数）","AG.LND.ARBL.HA","","","","","","","","","","","","","","","","","","","","","","","","","","","","","","","","","","","","","","","","","","","","","","","","","","","","","","","","","","","","","","","","","",
"中国澳门特别行政区","MAC","化肥消费量（占化肥产量的百分比）","AG.CON.FERT.PT.ZS","","","","","","","","","","","","","","","","","","","","","","","","","","","","","","","","","","","","","","","","","","","","","","","","","","","","","","","","","","","","","","","","","",
"中国澳门特别行政区","MAC","Women who believe a husband is justified in beating his wife when she argues with him (%)","SG.VAW.ARGU.ZS","","","","","","","","","","","","","","","","","","","","","","","","","","","","","","","","","","","","","","","","","","","","","","","","","","","","","","","","","","","","","","","","","",
"中国澳门特别行政区","MAC","Women Business and the Law Index Score (scale 1-100)","SG.LAW.INDX","","","","","","","","","","","","","","","","","","","","","","","","","","","","","","","","","","","","","","","","","","","","","","","","","","","","","","","","","","","","","","","","","",
"中国澳门特别行政区","MAC","教育公共开支总额，总数（占GDP的比例）","SE.XPD.TOTL.GD.ZS","","","","","","","","","","","","","","","","","","","","","","","","","","","","","","","","","","","","","","","3.35004997253418","3.33664989471436","3.31438994407654","2.71446990966797","2.84295988082886","2.78016996383667","2.23348999023438","2.2778799533844","2.19386005401611","2.04345011711121","2.1964099407196","2.53323006629944","2.61848998069763","2.67528009414673","3.32516002655029","2.05048990249634","2.04853010177612","3.00247001647949","3.09952998161316","2.70949006080627","2.7334098815918","3.0654399394989","6.38948011398315","5.10697984695435","6.05706977844238","3.50183010101318","",
"中国澳门特别行政区","MAC","Expenditure on secondary as % of government expenditure on education (%)","SE.XPD.SECO.ZS","","","","","","","","","","","","","","","","","","","","","","","","","","","","","","","","","","","","","","","29.11392","","24.97225","","","","","","","","","","","","","","","","","","","","","","","","",
"中国澳门特别行政区","MAC","Current education expenditure, total (% of total expenditure in public institutions)","SE.XPD.CTOT.ZS","","","","","","","","","","","","","","","","","","","","","","","","","","","","","","","","","","","","","","","","","","","","","","","","","","90.6424331665039","58.4577484130859","43.4394187927246","32.8099899291992","73.3030090332031","87.8039321899414","90.7833786010742","91.9495315551758","92.6362762451172","81.2330017089844","79.4349670410156","82.9788436889648","88.8385696411133","88.7297897338867","84.2196197509766","",
"中国澳门特别行政区","MAC","高等教育，教师 （女性所占百分比）","SE.TER.TCHR.FE.ZS","","","","","","","","","","","","","","","","","","","","","","","","","","","","","","29.2929306030273","31.25","34.4554481506348","32.4915809631348","32.7702713012695","34.9917106628418","","","30.259370803833","","","36.0479011535645","36.1022415161133","35.6770782470703","33.4192390441895","32.221321105957","31.8211708068848","31.6995506286621","31.2463798522949","31.4895896911621","31.471040725708","31.6276803118908","34.6739130434783","35.9782608695652","36.4578426754592","35.7433348395843","36.8289011540391","36.9230769230769","36.2030905077263","37.3860182370821","36.9751324908275","36.7205542725173","37.2408594044478","37.6436781609195","38.6775684322787","38.2646276595745",
"中国澳门特别行政区","MAC","Pupil-teacher ratio, tertiary","SE.TER.ENRL.TC.ZS","","","","","","","","","","","","","","","","","","","","","","","","","","","","","","13.35017","14.14103","14.70297","12.49158","12.28209","10.80763","","","10.7853","","10.10569","8.94731","14.90522","17.70747","22.57045","20.19121","15.39776","14.82559","13.83652","13.91402","14.76422","14.36452","16.58641","14.05","13.08337","13.33981","15.43954","15.866","14.45916","14.37169","","","","","","",
"中国澳门特别行政区","MAC","Educational attainment, at least Master's or equivalent, population 25+, total (%) (cumulative)","SE.TER.CUAT.MS.ZS","","","","","","","","","","","","","","","","","","","","","","","","","","","","","","","","","","","","","","","","","","","","","","","","","","","","","","","","","","","","","","","","","",
"中国澳门特别行政区","MAC","Educational attainment, Doctoral or equivalent, population 25+, male (%) (cumulative)","SE.TER.CUAT.DO.MA.ZS","","","","","","","","","","","","","","","","","","","","","","","","","","","","","","","","","","","","","","","","","","","","","","","","","","","","","","","","","","","","","","","","","",
"中国澳门特别行政区","MAC","Educational attainment, at least Bachelor's or equivalent, population 25+, female (%) (cumulative)","SE.TER.CUAT.BA.FE.ZS","","","","","","","","","","","","","","","","","","","","","","","","","","","","","","","","","","","","","","","","","","","","","","","","","","","","","","","","","","","","","","","","","",
"中国澳门特别行政区","MAC","中学教育，教师 （女性所占百分比）","SE.SEC.TCHR.FE.ZS","","","","","","","","","","","","","","","","","","","","","","","","","","","","","","","","","","","","","","","","55.5075607299805","56.8534812927246","56.5700187683105","56.930980682373","57.4539413452148","57.071460723877","57.9200782775879","58.8672218322754","59.4570083618164","59.5314712524414","59.2850914001465","58.895966029724","58.6999603646453","58.8709677419355","59.4511016621569","58.8728103579589","59.4522632179536","58.8278931750742","58.4132841328413","58.7458745874587","58.7555886736215","58.6549062844542","58.4537572254335","58.324304803178","57.8651685393258","57.4200136147039",
"中国澳门特别行政区","MAC","Trained teachers in upper secondary education (% of total teachers)","SE.SEC.TCAQ.UP.ZS","","","","","","","","","","","","","","","","","","","","","","","","","","","","","","","","","","","","","","","","58.4139289855957","60.3669700622559","56.8627510070801","57.924259185791","62.8495292663574","64.7331771850586","66.0998916625977","66.8610305786133","66.3177871704102","69.2610778808594","72.9853515625","72.6713532513181","73.297213622291","75.1134644478064","78.3475783475783","83.2742735648476","87.4385964912281","90.0882552613714","90.9209666884389","92.6075268817204","93.9393939393939","93.1556195965418","92.8621908127208","93.2336182336182","94.7079037800687","94.2087542087542",
"中国澳门特别行政区","MAC","Trained teachers in lower secondary education (% of total teachers)","SE.SEC.TCAQ.LO.ZS","","","","","","","","","","","","","","","","","","","","","","","","","","","","","","","","","","","","","","","","59.0596313476562","60.5769195556641","60.8523292541504","61.6346206665039","63.0769195556641","63.2133483886719","66.9894409179688","68.977783203125","72.3037109375","72.5473327636719","70.049919128418","69.7617091207888","70.8367181153534","73.3160621761658","75.2324598478445","80","87.2923588039867","88.0621422730989","90.3307888040712","89.8305084745763","91.3961038961039","93.0232558139535","93.6437546193644","93.6996336996337","93.6826992103374","95.1135581555403",
"中国澳门特别行政区","MAC","Effective transition rate from primary to lower secondary general education, both sexes (%)","SE.SEC.PROG.ZS","","","","","","","","","","","","","","","","","","","","","","","","","","","","","","","","","90.68047","","","","","","","92.36511","92.78954","93.54164","97.02662","98.68106","95.77691","96.78744","99.70042","98.22003","99.10714","99.74202","99.41051","99.88275","99.50956","99.45253","99.68535","","99.76819","99.20049","","","","","","","",
"中国澳门特别行政区","MAC","入学率，中学，男生（净百分比）","SE.SEC.NENR.MA","","","","","","","","","","","","","","","","","","","","","","","","","","","","","","","44.88743","","54.68931","","","","","","","62.41335","66.0109","67.75308","68.31494","69.25057","70.13279","70.22933","69.94703","69.22445","68.51573","69.16717","72.25076","74.60939","74.18151","74.08331","74.98871","76.21194","79.58574","82.58633","84.55769","","","","","","",
"中国澳门特别行政区","MAC","入学率，中学，女生（占总人数的百分比）","SE.SEC.ENRR.FE","","","","","","","","","","","","","","","","","","","","","","","","","","","","","","","","","","","","","","","","","","83.9162292480469","87.1809692382812","90.6741409301758","94.2692565917969","93.4739303588867","93.9249725341797","94.6795425415039","90.4638900756836","90.1166305541992","91.4267465854378","94.6152226550163","96.9751489935905","97.0595238095238","100.927631578947","101.774647887324","101.977941176471","98.5185185185185","93.8029197080292","91.8175182481752","89.9859154929577","88.92","89.5705128205128","91.7987421383648","94.5308641975309",
"中国澳门特别行政区","MAC","Pupil-teacher ratio, upper secondary","SE.SEC.ENRL.UP.TC.ZS","","","","","","","","","","","","","","","","","","","","","","","","","","","","","","","","","","","","","","","","21.08124","21.74679","22.52288","21.92847","22.87617","21.91879","21.10308","20.43732","20.02474","18.72611","16.70788","15.80228","13.97291","13.55749","12.33689","11.80369","11.23579","10.41041","9.54474","9.26008","","","","","","",
"中国澳门特别行政区","MAC","中学教育，一般学生","SE.SEC.ENRL.GC","","","","","","","","","","","","8960","8954","7391","7786","6632","7867","9701","10369","11565","","","","","","","","","","","15990","","18224","19526","","","","","","30498","33177","36465","39429","41830","43967","44129","44057","43981","40099","38143","36951","35717","34125","32316","30638","28890","27680","26481","25672","","","","","","",
"中国澳门特别行政区","MAC","Educational attainment, at least completed upper secondary, population 25+, total (%) (cumulative)","SE.SEC.CUAT.UP.ZS","","","","","","","","","","","","","","","","","","","","","","","","","","","","","","","","25.8600006103516","","","","","","","","","","28.3299999237061","","","","","35.7000007629395","","","","","44.8699989318848","","","","","51.9799995422363","","","","","","","","",
"中国澳门特别行政区","MAC","Educational attainment, at least completed post-secondary, population 25+, male (%) (cumulative)","SE.SEC.CUAT.PO.MA.ZS","","","","","","","","","","","1.89999997615814","","","","","","","","","","","","","","","","","","","","","","","","","","","","","","","","","","","","15.1300001144409","","","","","20.5400009155273","","","","","26.6700000762939","","","","","","","","",
"中国澳门特别行政区","MAC","Educational attainment, at least completed lower secondary, population 25+, female (%) (cumulative)","SE.SEC.CUAT.LO.FE.ZS","","","","","","","","","","","11.0299997329712","","","","","","","","","","","","","","","","","","","","","44.2799987792969","","","","","","","","","","48.7299995422363","","","","","57.5","","","","","66.0800018310547","","","","","71.370002746582","","","","","","","","",
"中国澳门特别行政区","MAC","中学入学年龄（年）","SE.SEC.AGES","","","","","","","","","","","12","12","12","12","12","12","12","12","12","12","12","12","12","12","12","12","12","12","12","12","12","12","12","12","12","12","12","12","12","12","12","12","12","12","12","12","12","12","12","12","12","12","12","12","12","12","12","12","12","12","12","12","12","12","12",
"中国澳门特别行政区","MAC","Children out of school, female (% of female primary school age)","SE.PRM.UNER.FE.ZS","","","","","","","","","","","","","","","","","","","","","","","","","","","","","","","","","","","","","","","","","","11.9152603149414","9.32042026519775","8.90167045593262","8.86981010437012","9.95228004455566","11.0239496231079","10.587929725647","10.1765899658203","9.67471027374268","9.05638570131264","6.13909302742427","7.44846541456711","6.27102803738318","2.80555555555555","1.37719298245614","0.717741935483871","","0.219858156028369","4.45625","8.39884393063584","11.6455026455026","14.1089108910891","13.1256038647343","10.6323529411765",
"中国澳门特别行政区","MAC","小学女生总入学率（净比例）","SE.PRM.TENR.FE","","","","","","","","","","","","","","","","","","","","","","","","","","","","","","","90.59976","","85.30534","","","","","","","87.98374","86.79958","84.52131","84.46863","84.70729","84.61418","84.84346","85.43398","86.15627","86.03832","85.11103","84.89596","85.63038","86.55914","88.30165","91.84989","94.39776","97.03167","96.965","96.42685","","","","","","",
"中国澳门特别行政区","MAC","经过培训的初等教育教师（占教师总数的比例）","SE.PRM.TCAQ.ZS","","","","","","","","","","","","","","","","","","","","","","","","","","","","","","","","","","","","","","","","80.9966812133789","83.5234527587891","87.2287673950195","89.6658401489258","90.4024810791016","90.9313735961914","90.8017425537109","88.9301223754883","88.8751525878906","86.2956314086914","85.9936904907227","84.717818642993","85.8302122347066","87.9825653798256","88.1627620221948","88.1965248651887","96.1672473867596","97.5890985324948","98.1947743467934","98.5234899328859","98.917568692756","98.8976377952756","99.0915972747918","99.1279069767442","99.1537376586742","98.8259668508287",
"中国澳门特别行政区","MAC","小学复读生，男生（占入学男生总量的百分比）","SE.PRM.REPT.MA.ZS","","","","","","","","","","","","","","","","","","","","","","","","","","","","","","","8.21546","","8.00794","5.18736","","","","","","7.31076","9.37751","8.36412","8.14077","8.90285","7.50906","7.84727","6.97624","7.38919","7.71138","7.94067","6.8677","6.65754","5.52178","4.52036","4.19963","3.13958","2.98475","2.67127","2.0788","","","","","","",
"中国澳门特别行政区","MAC","小学最高年级持续就学率，女童（占同龄人的百分比）","SE.PRM.PRSL.FE.ZS","","","","","","","","","","","","","","","","","","","","","","","","","","","","","","","","","","","","","","","","","","","","","","","","","98.5444793701172","","","","","","","","","99.533317565918","99.7844161987305","99.5011215209961","99.2957382202148","99.462516784668","98.7124710083008","99.1962509155273","",
"中国澳门特别行政区","MAC","入学率，小学，私立（占总小学人数的百分比）","SE.PRM.PRIV.ZS","","","","","","","","","","","","","","","","","","","","","","","","","","","","","","","","","","","","","","","","94.7198867797852","94.1644515991211","94.111213684082","94.1669692993164","94.4270782470703","95.0817565917969","95.6899490356445","96.6118774414062","95.903678894043","95.9950103759766","96.958122253418","97.2044525146484","97.2798004150391","97.390266418457","97.6879119873047","97.6773681640625","97.7074127197266","97.806022644043","97.8162994384766","97.7592926025391","97.679069519043","97.4411773681641","97.066291809082","96.7872619628906","96.6872711181641","96.4275512695312",
"中国澳门特别行政区","MAC","一年级学生净入学率（占官方学龄人口的百分比）","SE.PRM.NINT.ZS","","","","","","","","","","","","","","","","","","","","","","","","","","","","","","","","","","","","","","","","65.64689","68.73508","70.28375","72.37797","73.24339","73.1215","71.88811","75.17624","76.97429","73.37758","73.84054","74.97286","79.91158","84.83451","89.77562","93.18748","91.49616","87.50245","87.38165","89.68038","","","","","","",
"中国澳门特别行政区","MAC","入学率，小学，女生（净百分比）","SE.PRM.NENR.FE","","","","","","","","","","","","","","","","","","","","","","","","","","","","","","","90.59976","","85.30534","","","","","","","87.72635","86.58564","84.29258","84.30564","84.51812","84.48357","84.73282","85.29845","86.02394","85.93676","84.96542","84.70891","85.41529","86.41172","88.04406","91.62031","94.16858","97.01576","96.92808","96.39243","","","","","","",
"中国澳门特别行政区","MAC","一年级新生总入学率，女性（占相关年龄组的百分比）","SE.PRM.GINT.FE.ZS","","","","","","","","","","","","","","","","","","","","","","","","","","","","","","","100.8991","","104.13318","101.20685","","","","","","93.79249","90.05268","92.7593","94.11765","93.83662","89.30793","90.63281","94.41216","91.90613","89.41176","86.6342","83.90546","87.69319","94.38518","97.51848","101.06641","96.42384","95.0487","93.60421","95.57895","","","","","","",
"中国澳门特别行政区","MAC","小学师生比例","SE.PRM.ENRL.TC.ZS","","","","","","","","","","","","28.2754","29.1367","","29.88905","32.42131","27.56707","20.65217","27.21351","30.14357","","","","","","","","","","","","","","","","","","","","31.15814","29.95057","28.30936","27.45545","25.9548","24.43137","23.24487","21.48361","20.35352","18.24476","17.33943","16.05961","14.84707","14.10087","13.70592","13.69802","14.08362","13.85535","13.50974","13.49843","","","","","","",
"中国澳门特别行政区","MAC","Educational attainment, at least completed primary, population 25+ years, total (%) (cumulative)","SE.PRM.CUAT.ZS","","","","","","","","","","","","","","","","","","","","","","","","","","","","","","","","70.8899993896484","","","","","","","","","","78.8499984741211","","","","","83.120002746582","","","","","87.5899963378906","","","","","89.8300018310547","","","","","","","","",
"中国澳门特别行政区","MAC","小学男生毕业率（相关年龄群体所占比例）","SE.PRM.CMPT.MA.ZS","","","","","","","","","","","","","","","","","","","","","","","","","","","","","","","","","","","","","","","","","","95.5916519165039","99.3589706420898","99.1313171386719","103.432678222656","92.5805587768555","95.4345397949219","92.3622894287109","91.4555969238281","93.8181762695312","98.8306299509619","96.3923794081881","104.14788097385","97.0476190476191","95.95","85.3809523809524","95.65","98.2380952380952","91.2916666666667","88.9259259259259","89.7586206896552","95.5357142857143","88.9677419354839","87.0909090909091","94.3243243243243",
"中国澳门特别行政区","MAC","Trained teachers in preprimary education, male (% of male teachers)","SE.PRE.TCAQ.MA.ZS","","","","","","","","","","","","","","","","","","","","","","","","","","","","","","","","","","","","","","","","","100","","0","","100","75","","100","50","100","100","81.8181818181818","90","90","81.8181818181818","100","100","100","100","95.4545454545455","100","100","100","100","100",
"中国澳门特别行政区","MAC","学校入学率，学前班（占总数的百分比）","SE.PRE.ENRR","","","","","","","","","","","","46.028018951416","45.5034484863281","","44.5632019042969","40.7884292602539","53.1823387145996","75.9047317504883","75.7539978027344","83.2791213989258","","","","","","","","","","94.275390625","92.0550079345703","95.0410995483398","97.4434280395508","98.4368591308594","","","","","","94.8291168212891","93.94873046875","90.6465606689453","88.9324188232422","88.2919998168945","88.5524597167969","86.9241104125977","84.0251007080078","82.0121688842773","82.9444580078125","84.7603988647461","89.2052230834961","94.7303771972656","94.7736587524414","91.7711029052734","87.5318603515625","88.6776428222656","95.942626953125","95.3088912963867","95.621223449707","90.5669631958008","90.4162979125977","86.4049682617188","","","",
"中国澳门特别行政区","MAC","Female primary school age children out-of-school (%)","SE.LPV.PRIM.SD.FE","","","","","","","","","","","","","","","","","","","","","","","","","","","","","","","","","","","","","","","","","","","","","","","","","","","","","","","","","3.52899932861328","","","","","3.52899932861328","","","",
"中国澳门特别行政区","MAC","Female pupils below minimum reading proficiency at end of primary (%). Low GAML threshold","SE.LPV.PRIM.LD.FE","","","","","","","","","","","","","","","","","","","","","","","","","","","","","","","","","","","","","","","","","","","","","","","","","","","","","","","","","2.24512028694152","","","","","3.52858304977417","","","",
"中国澳门特别行政区","MAC","高等学院女生与男生的入学比例 (%)","SE.ENR.TERT.FM.ZS","","","","","","","","","","","","","","","","","","","","","","","","","","","","","","","","","","","","","","","","","","0.674560010433197","0.482719987630844","0.517319977283478","0.648259997367859","0.717499971389771","0.809300005435944","0.911880016326904","0.971719980239868","1.00093996524811","1.07146955325331","1.11266700320325","1.19103152221803","1.21704779919929","1.22739281854209","1.25393751975485","1.24090009600394","1.20142778899628","1.17843482755199","1.16083141855655","1.14821864849107","1.14351697769541","1.09369043054149","1.08256551374669","1.10614641930701",
"中国澳门特别行政区","MAC","Duration of compulsory education (years)","SE.COM.DURS","","","","","","","","","","","","","","","","","","","","","","","","","","","","","","","","","","","","","","","10","10","10","10","10","10","10","10","10","10","10","10","10","10","10","10","10","10","10","10","10","10","10","10","10","10","10",
"中国澳门特别行政区","MAC","识字率，青年总体（占 15-24 岁人口的百分比）","SE.ADT.1524.LT.ZS","","","","","","","","","","","","","","","","","","","","","","94.6999969482422","","","","","","","","","","","","","","","","","","","","99.629997253418","","","","","99.6399993896484","","","","","99.6699981689453","","","","","99.8000030517578","","","","","","","","",
"中国澳门特别行政区","MAC","Regulatory Quality: Standard Error","RQ.STD.ERR","","","","","","","","","","","","","","","","","","","","","","","","","","","","","","","","","","","","","0.386360377073288","","0.440841853618622","","0.416249960660934","","0.366997271776199","0.276095181703568","0.319958239793777","0.213636070489883","0.305708646774292","0.366895705461502","0.329589158296585","0.292178958654404","0.304421693086624","0.301873415708542","0.296101152896881","0.290261089801788","0.303565949201584","0.295043766498566","0.319632709026337","0.314043641090393","0.318043142557144","0.31544154882431","0.376031339168549","0.379181206226349","0.363235831260681","0.367506325244904","",
"中国澳门特别行政区","MAC","Regulatory Quality: Number of Sources","RQ.NO.SRC","","","","","","","","","","","","","","","","","","","","","","","","","","","","","","","","","","","","","1","","1","","1","","1","1","1","1","1","1","2","3","3","3","3","3","3","3","3","3","3","3","2","2","2","2","",
"中国澳门特别行政区","MAC","Rule of Law: Percentile Rank, Lower Bound of 90% Confidence Interval","RL.PER.RNK.LOWER","","","","","","","","","","","","","","","","","","","","","","","","","","","","","","","","","","","","","36.1809043884277","","37","","39.8009948730469","","55.7213935852051","68.1592025756836","71.1538467407227","56.9377975463867","49.2822952270508","46.8899536132812","53.8461532592773","62.0853080749512","62.0853080749512","62.4413146972656","61.5023460388184","60.0938949584961","73.0769195556641","69.523811340332","65.2380981445312","67.1428604125977","72.8571395874023","70.476188659668","67.1428604125977","65.7142868041992","65.0943374633789","63.6792449951172","",
"中国澳门特别行政区","MAC","实际有效汇率指数（2010 = 100）","PX.REX.REER","","","","","","","","","","","","","","","","","","","","","","","","","","","","","","","","","","","","","","","","","","","","","","","","","","","","","","","","","","","","","","","","","",
"中国澳门特别行政区","MAC","Political Stability and Absence of Violence/Terrorism: Percentile Rank","PV.PER.RNK","","","","","","","","","","","","","","","","","","","","","","","","","","","","","","","","","","","","","56.9148941040039","","56.9148941040039","","67.7248687744141","","67.7248687744141","85.9296493530273","96.1165084838867","93.2038803100586","80.1932373046875","61.3526573181152","60.5769233703613","67.2985763549805","64.9289093017578","66.3507080078125","65.8767776489258","69.1943130493164","93.8095245361328","91.9047622680664","97.6190490722656","97.6190490722656","91.9811325073242","92.9245300292969","89.1509399414062","85.3773574829102","90.0943374633789","88.1516571044922","",
"中国澳门特别行政区","MAC","Coverage of social insurance programs in 4th quintile (% of population)","per_si_allsi.cov_q4_tot","","","","","","","","","","","","","","","","","","","","","","","","","","","","","","","","","","","","","","","","","","","","","","","","","","","","","","","","","","","","","","","","","",
"中国澳门特别行政区","MAC","Coverage (%) - All Social Insurance","per_si_allsi.cov_pop_tot","","","","","","","","","","","","","","","","","","","","","","","","","","","","","","","","","","","","","","","","","","","","","","","","","","","","","","","","","","","","","","","","","",
"中国澳门特别行政区","MAC","Coverage of social safety net programs in 4th quintile (% of population)","per_sa_allsa.cov_q4_tot","","","","","","","","","","","","","","","","","","","","","","","","","","","","","","","","","","","","","","","","","","","","","","","","","","","","","","","","","","","","","","","","","",
"中国澳门特别行政区","MAC","Coverage (%) - All Social Assistance","per_sa_allsa.cov_pop_tot","","","","","","","","","","","","","","","","","","","","","","","","","","","","","","","","","","","","","","","","","","","","","","","","","","","","","","","","","","","","","","","","","",
"中国澳门特别行政区","MAC","Coverage of unemployment benefits and ALMP in 4th quintile (% of population)","per_lm_alllm.cov_q4_tot","","","","","","","","","","","","","","","","","","","","","","","","","","","","","","","","","","","","","","","","","","","","","","","","","","","","","","","","","","","","","","","","","",
"中国澳门特别行政区","MAC","Coverage (%) - All Labor Market","per_lm_alllm.cov_pop_tot","","","","","","","","","","","","","","","","","","","","","","","","","","","","","","","","","","","","","","","","","","","","","","","","","","","","","","","","","","","","","","","","","",
"中国澳门特别行政区","MAC","Benefits incidence in poorest quintile (%) -All Social Protection and Labor","per_allsp.ben_q1_tot","","","","","","","","","","","","","","","","","","","","","","","","","","","","","","","","","","","","","","","","","","","","","","","","","","","","","","","","","","","","","","","","","",
"中国澳门特别行政区","MAC","PPP转换因子，GDP（每一国际元的本币单位）","PA.NUS.PPP","","","","","","","","","","","","","","","","","","","","","","","","","","","","","","","2.78285743421885","3.00546463618483","3.37162125800715","3.60764341630096","3.77074377058945","3.99556530306287","4.01270469149185","4.01016706029415","3.88812880125608","3.78841301168318","3.63994855228372","3.50727496226176","3.40759503791034","3.34322843007304","3.3184688490292","3.39666075796118","3.55018304275559","3.7592332628981","4.05964132440307","4.07132759721801","4.21581658866683","4.43978691101074","4.56529092788696","4.64387083053589","4.86066198348999","5.13702344894409","5.11785411834717","5.15491628646851","5.21224677706722","5.24346445546162","5.16255477876926","4.89717441121879","4.62437823480085","4.65914682116019","4.55805241034254",
"中国澳门特别行政区","MAC","来自国外的经常转移净额（不变本币单位）","NY.TRF.NCTR.KN","","","","","","","","","","","","","","","","","","","","","","","","","","","","","","","","","","","","","","","","","","","","","","","","","","","","","","","","","","","","","","","","","",
"中国澳门特别行政区","MAC","净产品税（现价本币单位）","NY.TAX.NIND.CN","","","","","","","","","","","","","","","","","","","","","","","","","","","","","","","","114000000","116000000","101000000","130000000","147000000","177000000","173000000","145000000","164000000","187000000","239000000","226000000","224000000","256000000","275000000","267000000","319000000","256000000","216000000","259000000","411000000","533000000","466000000","457000000","511000000","446000000","530000000","510000000","532000000","602000000","750000000","873000000","909000000","",
"中国澳门特别行政区","MAC","净国外收入（现价美元）","NY.GSR.NFCY.CD","","","","","","","","","","","","","","","","","","","","","","","","","","","","","","","","","","","","","","","","","","","-81658737.9268614","-207349461.261668","-616840503.649199","-845730249.348869","-1626947496.60873","-383941768.976888","-2600862082.93901","-2325982182.74578","-3332264046.32616","-5306397638.9737","-6837788478.00163","-8754007726.62783","-8776244880.98289","-4803054742.91668","-4426868878.09779","-5546174240.44677","-6468659612.18739","-6446935556.41741","4825622832.81817","-88076595.0345336","4466333531.96434","-1179801547.48809","",
"中国澳门特别行政区","MAC","总储蓄（现价美元）","NY.GNS.ICTR.CD","","","","","","","","","","","","","","","","","","","","","","","","","","","","","","","","","","","","","","","","","","","3053150844.58818","3649289891.98605","5217822229.09739","5981749016.56296","7200974458.43166","10737976278.1256","9665387033.64532","9943351365.82413","14735198955.6534","19956349467.5291","23101824353.7047","27528509444.5762","28831516195.6105","21727970099.9062","21590412118.15","25174551533.8523","27421677523.8351","25889086328.0495","9977387208.09648","9204261018.79238","8891014818.14758","20504195285.418","",
"中国澳门特别行政区","MAC","人均GNI增长（年增长率）","NY.GNP.PCAP.KD.ZG","","","","","","","","","","","","","","","","","","","","","","","","","","","","","","","","","","","","","","","","","","","","9.42696574323425","18.3316290308268","2.40499365331239","4.54326517207807","22.7675781947627","-10.035035706041","7.10969622732324","23.5341781766506","15.4994185238373","6.72691603812379","11.3858204854418","0.337371215924918","-17.0403556003893","0.0546513422891479","9.55676331945172","5.36662784132183","-2.92276088469511","-40.3851021625194","1.00724591184867","-4.12398216339838","50.4760607092927","",
"中国澳门特别行政区","MAC","按购买力平价 (PPP) 衡量的国民总收入（GNI）（2017年不变价国际元）","NY.GNP.MKTP.PP.KD","","","","","","","","","","","","","","","","","","","","","","","","","","","","","","","","","","","","","","","","","","","20517854994.0612","22718377159.2682","27555707445.9947","29385137647.6279","32368107677.847","41489848822.5445","38745143743.4014","41062319373.0764","50915628679.7746","60187090097.8911","66374681736.8306","77056420565.4862","81208984020.1725","69668027951.4309","70746977535.6414","77021074665.7125","82468701492.2526","81650028078.3775","49646195083.6616","49934080240.1891","47510047238.1781","71649577469.4542","",
"中国澳门特别行政区","MAC","国民总收入（GNI）（2015年不变价美元）","NY.GNP.MKTP.KD","","","","","","","","","","","","","","","","","","","","","","","","","","","","","","","","","","","","","","","","","","","11820868648.0057","13088646565.3107","15875558059.8585","16929540268.0601","18648106702.922","23903378462.2646","22322082648.0845","23657067653.1289","29333814812.9253","34675344306.6433","38240176402.0341","44394203305.0601","46786602859.7194","40137558610.1871","40759169461.6365","44373839615.0647","47512358781.8354","47040699785.618","28602461179.6454","28768319288.2054","27371770978.2823","41279180703.6688","",
"中国澳门特别行政区","MAC","按图表集法衡量的 GNI（现价美元）","NY.GNP.ATLS.CD","","","","","","","","","","","","","","","","","","","","","","","","","1296916802.44772","1304171567.53607","1544274283.72291","2007585566.90754","2402002483.15537","2689131669.45217","3086141847.74582","3533372704.63631","4555913754.57622","5297283455.51029","6056706915.53798","6721411632.63664","6881403676.80147","6955439920.04367","6429789956.5093","6124974300.41937","6295735725.3519","6901948031.20883","7309305997.37567","8210755206.53563","10480535623.8614","11566138228.4295","12933806307.2445","17227976684.0076","17407369314.6059","19004914934.4601","24361356725.0867","30018318187.4599","34284436034.9606","40148230507.5189","42604251722.4007","37280243677.1997","38934210505.9531","43404915947.2428","47997687473.3267","48176928647.3379","30095988924.518","31619872530.1283","30745289252.1191","44149181608.7613","",
"中国澳门特别行政区","MAC","国内总储蓄（现价美元）","NY.GDS.TOTL.CD","","","","","","","","","","","","","","","","","","","","","","","377138288.1616","397901065.182491","514601106.361266","494821625.430281","566568137.056576","848459788.299545","956148502.498323","1143158295.93237","1417156381.65454","1595152575.19443","2412340062.68171","2817302684.01202","3073131947.69583","3447770376.56013","3251029323.15726","3145464767.93577","2682620008.83094","2355024180.88428","2786852564.82139","2858405427.27329","3246059312.37617","4005240585.59019","6035523301.61","7045380358.29194","9195860837.80566","11735529291.5974","13286226747.5134","13379786262.5861","19249915367.2039","26370854934.1698","31307041020.9736","38121326706.9333","39780001049.188","28563073578.3273","28159499411.1367","32922248576.8442","36581076981.4136","35345153380.1625","6589008822.31231","10892717685.7203","5589193877.9989","24755592870.9885","27891963884.77",
"中国澳门特别行政区","MAC","按购买力平价 (PPP)计算的人均 GDP（现价国际元）","NY.GDP.PCAP.PP.CD","","","","","","","","","","","","","","","","","","","","","","","","","","","","","","","27936.3742290616","28516.2349701718","31329.807770525","32584.8965473791","33577.0316859064","34329.5335162915","34324.8496998146","34635.783768436","33028.2747017338","32315.3675280996","34686.9487205344","36214.8513340462","39641.4818326412","44601.8182261997","56585.3001832163","60569.4566444726","67194.5117540953","75672.6406168549","76827.0193066502","79138.8048016974","99835.0846406553","121085.679344582","133111.616642617","149859.180455113","145187.080794416","108656.763904919","107653.177281832","120774.963080752","129457.998600118","126029.622371097","57077.5325705099","73374.4486829589","64193.5294048618","116328.540600134","126959.917138906",
"中国澳门特别行政区","MAC","GDP per capita (current LCU)","NY.GDP.PCAP.CN","","","","","","","","","","","","","","","","","","","","","","","27932.4563125859","31403.6390642406","37054.976135761","37607.8702105627","41469.3463941902","51103.1448590517","58237.3417721519","66862.5038449708","77742.9467084639","85704.5357599886","105632.24588838","117554.6875","126610.383064516","137165.892988028","137735.485425199","138895.279175653","128418.186123609","122423.958820777","126258.708778449","127015.441345932","135082.116788321","149114.066726781","187776.55597097","205733.896515311","238552.81619563","284471.107698215","311890.14240799","322200","420886.405959032","537594.61426492","607693.255854904","695926.676803514","705705.324111308","558172.344065951","550953.256704981","622584.824182603","674767.035969039","660831.845238095","294665.888532244","359327.472527473","296855.160194892","541991.750147319","578689.956331878",
"中国澳门特别行政区","MAC","按购买力平价 (PPP) 衡量的 GDP（现价国际元）","NY.GDP.MKTP.PP.CD","","","","","","","","","","","","","","","","","","","","","","","","","","","","","","","9357288548.02418","10027734027.2609","11620225702.0877","12512600274.1936","13323366172.9677","14051078068.2181","14248245110.393","14453512566.5684","13947840406.5422","13811588081.5098","14936200119.0621","15713623993.8427","17378825635.4299","19785366565.1422","25729335993.3085","28679637721.1578","33523341914.1182","39417878497.3197","41540369339.1058","42339260568.9081","53611440452.0319","66548689367.7824","75594087091.3419","88701648911.3815","90262808129.8884","69855433514.4725","70243698176.3952","78310486061.5598","85299875277.618","84691906233.3769","39120940823.8275","50078061226.1194","43478277465.9129","78963813359.371","87221463074.4283",
"中国澳门特别行政区","MAC","GDP: linked series (current LCU)","NY.GDP.MKTP.CN.AD","","","","","","","","","","","","","","","","","","","","","","","","","","","","","","","26040000000","30138000000","39179000000","45141000000","50239000000","56142000000","57174000000","57961000000","54231000000","52324000000","54367000000","55112000000","59220000000","66146999999.9999","85381999999.9999","97414999999.9999","119014000000","148181000000","168639000000","172377000000","226016000000","295462000000","345109000000","411919000000","438737000000","358849000000","359497000000","403684000000","444604000000","444079000000","201964000000","245241000000","201060000000","367904000000","397560000000.001",
"中国澳门特别行政区","MAC","森林租金（占GDP的百分比）","NY.GDP.FRST.RT.ZS","","","","","","","","","","","","","","","","","","","","","","","0.00180635451304879","0.00186693119817914","0.00255971079328982","0.00250332835608348","0.00369865605929788","0.00291006898641668","0.00254336022844102","0.00222094443428256","0.00191367383640553","0.00191073903714248","0.00195001869429506","0.001434625295453","0.00175308274359916","0.0026598693592288","0.00272245739392018","0.0024700951416263","0.00206941045661232","0.00114701339124268","0.00109989412783637","0.0012515633431334","0.00129294906675416","0.00166554584265641","0.00142006573846366","0.000813289697051987","0.000762848827837186","0.000914438870209263","0.00134690575890845","0.00122316242318777","0.000905336110860392","0.000918692177244038","0.000637773144866662","0.0005215709086089","0.000707754579992928","0.000676701941454292","0.000766339291005204","0.000816577243915305","0.000378495372010862","0.000345302748769397","0.00092361911978552","0.000724556273813068","","","",
"中国澳门特别行政区","MAC","按要素成本计算的增加值总额（现价美元）","NY.GDP.FCST.CD","","","","","","","","","","","","","","","","","","","","","","","","","","","","","","","","3771371458.91245","4886393483.87212","5585531311.38179","6138098356.5534","6803544987.1846","6636121711.18699","6807901202.86505","6162982325.46457","5825810043.98231","6242415180.85199","6293396402.56426","6942984400.31802","7801535946.86907","9688649120.04494","11358664547.0983","13692184368.1364","17751069145.8556","20345730918.9026","20847958420.3115","27899143449.8715","36947282983.9286","43022509519.5613","51497417468.8378","54534489176.2735","44732597282.8918","44749610509.6845","49563038928.1038","54226276917.4434","53938989922.52","24684875395.885","30592595220.4051","24989318313.7542","43936235255.8911","",
"中国澳门特别行政区","MAC","GDP 平减指数（各国基准年有所不同）","NY.GDP.DEFL.ZS","","","","","","","","","","","","","","","","","","","","","","","13.3092582890502","14.3824084624411","16.4343394747158","16.9593101086517","17.9113840946559","20.0165943323972","21.7892705336317","24.5053718588999","27.1870203902653","30.3547327921359","34.8288736776602","38.15033298401","40.7265092374166","44.0595496888317","45.0586343862304","45.8066606603759","44.911801242236","44.379230208139","43.6059288727763","42.9626049470295","42.3902306337776","42.4106226918342","43.2285469817177","45.6344744879795","49.167961132961","53.473710800765","58.8595202278447","59.3930352029935","62.2482703917508","66.9077618456689","71.5548413850301","77.09507767172","83.8232962111703","87.6213847074192","88.3997422984617","90.3080034361801","93.5153985621558","95.7615788361431","95.5124779501828","94.7059277852867","95.8062717703623","100","100.195824921935",
"中国澳门特别行政区","MAC","出口抵消进口的能力（不变价本币单位）","NY.EXP.CAPM.KN","","","","","","","","","","","","","","","","","","","","","","","17058659887.0056","19178094629.156","21479079870.3213","20718939122.65","24359512433.6171","29509173151.751","32051773529.9472","34908273890.4226","39055265155.2733","40684811893.1515","47644041288.9046","50051568508.4759","52407598347.4547","57868992442.6264","56707697173.6692","54857372162.9656","53025713693.5496","53780267684.8601","63590608576.7284","67677500262.3052","76711299800.0571","86146009604.0922","110839833491.995","109459491331.306","121039504289.8","146811913799.844","157312613451.645","162175869679.662","227136155453.952","286063829707.583","324646050628.123","388828256767.745","394345332549.941","298887157590.878","293831979693.475","344428090375.979","384516094125.024","382265728094.484","129202103060.472","229522472765.732","172634080111.589","340006000000","361503136990.653",
"中国澳门特别行政区","MAC","调整后的净储蓄，包括颗粒物排放损害（现价美元）","NY.ADJ.SVNG.CD","","","","","","","","","","","","","","","","","","","","","","","","","","","","","","","","","","","","","","","","","","","","","","","","","","","","","","","","","","","","","","","","","",
"中国澳门特别行政区","MAC","调整后的国民净收入（年增长率）","NY.ADJ.NNTY.KD.ZG","","","","","","","","","","","","","","","","","","","","","","","","","","","","","","","","","","","","","","","","","","","","","","","","","","","","","","","","","","","","","","","","","",
"中国澳门特别行政区","MAC","调整后的储蓄：国民储蓄净额（现价美元）","NY.ADJ.NNAT.CD","","","","","","","","","","","","","","","","","","","","","","","","","","","","","","","","","","","","","","","","","","","2408313327.79361","2944892195.93917","4304589871.24133","4952163138.1681","5865626019.46961","9097695428.57805","7894008016.91898","8276102928.49962","12440263575.7505","16993651169.6878","19654185016.0674","23452415980.9297","24348459634.2023","17981602449.0718","17925437195.0573","21180676464.4866","23229206800.3602","21952826882.8611","8090321421.13041","7034632469.60155","","","",
"中国澳门特别行政区","MAC","调整后的储蓄：颗粒物排放损害（现价美元）","NY.ADJ.DPEM.CD","","","","","","","","","","","","","","","","","","","","","","","","","","","","","","","","","","","","","","","","","","","","","","","","","","","","","","","","","","","","","","","","","",
"中国澳门特别行政区","MAC","调整后的储蓄： 矿产资源损耗现价美元（现价美元）","NY.ADJ.DMIN.CD","","","","","","","","","","","0","0","0","0","0","0","0","0","0","0","0","0","0","0","0","0","0","0","0","0","0","0","0","0","0","0","0","0","0","0","0","0","0","0","0","0","0","0","0","0","0","0","0","0","0","0","0","0","0","0","0","0","","","",
"中国澳门特别行政区","MAC","调整后的储蓄：森林资源净损耗（现价美元）","NY.ADJ.DFOR.CD","","","","","","","","","","","","","","","","","","","","","0","","","","","","","","","","","","","","","","","","","","","","","","","","","","","","","","","","","","","","","","","","","","",
"中国澳门特别行政区","MAC","调整后的储蓄： 教育支出（现价美元）","NY.ADJ.AEDU.CD","","","","","","","","","","","","","","","","","","","","","","","30125917.9543192","30064311.8592751","34729423.1401051","35867058.1012152","40776796.2911196","52428676.1417264","60990531.8309579","71946493.7104021","85499515.7087644","99267290.7837038","129875742.859651","148609005.005271","164942005.045036","181948586.159291","181849987.030528","183620757.002244","170429699.654083","160708785.144959","162379346.864526","178454825.41856","190999676.351234","210626285.343839","217572376.654783","256834075.220631","313958503.511889","445981631.180083","473552806.074737","514289091.091267","548010921.99645","605558833.653439","712494674.52659","889872804.876521","987535295.958193","1227892095.20547","1284513728.69253","1264623031.34258","1225471768.69926","1341266794.82931","1330941286.65789","1358693851.94651","","","",
"中国澳门特别行政区","MAC","服务业，增加值（2015年不变价美元）","NV.SRV.TOTL.KD","","","","","","","","","","","","","","","","","","","","","","","","","","","","","","","","","","","","","","","","","","","","","","","","","27056917722.8675","35821400143.2249","35939180379.5861","44482269572.7772","48742288274.683","55326815800.4318","53377738983.8279","41265704524.5061","41751472961.1193","46261699626.9158","49377773280.8604","47807009945.1682","21044242659.6963","27082250678.9044","22051557831.0223","38898573902.5915","",
"中国澳门特别行政区","MAC","纺织品与服装行业（占制造业增加值比例）","NV.MNF.TXTL.ZS.UN","","","","","","","","","","","","","","","","","","","84.5943335479717","82.752255947498","82.0349097880367","76.2269938650307","69.2073788769511","68.0105919535321","67.2265040837455","65.2234893556535","61.2066684308018","67.1503693544445","71.9037965352009","71.5282062287078","71.5252377517498","75.9202542860162","79.34312893642","75.4285219162518","73.3491155392654","75.3838213297854","77.7954529132639","79.6583422256828","79.7702137517287","80.4339505572532","79.0984668482162","83.4254932783205","79.8835877444428","80.1664232462176","77.0309010937262","69.9509174302931","64.2823084503244","59.3041468982514","52.9152412259302","45.7216804121592","34.5697144361465","25.4362142215274","17.4961841502056","17.1306902733269","11.8018109409447","8.97269583405929","10.2428379129339","7.73543046751327","8.20360448430916","8.52129482043191","9.95245852478627","6.77285469512962","5.43886599035727","2.89558795539533","",
"中国澳门特别行政区","MAC","食品、饮料和烟草（占制造业增加值的百分比）","NV.MNF.FBTO.ZS.UN","","","","","","","","","","","","","","","","","","","1.7171066752522","1.76374077112387","1.62335152517741","1.52096114519427","1.79404013784715","1.50337404971385","1.46669734268952","1.87484418404633","1.96953086606434","1.7397680671356","1.50202727607814","1.56388315137209","2.10765149492349","1.86705569231874","1.79958319127829","2.59277911688929","3.15588962253118","3.41860378035897","3.91203718570842","3.73540649962196","3.73521970361956","3.6780926740133","3.32663035029033","3.66275945559491","3.47466300404973","3.38849570180426","3.40500678392008","3.51068815606022","3.76910984939762","10.425744996967","13.4049980343556","17.1155836315141","25.7371177587186","28.2094280229918","30.7932389147111","31.9997485216998","30.0120896727422","31.8792000587852","33.7640748892722","43.8492487323755","48.948901633444","49.9987810413622","36.2014932504946","41.5664761163472","36.6145492707113","53.6724120558006","",
"中国澳门特别行政区","MAC","工业增加值（年增长率）","NV.IND.TOTL.KD.ZG","","","","","","","","","","","","","","","","","","","","","","","","","","","","","","","","","","","","","","","","","","","","","","","","","","-18.1601974422257","-3.77782651606536","7.17989629038691","10.6225742995375","2.9172874513385","32.5628093770431","14.2248212209814","-17.0454895913647","-19.4252360770318","-8.36986111751949","4.94989677224433","-9.45686594376738","4.94409411265964","-5.80690769541506","6.77602658947143","",
"中国澳门特别行政区","MAC","制造业，增加值（占GDP的百分比）","NV.IND.MANF.ZS","","","","","","","","","","","","","","","","","","","","","","","","","","","","","","","","13.0433339969474","10.3167513208607","8.04811590350236","7.28716734011425","6.64742973175163","6.51170112288803","6.66827694484222","7.30578451439214","7.33506612644293","7.44753251053028","6.0041370300479","5.28031070584262","4.64420155109075","3.70335667939378","3.12272237335113","2.86520913505974","2.08596243782941","1.42197237886847","0.984470085916335","0.551288404360753","0.456573095694201","0.461593293713001","0.396679929792022","0.41528295995095","0.572106930770324","0.596667009738607","0.573468356437213","0.540705886586715","0.537066603014329","0.832821690994435","0.836320191158901","0.939023177161047","0.761339914760372","",
"中国澳门特别行政区","MAC","制造业，增加值（现价本币单位）","NV.IND.MANF.CN","","","","","","","","","","","","","","","","","","","","","","","","","","","","","","","","3931000000","4042000000","3633000000","3661000000","3732000000","3723000000","3865000000","3962000000","3838000000","4049000000","3309000000","3127000000","3072000000","3162000000","3042000000","3410000000","3091000000","2398000000","1697000000","1246000000","1349000000","1593000000","1634000000","1822000000","2053000000","2145000000","2315000000","2404000000","2385000000","1682000000","2051000000","1888000000","2801000000","",
"中国澳门特别行政区","MAC","Financial intermediary services indirectly Measured (FISIM) (current LCU)","NV.FSM.TOTL.CN","","","","","","","","","","","","","","","","","","","","","","","","","","","","","","","","","","","","","","","","","","","","","","","","","","","","","","","","","","","","","","","","","",
"中国澳门特别行政区","MAC","农业，林业、和渔业，增加值（2015年不变价美元）","NV.AGR.TOTL.KD","","","","","","","","","","","","","","","","","","","","","","","","","","","","","","","","","","","","","","","","","","","","","","","","","","","","","","","","","","","","","","","","","",
"中国澳门特别行政区","MAC","贸易额（占国民生产总值（GDP）比例）","NE.TRD.GNFS.ZS","","","","","","","","","","","","","","","","","","","","","","","210.094193729791","214.165779827362","211.439748115638","198.145938503901","205.058238983465","202.072571902302","195.734391131881","190.987716796246","175.664362519201","168.524785984471","147.122182802011","134.573890698035","130.412627639881","125.366036122689","122.344072480498","123.265644140025","124.887979200089","132.256708202737","147.76978681921","150.023588329221","152.382640999662","150.78839554326","148.903750204961","136.372221937073","128.785689078596","130.670598794717","126.607131209269","113.55459255005","119.938411439898","122.886868700544","123.711349167944","121.375076167887","118.580835443557","119.250436813256","112.890232741859","115.454662557842","116.568676845013","115.23129893555","123.43437444297","171.31597082054","170.368049338506","145.874467252327","142.07943455076",
"中国澳门特别行政区","MAC","货物和服务对外贸易差额现价美元）（现价美元）","NE.RSB.GNFS.CD","","","","","","","","","","","","","","","","","","","","","","","125926924.156173","121647867.739294","224383505.385577","185276818.819524","180827583.831493","362430660.010827","380942099.785687","478349012.550967","676599602.642666","555205047.318612","838273119.743232","1005327861.13674","1054485123.20479","1592794359.46724","1843116087.56778","1787520757.86065","1594732619.7143","1318343061.99441","2083753846.92059","2224559656.43866","2517105700.63882","2880850980.54029","4325138419.51262","3939925590.41775","4210124545.2998","4996233132.15994","6893047601.5915","9384937883.58955","15508702150.9164","21296030235.1847","24981025959.8912","30870588058.5862","28911264610.8508","17149115336.8332","18312924074.1538","23055815716.943","27061605521.0606","27546846714.008","-26411110.5909555","3821232617.6449","-195655262.866193","17775898226.4283","20924541028.6716",
"中国澳门特别行政区","MAC","货物和服务进口（2015年不变价美元）","NE.IMP.GNFS.KD","","","","","","","","","","","","","","","","","","","","","","","1817475498.57863","2052855024.99306","2159361598.03127","2136876877.05654","2568938541.68153","2905972675.02909","3198510728.97403","3431050080.10745","3641459732.17626","4039912655.97586","4466648991.94894","4543097043.26303","4793269149.26611","4755873508.06602","4382272117.97534","4332095688.01067","4290203102.61565","4682502313.30637","4932082716.1259","5162136913.88843","5754431800.61756","6359389135.47457","7492382391.32766","7979945814.56923","9162050434.65661","11406262269.2083","10958697981.1744","8565968647.55278","9996943626.63943","12196304359.8784","13940645344.9708","15613390244.8542","17975351012.9314","18221381196.6497","16334558084.9595","17592164031.2673","18518061172.8795","17835472380.3413","15315763543.5307","23474877082.0776","20618725815.103","23274289702.8556","23151333781.3148",
"中国澳门特别行政区","MAC","资本形成总额（不变价本币单位）","NE.GDI.TOTL.KN","","","","","","","","","","","","","","","","","","","","","","","9758000000","12192000000","11545000000","12235000000","14515000000","15491000000","17957000000","18054000000","19136000000","25032000000","33656000000","35179000000","35862000000","32344000000","26126000000","25411000000","21797000000","22625000000","15832000000","15110000000","16985000000","25107000000","35146000000","56292000000","79925000000","98349000000","84351000000","56073000000","49346000000","60984000000","71351000000","76220000000","103972000000","107396000000","92718000000","88843000000","83564000000","68235000000","57054000000","57687000000","46604000000","56280000000","56817000000",
"中国澳门特别行政区","MAC","资本形成总额（现价美元）","NE.GDI.TOTL.CD","","","","","","","","","","","","","","","","","","","","","","","251371985.082157","276387170.865818","290217600.975689","309544806.610757","385615758.481238","485904281.351064","575206402.712636","664809283.381399","740556779.011873","1039822594.24681","1574066942.93847","1812100331.97156","2018646824.49104","1854850511.27306","1407913235.58948","1357818622.81657","1088012721.76515","1036806246.36348","703098717.900796","633970249.579884","728953611.737348","1124389605.04989","1710260227.56184","3105329940.52601","4985861270.22858","6739420601.71825","6393179145.92194","3994848378.99659","3741088250.91846","5074824698.98511","6326015061.08239","7250738648.34706","10868736438.3372","11413833006.0514","9846700414.15553","9866682050.00224","9519471460.35302","7798430574.67533","6615419932.90326","7071609981.69766","5784849140.86509","6979694644.56017","6967298428.94544",
"中国澳门特别行政区","MAC","固定资本形成总额（占 GDP 的百分比）","NE.GDI.FTOT.ZS","","","","","","","","","","","","","","","","","","","","","","","20.3852101785463","19.3922194631666","19.2729701364374","19.8072510325838","22.9942168282154","22.0394107518653","22.4419931532902","22.8412384413673","22.3003072196621","26.3753401021966","31.1340258812119","31.0515938946855","30.8186866776807","25.8736774607246","18.6728233112953","18.4900191508083","16.1402150061773","15.6773182478404","10.2433461474792","9.20670634344607","9.48328267477204","13.1525239239875","15.3275866107611","24.8729661756403","32.6465793940209","35.9459039957889","29.6283777773825","18.376001438707","12.4769927792723","12.322735241757","13.5165991034717","13.3426717388613","18.9628410642367","24.8605959609752","21.9414904714087","19.8588499915776","16.7924715027305","13.8756842814004","26.5809748271969","22.5272283182665","22.4161941708943","14.6236518222145","13.7443404769091",
"中国澳门特别行政区","MAC","固定资本形成总额（按现价本币）","NE.GDI.FTOT.CN","","","","","","","","","","","","","","","","","","","","","","","1450000000","1640000000","2020000000","2158000000","2823000000","3456000000","4130000000","4965000000","5807000000","7949000000","12198000000","14017000000","15483000000","14526000000","10676000000","10717000000","8753000000","8203000000","5569000000","5074000000","5616000000","8700000000","13087000000","24230000000","38854000000","53265000000","49965000000","31676000000","28200000000","36409000000","46647000000","54961000000","83197000000","89212000000","78879000000","80167000000","74660000000","61619000000","53684000000","55246000000","45070000000","53801000000","54642000000",
"中国澳门特别行政区","MAC","货物和服务出口（占 GDP 的百分比）","NE.EXP.GNFS.ZS","","","","","","","","","","","","","","","","","","","","","","","110.558132995923","112.451223838241","114.321152561778","105.874254245067","108.430398305775","110.292710924048","106.189208281258","104.33362469522","98.252688172043","91.6351449996682","82.0898950968631","76.1591457876432","73.5603813770179","73.9856079227673","74.0126630986113","73.9307465364642","74.1752871973594","76.1963917131718","89.2655471149778","91.2251415299753","93.2640999662276","92.8613542564289","94.7705605396922","84.3863881332444","78.5453812156553","78.8825827872669","79.6944953421213","78.5122145065757","87.4238991929775","90.339874501628","90.7733498691718","90.6246130914087","85.6066390571117","78.704970614381","76.8087077221785","80.6469912109472","82.8517062374608","82.646781315937","61.6649501891426","91.8949115359993","84.7916044961703","92.4170435765852","92.1896066002616",
"中国澳门特别行政区","MAC","货物和服务出口（现价本币单位）","NE.EXP.GNFS.CN","","","","","","","","","","","","","","","","","","","","","","","7864000000","9510000000","11982000000","11535000000","13312000000","17295000000","19542000000","22679000000","25585000000","27617000000","32162000000","34379000000","36956000000","41537000000","42316000000","42851000000","40226000000","39869000000","48531000000","50276000000","55231000000","61425000000","80917000000","82205000000","93480000000","116889000000","134396000000","135337000000","197592000000","266920000000","313267000000","373300000000","375588000000","282432000000","276125000000","325559000000","368362000000","367017000000","124541000000","225364000000","170482000000","340006000000","366509000000",
"中国澳门特别行政区","MAC","国民总支出（2015年不变价美元）","NE.DAB.TOTL.KD","","","","","","","","","","","","","","","","","","","","","","","3658442456.93523","4074073748.64663","4160279726.71526","4455849481.52096","4964347099.45266","5409133019.91265","6089053034.954","6340743481.18918","6795307020.40727","7813791375.76665","9063010187.14212","9582428279.76849","10022866876.8653","9868925600.57846","9471366228.26074","9523643024.58897","9119136112.35382","9527856309.03823","8536968087.15111","8564366167.95356","9156420814.41517","10323890233.5374","11946817346.9821","14744340005.5006","17864245260.6792","20903761623.9673","19918096769.6784","17363350943.7272","17250098359.2633","19668526975.4954","21706775917.6831","23149455326.1697","26971639036.1422","27791372780.828","26284387993.3415","26188992937.0333","26305540879.9151","25420752632.6568","22942089039.5413","23871663705.329","22354269824.1464","24732873436.2712","25251797259.9438",
"中国澳门特别行政区","MAC","Final consumption expenditure (% of GDP)","NE.CON.TOTL.ZS","","","","","","","","","","","","","","","","","","","","","","","66.9900182763953","64.8811635331678","60.5476576662532","63.6714089031666","63.0202818278081","56.6609272367834","58.224202575667","57.7494594470258","56.3479262672811","57.6348795540514","50.9124786237525","50.2735872045369","51.3067537172316","51.0687186063909","54.7014377164445","56.7191732371767","60.5317991554646","64.0298906811406","58.8592344620818","58.3339381622877","55.9658899020601","51.4309038958683","43.2924972476634","42.061284196479","38.1753407162183","36.3582375608209","36.8135484674364","38.0265348625397","31.8446481665015","28.4351287136755","27.5188418731473","26.0628910052705","27.5812160816161","36.4426262857079","37.3744426239996","34.5443465681077","33.5811193781432","35.7654831685353","73.9359489810065","64.4423240812099","77.5798269173381","45.7429111942246","43.6153033504377",
"中国澳门特别行政区","MAC","最终消费支出（现价本币单位）","NE.CON.TOTL.CN","","","","","","","","","","","","","","","","","","","","","","","4765000000","5487000000","6346000000","6937000000","7737000000","8885000000","10715000000","12553000000","14673000000","17370000000","19947000000","22694000000","25776000000","28671000000","31275000000","32875000000","32827000000","33503000000","32000000000","32149000000","33143000000","34020000000","36964000000","40974000000","45434000000","53876000000","62082000000","65549000000","71974000000","84015000000","94970000000","107358000000","121009000000","130774000000","134360000000","139450000000","149303000000","158827000000","149324000000","158039000000","155982000000","168290000000","173397000000",
"中国澳门特别行政区","MAC","按购买力平价 (PPP) 衡量的居民最终消费支出（现价国际元）","NE.CON.PRVT.PP.CD","","","","","","","","","","","","","","","","","","","","","","","","","","","","","","","2671371277.42771","2983130852.85682","3328131312.92843","3642947759.08059","3978412752.20605","4157743298.83736","4432048611.534","4554855368.99004","4549096107.46238","4774886700.20496","4914810231.56113","5171980738.62475","5530672128.70324","5821100274.92447","6476165326.0472","7015374398.94923","7678267551.99728","8733610233.56123","9664194249.98341","9832183804.51513","10638610930.722","12212919319.2407","13870851900.255","14941616069.7252","15960924700.0865","16524356880.586","16480604580.6426","16851356446.7529","17957014659.4397","18822150544.5639","16152285906.1765","18411935329.1522","18776393983.2562","22648001909.5698","",
"中国澳门特别行政区","MAC","居民最终消费支出（年增长率）","NE.CON.PRVT.KD.ZG","","","","","","","","","","","","","","","","","","","","","","","","6.0785807575098","4.58113168829837","6.17090159913667","8.88005913879135","8.63532207417465","9.4332252646381","4.35108509423188","5.56866769283393","7.16067783429996","8.80174160191092","6.45286794130723","6.10870359734767","2.81454509668848","4.01292175161522","1.42406883382795","-1.00258585491993","2.46769315369811","-0.963753046667108","1.86498080830889","5.90921180955759","3.42597630907035","7.91396021773004","6.05850365647854","7.54229946429518","10.3835467802127","5.49275427073559","1.22121669890302","5.16765230975228","11.3062160979297","7.61265877082191","6.90582959641254","5.61873394647444","2.38092903301725","-0.94727264019923","2.37874216755627","4.2644225320186","4.32825139730595","-14.930232961995","8.25321003531549","-5.00565717518386","16.3968595845203","5.64419165863683",
"中国澳门特别行政区","MAC","居民最终消费支出（现价美元）","NE.CON.PRVT.CD","","","","","","","","","","","","","","","","","","","","","","","699022925.928145","670938900.4828","709241041.149421","768986310.768484","850725768.79178","962694736.253353","1145562416.2997","1308707134.52013","1498817103.91932","1763063372.58331","2064637969.62047","2343756863.7787","2652920756.71179","2924913131.1468","3175712994.57722","3296807189.00324","3246491594.50326","3222532955.44836","3143572683.43737","3150308084.8945","3228756622.48008","3275927004.31267","3583942551.21213","3925445618.02956","4381718958.59563","5093795880.31341","5907150899.42657","6129166513.7621","6693145162.14694","7865223750.74331","8921178132.69412","10087548839.0344","11253480443.3483","12021851080.0305","12118477100.3709","12472213746.2978","13286454877.0289","14058660771.9253","12136593757.8154","13190004112.1564","12491435432.6474","14543634873.1737","15414906696.433",
"中国澳门特别行政区","MAC","一般政府最终消费支出（2015年不变价美元）","NE.CON.GOVT.KD","","","","","","","","","","","","","","","","","","","","","","","395345265.580602","414474875.20547","479782951.075315","574402525.563908","601862771.638315","722811271.201996","883664547.832605","1014075004.84515","1200948664.46012","1356248183.4577","1305647280.57902","1391936218.61807","1492315245.46684","1595882540.58642","1667464305.63431","1735446412.9571","1778539458.29484","2010151721.06474","1748405180.76749","1750153585.94826","1832637171.53506","1957493870.91457","2057564355.67261","2239398494.47243","2353764762.76734","2717227345.63983","2787369247.59768","3163893445.64414","3338733963.72089","3526841791.69876","3723383103.48974","3930003456.91102","4180025397.76078","4355688694.74612","4516850513.46746","4549041738.26629","4704032715.17315","4903145211.0535","5512824382.32348","5469011405.44072","5703400547.02714","5247169642.21039","4992725264.72694",
"中国澳门特别行政区","MAC","军费支出（占中央政府支出的百分比）","MS.MIL.XPND.ZS","","","","","","","","","","","","","","","","","","","","","","","","","","","","","","","","","","","","","","","","","","","","","","","","","","","","","","","","","","","","","","","","","",
"中国澳门特别行政区","MAC","武装部队人员（占劳动力总数的百分比）","MS.MIL.TOTL.TF.ZS","","","","","","","","","","","","","","","","","","","","","","","","","","","","","","","","","","","","","","","","","","","","","","","","","","","","","","","","","","","","","","","","","",
"中国澳门特别行政区","MAC","物流绩效指数：货物在预定或预期的时间内到达收货人的频率（1=很低 至 5=很高）","LP.LPI.TIME.XQ","","","","","","","","","","","","","","","","","","","","","","","","","","","","","","","","","","","","","","","","","","","","","","","","","","","","","","","","","","","","","","","","","",
"中国澳门特别行政区","MAC","来自DAC捐助国的双边援助净流量，加拿大（现价美元）","DC.DAC.CANL.CD","","","","","","","","","","","","","","","","","","","","","","","","","","","","","","","","","","","","","","","","","","","","","","","","","","","","","","","","","","","","","","","","","",
"中国澳门特别行政区","MAC","Stocks traded, turnover ratio of domestic shares (%)","CM.MKT.TRNR","","","","","","","","","","","","","","","","","","","","","","","","","","","","","","","","","","","","","","","","","","","","","","","","","","","","","","","","","","","","","","","","","",
"中国澳门特别行政区","MAC","Market capitalization of listed domestic companies (% of GDP)","CM.MKT.LCAP.GD.ZS","","","","","","","","","","","","","","","","","","","","","","","","","","","","","","","","","","","","","","","","","","","","","","","","","","","","","","","","","","","","","","","","","",
"中国澳门特别行政区","MAC","Control of Corruption: Percentile Rank, Upper Bound of 90% Confidence Interval","CC.PER.RNK.UPPER","","","","","","","","","","","","","","","","","","","","","","","","","","","","","","","","","","","","","84.4085998535156","","84.4919815063477","","84.5744705200195","","74.6031723022461","91.0052947998047","97.0443344116211","79.0243911743164","74.1463394165039","78.1553421020508","77.1844635009766","71.291862487793","73.3333358764648","77.7251205444336","76.7772521972656","79.620849609375","87.0192337036133","79.0476226806641","87.6190490722656","80.9523773193359","81.9047622680664","81.9047622680664","84.2857131958008","85.2380981445312","89.1509399414062","88.6792449951172","",
"中国澳门特别行政区","MAC","Control of Corruption: Estimate","CC.EST","","","","","","","","","","","","","","","","","","","","","","","","","","","","","","","","","","","","","0.421651005744934","","0.431974202394485","","0.409671247005463","","-0.0708565190434456","0.854120075702667","1.40004050731659","0.508783102035522","0.34546309709549","0.448612660169601","0.431776791810989","0.160476461052895","0.412911593914032","0.43340277671814","0.417734086513519","0.546515464782715","0.843764781951904","0.569167733192444","0.793663918972015","0.594956994056702","0.674436092376709","0.664918541908264","0.768973529338837","0.815184593200684","0.868464589118958","0.849051773548126","",
"中国澳门特别行政区","MAC","再分配收入的接入（国际收支平衡，现价美元）","BX.TRF.CURR.CD","","","","","","","","","","","","","","","","","","","","","","","","","","","","","","","","","","","","","","","","","","","68684859.650967","82542058.5826794","79160419.6411792","83114277.052383","108078859.516648","94855953.867002","80201627.5005306","87376284.2644743","75078305.1655779","73931363.1289201","71131149.8901076","82912576.0264849","72801149.7610718","74326920.5669721","73315048.2874481","231691123.129688","206386977.917197","209322623.192427","328813073.389728","601572816.115556","173482086.045063","559319618.429721","579408700.155841",
"中国澳门特别行政区","MAC","旅行服务（占国际收支统计口径的服务出口比例）","BX.GSR.TRVL.ZS","","","","","","","","","","","","","","","","","","","","","","","","","","","","","","","","","","","","","","","","","","","85.1850539212275","87.2125391083278","88.7543185009507","88.9128264566241","89.5938488872386","90.5604716157706","91.0891797755948","93.49371608659","93.9332573296826","94.9405466507404","95.450699466731","95.568987510108","94.7252139248607","93.0995378188441","92.8330733016465","92.9196799268434","93.6360907005275","92.8812153904338","81.3338089967462","84.9181946293917","72.7401106659999","88.4817029132454","90.0360838410411",
"中国澳门特别行政区","MAC","服务出口（BoP，按当值美元计）","BX.GSR.NFSV.CD","","","","","","","","","","","","","","","","","","","","","","","","","","","","","","","","","","","","","","","","","","","4519275256.42122","5077090826.30095","7274370091.09923","7786942116.52624","9125657617.54281","12003448173.0635","14710736961.7291","15914066364.4545","23715055402.8282","32225654661.5018","37804652712.7602","45227504370.5491","45232566457.0711","33406012300.9204","32996377810.8975","38830088629.7148","43656892626.9531","43701215884.0759","11339626767.4251","18682083823.1614","13249169519.0715","36184364258.6513","39952659151.8603",
"中国澳门特别行政区","MAC","初次收入的接收（国际收支平衡，现价美元）","BX.GSR.FCTY.CD","","","","","","","","","","","","","","","","","","","","","","","","","","","","","","","","","","","","","","","","","","","490897854.982865","442163105.545736","450457266.336577","908473850.095765","1552794563.19861","2139273767.3445","1735256381.49521","1160589413.3929","1079861059.28907","1637505059.35327","2321926482.08794","2858656218.00087","4364780847.65752","4608219337.45298","4601697267.4935","5226460921.49627","6833333182.13013","8484706435.26641","6733923168.99034","5744980249.00344","8374699580.8177","13324701764.9733","13688147375.4203",
"中国澳门特别行政区","MAC","技术合作捐助（BoP，现价美元）","BX.GRT.TECH.CD.WD","","","","20000","210000","","","","","70000","210000","240000","90000","120000","30000","20000","","","","20000","4380000","10000","720000","560000","450000","410000","360000","140000","350000","330000","230000","120000","130000","180000","260000","200000","190000","230000","150000","320000","","","","","","","","","","","","","","","","","","","","","","","","","",
"中国澳门特别行政区","MAC","净储备变动率（BoP，现价美元）","BN.RES.INCL.CD","","","","","","","","","","","","","","","","","","","","","","","","","","","","","","","","","","","","","","","","","","","201689605.523582","490849223.728821","1024344895.49498","1125826649.652","2058188085.09491","3506987594.87777","2274369078.42046","2114729562.4529","5157763369.73296","10178752734.6612","3770722506.32316","-571628902.90234","77259448.6354233","2324635701.21851","442717083.684474","193438617.592995","-261600884.593798","1503317921.129","2669689134.08909","1356686309.49093","-1009466753.3015","548777688.821764","283657868.830944",
"中国澳门特别行政区","MAC","净货物贸易（BoP，现价美元）","BN.GSR.MRCH.CD","","","","","","","","","","","","","","","","","","","","","","","","","","","","","","","","","","","","","","","","","","","-929380588.623378","-1068379546.49869","-1713549842.9545","-2342795493.00433","-3244595333.2861","-4744586623.32369","-5253984161.14459","-4461440893.89566","-5676111830.21573","-7758107544.43523","-9017141863.07438","-10716115435.142","-12389857303.106","-11968437120.3551","-10297024455.8785","-10684118624.9665","-10854939099.0752","-10601481505.9845","-7724472745.70107","-10300891416.2547","-9254220982.37849","-12113385420.1249","-11750366197.7577",
"中国澳门特别行政区","MAC","经常账户余额（占 GDP 的比例）","BN.CAB.XOKA.GD.ZS","","","","","","","","","","","","","","","","","","","","","","","","","","","","","","","","","","","","","","","","","","","31.5286028134003","30.6171290559844","32.9551337944102","23.6536932562746","14.8926589241556","21.6848309836138","15.5618056929659","27.5444332511709","38.916589382773","40.3772411750912","38.8304926229228","39.3178062621406","32.6892663436659","23.3983286719491","26.6021302290412","30.7518409252235","32.8684670500513","33.4636143886281","13.7961334825213","8.5042581257609","13.6133850757981","31.3770937287902","36.2912950353171",
"中国澳门特别行政区","MAC","对外直接投资净流出（占 GDP 的百分比）","BM.KLT.DINV.WD.GD.ZS","","","","","","","","","","","","","","","","","","","","","","","","","","","","","","","0","0","0","0","0","0","0","0","0","0","0","0.15441281425098","0.656214089623952","-0.186341024443896","-0.723817658968152","0.53684753600616","4.42817642481118","1.63766476482506","4.01709395240104","-2.74844080254795","-0.991640937305436","0.989424005445517","2.36700400516769","4.38815533264674","2.47209224456336","-0.381698153651269","-0.164912022209332","4.86655495443217","-0.061649049233135","2.73324002771503","6.74282241491014","14.5061823475495","3.4160897171604","1.08994710122151","1.77722346674613",
"中国澳门特别行政区","MAC","商品与服务的进口和初次收入（国际收支平衡，现价美元）","BM.GSR.TOTL.CD","","","","","","","","","","","","","","","","","","","","","","","","","","","","","","","","","","","","","","","","","","","4930599705.80276","5426515902.37117","6828809633.39517","8075707841.77367","10652554264.3995","12072883618.124","14200456860.2584","11052008290.4252","13595572899.8586","18937101892.6426","23386685875.7263","27468775545.1465","31255718752.7946","27426717666.036","25040762626.2603","28133920930.3412","31665908080.6149","32618806974.9238","17387132216.7129","29702381286.1438","24913272398.548","37775841218.1158","36972834361.9143",
"中国澳门特别行政区","MAC","保险与金融服务（占服务进口的百分比，BoP）","BM.GSR.INSF.ZS","","","","","","","","","","","","","","","","","","","","","","","","","","","","","","","","","","","","","","","","","","","13.8437262262706","14.3150382097584","14.5564247804669","14.900063804876","15.0446193429479","14.6301010994365","13.5048602733482","11.133833913693","12.6935166163615","12.3651254406758","13.3022001292345","14.0296140514386","13.3191097467123","14.9160231704296","17.4773258577864","16.7175051153479","15.2960939790055","18.0107163381577","29.7484069546931","33.9779823935245","34.8631250104909","25.6033310276431","23.6115546676034",
"中国澳门特别行政区","MAC","服务贸易额（占国民生产总值（GDP）比例）","BG.GSR.NFSV.GD.ZS","","","","","","","","","","","","","","","","","","","","","","","","","","","","","","","","","","","","","","","","","","","75.8592339800652","75.2448562058922","79.9566973008215","76.4071401587417","72.587041092145","77.3650314250847","82.1533921982223","83.2974840569952","92.9310680476661","96.0684044662175","96.3452873739625","94.7924492629277","89.5138606409808","83.4281837146957","82.6697048823242","86.938852241201","89.2463223284351","88.8120074345481","57.7174203328596","74.0023368129343","68.4736966888235","91.2214869093436","92.81919528371",
"中国澳门特别行政区","MAC","食品生产指数（2014-2016 = 100）","AG.PRD.FOOD.XD","","36.46","38.08","43.52","41.22","44.49","48.4","46.18","44.63","47.1","49.76","49.84","52.63","54.35","55.28","55.78","56.04","58.53","61.9","68.54","67.5","67.77","67.17","64.93","63.02","63.2","67.58","67.06","63.22","64.08","63.16","65.12","66.86","68.46","66.9","67.84","72.74","70.22","80.71","95.74","97.88","104.26","138.07","96.16","86.87","100.76","111.89","147.36","95.18","106.48","107.06","95.04","108.43","99.79","124.75","86.71","88.53","94.23","84.14","83.49","74.11","70.86","81.34","","",
"中国澳门特别行政区","MAC","Rural land area (sq. km)","AG.LND.TOTL.RU.K2","","","","","","","","","","","","","","","","","","","","","","","","","","","","","","","10.388900537397","","","","","","","","","","8.169386683384","","","","","","","","","","","","","","","7.5741654768354","","","","","","","","","",
"中国澳门特别行政区","MAC","森林面积（占土地面积的百分比）","AG.LND.FRST.ZS","","","","","","","","","","","","","","","","","","","","","","","","","","","","","","","","","","","","","","","","","","","","","","","","","","","","","","","","","","","","","","","","","",
"中国澳门特别行政区","MAC","Urban land area where elevation is below 5 meters (sq. km)","AG.LND.EL5M.UR.K2","","","","","","","","","","","","","","","","","","","","","","","","","","","","","","","6.71987052914","","","","","","","","","","8.24090618361","","","","","","","","","","","","","","","8.30704187323","","","","","","","","","",
"中国澳门特别行政区","MAC","谷物耕地（公顷）","AG.LND.CREL.HA","","","","","","","","","","","","","","","","","","","","","","","","","","","","","","","","","","","","","","","","","","","","","","","","","","","","","","","","","","","","","","","","","",
"中国澳门特别行政区","MAC","农业用地（占土地面积的百分比）","AG.LND.AGRI.ZS","","","","","","","","","","","","","","","","","","","","","","","","","","","","","","","","","","","","","","","","","","","","","","","","","","","","","","","","","","","","","","","","","",
"中国澳门特别行政区","MAC","Women who believe a husband is justified in beating his wife when she burns the food (%)","SG.VAW.BURN.ZS","","","","","","","","","","","","","","","","","","","","","","","","","","","","","","","","","","","","","","","","","","","","","","","","","","","","","","","","","","","","","","","","","",
"中国澳门特别行政区","MAC","Proportion of time spent on unpaid domestic and care work, female (% of 24 hour day)","SG.TIM.UWRK.FE","","","","","","","","","","","","","","","","","","","","","","","","","","","","","","","","","","","","","","","","","","","","","","","","","","","","","","","","","","","","","","","","","",
"中国澳门特别行政区","MAC","Final say in all of the decisions (%)","SG.DMK.ALLD.FN.ZS","","","","","","","","","","","","","","","","","","","","","","","","","","","","","","","","","","","","","","","","","","","","","","","","","","","","","","","","","","","","","","","","","",
"中国澳门特别行政区","MAC","大学生人均支出（占人均 GDP 的百分比）","SE.XPD.TERT.PC.ZS","","","","","","","","","","","","","","","","","","","","","","","","","","","","","","","","","","","","","","","","53.53328","54.24626","","25.3062","20.1443","19.0448","21.53847","19.18789","16.00569","16.40389","15.48866","23.24413","28.85212","49.61225","19.14788","17.35804","24.61862","23.20479","19.0542","","","","","","","",
"中国澳门特别行政区","MAC","小学生人均支出（占人均 GDP 的百分比）","SE.XPD.PRIM.PC.ZS","","","","","","","","","","","","","","","","","","","","","","","","","","","","","","","","","","","","","","","","","7.50107","","6.37981","7.6155","","","","","","","","","","","","","","","","","","","","","",
"中国澳门特别行政区","MAC","Current education expenditure, primary (% of total expenditure in primary public institutions)","SE.XPD.CPRM.ZS","","","","","","","","","","","","","","","","","","","","","","","","","","","","","","","","","","","","","","","","","98.1283416748047","","95.7584991455078","","","","","","","","","","","","","","","","","","","","","","",
"中国澳门特别行政区","MAC","入学率，高等院校（占总人数的百分比）","SE.TER.ENRR","","","","","","","","","","","","","","","","","","","","","","","","","","","","","","","","","","","","","","","","","","50.4305801391602","66.0375518798828","80.2272033691406","69.0725402832031","57.060718536377","49.7756004333496","46.4321784973145","48.17041015625","56.2147483825684","63.4042461657596","70.3462105845473","53.9347408829175","61.8619153674833","69.2981220657277","76.1658415841584","79.925","81.2655086848635","76.7935034802784","80.0911214953271","86.7956730769231","98.9696202531646","116.232189973615","129.151041666667","141.864795918367",
"中国澳门特别行政区","MAC","Educational attainment, at least completed short-cycle tertiary, population 25+, female (%) (cumulative)","SE.TER.CUAT.ST.FE.ZS","","","","","","","","","","","","","","","","","","","","","","","","","","","","","","","","4.73000001907349","","","","","","","","","","9.17000007629395","","","","","11.6099996566772","","","","","16.5300006866455","","","","","23.5499992370606","","","","","","","","",
"中国澳门特别行政区","MAC","Educational attainment, Doctoral or equivalent, population 25+, total (%) (cumulative)","SE.TER.CUAT.DO.ZS","","","","","","","","","","","","","","","","","","","","","","","","","","","","","","","","","","","","","","","","","","","","","","","","","","","","","","","","","","","","","","","","","",
"中国澳门特别行政区","MAC","Educational attainment, at least Bachelor's or equivalent, population 25+, male (%) (cumulative)","SE.TER.CUAT.BA.MA.ZS","","","","","","","","","","","","","","","","","","","","","","","","","","","","","","","","","","","","","","","","","","","","","","","","","","","","","","","","","","","","","","","","","",
"中国澳门特别行政区","MAC","Adolescents out of school, female (% of female lower secondary school age)","SE.SEC.UNER.LO.FE.ZS","","","","","","","","","","","","","","","","","","","","","","","","","","","","","","","","","","","","","","","","","","9.359450340271","9.16713047027588","10.5936403274536","11.0305404663086","11.887619972229","12.735050201416","14.0479202270508","14.1612396240234","14.3841896057129","14.2132527519965","12.2075762973519","11.4282057844894","9.59722222222222","6.26153846153846","7.7258064516129","4.3448275862069","6.89830508474576","9.95238095238095","11.910447761194","10.5","12.1282051282051","11.9878048780488","11.1219512195122","8.25301204819277",
"中国澳门特别行政区","MAC","Percentage of teachers in secondary education who are trained, both sexes (%)","SE.SEC.TCAQ.ZS","","","","","","","","","","","","","","","","","","","","","","","","","","","","","","","","","","","","","","","","58.8192901611328","60.4996604919434","59.3460807800293","60.1254997253418","62.9815711975098","63.8680686950684","66.5864181518555","67.9665679931641","69.4570083618164","71.0151596069336","71.4472503662109","71.1677282377919","72.0967102655569","74.2741935483871","76.9230769230769","81.7593297791318","87.3716241917079","89.1691394658754","90.6642066420664","91.3458012467914","92.7719821162444","93.0907754502021","93.2442196531792","93.4633441675695","94.2064606741573","94.6562287270252",
"中国澳门特别行政区","MAC","Percentage of male teachers in secondary education who are trained, male (%)","SE.SEC.TCAQ.MA.ZS","","","","","","","","","","","","","","","","","","","","","","","","","","","","","","","","","","","","","","","","49.8381881713867","52.2691688537598","49.4318199157715","47.0198707580566","49.8687705993652","51.1059417724609","52.9748306274414","54.9661407470703","57.03125","58.456298828125","59.3147811889648","60.1239669421488","63.0518234165067","66.7647058823529","69.9714013346044","77.4074074074074","85.7410881801126","87.5675675675676","89.1748003549246","89.7777777777778","91.4182475158085","91.3777777777778","91.3913043478261","92.3743500866551","93.25","93.365307753797",
"中国澳门特别行政区","MAC","Percentage of female teachers in secondary education who are trained, female (%)","SE.SEC.TCAQ.FE.ZS","","","","","","","","","","","","","","","","","","","","","","","","","","","","","","","","","","","","","","","","66.0181579589844","66.7458419799805","66.9574737548828","70.0400772094727","72.6919326782227","73.4675979614258","76.4754791259766","77.0504684448242","77.9299774169922","79.5524673461914","79.779411315918","78.8752703677001","78.4604996623903","79.5205479452055","81.6644993498049","84.7994825355757","88.4836852207294","90.2900378310214","91.7245735944409","92.4469413233458","93.7222574508561","94.2982456140351","94.5611866501854","94.2414860681115","94.9029126213592","95.6135151155898",
"中国澳门特别行政区","MAC","入学率，中学，私立（占中学总量的百分比）","SE.SEC.PRIV.ZS","","","","","","","","","","","","","","","","","","","","","","","","","","","","","","","","","","","","","","","","93.5528411865234","93.3610382080078","93.3056030273438","92.7791137695312","93.785026550293","94.0828704833984","94.2693176269531","95.1910781860352","95.1530532836914","95.5246963500977","95.3824234008789","95.3560791015625","95.3470916748047","95.515869140625","95.5425796508789","95.7415618896484","95.9518737792969","95.9192886352539","96.0615921020508","95.9861679077148","96.2531661987305","96.427490234375","96.5830535888672","96.6126937866211","96.7265625","96.6758422851562",
"中国澳门特别行政区","MAC","入学率，中学，男生（占总人数的百分比）","SE.SEC.ENRR.MA","","","","","","","","","","","","","","","","","","","","","","","","","","","","","","","","","","","","","","","","","","80.8540802001953","83.1156997680664","85.7347793579102","90.8315582275391","90.6730422973633","92.0844421386719","93.4092178344727","89.1987380981445","88.532600402832","90.9103550570131","95.2260809340061","97.8552136842663","100.085227272727","102.533742331288","100.230769230769","97.2287581699346","96.4149659863946","91.7133333333333","89.62","87.2948717948718","88.2037037037037","90.8363636363636","93.3214285714286","94.7848837209302",
"中国澳门特别行政区","MAC","中学教育，接受职业教育的学生","SE.SEC.ENRL.VO","","","","","","","","","","","","1047","652","2888","2885","2866","3891","4604","2781","3703","","","","","","","","","","","697","725","754","857","","900","940","980","","1361","2190","2478","2588","2595","2542","2410","2336","1429","1172","1185","1271","1507","1601","1605","1416","1198","1065","992","936","","","","","","",
"中国澳门特别行政区","MAC","中学教育，一般学生（女生所占百分比）","SE.SEC.ENRL.GC.FE.ZS","","","","","","","","","","","","46.68527","51.64172","53.71398","51.5926","","","","","","","","","","","","","","","","54.56535","","53.92888","54.46584","","","","","","51.50174","50.84547","50.50871","50.33351","50.39445","49.73048","49.6227","49.60392","49.40543","49.40522","49.43764","48.86201","48.59871","48.71795","48.43731","48.22769","48.3143","48.63439","48.83501","48.80025","","","","","","",
"中国澳门特别行政区","MAC","中学教育，年限（年）","SE.SEC.DURS","","","","","","","","","","","6","6","6","6","6","6","6","6","6","6","6","6","6","6","6","6","6","6","6","6","6","6","6","6","6","6","6","6","6","6","6","6","6","6","6","6","6","6","6","6","6","6","6","6","6","6","6","6","6","6","6","6","6","6","6",
"中国澳门特别行政区","MAC","Educational attainment, at least completed post-secondary, population 25+, total (%) (cumulative)","SE.SEC.CUAT.PO.ZS","","","","","","","","","","","1.37999999523163","","","","","","","","","","","","","","","","","","","","","","","","","","","","","","","","","","","","14.3100004196167","","","","","19.5900001525879","","","","","26.3199996948242","","","","","","","","",
"中国澳门特别行政区","MAC","Educational attainment, at least completed lower secondary, population 25+, male (%) (cumulative)","SE.SEC.CUAT.LO.MA.ZS","","","","","","","","","","","19.3700008392334","","","","","","","","","","","","","","","","","","","","","58.0699996948242","","","","","","","","","","56.2700004577637","","","","","63.8899993896484","","","","","71.2300033569336","","","","","75.5100021362305","","","","","","","","",
"中国澳门特别行政区","MAC","Lower secondary completion rate, female (% of relevant age group)","SE.SEC.CMPT.LO.FE.ZS","","","","","","","","","","","","","","","","","","","","","","","","","","","","","","","","","","","","","","","","","","74.4968109130859","76.0322723388672","82.2090301513672","89.2096481323242","95.8481903076172","95.2072525024414","91.741943359375","84.6606063842773","87.3576583862305","87.3959571938169","89.5536562203229","92.0069808027923","94.3076923076923","102.76","101.954545454545","104.95","99.4","95","81.6086956521739","86.6086956521739","92.5416666666667","88","86.2142857142857","92.6666666666667",
"中国澳门特别行政区","MAC","失学男童，小学","SE.PRM.UNER.MA","","","","","","","","","","","","","","","","","","","","","","","","","","","","","","","","","","","","","","","","","","2948","2073","2054","1804","1966","2240","1843","1547","1446","1276","956","1227","1057","808","875","550","","625","1361","2138","2866","4222","3504","2439",
"中国澳门特别行政区","MAC","小学男生总入学率（净比例）","SE.PRM.TENR.MA","","","","","","","","","","","","","","","","","","","","","","","","","","","","","","","89.95119","","85.56491","","","","","","","87.09842","86.53075","84.17129","85.31091","85.18137","86.10443","86.19316","85.02352","86.32794","86.14204","83.99595","82.88685","83.74358","84.67917","86.13338","90.11025","94.05431","96.52613","96.66092","96.40487","","","","","","",
"中国澳门特别行政区","MAC","初等教育，教师","SE.PRM.TCHR","","","","","","","","","","","","886","812","","676","610","753","1196","829","801","","","","","","","","","","","","","","","","","","","","1505","1578","1613","1616","1615","1632","1609","1617","1618","1671","1585","1577","1602","1606","1622","1669","1722","1908","2105","2235","2402","2540","2642","2752","2836","2896",
"中国澳门特别行政区","MAC","小学复读生，总数（占入学学生总量的百分比）","SE.PRM.REPT.ZS","","","","","","","","","","","","","","","","","","","","","","","","","","","","","","","7.17474","","6.99461","6.60765","","","","","","6.27386","7.51978","6.96625","6.58132","7.10929","5.939","6.0747","5.66222","5.80894","6.16984","6.36393","5.66217","5.48245","4.37163","3.67955","3.15808","2.35857","2.33394","2.03601","1.70042","","","","","","",
"中国澳门特别行政区","MAC","小学最高年级持续就学率，男童（占同龄人的百分比）","SE.PRM.PRSL.MA.ZS","","","","","","","","","","","","","","","","","","","","","","","","","","","","","","","","","","","","","","","","","","","","","","","","","97.6048202514648","","","","","","","","","99.2965698242188","97.7741317749023","98.7014999389648","99.1353530883789","99.2418594360352","98.1556167602539","99.4566497802734","",
"中国澳门特别行政区","MAC","五年级持续就学率，女童（占同龄人的百分比）","SE.PRM.PRS5.FE.ZS","","","","","","","","","","","","","","","","","","","","","","","","","","","","","","","","","","","","","","","","","","","99.6227111816406","","","","","","99.5342788696289","99.2505187988281","","","","","","","","99.533317565918","99.7844161987305","99.5011215209961","99.2957382202148","99.462516784668","99.1407165527344","99.2282485961914","",
"中国澳门特别行政区","MAC","Over-age students, primary, female (% of female enrollment)","SE.PRM.OENR.FE.ZS","","","","","","","","","","","","","","","","","","","","","","","","","","","","","","","18.0415","","16.26529","","","","","","","12.17532","14.65432","15.99295","15.46313","13.315","12.9569","12.11706","11.59173","11.2708","11.28527","10.00154","9.85822","9.11731","7.73931","6.83335","5.50091","4.41975","3.7502","3.84587","3.66701","","","","","","",
"中国澳门特别行政区","MAC","入学率，小学，男生（净百分比）","SE.PRM.NENR.MA","","","","","","","","","","","","","","","","","","","","","","","","","","","","","","","89.95119","","85.56491","","","","","","","86.88169","86.27911","83.93291","85.18951","85.07358","85.99637","86.0897","84.94694","86.23418","86.05397","83.88795","82.74966","83.64389","84.57451","85.92678","89.87165","93.88014","96.46675","96.65402","96.39843","","","","","","",
"中国澳门特别行政区","MAC","一年级新生总入学率，男性（占相关年龄组的百分比）","SE.PRM.GINT.MA.ZS","","","","","","","","","","","","","","","","","","","","","","","","","","","","","","","104.19181","","102.99945","105.55704","","","","","","91.4175","93.27006","91.21864","95.47038","93.32209","96.32829","91.24088","88.42062","92.19577","88.26313","82.96482","83.95385","90.49145","91.86352","97.83037","98.00995","100.37083","95.48044","93.86027","93.60158","","","","","","",
"中国澳门特别行政区","MAC","学校入学率，小学（占总数的百分比）","SE.PRM.ENRR","","","","","","","","","","","","","","","","","","","","","","","","","","","","","","","","","","","","","","","","","","103.473831176758","106.838760375977","105.168479919434","105.103332519531","102.854553222656","100.32633972168","101.569869995117","102.432548522949","101.260093688965","101.166413677399","102.676451543276","99.3245614035088","99.6905829596413","100.713656387665","99.8024691358025","101.287356321839","105.325925925926","101.238255033557","96.2426035502959","92.7896174863388","89.070351758794","84.9676674364896","86.4246575342466","89.8103044496487",
"中国澳门特别行政区","MAC","初等教育年限（年）","SE.PRM.DURS","","","","","","","","","","","6","6","6","6","6","6","6","6","6","6","6","6","6","6","6","6","6","6","6","6","6","6","6","6","6","6","6","6","6","6","6","6","6","6","6","6","6","6","6","6","6","6","6","6","6","6","6","6","6","6","6","6","6","6","6",
"中国澳门特别行政区","MAC","小学总毕业率，（相关年龄群体所占比例）","SE.PRM.CMPT.ZS","","","","","","","","","","","","","","","","","","","","","","","","","","","","","","","","","","","","","","","","","","97.854133605957","101.848518371582","99.3898391723633","102.809219360352","93.6319122314453","96.2693023681641","91.6091079711914","91.8502197265625","92.7241134643555","98.0533385244306","97.1239395820401","101.942196531792","97.825","95.2307692307692","91.7894736842105","93.3076923076923","106.105263157895","95.6222222222222","90.0961538461539","90.0545454545454","95.7777777777778","91.2068965517241","89.5238095238095","94.1285714285714",
"中国澳门特别行政区","MAC","Trained teachers in preprimary education (% of total teachers)","SE.PRE.TCAQ.ZS","","","","","","","","","","","","","","","","","","","","","","","","","","","","","","","","","","","","","","","","92.8440399169922","93.5969924926758","95.9514236450195","97.8813629150391","98.481559753418","97.6034927368164","97.79736328125","97.5225219726562","97.9035568237305","96.8063888549805","96.339111328125","94.5614035087719","92.1296296296296","93.2011331444759","94.3790849673203","92.0958083832335","98.0349344978166","99.1329479768786","99.3399339933993","99.4602929838088","99.3939393939394","99.7132616487455","99.7875354107649","99.7818181818182","99.7762863534676","99.697656840514",
"中国澳门特别行政区","MAC","学校入学率，学前班，女生（占总数的百分比）","SE.PRE.ENRR.FE","","","","","","","","","","","","44.0756988525391","45.5882415771484","","45.2005615234375","","","","","","","","","","","","","","","","90.9996109008789","94.0617065429688","96.5705795288086","97.3664398193359","","","","","","92.7665405273438","92.6435089111328","89.5360717773438","88.0787506103516","87.6809463500977","88.7226181030273","87.8703079223633","85.0722885131836","83.0715866088867","82.616081237793","83.766731262207","88.6984405517578","95.1630401611328","94.4583129882813","91.7267303466797","86.8292694091797","88.8930892944336","95.0324478149414","94.0896530151367","94.0812911987305","89.2456970214844","89.0270919799805","84.9695281982422","","","",
"中国澳门特别行政区","MAC","Male primary school age children out-of-school (%)","SE.LPV.PRIM.SD.MA","","","","","","","","","","","","","","","","","","","","","","","","","","","","","","","","","","","","","","","","","","","","","","","","","","","","","","","","","4.63700103759765","","","","","4.63700103759765","","","",
"中国澳门特别行政区","MAC","Male pupils below minimum reading proficiency at end of primary (%). Low GAML threshold","SE.LPV.PRIM.LD.MA","","","","","","","","","","","","","","","","","","","","","","","","","","","","","","","","","","","","","","","","","","","","","","","","","","","","","","","","","2.55400538444519","","","","","4.63666915893554","","","",
"中国澳门特别行政区","MAC","Learning poverty: Share of Children at the End-of-Primary age below minimum reading proficiency adjusted by Out-of-School Children (%)","SE.LPV.PRIM","","","","","","","","","","","","","","","","","","","","","","","","","","","","","","","","","","","","","","","","","","","","","","","","","","","","","","","","","5.56457328796386","","","","","7.18974161148071","","","",
"中国澳门特别行政区","MAC","小学女生与男生的入学比例 (%)","SE.ENR.PRIM.FM.ZS","","","","","","","","","","","","0.979889988899231","1.041139960289","0.950540006160736","0.927839994430542","","","","","","","","","","","","","","","","0.96382999420166","0.968940019607544","0.971409976482391","0.969250023365021","","","","","","0.953390002250671","0.958450019359589","0.964359998703003","0.946829974651337","0.935769975185394","0.932940006256104","0.939899981021881","0.962350010871887","0.94990998506546","0.95780998468399","0.966489970684052","0.981369972229004","0.986869990825653","0.982330024242401","0.98650997877121","0.991729974746704","0.984139978885651","0.986140012741089","0.988139986991882","0.99345999956131","0.979939997196198","0.975019991397858","0.978659987449646","","","",
"中国澳门特别行政区","MAC","识字率，成年女性（占 15 岁以上女性人口的百分比）","SE.ADT.LITR.FE.ZS","","","","","","","","","","","","","","","","","","","","","","86.2200012207031","","","","","","","","","","","","","","","","","","","","87.7699966430664","","","","","90.7200012207031","","","","","93.7300033569336","","","","","95.0299987792969","","","","","","","","",
"中国澳门特别行政区","MAC","识字率，青年女性（占 15-24 岁女性人口的百分比）","SE.ADT.1524.LT.FE.ZS","","","","","","","","","","","","","","","","","","","","","","94.2099990844727","","","","","","","","","","","","","","","","","","","","99.8099975585938","","","","","99.6999969482422","","","","","99.6900024414062","","","","","99.870002746582","","","","","","","","",
"中国澳门特别行政区","MAC","Regulatory Quality: Percentile Rank","RQ.PER.RNK","","","","","","","","","","","","","","","","","","","","","","","","","","","","","","","","","","","","","68.4782638549805","","67.9347839355469","","66.8478240966797","","70.8108139038086","84.3243255615234","93.532341003418","82.8431396484375","82.8431396484375","76.6990280151367","80.5825271606445","86.1244049072266","87.5598068237305","88.6255950927734","89.5734634399414","89.5734634399414","94.711540222168","95.7142868041992","95.7142868041992","94.7619018554688","92.3809509277344","94.2857131958008","96.1904754638672","97.1428604125977","97.6415100097656","97.6415100097656","",
"中国澳门特别行政区","MAC","Rule of Law: Percentile Rank, Upper Bound of 90% Confidence Interval","RL.PER.RNK.UPPER","","","","","","","","","","","","","","","","","","","","","","","","","","","","","","","","","","","","","78.8944702148438","","74","","70.6467666625977","","88.5572128295898","95.0248718261719","99.5192337036133","88.9952163696289","86.1244049072266","79.9043045043945","80.288459777832","82.9383850097656","82.9383850097656","80.2816925048828","78.8732376098633","79.8122100830078","86.0576934814453","85.2380981445312","85.7142868041992","85.2380981445312","87.1428604125977","85.2380981445312","83.3333358764648","84.2857131958008","84.4339599609375","83.9622650146484","",
"中国澳门特别行政区","MAC","Rule of Law: Estimate","RL.EST","","","","","","","","","","","","","","","","","","","","","","","","","","","","","","","","","","","","","0.211933627724648","","0.20126885175705","","0.189398810267448","","0.68856954574585","1.22844505310059","1.37110924720764","0.720198452472687","0.434603959321976","0.309399664402008","0.457685977220535","0.706063687801361","0.717142939567566","0.686168372631073","0.64735621213913","0.638206481933594","0.950352728366852","0.891232967376709","0.820777177810669","0.814161896705627","0.971355676651001","0.88164347410202","0.811480820178986","0.780341923236847","0.791236340999603","0.783238708972931","",
"中国澳门特别行政区","MAC","Political Stability and Absence of Violence/Terrorism: Percentile Rank, Lower Bound of 90% Confidence Interval","PV.PER.RNK.LOWER","","","","","","","","","","","","","","","","","","","","","","","","","","","","","","","","","","","","","22.8723411560059","","23.9361705780029","","30.1587295532227","","33.3333320617676","59.7989959716797","68.4466018676758","64.0776672363281","56.5217399597168","39.613525390625","41.8269233703613","47.3933639526367","47.3933639526367","48.8151664733887","50.7108993530273","55.4502372741699","72.8571395874023","70.476188659668","79.0476226806641","78.5714263916016","71.2264175415039","70.7547149658203","66.9811325073242","59.9056587219238","66.5094375610352","63.9810409545898","",
"中国澳门特别行政区","MAC","Coverage of social insurance programs in richest quintile (% of population)","per_si_allsi.cov_q5_tot","","","","","","","","","","","","","","","","","","","","","","","","","","","","","","","","","","","","","","","","","","","","","","","","","","","","","","","","","","","","","","","","","",
"中国澳门特别行政区","MAC","Coverage of social insurance programs in poorest quintile (% of population)","per_si_allsi.cov_q1_tot","","","","","","","","","","","","","","","","","","","","","","","","","","","","","","","","","","","","","","","","","","","","","","","","","","","","","","","","","","","","","","","","","",
"中国澳门特别行政区","MAC","Coverage of social safety net programs in richest quintile (% of population)","per_sa_allsa.cov_q5_tot","","","","","","","","","","","","","","","","","","","","","","","","","","","","","","","","","","","","","","","","","","","","","","","","","","","","","","","","","","","","","","","","","",
"中国澳门特别行政区","MAC","Coverage of social safety net programs in poorest quintile (% of population)","per_sa_allsa.cov_q1_tot","","","","","","","","","","","","","","","","","","","","","","","","","","","","","","","","","","","","","","","","","","","","","","","","","","","","","","","","","","","","","","","","","",
"中国澳门特别行政区","MAC","Coverage of unemployment benefits and ALMP in richest quintile (% of population)","per_lm_alllm.cov_q5_tot","","","","","","","","","","","","","","","","","","","","","","","","","","","","","","","","","","","","","","","","","","","","","","","","","","","","","","","","","","","","","","","","","",
"中国澳门特别行政区","MAC","Coverage of unemployment benefits and ALMP in poorest quintile (% of population)","per_lm_alllm.cov_q1_tot","","","","","","","","","","","","","","","","","","","","","","","","","","","","","","","","","","","","","","","","","","","","","","","","","","","","","","","","","","","","","","","","","",
"中国澳门特别行政区","MAC","Coverage (%) -All Social Protection and Labor","per_allsp.cov_pop_tot","","","","","","","","","","","","","","","","","","","","","","","","","","","","","","","","","","","","","","","","","","","","","","","","","","","","","","","","","","","","","","","","","",
"中国澳门特别行政区","MAC","PPP转换因子与市场汇率的比率（GDP）","PA.NUS.PPPC.RF","","","","","","","","","","","","","","","","","","","","","","","","","","","","","","","0.34694679089804","0.375483603858554","0.422914779371877","0.452792064850671","0.473694687813166","0.501466699046692","0.503703641731755","0.502823854009878","0.487309480431761","0.474034549157352","0.453525280938427","0.436581186563983","0.424176692319503","0.41679690587442","0.413662193068335","0.423996155063176","0.443693791926038","0.467807561324297","0.506182748665925","0.509917746805569","0.52683107552155","0.553713112831538","0.571385311175129","0.581264564785564","0.608561847879255","0.643337405440239","0.640126722981476","0.642277055094874","0.645678817877423","0.649709924634082","0.646202868217728","0.611723794398522","0.573373852422474","0.577814891895368","0.567145484375936",
"中国澳门特别行政区","MAC","贸易条件调整（按本币不变价格计）","NY.TTF.GNFS.KN","","","","","","","","","","","","","","","","","","","","","","","-16808340112.9944","-18263905370.844","-20027920129.6787","-19021060877.35","-19554487566.3829","-22044826848.249","-22448226470.0528","-23356726109.5774","-23376734844.7267","-21487188106.8485","-19561958711.0954","-18817431491.5241","-19921401652.5453","-18615007557.3736","-19336302826.3308","-19868627837.0344","-19866286306.4504","-18604732315.1399","-22603391423.2716","-23381499737.6948","-25532700199.9429","-27938990395.9078","-37354166508.0052","-37236508668.694","-38583495710.2002","-42595086200.1564","-43668386548.3549","-38118130320.3377","-52694844546.0483","-65828170292.4171","-64294949371.877","-51217743232.2546","-26179667450.0588","-9931842409.12183","-8968020306.52521","-9212909624.02057","-4060905874.97583","2962728094.4845","-1631896939.52802","-10201527234.2676","-7230919888.41101","0","-1660863009.34747",
"中国澳门特别行政区","MAC","净产品税（不变本币单位）","NY.TAX.NIND.KN","","","","","","","","","","","","","","","","","","","","","","","","","","","","","","","","","","","","","","","","","","","","","","","","","","","","","","538000000","507000000","549000000","472000000","554000000","521000000","535000000","602000000","751000000","873000000","902000000","",
"中国澳门特别行政区","MAC","净国外收入（现价本币单位）","NY.GSR.NFCY.CN","","","","","","","","","","","","","","","","","","","","","","","","","","","","","","","","","","","","","","","","","","","-656000000","-1663200000","-4948400000","-6775200000","-13017900000","-3085300000","-20859200000","-18571300000","-26665500000","-42547800000","-54633000000","-69938000000","-70097000000","-38352200000","-35393100000","-44513600000","-52218300000","-52029800000","38552200000","-705100000","36021900000","-9513200000","",
"中国澳门特别行政区","MAC","总储蓄（现价本币）","NY.GNS.ICTR.CN","","","","","","","","","","","","","","","","","","","","","","","","","","","","","","","","","","","","","","","","","","","24527282748.8926","29271833702.4841","41858262169.4205","47920180185.3719","57618064257.031","86288809626.4808","77517467202.4092","79390531273.1764","117914259581.312","160014160951.338","184580434737.989","219932281722.627","230281039119.93","173496972128.947","172616726670.985","202050975785.25","221361683762.902","208937094537.934","79709965003.4897","73685006122.295","71707866057.4128","165333323222.486","",
"中国澳门特别行政区","MAC","人均GNI（不变价本币单位）","NY.GNP.PCAP.KN","","","","","","","","","","","","","","","","","","","","","","","","","","","","","","","","","","","","","","","","","","","234101.733576642","256170.42380523","303130.635583901","310420.90813094","324524.153136901","398410.443463237","358429.813205104","383913.08411215","474263.873370577","547772.016011645","584620.179609086","651183.983781044","653380.891105035","542042.463835744","542338.697318008","594168.723010487","626055.547123995","607757.440476191","362313.977239568","365963.36996337","350871.105861509","527977.018267531","",
"中国澳门特别行政区","MAC","按图表集法衡量的人均国民总收入（GNI）（现价美元）","NY.GNP.PCAP.CD","","","","","","","","","","","","","","","","","","","","","","","","","4590","4500","5220","6540","7600","8270","9210","10050","12280","13800","15260","16420","16580","16670","15230","14330","14620","15910","16670","18510","23050","24430","25920","33070","32190","35520","45370","54620","60370","67830","68530","57990","59670","66940","72850","71690","43910","46330","45390","65040","",
"中国澳门特别行政区","MAC","GNI增长（年度百分比）","NY.GNP.MKTP.KD.ZG","","","","","","","","","","","","","","","","","","","","","","","","","","","","","","","","","","","","","","","","","","","","11.4806748837698","23.98789994265","4.80292671024949","7.88731340979329","25.2651692840975","-6.56298676474714","8.71048299357693","25.1953238001389","18.6218422328665","8.32019811531643","10.6575517768065","-1.38041445459315","-17.5202758500604","-0.181838349330235","7.81855246266903","6.05987795391032","-1.6597059763168","-39.5305715504152","-0.718902936866257","-3.6714217053448","50.145714483697","",
"中国澳门特别行政区","MAC","国民总收入（GNI）（现价美元）","NY.GNP.MKTP.CD","","","","","","","","","","","","","","","","","","","","","","","1149838101.98571","1147497892.26313","1325558749.77443","1368964495.11067","1556374428.15928","2001092510.58203","2327885210.44222","2746055189.00387","3263343549.02735","3788851560.10869","4957063307.11854","5672135022.68577","6295509820.44231","6944639131.86118","6940839199.63848","7008432869.91874","6504977272.80418","6133961473.25087","6197684994.82924","6811252878.57098","7289996692.57215","8039092703.98433","10026413049.5348","11314325873.0269","13247163693.0717","18056014954.9755","18426218593.0118","19263558167.9657","24911908787.2773","31542484305.7202","36355562497.6846","42805117623.6082","46154256429.3127","40137558610.1871","40537999445.658","44750854130.22","48607663022.1566","48578236459.5866","30105687000.5515","30545865034.3288","29395640979.2881","44446665732.4029","",
"中国澳门特别行政区","MAC","国内总储蓄（现价本币）","NY.GDS.TOTL.CN","","","","","","","","","","","","","","","","","","","","","","","2348000000","2970000000","4135000000","3958000000","4540000000","6796000000","7688000000","9184000000","11367000000","12768000000","19232000000","22447000000","24463000000","27471000000","25899000000","25086000000","21404000000","18821000000","22367000000","22963000000","26077000000","32127000000","48418000000","56441000000","73580000000","94305000000","106557000000","106828000000","154042000000","211447000000","250139000000","304561000000","317728000000","228075000000","225137000000","264234000000","295301000000","285252000000","52640000000","87202000000","45078000000","199614000000","224163000000",
"中国澳门特别行政区","MAC","按购买力平价 (PPP) 衡量的人均 GDP（2017年不变价国际元）","NY.GDP.PCAP.PP.KD","","","","","","","","","","","","","","","","","","","","","","","","","","","","","","","55300.7442649888","54602.0544901621","58652.7899194928","59589.975909516","60120.6582440409","60205.7086394147","59115.2336138336","58639.5250296819","55296.5007644986","53348.0126915655","55994.760697993","57173.8590987063","61625.9560068114","67994.777526459","84004.4558061302","87185.5254441553","93828.3198758417","102879.639164559","102474.668562926","104911.140336462","130758.2806979","155385.324208541","164239.261923457","174569.523171267","162813.439348589","123194.067291275","120530.052858314","133322.632677744","139541.157248769","133453.896026037","59662.4855864551","73374.4486829589","59921.441691873","104815.20003062","111693.502831434",
"中国澳门特别行政区","MAC","人均 GDP（2015年不变价美元）","NY.GDP.PCAP.KD","","","","","","","","","","","","","","","","","","","","","","","23029.931281133","23959.939981358","24741.8204812446","24333.6874271768","25405.9483374117","28015.2696437855","29328.9300459386","29940.476374969","31378.8304183133","30982.3788289054","33280.8531405232","33812.6326064638","34113.7531646476","34162.0125862687","33543.2536281767","33273.3263570517","31376.4225649646","30270.8085696141","31772.6302531656","32441.6760183581","34967.8914561813","38581.6976189322","47665.9330386643","49470.940295748","53240.2045750276","58376.1176047275","58146.3285846714","59528.8350159491","74195.0577762344","88168.9713699088","93192.885853941","99054.4980289716","92383.8434915276","69902.9605741233","68391.3415491921","75650.1261840452","79178.6506290559","75724.6078280261","33853.7761550109","41634.2386139903","34000.7134128308","59474.3964251614","63377.2932129214",
"中国澳门特别行政区","MAC","按购买力平价 (PPP)衡量的 GDP（2017年不变价国际元）","NY.GDP.MKTP.PP.KD","","","","","","","","","","","","","","","","","","","","","","","","","","","","","","","18522984291.558","19200812461.4655","21754319781.1399","22882550749.2541","23855877191.2354","24642196546.1124","24538733473.1023","24470273794.8863","23351712272.8477","22800940624.3751","24111343956.5558","24807737462.9287","27016819113.3861","30162483310.7372","38196826055.0474","41282346297.8075","46810948786.0574","53590004040.8185","55408053291.9742","56127460080.0072","70217196734.7722","85399774185.0143","93271476846.331","103327700765.073","101221115243.018","79201465861.5605","78645859490.05","86446395028.2495","91943668511.214","89681018129.4971","40892667620.9563","50078061226.1194","40584792457.9056","71148557780.7849","76733436445.1954",
"中国澳门特别行政区","MAC","GDP（2015年不变价美元）","NY.GDP.MKTP.KD","","","","","","","","","","","","","","","","","","","","","","","5864572000.74053","6452411836.97971","6998223923.12004","7049469247.65311","7521431005.29074","8596485490.19559","9267941894.51659","9733648869.50242","10510339248.614","10894953515.1846","12343868429.82","12984050920.8821","13536337255.7322","13982511751.5598","13923804581.0561","13884959088.7977","13250263249.1846","12937743582.6531","13681294587.0131","14076443224.3656","15329923614.3899","17114841063.7583","21673699752.6806","23424490230.0367","26561538062.4813","30408119660.3025","31439719865.7318","31847926733.5328","39842746025.8379","48457666664.9019","52924239876.4531","58630357383.3483","57435035498.6827","44940613353.1038","44625350360.8479","49051541817.7349","52170812899.485","50886936460.4335","23203378176.6445","28415367854.0484","23028683194.5103","40371220293.3995","43540200437.277",
"中国澳门特别行政区","MAC","矿产租金（占GDP的百分比）","NY.GDP.MINR.RT.ZS","","","","","","","","","","","","","","","","","","","","","","","0","0","0","0","0","0","0","0","0","0","0","0","0","0","0","0","0","0","0","0","0","0","0","0","0","0","0","0","0","0","0","0","0","0","0","0","0","0","0","0","","","",
"中国澳门特别行政区","MAC","按要素成本计算的增加值总额（现价本币）","NY.GDP.FCST.CN","","","","","","","","","","","","","","","","","","","","","","","","","","","","","","","","30187000000","38956000000","44503000000","48861000000","54209000000","52866000000","54295000000","49173000000","46559000000","50101000000","50558000000","55776000000","62578000000","77724000000","90995000000","109557000000","142645000000","163175000000","166456000000","223255000000","296251000000","343744000000","411426000000","435574000000","357188000000","357776000000","397793000000","437742000000","435313000000","197209000000","244910000000","201544000000","354275000000","",
"中国澳门特别行政区","MAC","GDP deflator: linked series (base year varies by country)","NY.GDP.DEFL.ZS.AD","","","","","","","","","","","","","","","","","","","","","","","","","","","","","","","27.1870203902653","30.3547327921358","34.8288736776602","38.15033298401","40.7265092374166","44.0595496888316","45.0586343862303","45.8066606603758","44.911801242236","44.3792302081389","43.6059288727762","42.9626049470295","42.3902306337776","42.4106226918342","43.2285469817176","45.6344744879794","49.1679611329609","53.473710800765","58.8595202278447","59.3930352029935","62.2482703917507","66.9077618456689","71.55484138503","77.09507767172","83.8232962111703","87.6213847074192","88.3997422984616","90.3080034361801","93.5153985621558","95.7615788361431","95.5124779501828","94.7059277852867","95.8062717703623","100","100.195824921935",
"中国澳门特别行政区","MAC","煤炭租金（占GDP的百分比）","NY.GDP.COAL.RT.ZS","","","","","","","","","","","","","","","","","","","","","","","0","0","0","0","0","0","0","0","0","0","0","0","0","0","0","0","0","0","0","0","0","0","0","0","0","0","0","0","0","0","0","0","0","0","0","0","0","0","0","0","","","",
"中国澳门特别行政区","MAC","调整后的净储蓄，包括颗粒物排放损害（占 GNI 的百分比）","NY.ADJ.SVNG.GN.ZS","","","","","","","","","","","","","","","","","","","","","","","","","","","","","","","","","","","","","","","","","","","","","","","","","","","","","","","","","","","","","","","","","",
"中国澳门特别行政区","MAC","人均调整国民收入净额（美元现值）","NY.ADJ.NNTY.PC.CD","","","","","","","","","","","","","","","","","","","","","","","","","","","","","","","","","","","","","","","","","","","","","","","","","","","","","","","","","","","","","","","","","",
"中国澳门特别行政区","MAC","调整后的储蓄：国民储蓄净额（占 GNI 的百分比）","NY.ADJ.NNAT.GN.ZS","","","","","","","","","","","","","","","","","","","","","","","","","","","","","","","","","","","","","","","","","","","33.0355581713975","36.6317885764599","42.9326560853575","43.7691545173075","44.2782517773618","50.3861731908734","42.841263620936","42.9664855853856","49.9416686202987","53.8804958866696","54.0666534203752","54.8179750780254","52.7859806210693","44.6804120404355","44.1037901166615","47.1784973537722","47.4977689299065","44.8338287369595","26.758436062754","22.7915389073462","","","",
"中国澳门特别行政区","MAC","调整后的储蓄：颗粒物排放损害（占 GNI 的百分比）","NY.ADJ.DPEM.GN.ZS","","","","","","","","","","","","","","","","","","","","","","","","","","","","","","","","","","","","","","","","","","","","","","","","","","","","","","","","","","","","","","","","","",
"中国澳门特别行政区","MAC","调整后的储蓄： 矿产资源损耗（占 GNI 的百分比）","NY.ADJ.DMIN.GN.ZS","","","","","","","","","","","","","","","","","","","","","","","0","0","0","0","0","0","0","0","0","0","0","0","0","0","0","0","0","0","0","0","0","0","0","0","0","0","0","0","0","0","0","0","0","0","0","0","0","0","0","0","","","",
"中国澳门特别行政区","MAC","调整后的储蓄：森林资源净损耗（占 GNI 的百分比）","NY.ADJ.DFOR.GN.ZS","","","","","","","","","","","","","","","","","","","","","","","","","","","","","","","","","","","","","","","","","","","","","","","","","","","","","","","","","","","","","","","","","",
"中国澳门特别行政区","MAC","调整后的储蓄： 教育支出（占 GNI 的百分比）","NY.ADJ.AEDU.GN.ZS","","","","","","","","","","","2.62","2.62","2.62","2.62","2.62","2.62","2.62","2.62","2.62","2.62","2.62","2.62","2.62","2.62","2.62","2.62","2.62","2.62","2.62","2.62","2.62","2.62","2.62","2.62","2.62","2.62","2.62","2.62","2.62","2.62","2.62","2.62","2.62","2.62","2.17","2.26999999999999","2.37000000000003","2.47000000000002","2.57000000000001","2.67","2.2","1.92","1.96","2.08","2.14091650060059","3.05104758657404","3.16042076272743","2.81686066248884","2.50577539732863","2.73924292715556","4.40203861731598","4.40203861731598","","","",
"中国澳门特别行政区","MAC","Services, value added (annual % growth)","NV.SRV.TOTL.KD.ZG","","","","","","","","","","","","","","","","","","","","","","","","","","","","","","","","","","","","","","","","","","","","","","","","","","32.3927599962726","0.328798527947868","23.7709627847932","9.57689151839696","13.5088600860145","-3.52284292599514","-22.691171806643","1.17717228437178","10.8025570019928","6.73575264003405","-3.18111415587289","-55.9808432197856","28.691971086097","-18.5756084585716","76.3983034698289","",
"中国澳门特别行政区","MAC","服务业，每个工人的增加值（2015年不变价美元）","NV.SRV.EMPL.KD","","","","","","","","","","","","","","","","","","","","","","","","","","","","","","","","","","","","","","","","","","","","","","","","","105595.050250842","137519.842418385","133646.651623337","157485.28914191","165671.901224719","179689.458291613","164519.897412676","124881.280121051","125218.376613826","139353.943866332","145370.429237487","138679.321539618","61242.3493721034","78585.4836828903","66434.2279417587","113678.383194631","",
"中国澳门特别行政区","MAC","机械和运输设备（占制造业增加值的百分比）","NV.MNF.MTRN.ZS.UN","","","","","","","","","","","","","","","","","","","0.912212921227731","1.31255127153404","0.896708461526569","0.958588957055215","2.09811473748226","1.79379858204493","1.11584033130105","1.13692203733142","1.01689789437871","1.16261779962521","1.31158618994963","1.1239571876928","1.04920288902084","1.51235994591467","1.03927896705263","1.10848710059862","0.907976988006851","1.02813986635753","1.44885184279101","3.17397717323574","2.34313313675115","2.56170959594667","1.456209854199","","0.932779810720525","0.77970299356928","","","","","","","","","","","","","","","","","","","","","",
"中国澳门特别行政区","MAC","工业增加值（不变价格本币单位）","NV.IND.TOTL.KN","","","","","","","","","","","","","","","","","","","","","","","","","","","","","","","","","","","","","","","","","","","","","","","","","22285000000","18238000000","17549000000","18809000000","20807000000","21414000000","28387000000","32425000000","26898000000","21673000000","19859000000","20842000000","18871000000","19804000000","18654000000","19918000000","",
"中国澳门特别行政区","MAC","工业增加值（现价美元）","NV.IND.TOTL.CD","","","","","","","","","","","","","","","","","","","","","","","","","","","","","","","","703626198.582003","850565617.982771","863628091.445928","889289991.323173","906403030.814942","845927897.168106","866049794.791213","840230075.649533","807948097.123945","776236932.92964","673678969.315989","680655455.768412","787533998.791459","895892146.901381","1334154697.28432","2097501120.42528","2541858027.78398","2481886158.66865","1579352836.06556","1357998664.62007","1533010867.2661","1742708011.05","1916824534.95351","2766701276.51625","3466892758.38577","2983966107.08807","2517567590.63449","2257662954.02407","2320806594.90711","2150440189.34889","2380353985.21922","2312898145.44105","2479478234.34064","",
"中国澳门特别行政区","MAC","制造业，增加值（2015年不变价美元）","NV.IND.MANF.KD","","","","","","","","","","","","","","","","","","","","","","","","","","","","","","","","","","","","","","","","","","","","","","","","","","","","","","","","257108363.723801","","","","","","","","","",
"中国澳门特别行政区","MAC","Financial intermediary services indirectly Measured (FISIM) (constant LCU)","NV.FSM.TOTL.KN","","","","","","","","","","","","","","","","","","","","","","","","","","","","","","","","","","","","","","","","","","","","","","","","","","","","","","","","","","","","","","","","","",
"中国澳门特别行政区","MAC","农业，增加值（年增长率）","NV.AGR.TOTL.KD.ZG","","","","","","","","","","","","","","","","","","","","","","","","","","","","","","","","","","","","","","","","","","","","","","","","","","","","","","","","","","","","","","","","","",
"中国澳门特别行政区","MAC","农业，林业、和渔业，每个工人的增加值（2015年不变价美元）","NV.AGR.EMPL.KD","","","","","","","","","","","","","","","","","","","","","","","","","","","","","","","","","","","","","","","","","","","","","","","","","","","","","","","","","","","","","","","","","",
"中国澳门特别行政区","MAC","货物和服务对外贸易差额（现价本币单位）","NE.RSB.GNFS.CN","","","","","","","","","","","","","","","","","","","","","","","784000000","908000000","1803000000","1482000000","1449000000","2903000000","3063000000","3843000000","5427000000","4444000000","6683000000","8010000000","8394000000","12691000000","14683000000","14256000000","12724000000","10536000000","16724000000","17871000000","20221000000","23108000000","34697000000","31563000000","33687000000","40149000000","55283000000","74932000000","124104000000","170756000000","199595000000","246633000000","230918000000","136935000000","146413000000","185046000000","218455000000","222316000000","-211000000","30591000000","-1578000000","143334000000","168167000000",
"中国澳门特别行政区","MAC","货物和服务进口（年增长率）","NE.IMP.GNFS.KD.ZG","","","","","","","","","","","","","","","","","","","","","","","","12.9509050657638","5.18821698276359","-1.0412670575985","20.2193055324805","13.1195872489405","10.0667861215182","7.27023827142223","6.13251474493843","10.9421208280524","10.5630089636183","1.71153030945317","5.50664235477988","-0.780169859766929","-7.85557877973524","-1.14498663282116","-0.967028164012348","9.14407083551707","5.33006469874647","4.66444321808193","11.4738314114761","10.5128943363633","17.8160705645912","6.50745514278495","14.8134416894056","24.4946461554359","-3.92384707163977","-21.8340658509984","16.7053492484527","22.0003314550878","14.3022093711491","11.9990492440641","15.1277892311424","1.36870864742092","-10.3549949991557","7.69905093095704","5.26312249002738","-3.68607051335306","-14.1275138840047","53.2726528152309","-12.166842267111","12.8793792185133","-0.528290758216727",
"中国澳门特别行政区","MAC","资本形成总额（占 GDP 的百分比）","NE.GDI.TOTL.ZS","","","","","","","","","","","","","","","","","","","","","","","22.0019682271897","24.393993141776","22.2497853258277","22.7260211106012","25.1690152317341","24.8198456731076","25.1317719936967","24.57100795878","22.8110599078341","27.6162983608733","32.0299139845325","31.9842271992202","31.985111168614","26.3243204730861","19.6173085668311","18.6832525318749","16.0074496136896","15.8359452641235","10.3794581271727","9.24118159384526","9.88855116514691","13.6347831345337","16.0689606708674","25.5371349381512","33.5204261683499","36.5478705097145","30.4045920575905","18.5036286743591","13.2455224408891","13.7719909836121","14.6458075564532","14.0629589797994","19.7863412477179","25.3975906300422","21.8986528399403","19.6168290048652","17.2841449919479","14.1724783202989","26.1685250836783","23.0842314294918","23.2050134288272","15.2974689049317","14.0846664654392",
"中国澳门特别行政区","MAC","资本形成总额（不变价本币单位）","NE.GDI.TOTL.CN","","","","","","","","","","","","","","","","","","","","","","","1565000000","2063000000","2332000000","2476000000","3090000000","3892000000","4625000000","5341000000","5940000000","8323000000","12549000000","14438000000","16069000000","14779000000","11216000000","10829000000","8681000000","8286000000","5643000000","5093000000","5856000000","9019000000","13720000000","24877000000","39894000000","54157000000","51274000000","31896000000","29937000000","40691000000","50544000000","57928000000","86810000000","91139000000","78725000000","79190000000","76846000000","62937000000","52851000000","56612000000","46656000000","56280000000","55995000000",
"中国澳门特别行政区","MAC","库存变化（现价美元）","NE.GDI.STKB.CD","","","","","","","","","","","","","","","","","","","","","","","18471423.8239285","56670757.7684154","38828426.8886856","39630736.5491155","33320196.6066312","54433264.817334","61562631.2092443","46801776.9240603","16581490.1697945","46850110.8785957","44027213.0824292","52964838.6266795","73489849.5442938","31878478.2369143","67910222.9363326","14168760.2159269","-9023950.69313341","10385580.3099408","9220149.76513537","2365096.15983071","29875148.0220225","39769407.2525685","79030975.53019","80888121.6167888","129976831.629762","111002514.480726","163214719.000113","27554133.5396052","217189811.273551","534034537.392894","487742970.343425","371373801.437055","452352779.077438","241328697.95215","-19261884.5827876","-121729364.349693","270795677.228896","163311430.437137","-104267559.821165","170632007.966491","196647178.013804","307438930.772293","168349937.929515",
"中国澳门特别行政区","MAC","固定资本形成总额（2015年不变价美元）","NE.GDI.FTOT.KD","","","","","","","","","","","","","","","","","","","","","","","984341500.744935","1054416507.80908","1085419389.7223","1161758677.72097","1442801925.74942","1484528407.22853","1732020591.2687","1818234084.80822","2041943236.14784","2601056853.11718","3560978275.6428","3713232154.62761","3737121361.5813","3456821333.32473","2694596370.1225","2746303231.39559","2404740659.08446","2448484451.37298","1709830172.36505","1646550317.50107","1776082906.31661","2635032614.11798","3638273131.91961","5941617379.26731","8422697326.35043","10456252796.5012","8890288737.12389","6023583902.68173","5017689028.55192","5876532562.10016","7066002719.8874","7724601612.03721","10596084287.8701","11172504308.0992","9873356146.83129","9565769335.52096","8628038331.89899","7099553783.87569","6159062249.67241","5975274617.50873","4776248776.94001","5712280992.51194","5891927828.80365",
"中国澳门特别行政区","MAC","固定资本形成总额（现价本币单位）","NE.GDI.FPRV.CN","","","","","","","","","","","","","","","","","","","","","","","","","","","","","","","","","","","","","","","","","","4199000000","4306000000","6390000000","9774000000","19988000000","34529000000","49627000000","46838000000","27859000000","23129000000","27347000000","32609000000","47540000000","75847000000","79717000000","69677000000","66670000000","58555000000","48227000000","41443000000","40535000000","28311000000","33249000000","35850000000",
"中国澳门特别行政区","MAC","货物和服务出口（2015年不变价美元）","NE.EXP.GNFS.KD","","","","","","","","","","","","","","","","","","","","","","","3878947234.78629","4288408845.33228","4753992466.83422","4551609623.24408","5029677528.81581","5904722760.86374","6242142034.89688","6673365241.52783","7150631404.08591","7120852377.86439","7697420139.39963","7887891372.50116","8284181490.67994","8760073236.64318","8709677961.49906","8558721205.49917","8348664535.92117","8290595434.78919","9872205331.30095","10429416725.7922","11710487526.899","13066693101.8571","16973357737.9726","16801784733.0502","18282375009.8412","21693676998.2333","23019301803.9562","22940616453.9016","32050364179.2152","40303850365.9437","44547247067.795","50400543741.0685","48164711545.4131","35370496533.4829","34681112076.4546","40504171584.6416","44505556431.0849","43443361472.7063","14985035064.1046","27456720315.1123","20600786735.9033","38942490728.755","41594885687.3632",
"中国澳门特别行政区","MAC","国民总支出（不变价本币单位）","NE.DAB.TOTL.KN","","","","","","","","","","","","","","","","","","","","","","","33284182404.4865","37126771226.1592","37870565236.3225","40555089785.476","45224016119.5538","49260923508.6077","55476909130.5366","57740241802.7012","61869796144.144","71282715047.7909","82892402398.9849","87624375730.6929","91608735177.3125","90064679143.6666","86209520673.1057","86645669058.537","82848421400.9863","86554813567.3494","77348135374.9643","77560680814.0639","82960804084.542","93813628670.9978","108842596018.476","134926202158.302","164017963369.985","192147683946.342","182655128479.583","158420993786.79","157093903230.783","179336126889.476","198107642253.642","211280164641.346","246864914465.728","254379934273.18","240177270070.656","239142162647.191","239944343291.672","231295656870.687","208533946868.973","216905859376.779","202775807813.197","224570000000","229252000000",
"中国澳门特别行政区","MAC","国民总支出平减指数（各国基准年有所不同）","NE.DAB.DEFL.ZS","","","","","","","","","","","","","","","","","","","","","","","19.018042633809","20.3357301231741","22.9148943139532","23.2104035517906","23.9408193455836","25.9373943685148","27.6511439451415","30.9905179495852","33.3167414225447","36.0438010572049","39.2026278157405","42.3763361397546","45.6779584599736","48.2431075235285","49.2880596809253","50.4399128945198","50.1011356620802","48.2803882045029","48.6669779659409","48.0165975970224","47.0089464902699","45.8771295916255","46.5663277559057","48.8051979131082","52.0235700083171","56.223940763277","62.0601244233175","61.5101557380367","64.8726639952952","69.5375784918427","73.4519871846715","78.230722832206","84.1832872240139","87.2368336103454","88.7198859148137","91.4267888103705","94.25060699393","95.8790160612415","96.9506418669721","98.9604433078674","99.9320393223022","100","100.061068169525",
"中国澳门特别行政区","MAC","最终消费支出（2015年不变价美元）","NE.CON.TOTL.KD","","","","","","","","","","","","","","","","","","","","","","","2621381649.52108","2778332268.42596","2933300118.02534","3155538046.93272","3421721805.37433","3762780389.4912","4180618835.45248","4422000314.85848","4761571048.82733","5153440265.78603","5486117531.44111","5843674217.04845","6211524934.30682","6431469692.0928","6694746976.9283","6823012549.36856","6802594360.0269","7123316365.63333","6854374655.8147","6958505458.78901","7351288839.22258","7655568272.91562","8211570458.54412","8761738348.30062","9369975427.45772","10451425761.2522","10953440470.6222","11404024170.3994","12005703749.4398","13187268902.187","14123733729.7546","15048945514.6196","15921701931.3602","16377539774.7766","16430503596.7618","16746935823.5782","17424525373.5864","18168872719.3647","16878503539.8276","17740804226.2042","17401289513.7622","18751547115.1739","19213399648.256",
"中国澳门特别行政区","MAC","按购买力平价 (PPP) 衡量的居民最终消费支出（2017年不变价国际元）","NE.CON.PRVT.PP.KD","","","","","","","","","","","","","","","","","","","","","","","","","","","","","","","5357793325.13317","5741447644.17358","6246795030.02274","6649892463.87425","7056114684.03469","7254712213.89091","7545838138.33922","7653296067.51841","7576565203.71033","7763531584.52776","7688710312.35291","7832103284.08476","8294918856.28464","8579100811.15757","9258047436.39153","9818946578.84383","10559520934.0594","11655973730.0138","12296207724.865","12446371066.9328","13089556248.8535","14569489764.609","15678615305.0385","16761353761.0815","17703129634.744","18124628587.9703","17952938940.2188","18379993069.1054","19163793634.9278","19993250800.7083","17008211879.4867","18411935329.1522","17490296967.2583","20358156401.8952","21507209767.3832",
"中国澳门特别行政区","MAC","居民最终消费支出（不变价本币单位）","NE.CON.PRVT.KN","","","","","","","","","","","","","","","","","","","","","","","18376000000","19493000000","20386000000","21644000000","23566000000","25601000000","28016000000","29235000000","30863000000","33073000000","35984000000","38306000000","40646000000","41790000000","43467000000","44086000000","43644000000","44721000000","44290000000","45116000000","47782000000","49419000000","53330000000","56561000000","60827000000","67143000000","70831000000","71696000000","75401000000","83926000000","90315000000","96552000000","101977000000","104405000000","103416000000","105876000000","110391000000","115169000000","97974000000","106060000000","100751000000","117271000000","123890000000",
"中国澳门特别行政区","MAC","居民最终消费支出（现价本币单位）","NE.CON.PRVT.CN","","","","","","","","","","","","","","","","","","","","","","","4352000000","5008000000","5699000000","6151000000","6817000000","7711000000","9211000000","10514000000","12022000000","14112000000","16460000000","18674000000","21118000000","23305000000","25299000000","26293000000","25903000000","25754000000","25230000000","25308000000","25938000000","26277000000","28751000000","31447000000","35060000000","40933000000","47376000000","48937000000","53560000000","63065000000","71279000000","80592000000","89883000000","95994000000","96888000000","100102000000","107255000000","113460000000","96960000000","105593000000","100746000000","117271000000","123887000000",
"中国澳门特别行政区","MAC","一般政府最终消费支出（年增长率）","NE.CON.GOVT.KD.ZG","","","","","","","","","","","","","","","","","","","","","","","","4.83870967741935","15.75682382134","19.7213290460879","4.78066248880931","20.0956937799043","22.2538417757541","14.7579143389199","18.4279918864097","12.9314036139419","-3.73094714491545","6.60890114218195","7.21146741539826","6.94004135079255","4.48540310627055","4.07697526676125","2.48311011022875","13.0226103047476","-13.0212330519314","0.0999999999999943","4.71293412469882","6.81295246646837","5.11217359323281","8.83734879536139","5.10700835859281","15.4417547845845","2.58137774413323","13.5082281750424","5.52611903910542","5.63410652127037","5.57272833313893","5.54926387315969","6.36187585051817","4.20244568560391","3.70003069585134","0.712691834783001","3.40711265854266","4.23280423280423","12.4344506439569","-0.794746464684152","4.28576801564616","-7.99927869443692","-4.84917383719791",
"中国澳门特别行政区","MAC","Arms exports (SIPRI trend indicator values)","MS.MIL.XPRT.KD","","","","","","","","","","","","","","","","","","","","","","","","","","","","","","","","","","","","","","","","","","","","","","","","","","","","","","","","","","","","","","","","","",
"中国澳门特别行政区","MAC","Military expenditure (current USD)","MS.MIL.XPND.CD","","","","","","","","","","","","","","","","","","","","","","","","","","","","","","","","","","","","","","","","","","","","","","","","","","","","","","","","","","","","","","","","","",
"中国澳门特别行政区","MAC","物流绩效指数：追踪查询货物的能力（1=低，5=高）","LP.LPI.TRAC.XQ","","","","","","","","","","","","","","","","","","","","","","","","","","","","","","","","","","","","","","","","","","","","","","","","","","","","","","","","","","","","","","","","","",
"中国澳门特别行政区","MAC","物流绩效指数：安排价格具有竞争力的货运的难易度（1=很低 至 5=很高）","LP.LPI.ITRN.XQ","","","","","","","","","","","","","","","","","","","","","","","","","","","","","","","","","","","","","","","","","","","","","","","","","","","","","","","","","","","","","","","","","",
"中国澳门特别行政区","MAC","出口周转时间，中值（天数）","LP.EXP.DURS.MD","","","","","","","","","","","","","","","","","","","","","","","","","","","","","","","","","","","","","","","","","","","","","","","","","","","","","","","","","","","","","","","","","",
"中国澳门特别行政区","MAC","安全互联网服务器（每百万人）","IT.NET.SECR.P6","","","","","","","","","","","","","","","","","","","","","","","","","","","","","","","","","","","","","","","","","","","","","","","","","","","210.428305400372","263.828238719068","378.587779538651","405.473897617841","477.722374135435","704.619692020532","1043.67816091954","1708.82171499075","2540.59796630748","3971.72619047619","5719.28800700321","5169.23076923077","6022.44204931345","5760.16499705362","6586.60844250364",
"中国澳门特别行政区","MAC","Fixed telephone subscriptions (per 100 people)","IT.MLT.MAIN.P2","1.301591964","1.37314","1.37314","1.37314","1.37314","","1.37314","1.37314","1.37314","1.37314","","1.37314","1.37314","1.37314","1.37314","","","","","","","","6.215620276","6.65231941","10.02057189","13.21724018","15.89062777","17.84527658","20.14959412","23.36839234","26.5","29.4","32.4","35.3","37.2","38.4","39.7","40.9","41.1","41.5","40.4","39.6","38.6","37.2","36.1","35.2","34.7","34.1","32.8","31","29.9","28.9","27.7","26.5","25.2","23.5","22.4","21.3","18.7","16.4","16.1","14.3","13.1","12.2","",
"中国澳门特别行政区","MAC","货柜码头吞吐量（TEU： 20 英尺当量单位）","IS.SHP.GOOD.TU","","","","","","","","","","","","","","","","","","","","","","","","","","","","","","","","","","","","","","","","","","","","","","","","","","","","","","","","","","","","","","","","","",
"中国澳门特别行政区","MAC","铁路货运量（百万吨-公里）","IS.RRS.GOOD.MT.K6","","","","","","","","","","","","","","","","","","","","","","","","","","","","","","","","","","","","","","","","","","","","","","","","","","","","","","","","","","","","","","","","","",
"中国澳门特别行政区","MAC","Statistical performance indicators (SPI): Pillar 5 data infrastructure score (scale 0-100)","IQ.SPI.PIL5","","","","","","","","","","","","","","","","","","","","","","","","","","","","","","","","","","","","","","","","","","","","","","","","","","","","","","","","","","","","","","","","","",
"中国澳门特别行政区","MAC","Statistical performance indicators (SPI): Pillar 1 data use score (scale 0-100)","IQ.SPI.PIL1","","","","","","","","","","","","","","","","","","","","","","","","","","","","","","","","","","","","","","","","","","","","","0","0","0","0","0","0","0","0","0","0","0","20","40","40","40","40","40","40","40","40","40",
"中国澳门特别行政区","MAC","国家政策和制度评估 (CPIA) 结构政策集群平均值 （1=低至 6=高）","IQ.CPA.STRC.XQ","","","","","","","","","","","","","","","","","","","","","","","","","","","","","","","","","","","","","","","","","","","","","","","","","","","","","","","","","","","","","","","","","",
"中国澳门特别行政区","MAC","国家政策和制度评估 (CPIA) 社会保障评级（1=低至 6=高）","IQ.CPA.PROT.XQ","","","","","","","","","","","","","","","","","","","","","","","","","","","","","","","","","","","","","","","","","","","","","","","","","","","","","","","","","","","","","","","","","",
"中国澳门特别行政区","MAC","国家政策和制度评估 (CPIA) 宏观经济管理评级（1=低至 6=高）","IQ.CPA.MACR.XQ","","","","","","","","","","","","","","","","","","","","","","","","","","","","","","","","","","","","","","","","","","","","","","","","","","","","","","","","","","","","","","","","","",
"中国澳门特别行政区","MAC","国家政策和制度评估 (CPIA) 财政政策评级（1=低至 6=高）","IQ.CPA.FISP.XQ","","","","","","","","","","","","","","","","","","","","","","","","","","","","","","","","","","","","","","","","","","","","","","","","","","","","","","","","","","","","","","","","","",
"中国澳门特别行政区","MAC","国家政策和制度评估 (CPIA) 经济管理集群均值（1=低至 6=高）","IQ.CPA.ECON.XQ","","","","","","","","","","","","","","","","","","","","","","","","","","","","","","","","","","","","","","","","","","","","","","","","","","","","","","","","","","","","","","","","","",
