"Data Source","世界发展指标",

"Last Updated Date","2026-01-28",

"Country Name","Country Code","Indicator Name","Indicator Code","1960","1961","1962","1963","1964","1965","1966","1967","1968","1969","1970","1971","1972","1973","1974","1975","1976","1977","1978","1979","1980","1981","1982","1983","1984","1985","1986","1987","1988","1989","1990","1991","1992","1993","1994","1995","1996","1997","1998","1999","2000","2001","2002","2003","2004","2005","2006","2007","2008","2009","2010","2011","2012","2013","2014","2015","2016","2017","2018","2019","2020","2021","2022","2023","2024",
"中国","CHN","来自DAC捐助国的双边援助净流量，爱尔兰（现价美元）","DC.DAC.IRLL.CD","","","","","","","","","","","","","","","","","","","","","","","19999.9995529652","29999.9993294477","29999.9993294477","59999.9986588955","100000.001490116","79999.9982118607","9999.99977648258","9999.99977648258","","9999.99977648258","39999.9991059303","29999.9993294477","90000.0035762787","219999.998807907","400000.005960464","370000.004768372","529999.971389771","600000.023841858","400000.005960464","389999.985694885","560000.002384186","280000.001192093","509999.990463257","699999.988079071","790000.021457672","519999.980926514","1830000.04291534","119999.997317791","159999.996423721","50000.0007450581","70000.0002980232","59999.9986588955","19999.9995529652","","8294.00029033422","9018.00021529198","34816.00061059","38020.9982395172","37840.0012850761","51217.9993093014","54855.9986054897","35360.9994053841","",
"中国","CHN","来自DAC捐助国的双边援助净流量，法国（现价美元）","DC.DAC.FRAL.CD","","","","","","","","","","","","","","","","","","","","","","2710000.03814697","2279999.97138977","4699999.80926514","5969999.79019165","6300000.19073486","9909999.84741211","46939998.626709","133990005.493164","179899993.896484","88010002.1362305","138460006.713867","153389999.389648","102550003.051758","97660003.6621094","91169998.1689453","97190002.4414063","50110000.6103516","29760000.2288818","46169998.1689453","45990001.6784668","42799999.2370605","77190002.4414063","74290000.9155273","102800003.051758","125199996.948242","142800003.051758","132300003.051758","207509994.506836","364350006.103516","316690002.441406","290970001.220703","288130004.882813","148740005.493164","91790000.9155273","68556076.0498047","58798652.6489258","64453994.7509766","-32641899.1088867","67479072.5708008","-48598430.6335449","","","","",
"中国","CHN","来自DAC捐助国的双边援助净流量，丹麦（现价美元）","DC.DAC.DNKL.CD","","","","","","","","","","","","","","","","","","","","","19999.9995529652","59999.9986588955","8489999.77111816","5190000.05722046","2170000.07629395","8319999.69482422","19219999.3133545","23190000.5340576","19479999.5422363","10989999.7711182","10970000.2670288","6780000.20980835","14819999.6948242","3720000.02861023","-310000.002384186","10069999.6948242","20920000.0762939","13720000.2670288","-3849999.90463257","59999.9986588955","-1710000.03814697","10229999.5422363","6309999.94277954","-18520000.4577637","16159999.8474121","4760000.22888184","5480000.01907349","-2549999.95231628","349999.994039536","14729999.5422363","750000","12079999.9237061","5650184.1545105","-5716513.15689087","-9435278.89251709","418909.013271332","3276568.88961792","-9095190.04821777","2858067.98934937","685169.994831085","-1000252.96211243","414523.988962173","1133036.01741791","425494.998693466","",
"中国","CHN","来自DAC捐助国的双边援助净流量，欧盟机构（现价美元）","DC.DAC.CECL.CD","","","","","","","","","","","","","","","","","","","","","","7159999.84741211","","","","879999.995231628","7510000.22888184","6650000.09536743","45810001.373291","41240001.6784668","51500000","26770000.4577637","31290000.9155273","19510000.2288818","14100000.3814697","32650001.5258789","34779998.7792969","15470000.2670288","21729999.5422363","39590000.1525879","27440000.5340576","23639999.3896484","31139999.3896484","55380001.0681152","49470001.2207031","66870002.746582","42069999.6948242","56000000","59619998.9318848","42889999.3896484","42590000.1525879","176630004.882813","165639999.389648","79724510.1928711","61981044.7692871","91350524.9023438","113660156.25","83875717.1630859","180935729.980469","77589218.1396484","160567062.37793","73446609.4970703","96112106.3232422","120091705.322266","",
"中国","CHN","来自发展援助委员会（DAC）捐助国的净双边援助流动，澳大利亚（现价美元）","DC.DAC.AUSL.CD","","","","","","","","","","","","","","","","","","","","9999.99977648258","79999.9982118607","1399999.97615814","3140000.10490417","6449999.80926514","10829999.9237061","17290000.9155273","14350000.3814697","14270000.4577637","20610000.6103516","24629999.1607666","31479999.5422363","40310001.373291","38319999.6948242","46430000.3051758","75610000.6103516","55220001.2207031","22870000.8392334","35970001.2207031","25149999.6185303","27110000.6103516","29430000.3051758","27860000.6103516","26409999.8474121","31829999.9237061","37540000.9155273","34750000","34549999.2370605","46810001.373291","32110000.6103516","29530000.6866455","32270000.4577637","34560001.373291","32659999.8474121","10689999.5803833","11960000.038147","7501285.07614136","3787266.96968079","7614890.09857178","4342298.98452759","362475.007772446","459876.000881195","213620.007038116","260226.011276245","193436.995148659","",
"中国","CHN","国内上市公司，总数","CM.MKT.LDOM.NO","","","","","","","","","","","","","","","","","","","","","","","","","","","","","","","","","","","","323","524","799","909","947","1086","1154","1223","1285","1373","1377","1421","1530","1604","1700","2063","2342","2494","2489","2613","2827","3052","3485","3584","12730","12341","11629","11497","11348","11231",
"中国","CHN","Control of Corruption: Standard Error","CC.STD.ERR","","","","","","","","","","","","","","","","","","","","","","","","","","","","","","","","","","","","","0.188621625304222","","0.172851055860519","","0.166502684354782","","0.15871924161911","0.154182001948357","0.14701084792614","0.142573788762093","0.139041870832443","0.147818326950073","0.140959486365318","0.137772098183632","0.137335002422333","0.141881883144379","0.132468059659004","0.131304398179054","0.128119170665741","0.127344578504562","0.13357400894165","0.122754022479057","0.128402382135391","0.138740569353104","0.140711337327957","0.154406443238258","0.153896272182465","0.161518335342407","",
"中国","CHN","Control of Corruption: Number of Sources","CC.NO.SRC","","","","","","","","","","","","","","","","","","","","","","","","","","","","","","","","","","","","","7","","7","","7","","7","8","10","10","11","12","12","12","13","14","14","13","11","11","12","12","12","11","10","10","10","9","",
"中国","CHN","私人转移，接收（国际收支平衡，现价美元）","BX.TRF.PWKR.CD","","","","","","","","","","","","","","","","","","","","","","","541000000","446000000","317000000","180000000","208000000","166000000","129000000","76000000","124000000","207000000","228000000","108000000","395000000","350000000","1672000000","4423000000","247000000","384000000","556211000","912000000","1679318427.8313","3342737377","4626861352.4576","","","","","","","","","","","","","6977480835.8","6196417436.29","4036530449.73","4161951876.58","5361455676.12","5669106872.5","6891387489.54","6425401340.51",
"中国","CHN","外国直接投资净流入（BoP，现价美元）","BX.KLT.DINV.CD.WD","","","","","","","","","","","","","","","","","","","","80000","57000000","265000000","430000000","636000000","1258000000","1659000000","1875000000","2314000000","3194000000","3393000000","3487000000","4366000000","11156000000","27515000000","33787000000","35849200000","40180000000","45439000000","45644000000","41014000000","42095300000","47053000000","53073618897.4036","57900937467.3864","68117272181.2194","104108693867.085","124082035618.505","156249335203.201","171534650311.568","131057052869.5","243703434558.177","280072219149.934","241213868161.42","290928431467.003","268097181064.335","242489331627.398","174749584584.05","166083755721.648","235365050036.341","187169822364.755","253095616058.58","344074977062.48","190203789092.51","51338076801.59","18556141172.84",
"中国","CHN","知识产权使用费，接收（国际收支平衡，现价美元）","BX.GSR.ROYL.CD","","","","","","","","","","","","","","","","","","","","","","","","","","","","","","","","","","","","","","55000000","63000000","75000000","80348000","110000000","132822320.4866","106978898.2646","236359258.2114","157401785.777","204503785.234954","342634074.968636","570536223.222954","429452520","830483814","743301698","1044102041","886670295","676381923.65","1084600061.07","1161195654.71","4803034260.13","5561288668.09","6604705952.4","8582874881.79","11755764584.29","13306961003.81","10912589834.43","10125387624.3",
"中国","CHN","货物和服务出口（BoP，现价美元）","BX.GSR.GNFS.CD","","","","","","","","","","","","","","","","","","","","","","","23637000000","23186000000","26716000000","28163000000","29583000000","39171000000","45912000000","47823000000","57374000000","65898000000","78817000000","86852000000","119181000000","147239990000","171678000000","140533000000","141364000000","149884000000","190039384000","208572000000","247626456545.448","445976206260.613","604774713079.717","773339005396.985","991731387760.491","1258056795940.68","1497868782939.58","1262664161019.71","1656411658782.57","2008852448487.46","2175092012376.37","2355594737798.1","2462902030661.11","2360152452309.1","2197922469129.55","2429277356205.38","2651009602168.9","2630999236934.95","2738897986700.98","3555231478040.17","3719319844279.64","3507842881634.18","3792950717268.08",
"中国","CHN","信息和通信技术 (ICT) 服务出口（BoP，现价美元）","BX.GSR.CCIS.CD","","","","","","","","","","","","","","","","","","","","","","","27000000","22000000","32000000","13000000","15000000","12000000","24000000","118000000","159000000","221000000","349000000","471000000","706000000","755730000","315000000","356000000","953000000","855000000","1701397000","732000000","1188274443.8685","1740585697.1592","2188203137.72017","2325415190.2004","3695581718.35135","5519303661.73875","7821725693.62919","7709972564","10476412987","13908433591","16246869227","17098439900","20172914775.51","24548939490.86","25432487660.12","26860401824.33","30023209195.34","34947506467.31","38983783526.85","50717900561.08","55893716412.98","57967257522.42","65033312106.02",
"中国","CHN","净再分配收入（国际收支平衡，现价美元）","BN.TRF.CURR.CD","","","","","","","","","","","","","","","","","","","","","","","486000000","511000000","442000000","243000000","379000000","224000000","419000000","381000000","274000000","831000000","1155000000","1172000000","335000000","1434640000","2129000000","5144000000","4279000000","4944000000","6311309000","8492000000","12984445070.0006","17448942294.0569","22898188613.2129","23865499351.8132","28067501499.7033","37102286297.0852","43155952494.5472","31658747085.1681","40685856980.804","24510589588.4849","3433702055.13095","-8733482704.46467","1446116617.4551","-12649328440.8473","-9520262264.0852","-11856259185.7361","-2409685381.64346","10250035688.0843","8455463682.75","15867590353.25","20135313845.2","11497461300.07","14990125928.27",
"中国","CHN","净错误与遗漏（国际收支平衡，现价美元）","BN.KAC.EOMS.CD","","","","","","","","","","","","","","","","","","","","","","","279000000","-366000000","-932000000","93000000","-185000000","-1449000000","-1095000000","-20000000","-3125000000","-6803000000","-8273000000","-10098000000","-9026000000","-17810700000","-15558000000","-22276000000","-18771000000","-17814000000","-11927918000","-4908000000","7743875557.37776","8223722027.8338","12966858292.3681","22921355459.9969","3628056084.26014","13289990161.4663","18844373414.0768","-41382828155.9967","-52935988449.153","-13765747720.2481","-87074363333.9949","-62924787168.4688","-66872672338.2284","-201815500279.275","-218586969798.61","-206605735263.437","-177357615754.534","-129180943532.083","-158762868777.63","-134465644952.935","-89306090458.12","-18934806720.3999","10099379559.3",
"中国","CHN","Net financial account (BoP, current US$)","BN.FIN.TOTL.CD","","","","","","","","","","","","","","","","","","","","","","","5953000000","3874000000","1098000000","-11324000000","-7219000000","-1149000000","-4897000000","-4337000000","8872000000","6469000000","-1872000000","-21707000000","-2118000000","-16192310000","-8315000000","14687000000","12701000000","3301000000","8590464000","12493000000","43165873537.0249","51227222380.0099","81838473672.5211","159401641680.103","239491211814.405","369571742338.944","442464337234.813","205813040161.181","189504852699.049","127777301831.891","132589661109.796","88331174649.8886","169141157551.48","91522910322.5514","-27594341283.8161","-18021105215.7158","-153795314236.655","-26598365002.5655","89997010161.77","218513801413.854","353757687667.6","244150657759.71","433909503554.49",
"中国","CHN","再分配收入，其它行业，支付（国际收支平衡，现价美元）","BM.TRF.PRVT.CD","","","","","","","","","","","","","","","","","","","","","","","13000000","10000000","12000000","9000000","11000000","11000000","12000000","9000000","11000000","40000000","17000000","18000000","259000000","360000000","161000000","333000000","290000000","331000000","455685000","428000000","650786230.1243","927798513.108","1241554263.5192","","","","","","","","","","","","","40024026000.7961","30166507873.8634","15657363519.3556","27563105493.03","32926659858.85","24370193487.95","22326196451.63","22949387164.07",
"中国","CHN","交通服务（占国际收支统计口径的服务进口比例）","BM.GSR.TRAN.ZS","","","","","","","","","","","","","","","","","","","","","","","61.6106719367589","67.8535606820461","46.2373118655933","60.3803486529319","66.7838312829525","66.0764587525151","63.1695809048016","70.383631713555","74.5634191176471","60.8590148022325","45.8448166207335","45.5217680292456","46.7574697834223","37.7678229476323","45.6586229798539","35.1686823679185","24.8603146596089","24.6021116890398","28.6641911211502","28.7021314342195","29.1084355290002","32.8243857510294","33.6766628258135","33.8852196111409","34.0833464563597","33.2557945928312","31.6635161474219","29.306574105432","32.7074580066723","32.4577976222451","30.5230907360774","28.5304343595417","22.2133394002238","19.5859451971861","18.2494100374359","19.760678615297","20.7721498290929","20.8016856069558","24.823521379316","33.2841734640493","36.6276929947384","29.7544984161855","27.4914251996762",
"中国","CHN","货物进口（BoP，现价美元）","BM.GSR.MRCH.CD","","","","","","","","","","","","","","","","","","","","","","","16876000000","18717000000","23891000000","38231000000","34896000000","36395000000","46369000000","48840000000","42354000000","50176000000","64385000000","86313000000","95271000000","110059580000","131542000000","69431000000","70323000000","87136000000","124897211000","141031000000","163480624559.982","354608469126.515","480719715647.781","564741526453.618","681974284756.534","819890833109.47","990087588240.065","883613955794.43","1239986291933.41","1579104690854.72","1661946659669.31","1789607637369.56","1808719657195.09","1566562344086.58","1500635639562.88","1740272384900.77","2037369286973.76","1993646753421.34","1998911642462.17","2653132321663.28","2681775482099.74","2585093890552.85","2641014638228.82",
"中国","CHN","通信、计算机等（占服务进口额的百分比，BoP）","BM.GSR.CMCP.ZS","","","","","","","","","","","","","","","","","","","","","","","30.7312252964427","23.9719157472417","44.277213860693","24.445324881141","16.0808435852373","12.635814889336","13.3499861226755","13.8618925831202","12.4770220588235","21.5481679204077","24.623701505194","28.2319707544035","23.0811706239647","30.6696872118185","33.5001106929378","31.2362967678054","34.2412880458756","35.0577755629613","28.0958047529713","28.9809159338014","30.8306576280134","31.1986067119926","30.6498276914093","31.4382664776987","32.155367679088","35.231780949891","37.2160842607045","35.6737562623058","30.0529486575871","29.9904945045242","25.2173113716439","24.7796651581404","18.9398336430171","20.4512682191974","21.7215375769609","22.8329196880903","23.8944449650265","26.1739520551543","36.5131613451916","36.493950669311","33.4596906171699","30.3477041806717","27.292380538106",
"中国","CHN","畜牧业生产指数（2014-2016 = 100）","AG.PRD.LVSK.XD","","3.31","3.71","4.97","5.98","6.66","7.14","7.46","7.44","7.4","7.43","8.31","9.05","9.22","9.32","9.64","9.63","9.76","10.53","12.32","13.74","14.35","15.34","15.99","17.8","20.2","21.39","23.46","26.23","27.77","30.03","33.75","37.06","41.56","47.28","54.54","53.5","58.36","63.25","66.8","68.08","69.41","71.34","74.54","77.28","81.31","83.26","82.84","87.11","90.25","92.48","92.85","96.45","97.34","99.17","100.66","100.17","99.99","100.57","97.14","98.44","108.08","109.5","","",
"中国","CHN","Urban land area (sq. km)","AG.LND.TOTL.UR.K2","","","","","","","","","","","","","","","","","","","","","","","","","","","","","","","362455.80240613","","","","","","","","","","436715.38991649","","","","","","","","","","","","","","","522345.1853048","","","","","","","","","",
"中国","CHN","农业灌溉用地（占农业用地总量的百分比）","AG.LND.IRIG.AG.ZS","","","","","","","","","","","","","","","","","","","","","","","","","","","","","","","","","","","","","","","","","","","","","","","","","","","","","","","","","","","","","","","","","",
"中国","CHN","Urban land area where elevation is below 5 meters (% of total land area)","AG.LND.EL5M.UR.ZS","","","","","","","","","","","","","","","","","","","","","","","","","","","","","","","0.233438785176161","","","","","","","","","","0.292164228480093","","","","","","","","","","","","","","","0.3567981485348","","","","","","","","","",
"中国","CHN","永久性作物用地（占土地的百分比）","AG.LND.CROP.ZS","","0.186403216786941","0.191729022980854","0.197054829174766","0.202380635368679","0.207706441562592","0.213032247756504","0.221553537666764","0.230074827577024","0.238596117487285","0.247117407397545","0.255638697307805","0.264159987218065","0.272681277128325","0.281202567038585","0.289723856948846","0.298245146859106","0.306766436769366","0.315287726679626","0.324661145580912","0.333395467738929","0.341916757649189","0.351503208798232","0.372806433573882","0.404761270737358","0.521929007003435","0.639096743269512","0.745612867147764","0.77756770431124","0.798870929086891","0.798870929086891","0.798870929086891","0.830825766250366","0.926690277740793","0.990599952067744","1.10989919303299","1.13972495347898","1.17167985871671","1.17167985871671","1.17167985871671","1.17168110674867","1.17168183060842","1.19298526369214","1.23559194605806","1.27819859211751","1.31547948247184","1.34210867897585","1.41134453436005","1.44862533338088","1.49123192906508","1.54449021224598","1.61905180869923","1.6829617485163","1.70426506178866","1.7063953931159","1.70426506178866","1.77531180065209","1.88885847248837","1.93093252068286","2.01520843696509","2.01991646969976","1.98280609402644","2.02582813976253","2.04010136117535","",
"中国","CHN","耕地（公顷数）","AG.LND.ARBL.HA","","102600000","102300000","102100000","101900000","101650000","101200000","100720000","100240000","99760000","99280000","98850000","98390000","97920000","98460000","96990000","96803333.3","96616666.7","96430000","96299500","96175000","96790000","101700000","107300000","114000000","120100000","120500000","120200000","120900000","122200000","123800000","124875000","122900000","121300000","120700000","119580000","119339000","119039250","119039500","119039750","119040000","119633844.4","120027688.9","120221533.3","120415377.8","120659222.2","121003066.7","120946911.1","121190755.6","121384600","120132300","118680000","117327700","116375400","115603100","114870800","113452000","111634000","110486000","108942800","108804600","108965000","108561100","108427100","",
"中国","CHN","化肥消费量（占化肥产量的百分比）","AG.CON.FERT.PT.ZS","","193.617021276596","175.150442477876","160.282776349614","141.399662731872","136.406495547407","142.70913277053","146.496469310158","200.595238095238","174.748490945674","167.248576850095","141.857719788754","132.639029322548","132.561201398889","124.652358596021","123.075264954194","115.926327193933","120.922812127631","120.243564904511","119.125802485999","121.004829240578","118.638427810836","122.618931875463","129.625661752941","131.860215972501","125.165702033336","121.198043838722","132.947554086679","142.468394312946","138.505343428291","142.365653138458","147.998762481225","140.707989290928","126.081538824897","134.747265483602","140.359306759892","132.866724381081","132.905267912982","125.913691312904","123.601402758388","119.973871975485","118.125187360952","125.729830370244","112.272778846856","109.754323350506","114.500635142391","109.31975572306","100.601693742969","98.189966409618","95.5971750224014","93.0317128090958","93.5082927275779","93.9837875222433","92.6934693282787","87.4530851929927","82.1844570847329","92.2536785382437","92.1398447888383","93.9561170696425","89.3978012725941","88.5655956927785","84.5183399825642","88.9596042512191","92.0312777126008","",
"中国","CHN","Internally displaced persons, new displacement associated with disasters (number of cases)","VC.IDP.NWDS","","","","","","","","","","","","","","","","","","","","","","","","","","","","","","","","","","","","","","","","","","","","","","","","","18660000","4031000","15920000","4490000","5731000","5924000","3612000","3602000","7434000","4463000","4033000","4034000","5074000","6037000","3632000","4702000","",
"中国","CHN","Voice and Accountability: Percentile Rank, Upper Bound of 90% Confidence Interval","VA.PER.RNK.UPPER","","","","","","","","","","","","","","","","","","","","","","","","","","","","","","","","","","","","","16.5","","15.4228858947754","","17.412935256958","","10.945273399353","11.9402980804443","14.9038457870483","11.057692527771","6.73076915740967","7.692307472229","7.692307472229","7.5829381942749","7.5829381942749","8.45070457458496","7.51173686981201","8.45070457458496","8.3743839263916","8.86699485778809","11.822660446167","12.8078813552856","13.1067962646484","10.1449279785156","9.17874431610107","10.6280193328857","10.6280193328857","12.2549018859863","",
"中国","CHN","Voice and Accountability: Estimate","VA.EST","","","","","","","","","","","","","","","","","","","","","","","","","","","","","","","","","","","","","-1.36154520511627","","-1.43743777275085","","-1.38408052921295","","-1.59419310092926","-1.51242911815643","-1.4624639749527","-1.50078511238098","-1.74897027015686","-1.72125017642975","-1.69949722290039","-1.7011684179306","-1.68054747581482","-1.63760912418365","-1.63794147968292","-1.63152050971985","-1.61678075790405","-1.66078317165375","-1.5593478679657","-1.50353038311005","-1.45938873291016","-1.62690627574921","-1.65635871887207","-1.64127457141876","-1.60137104988098","-1.50455415248871","",
"中国","CHN","高科技出口（现价美元）","TX.VAL.TECH.CD","","","","","","","","","","","","","","","","","","","","","","","","","","","","","","","","","","","","","","","","","","","","","","","","343558973511","391875971833","359685956947","474737980237","540460754934","594110243099","656130321776","654030643704","652412308349","594754428555","654254700212","731389331452","715336038300","757483821706","936394581135","924393316669","825045389470","856764726389",
"中国","CHN","向地区内的发展中经济体的商品出口（占商品出口总额的百分比）","TX.VAL.MRCH.WR.ZS","","4.50064294899271","","","","","","","","","","","","","","","","","6.98530770083375","7.11158805593882","7.09784717730759","5.23959582619167","4.55156684326816","4.17972194600274","4.2972793294679","4.01703274869293","3.33154695057636","3.67639567369307","4.10461355275551","3.94459404748102","4.27989506052441","4.31334134304936","3.9668988293432","4.18099420038983","4.24487068962895","5.0937557907417","4.76015199050489","4.92054451615884","4.12598735048581","4.21717923548022","4.89017625061907","5.06602861818928","5.30239709268645","5.22931974795088","5.27574640289756","5.28462496751282","5.15904116196482","5.4958770648748","5.96555960030393","6.65259707174218","6.98178894880574","7.42402464569937","8.297125322993","9.23878943603396","9.75208551803687","10.1317094223686","10.4615165801379","10.7578146980658","11.1093974082479","12.5331111027915","12.8606279922352","12.9419543849424","13.8263771194166","13.6874384523061","",
"中国","CHN","向南亚地区的发展中经济体的商品出口（占商品出口总额的百分比）","TX.VAL.MRCH.R5.ZS","","2.80754393484784","","","","","","","","","","","","","","","","","1.76110543233291","1.84645783296711","1.23564014906526","2.12380614806435","2.15818108384215","1.89403178296028","1.8867130630896","1.71963752814767","1.92826933645552","1.63523462761479","1.53748067319483","1.70586565162197","1.63842313311178","1.6121031144238","1.29053016769185","1.53943780084798","1.46946820882486","1.70028376846838","1.4910698938613","1.4568459806218","1.40751148960085","1.50271007171158","1.52849027265445","1.55461270984821","1.67415570957975","1.64229988791423","1.89199052428098","2.09542827311034","2.41623574128371","2.88712562671418","3.09863236055992","3.48831466772867","3.65610694929764","3.76074208971172","3.44637731490507","3.40877395336145","3.6677707235562","4.14456089403725","4.59016495011499","4.72218785230601","4.72698833760243","4.60174485232009","3.9670443569551","4.5754602268438","4.86101850530838","4.88571517275546","",
"中国","CHN","向东亚和太平洋地区发展中经济体的商品出口（占商品出口总额的百分比）","TX.VAL.MRCH.R1.ZS","","4.50064294899271","","","","","","","","","","","","","","","","","6.98530770083375","7.11158805593882","7.09784717730759","5.23959582619167","4.55156684326816","4.17972194600274","4.2972793294679","4.01703274869293","3.33154695057636","3.67639567369307","4.10461355275551","3.94459404748102","4.27989506052441","4.31334134304936","3.9668988293432","4.18099420038983","4.24487068962895","5.0937557907417","4.76015199050489","4.92054451615884","4.12598735048581","4.21717923548022","4.89017625061907","5.06602861818928","5.30239709268645","5.22931974795088","5.27574640289756","5.28462496751282","5.15904116196482","5.4958770648748","5.96555960030393","6.65259707174218","6.98178894880574","7.42402464569937","8.297125322993","9.23878943603396","9.75208551803687","10.1317094223686","10.4615165801379","10.7578146980658","11.1093974082479","12.5331111027915","12.8606279922352","12.9419543849424","13.8263771194166","13.6874384523061","",
"中国","CHN","对阿拉伯世界发展中的经济体的商品出口（占商品出口总额百分比）","TX.VAL.MRCH.AL.ZS","","7.41534504929276","","","","","","","","","","","","","","","","","3.67861673173315","3.93138807978606","4.42268009485971","8.73994299614957","12.6326293031765","12.0269611062121","10.0697629406468","6.92023593395719","7.40893714777254","7.36512464675822","4.70196733547779","2.89495409791802","2.37347705446597","2.227680435159","2.21000897593913","2.50283936717565","2.33670868021129","2.20744148310511","2.10258293653512","2.10585227280833","2.42221954185492","2.55322736803006","2.56552064947756","2.71069797812594","2.95772524383964","2.98221370002532","2.9720640558216","3.10026990504","3.28345459688768","3.74613988192297","4.38229396485323","4.66258843685686","4.12264533548533","4.11097256308916","4.46099040582283","4.58666179213064","4.863809720424","5.063499384353","4.88671345195123","4.34941762946616","4.23944415253503","4.82726921994656","4.73733179590427","4.38276520648703","4.81602795357849","5.37617052994344","",
"中国","CHN","信息和通信技术 (ICT) 产品出口（占产品出口总量的百分比）","TX.VAL.ICTG.ZS.UN","","","","","","","","","","","","","","","","","","","","","","","","","","","","","","","","","","","","","","","","","17.71","20","24.03","27.69","29.96","30.72","30.72","29.34","27.71","29.65","29.12","26.76","27.06","27.42","25.94","26.56","26.5","27.07","27.37","26.48","27.1","25.5","22.64","","",
"中国","CHN","出口单位价值指数（2015年 = 100）","TX.UVI.MRCH.XD.WD","","","","","","","","","","","","","","","","","","","","","74.9","74.9","70.4","64.5","63","64.5","59.3","63.7","65.2","69.7","71.9","72.6","74.1","71.9","74.1","77.8","79.3","80.1","77.1","74.9","74.1","72.2","69.8","71.3","77.8","79.9","83.3","87.5","94.5","88.7","90.9","100.5","102.8","102.1","102.4","100","91","91.7","96.7","95.4","96.1","104.9","114.5","106","99",
"中国","CHN","旅行服务（占商业服务进口比例）","TM.VAL.TRVL.ZS.WT","","","","","","","","","","","","","","","","","","","","","","","3.53887399463807","2.8804347826087","5.69476082004556","13.8876603272888","15.2098765432099","16.5738758029979","19.0318701142514","12.0067170445004","11.4271821055191","12.9794259588519","27.2835885739112","24.1892242497622","19.2383245675179","14.9693053797077","20.0008940945058","28.9994649545211","34.0938553279751","34.5053199936478","36.3301830386081","35.4622405792667","33.2467190808833","27.5668441732923","27.2805860326238","26.1063378526647","24.2412717730871","23.0411373517883","22.8800377867828","27.6452882342358","28.54556904273","29.4129441468016","36.3863828398526","39.0312911827538","52.7655888975031","57.6771144907378","57.0556701347339","55.0380089439261","53.1909013317642","50.738700866788","34.6825844149732","25.0148563114314","25.1607494951154","36.3677686093965","41.0937807853806",
"中国","CHN","进口价值指数（2015年 = 100）","TM.VAL.MRCH.XD.WD","","","","","","","","","","","","","","","","","","","","","1.1869196346","1.3103476582","1.1478562157","1.2731472364","1.6314616999","2.514867556","2.5536750366","2.5722454873","3.2895886606","3.5200527139","3.1751304035","3.7968833731","4.7964735877","6.1877098437","6.8814233092","7.8638767392","8.2725537431","8.4658179556","8.3536461204","9.8708833109","13.3977467989","14.5009484603","17.5741828524","24.5753962638","33.4151203297","39.3","47.1","56.9","67.4","59.9","83.1","103.8","108.3","116.1","116.7","100","94.5","109.8","127.2","123.7","123","159.5","161.1","152.2","",
"中国","CHN","从撒哈拉以南非洲地区发展中经济体的商品进口（占商品进口总额的百分比）","TM.VAL.MRCH.R6.ZS","","2.62957896336829","","","","","","","","","","","","","","","","","1.15144192887535","1.11979552787839","0.911462633334434","0.836317284863581","1.1021428047673","1.21046662183457","1.035367114788","0.57878564124425","0.460022787350757","0.245090728312205","0.320062111063137","0.565165018127489","0.578812000324296","0.500771813241507","0.429865885124194","0.650380470957904","0.660072687353298","0.974748692819124","1.00084492224745","1.66756046564832","0.941613454408057","1.34783394945889","2.44828607311135","1.85860166138604","1.79938804749069","2.03492429140363","2.78340654175854","3.18620592060063","3.66165422562327","3.77495910099485","4.9531176626886","4.12520271271423","4.44110941407681","5.4154341633456","6.18654540322448","6.22747190860803","6.22127743338605","3.57674128537988","3.75326791474582","4.1068535770945","4.5340975022669","4.50157572284978","3.58300609683926","3.8693256081614","4.29130460696458","4.24305347321671","",
"中国","CHN","从欧洲和中亚地区的发展中经济体的商品进口（占商品进口总额的百分比）","TM.VAL.MRCH.R2.ZS","","","","","","","","","","","","","","","","","","","0.0493775279718443","","","0.215039115712451","0.259460435103869","0.165109253144102","0.166287487073423","0.115960121897686","0.331498104826844","0.345264727815063","0.437708703867285","0.421164444858991","0.131042375804576","0.0850276145580977","0.589907626109267","1.37933421438978","1.40884890697546","0.963872014268014","0.879917026469533","0.761360468954559","0.53906450774505","0.685682432642281","0.836266032619449","0.815837473935761","0.899133034398015","1.01951483002366","0.897881952552949","0.916835675174384","0.852545800869825","1.1135763539525","1.16848862669526","1.26430927078071","1.56078884931808","1.78639547266802","1.92748452136944","2.04951304838448","1.66486061218931","1.61580074038936","1.29680493877112","1.33841749419717","1.37802440767196","1.62304368944052","1.67139478999678","1.56684390543868","1.61232537695493","1.73682223569654","",
"中国","CHN","商品进口（现价美元）","TM.VAL.MRCH.CD.WT","2648000000","1747000000","1373000000","1450000000","1710000000","2246000000","2482000000","2169000000","2068000000","1917000000","2279000000","2129000000","2851000000","5208000000","7791000000","7926000000","6660000000","7148000000","11131000000","15621000000","19941000000","22014000000","19285000000","21390000000","27410000000","42252000000","42904000000","43216000000","55268000000","59142000000","53345000000","63791000000","80585000000","103959000000","115615000000","132084000000","138833000000","142370000000","140237000000","165699000000","225094000000","243553000000","295170000000","412760000000","561229000000","659953000000","791461000000","956116000000","1132567000000","1005923000000","1396247000000","1743484000000","1818405000000","1949990000000","1959233000000","1679566000000","1587925000000","1843792000000","2135748000000","2078386000000","2065964000000","2679412000000","2706507000000","2556941000000","2584912000000",
"中国","CHN","保险与金融服务（占商业服务进口的百分比）","TM.VAL.INSF.ZS.WT","","","","","","","","","","","","","","","","","","","","","","","4.77211796246649","5.97826086956522","4.59377372817008","3.05174701459531","4.04938271604938","6.0813704496788","6.40408899579074","5.23369717324377","2.28543642110382","5.43561087122174","2.97599652438362","3.13067543025167","11.9130600088714","17.346814096103","1.04162009924449","4.88674870697343","7.11507833623468","6.63172939494998","7.11677027312977","7.10825557085309","7.20204394130951","8.70668916151297","8.65473711488267","8.82930422616343","9.69040862324771","8.68009663058313","8.42155145849407","7.56042333473431","8.91627160940645","8.30078133348791","8.03748443873967","7.82710015018817","6.35809833306282","2.64084479378624","3.4095306502248","2.7917135138256","2.61722984193748","2.67460897368332","4.34475532161824","5.43578214567701","4.99032359601046","3.71829594931952","2.96727722957806",
"中国","CHN","农业原材料进口（占商品进口的百分比）","TM.VAL.AGRI.ZS.UN","","","","","","","","","","","","","","","","","","","","","","","","","7.72219217980669","5.80953962488292","5.00369331626264","6.52618016822555","","","","","4.88028636192138","3.11877520379739","4.40669992849761","5.19581538916102","5.12059538548004","5.23300210715373","4.22496363325182","4.30121214034183","4.80793199950174","4.57393905329155","4.25645256269624","3.99418660135623","4.04212086916003","3.90143631378837","3.99417199121639","3.78012177829529","3.58024044970668","3.40875565285016","3.77456784055352","4.27006208865219","3.94586433936926","3.72488748620029","3.57063706475021","3.70433780393016","3.77933740452549","3.93864460130808","3.57649129585483","3.15651525304253","2.8780222390457","2.65129154127115","2.68876958657828","2.62287621856784","2.65554162830592",
"中国","CHN","初级产品最惠国简单平均税率（%）","TM.TAX.TCOM.SM.FN.ZS","","","","","","","","","","","","","","","","","","","","","","","","","","","","","","","","","36.02","33.32","31.8","","26.14","18.43","18.36","18.16","18.87","17.81","13.66","12.53","11.69","10.72","11.1","11.2","10.96","10.96","11","10.95","","","10.41","10.44","10.76","10.82","10.82","9.24","9.25","9.26","9.29","","",
"中国","CHN","所有产品最惠国加权平均税率（%）","TM.TAX.MRCH.WM.FN.ZS","","","","","","","","","","","","","","","","","","","","","","","","","","","","","","","","","32.17","30.29","27.93","","19.76","15.82","15.5","14.46","14.67","14.11","7.72","6.48","5.96","4.9","4.4","5.48","4.87","3.97","5.3","6.97","","","5.6","5.58","4.29","4.89","4.27","3.29","3.31","3.08","2.86","","",
"中国","CHN","约束税率，简单均值，所有产品（百分比）","TM.TAX.MRCH.BR.ZS","","","","","","","","","","","","","","","","","","","","","","","","","","","","","","","","","","","","","","","","","","10.02","10","10","10","10","10","9.94","9.94","9.94","9.94","9.94","","","9.98","9.98","9.98","10.01","10.01","10.01","10.01","10.01","","","",
"中国","CHN","工业产品最惠国简单平均税率（%）","TM.TAX.MANF.SM.FN.ZS","","","","","","","","","","","","","","","","","","","","","","","","","","","","","","","","","43.88","40.77","36.59","","22.98","17.27","18.29","16.84","16.47","15.35","12.98","11.04","10.18","9.55","9.52","9.66","9.33","9.22","9.37","9.46","","","9.44","11.28","11.01","11.1","9.54","6.83","6.97","6.88","6.8","","",
"中国","CHN","进口物量指数（2015年 = 100）","TM.QTY.MRCH.XD.WD","","","","","","","","","","","","","","","","","","","","","1.9736996857","2.2308247785","2.0265656658","2.0927511443","2.6512606098","3.8260044753","3.8850443994","4.0423064124","4.8498473668","5.4716656152","4.7796508221","5.5977530095","7.0714509303","9.2175800168","10.0417731807","10.9183668423","11.713223563","12.3538140116","12.7088551258","14.5526636787","19.1597560379","20.7581731318","24.5678926039","33.9478895718","41.3239766992","46.1","53.7","61.1","63.4","65.2","79.6","86.6","90.7","99.1","102.1","100","103.7","112.9","120.2","120.2","126.1","135.6","125.9","129.5","",
"中国","CHN","国际旅游，旅行项目支出（现价美元）","ST.INT.TVLX.CD","","","","","","","","","","","","","","","","","","","","","","","","","","","","","","","","","","","","3688000000","4474000000","8130000000","9205000000","10864000000","13114000000","13909000000","15398000000","15187000000","19149000000","21759000000","24322000000","29786000000","36157000000","43702000000","54880000000","72585000000","101977000000","128576000000","227344000000","249831000000","250112000000","257875000000","277265000000","254621000000","130504000000","","","","",
"中国","CHN","国际旅游，收入（占总出口的百分比）","ST.INT.RCPT.XP.ZS","","","","","","","","","","","","","","","","","","","","","","","","","","","","","","","","","","","","","","8.98436666121125","9.35811097592032","10.0117424141336","9.11284789262419","9.11244078783346","8.7801603686921","4.19461839833408","4.58931225127819","","","","","","","","","","","","","","","","","","","","",
"中国","CHN","未能满足的避孕需求 （占15-49岁已婚妇女数量的比例）","SP.UWT.TFRT","","","","","","","","","","","","","","","","","","","","","","","","","","","","","","","","","","","","","","2.7","","","","2.3","","","","","","","","","","","","","","","","","","","","","","","",
"中国","CHN","农村人口 （占总人口的百分比）","SP.RUR.TOTL.ZS","80.2543544769287","80.7057495117188","82.6750469207764","83.1637077331543","81.7000008662152","82.016321182251","82.1402721405029","82.2595844268799","82.3796062469482","82.5005283355713","82.6200103759766","82.7394428253174","82.8681869506836","82.7992057800293","82.8360424041748","82.6552696228027","82.5634613037109","82.448881149292","82.0847930908203","81.0389366149902","80.6088848114014","79.8435115814209","79.434497833252","78.3764362335205","76.9857311248779","76.2930908203125","75.4750843048096","74.6806945800781","74.1853275299072","73.7897510528564","73.8042984008789","73.0597534179688","72.5401306152344","72.0099239349365","71.4901962280273","70.9596195220947","69.5201358795166","68.0900459289551","66.6498336791992","65.2202949523926","63.5679765337701","62.3402557373047","60.9102172851562","59.4697685241699","58.2399864196777","57.0100021362305","55.6569900512695","54.1107559204102","53.0104942321777","51.6582946777344","50.7659729371959","48.1699714660645","46.8996887207031","45.5099983215332","44.2497444152832","42.6702156066895","41.1600761413574","39.7597312927246","38.4998016357422","37.2900848388672","36.4765769733742","35.278923034668","34.7823638916016","34.4698551964477","34.1053019001675",
"中国","CHN","出生登记完整性（百分比）","SP.REG.BRTH.ZS","","","","","","","","","","","","","","","","","","","","","","","","","","","","","","","","","","","","","","","","","","","","","","","","","","","","","","","","","","","","","","","","","",
"中国","CHN","Completeness of birth registration, female (%)","SP.REG.BRTH.FE.ZS","","","","","","","","","","","","","","","","","","","","","","","","","","","","","","","","","","","","","","","","","","","","","","","","","","","","","","","","","","","","","","","","","",
"中国","CHN","人口总数，女性","SP.POP.TOTL.FE.IN","326058670","323019123","325892138","334167831","342156294","350538771","360570214","370064789","379929372","390523904","401479690","412660567","422917720","432687020","441745460","449666686","456725398","463044005","469347624","475709203","481762852","488015436","495282890","502513011","509163454","516130781","523817327","532197548","540720813","548926345","556832160","564272852","571054002","577488483","583894568","590125717","596205685","602203186","607874860","613019865","617713943","622066985","626113148","629897770","633528006","637153944","640622204","643867508","647064821","650200886","653271088","656802304","661251570","665670016","669912632","673894521","677886142","682205710","685660839","688332681","690313465","691353011","691718700","691540464","691221827",
"中国","CHN","人口增长（年度百分比）","SP.POP.GROW","","-1.01552778731319","0.820455548748518","2.45764740395145","2.32068298706855","2.38136810251949","2.78733183821693","2.5706976197388","2.61090262648529","2.74000210569558","2.76167556645304","2.74691554961857","2.45735692952286","2.28339536396383","2.06595501335632","1.76639178162482","1.54733797287665","1.36277947570678","1.33818233834084","1.33392795351687","1.25422105193987","1.28095234429252","1.47267476016581","1.4449496950092","1.31206876113779","1.36169911825369","1.48739892914903","1.6036050865576","1.61007108578698","1.53316999599862","1.46730321087928","1.36443400840349","1.2255362283362","1.14961943083465","1.13026063215591","1.08650915088974","1.04814151412165","1.02345002419879","0.959550406298151","0.865851392993279","0.787956592953992","0.726380637838525","0.669999567758626","0.622860936133583","0.593932815112141","0.588124989556992","0.558374367373002","0.522271866392275","0.51238693163744","0.497381400884935","0.482959688678361","0.546457594880274","0.678345458846803","0.666072977690069","0.630326389541893","0.581456146657648","0.573050906069647","0.605245013482969","0.467672053461959","0.354740890170827","0.238040870229883","0.0892522000412526","-0.0130995013525784","-0.103794531589067","-0.123063407363995",
"中国","CHN","出生人口性别比（每1000名男性的女性）","SP.POP.BRTH.MF","1.061","1.061","1.062","1.062","1.062","1.062","1.062","1.063","1.063","1.063","1.064","1.064","1.064","1.064","1.065","1.066","1.067","1.068","1.069","1.07","1.071","1.073","1.075","1.078","1.081","1.086","1.091","1.097","1.104","1.111","1.118","1.125","1.132","1.139","1.146","1.152","1.157","1.162","1.166","1.169","1.172","1.174","1.176","1.177","1.178","1.178","1.178","1.177","1.175","1.174","1.171","1.168","1.164","1.16","1.155","1.15","1.145","1.133","1.139","1.139","1.112","1.104","1.106","1.108","",
"中国","CHN","Population ages 75-79, female (% of female population)","SP.POP.7579.FE.5Y","0.808407710764357","0.778728026816906","0.759053188474933","0.744617877357541","0.735865555492058","0.727037112730073","0.716386924845294","0.714150127789177","0.719567901823707","0.727320242909836","0.73840995905186","0.749465036517304","0.756631141076178","0.762077996896398","0.768401994140479","0.783730819296374","0.812306819394449","0.847776077373351","0.8881711798832","0.930035626552973","0.965522300891805","0.99151679047259","1.00679987935447","1.01958363101135","1.037934439558","1.05287723211571","1.05848313442171","1.06529300523005","1.08409213575041","1.11243666085227","1.14197000446393","1.17649448206103","1.21473613545661","1.2427598236496","1.26493404025093","1.29737105109396","1.33607716747764","1.3728445091856","1.41530525229855","1.46824050539774","1.51764556658343","1.55101827718722","1.58413155688183","1.62869550900975","1.66681155362376","1.70307101728811","1.74751715115246","1.79526023611296","1.85039444366443","1.9103120794584","1.96672449952845","2.01894786190245","2.05703608086734","2.07083584494639","2.0675113717731","2.06929596367011","2.09043056094814","2.11969718432587","2.1517757240963","2.20303818804527","2.27523687330835","2.36859089093474","2.49255150667548","2.65625915324933","2.85891510849841",
"中国","CHN","65岁和65岁以上的人口总数","SP.POP.65UP.TO","26455772","25634481","25457818","25624153","25747105","26069691","26711211","27477227","28354658","29315516","30341588","31449111","32530180","33672345","34944529","36212405","37382123","38553582","39957839","41562462","43128245","44633841","46172001","47691245","49236531","50941955","52744726","54538933","56429800","58533404","60677425","62748626","64965926","67483718","70143458","72930761","75793073","78737950","82004304","85367805","88605807","91745114","94770455","97655910","100280577","102858663","105587761","108232442","110679600","113132856","115864936","119158920","123085063","127548396","132606714","138723134","145590266","153317820","161544776","169793276","178436948","186512604","194624975","201958336","206629972",
"中国","CHN","65岁和65岁以上的人口总数，女性","SP.POP.65UP.FE.IN","15303794","14889921","14828569","14957890","15071007","15307122","15719989","16190047","16717897","17296519","17914894","18570453","19193976","19850949","20585940","21308711","21955502","22587061","23341534","24201070","25040422","25855841","26689468","27507882","28335259","29235771","30175974","31106981","32091062","33179993","34265376","35297875","36399816","37662188","39015238","40435116","41889664","43389428","45048737","46755003","48411622","50007120","51512266","52931890","54239449","55552814","56963063","58348040","59646286","60963102","62442512","64232738","66347000","68764418","71561625","74985982","78854392","83219915","87861604","92487638","97336695","101883426","106465255","110720269","113585198",
"中国","CHN","Population ages 60-64, female (% of female population)","SP.POP.6064.FE.5Y","2.66369427983638","2.68129658272732","2.71443274268387","2.73663137228766","2.7668132854693","2.78985389688142","2.7869371770458","2.76231596675497","2.724198869746","2.69235229274983","2.65659912566371","2.60575136315577","2.56681810004742","2.5554101607288","2.56498399265801","2.58762486358758","2.62439321459877","2.66499592033474","2.67976700203311","2.67335755998254","2.68142176349647","2.69913779536965","2.71056961388568","2.73611376136683","2.78397494122609","2.82320922864104","2.83248591153649","2.838411036679","2.86297886667258","2.8756102952386","2.8826524409125","2.91195010732779","2.95553334417374","3.01063931115204","3.07601274487388","3.13757077828021","3.19354666706572","3.2306837116133","3.22864184171315","3.1978438903529","3.17025888121402","3.16933869293038","3.18475017122451","3.20325889428433","3.24640836021991","3.31474524260721","3.40574012384797","3.53912262250276","3.73053960718168","3.96922191044182","4.27411107946049","4.60476602932617","4.96846799282442","5.32485052622654","5.61565675392529","5.84716506165961","5.97740749726367","6.04441926711615","6.0364371845161","5.84222942660811","5.50034179455088","5.15811108208361","5.0601623184789","5.46192464522755","6.14832210634432",
"中国","CHN","Population ages 50-54, female (% of female population)","SP.POP.5054.FE.5Y","4.13682263031502","4.0996420791254","4.03995825579525","3.96691458657393","3.91432259575776","3.88481275003943","3.87442444807931","3.87177363583761","3.82387237785349","3.7431046191525","3.68854893956919","3.65510385948613","3.62603051950656","3.62015524308525","3.64747215062297","3.67580098716933","3.67725314402507","3.68464463023248","3.71849537289447","3.73338748730165","3.74068777427904","3.7676834198826","3.79748792096364","3.83852465032805","3.89151353130924","3.93325002958503","3.9614613922878","3.95985363693907","3.90956372830518","3.82641830264559","3.74708094235704","3.70736644150309","3.6961550787055","3.69204019345148","3.71960932699841","3.7785891274294","3.86466348292628","4.00037416145141","4.20466775780898","4.46460000026952","4.79611530422691","5.15446601675585","5.55478482343612","5.94983452109543","6.27212070717006","6.5267176602971","6.66880302259849","6.74274592567138","6.72378969308785","6.4866826262661","6.07949121907039","5.66849702791165","5.51737974706308","5.89974354045245","6.58253067917211","7.29453923261256","8.0218546418919","8.40577801136024","8.39644744822257","8.41211573940905","8.52687592785633","8.64082476434345","8.75156211443047","8.73876453119065","8.5394755551023",
"中国","CHN","Population ages 40-44, female (% of female population)","SP.POP.4044.FE.5Y","5.17502005106354","5.20508506845635","5.18097874449568","5.11583320013454","5.08310100652814","5.05490945384658","4.98783345265867","4.93458998261656","4.90749184086098","4.84962749016506","4.78882683623623","4.76225090438727","4.75384066425195","4.76210468514825","4.78895135685178","4.8179866111412","4.84525385511564","4.8489251959459","4.79584312889851","4.69800820017446","4.60355655920544","4.54516120114028","4.5037165409109","4.46975586744454","4.4749767606899","4.51139611995465","4.57215933985107","4.68224502218701","4.86852030354593","5.11492146174542","5.43422958894845","5.78757276705217","6.196059849325","6.59907215699838","6.92374921071021","7.17833568085417","7.31323789456123","7.37617290000867","7.34273601009203","7.07860760988798","6.63068519032566","6.17923634078813","6.01482464229639","6.43102779208862","7.17441846452579","7.94768372471075","8.73638827294151","9.15388208290882","9.12886684190279","9.11296203014409","9.19248867761878","9.25955416247611","9.30990944164563","9.22036265912259","8.93567189639085","8.51698946057459","8.02550634932583","7.53252775784867","7.05410999212131","6.70134845363002","6.5372705604395","6.53079797966831","6.69658675813749","6.89157131217271","7.01381272263695",
"中国","CHN","Population ages 30-34, female (% of female population)","SP.POP.3034.FE.5Y","6.42569414074154","6.50716874355644","6.53215305727994","6.48182475226571","6.43213927916894","6.38835871630634","6.34301449019575","6.2785488693966","6.13043833861013","5.91642051387308","5.71822145811259","5.57698425555429","5.47516208932959","5.3877740984331","5.35346185317857","5.37525832637548","5.44297236646099","5.5847823622245","5.82321175415919","6.12985210414879","6.52195121892102","6.93733593863761","7.38815172312363","7.8247816917289","8.16663381505525","8.41247708698019","8.50344691647521","8.49481748259045","8.37323387707944","7.99459516386507","7.41631204157762","6.85789015866416","6.63781455890535","7.06054664140957","7.83980640515131","8.65169390470207","9.48184475135501","9.91218639846382","9.86979174920636","9.84454746229675","9.92299649828525","9.98832185120447","10.0445680128779","9.95316432707772","9.64887422362993","9.19649688471734","8.66365902766873","8.12842045269891","7.59822665858316","7.19430179495574","6.98736712708078","6.93977986921575","7.06494958789803","7.21366492382501","7.28180474962792","7.37926055954002","7.53061006447677","7.69847018386707","7.90679510290951","8.15527252232317","8.38381105445806","8.3791236451851","8.05283024052431","7.64401002817413","7.20450102686344",
"中国","CHN","Population ages 20-24, female (% of female population)","SP.POP.2024.FE.5Y","7.54188577648639","7.49458037485094","7.40148978733757","7.21742260042022","7.07520790419025","7.01263207019212","7.0162586900657","7.13059478347282","7.34820014665675","7.62288792779075","8.00030663742719","8.40757487611261","8.87374299281947","9.32207865703571","9.6615356968506","9.91961480618925","10.0264684575518","10.0427949948175","9.93287801143198","9.50921868525673","8.84255250873905","8.17573513966805","7.88009596940488","8.33940031583863","9.2150134615461","10.1055799491398","10.9866378695401","11.3750232093107","11.214543065746","11.0750495256804","11.0506062877165","11.0324645918476","11.0320766643817","10.8817506121161","10.5069094255196","9.98073665802791","9.37918779631479","8.78749104083424","8.2115392278487","7.77681678579128","7.55213286034719","7.49868651085251","7.63284017007437","7.79193933435286","7.86421191239141","7.96838318930451","8.12756914213793","8.29938374198177","8.50414170705359","8.74320327284977","8.95104952878645","8.89629182375944","8.49311983842608","8.00410109723858","7.48464487402904","6.88281650106156","6.40303456136845","6.11582824953473","5.88280115046494","5.68221505250517","5.54170066313958","5.44280853659893","5.35413851481345","5.29337651670444","5.25862790082611",
"中国","CHN","15-64岁的人口总数，男性","SP.POP.1564.MA.IN","191521196","191028499","192738876","195535063","198136020","202019706","207439641","213597511","220013260","226316523","233190474","240133072","247077847","253699417","258631212","262483089","266008337","271486551","280773020","290598095","299333733","307873746","316130984","325081496","334655686","343989811","353057467","361487505","369523423","376673439","382360365","387741122","393135394","398159767","403534425","409252019","415366127","422265440","428778874","434662800","440805428","447512011","455010074","462496080","469907291","477694653","484073652","488480796","492189284","495296860","497906891","500360801","502640881","504272441","505393911","506061884","506401569","506077240","505255727","504560800","503795065","503370826","502966153","502922178","504404744",
"中国","CHN","Population ages 15-19, female (% of female population)","SP.POP.1519.FE.5Y","7.96022868048809","8.13031914085274","8.31097134286644","8.50882710154634","8.78619489337368","9.20462128247719","9.6611994041276","10.1876644720189","10.6631409454209","10.9715250318272","11.1628726195733","11.1723719658266","11.0857944583852","10.8666255514547","10.3326646494183","9.57293852124347","8.84031584249386","8.53135696789712","9.04192530090036","9.99426415781795","10.9673040031519","11.9388857886581","12.3782578542049","12.2259532132441","12.1005080461179","12.0914877728697","12.0503598247794","11.9796768734764","11.736916840906","11.257124783933","10.6145025358778","9.91598260033187","9.25717116199185","8.62320696854573","8.14089616580157","7.8850218632853","7.81287547293944","7.9406583045271","8.09890008104305","8.16959230055785","8.27013467585805","8.4285403176133","8.60792036705321","8.82397155356234","9.07399990959556","9.28966958330381","9.23299864429884","8.81674244772783","8.30969260383369","7.77045020722048","7.14682409551433","6.64788193994617","6.3446106647881","6.09122947873959","5.86785885033507","5.70072141471314","5.56924139642357","5.44552057428943","5.35377932317555","5.29823408558609","5.25199428913293","5.23764031687087","5.28534668003529","5.37683206735127","5.49385736389667",
"中国","CHN","Population ages 5-9, female (% of female population)","SP.POP.0509.FE.5Y","14.6588033742485","14.8967448893969","14.8551409395859","14.436809831209","13.5785684799848","12.4510403124834","11.3630256613541","10.8406097617609","11.3395464718686","12.3590818141111","13.3858591659924","14.4055379017715","14.811902469097","14.521340648812","14.2786102964743","14.2216160298135","14.1693875385436","14.1181930396785","13.8733887475032","13.3349857441608","12.597091153875","11.7588591972187","10.9249625953287","10.1234120671879","9.51024098761392","9.15300537352631","8.99618154704434","9.05418542111947","9.14244190958711","9.13218285946289","9.1525864710132","9.25549447157998","9.40428315021145","9.59846098748937","9.83431927159128","10.0357963878667","9.94693825938512","9.48012363196366","8.92337765152978","8.33707481121532","7.66095592986161","7.12073190535851","6.79765380538593","6.53021864074685","6.29440365604705","6.11645886566489","5.97407441696863","5.84007718188575","5.73320875731801","5.65698172651483","5.58307347257951","5.53521272029387","5.54573129918553","5.59702499585631","5.67545529341194","5.75010569449938","5.80526793787801","5.88340314252849","5.95540800632672","5.99319073809464","6.00652430984672","6.02236780279951","6.02813083785309","5.92331064597525","5.7096922450058",
"中国","CHN","Population ages 0-14, male","SP.POP.0014.MA.IN","138338155","135537818","136509737","141965843","147386589","151863954","156398923","159600521","162930607","167165576","171218142","175432703","178698230","181732167","185614739","189341531","192524644","192957923","189428051","185336310","182050593","179217818","177733593","175532130","172104588","169213225","167346453","166917995","167047026","167696805","169580425","171315275","172214494","172970219","173277786","172981619","172074780","170257851","168325699","166439532","163931444","160533011","156018589","151282130","146598575","141565553","137699446","135652293","134367581","133592500","133104596","132945713","133559486","134513565","135508368","136166443","136766415","137834145","138160262","137545881","135891217","133006985","129330427","125009291","120303655",
"中国","CHN","Population ages 0-4, female (% of female population)","SP.POP.0004.FE.5Y","15.0143780099843","13.6771090324072","13.0635457121217","13.6482205046123","14.8049716879299","15.9620801990742","17.0868863756018","17.4760936380612","17.0277399274606","16.6017798005451","16.35816585885","16.1097540973516","15.871818998983","15.4325191605124","14.7109340327223","13.8247903858164","12.8705754594452","11.9584133413326","11.0880806078761","10.4137316749873","10.0243202995536","9.86094234163557","9.9346729826836","10.0442795561687","10.0495450848878","10.0859959986789","10.1805481926076","10.28349931181","10.424473078023","10.6026980191433","10.7326164648828","10.5701078952019","10.0338240758313","9.41346535458491","8.77015546588029","8.04082368681151","7.45795652868322","7.10268357084112","6.808124306175","6.55025331624331","6.35504705613466","6.19932621162165","6.05562339146794","5.94313681711461","5.86528056695426","5.79034454144835","5.74109309094971","5.75412108071008","5.80877446686041","5.88836582592937","5.96143899129594","6.0142799411661","6.0903988628198","6.15292049228609","6.17267682142204","6.16202157916578","6.14607688111883","6.11261795179686","5.9701013490157","5.72619460326829","5.40143846650073","4.96478986947743","4.42377324180684","3.9285732497212","3.53508450851878",
"中国","CHN","女性作为户主的家庭（以女性作为户主的家庭比例）","SP.HOU.FEMA.ZS","","","","","","","","","","","","","","","","","","","","","","","","","","","","","","","","","","","","","","","","","","","","","","","","","","","","","","","","","","","","","","","","","",
"中国","CHN","总生育率(女性人均生育数）","SP.DYN.TFRT.IN","4.451","3.863","6.085","7.513","6.672","6.605","6.307","5.806","6.508","6.175","6.085","5.523","5.112","4.726","4.17","3.571","3.235","2.844","2.716","2.745","2.739","2.792","2.972","2.559","2.607","2.633","2.721","2.76","2.539","2.52","2.514","1.934","1.776","1.691","1.628","1.588","1.554","1.527","1.522","1.53","1.628","1.563","1.566","1.57","1.605","1.624","1.644","1.666","1.701","1.714","1.687","1.668","1.798","1.714","1.769","1.67","1.772","1.795","1.539","1.496","1.236","1.117","1.034","0.999","",
"中国","CHN","婴儿死亡率，男性（每1000名活产婴儿）","SP.DYN.IMRT.MA.IN","","","","","","","","","","92.2","87.9","83.8","79.9","75.8","71.7","67.7","63.7","60.1","56.7","53.8","51.2","49.1","47.5","46.3","45.6","45.2","45","45.2","45.4","45.5","45.4","45","44.4","43.4","42.1","40.6","39.1","37.4","35.6","33.7","31.6","29.4","27.1","24.8","22.6","20.6","18.7","17.1","15.7","14.4","13.2","12.2","11.2","10.3","9.5","8.7","8","7.4","6.8","6.3","5.8","5.4","5","4.7","",
"中国","CHN","Contraceptive prevalence, modern methods (% of women ages 15-49)","SP.DYN.CONM.ZS","","","","","","","","","","","13.47","17.26","22.492249","28.43","34.42","40.62","45.214521","48.41","50.23","53.665366","54.564543","54.71","58.19","64.22","66.32","66.15","65.73","69.343065","73.24","","","","","","","","","83.3","","","","86.2","","","","","84","","","","","","","","","","","80.5","","","","","","","",
"中国","CHN","死亡率，成年人，女性（每千名成年女性）","SP.DYN.AMRT.FE","480.153","413.513","318.236","309.878","302.001","293.394","287.027","278.31","269.663","260.519","251.479","242.155","232.513","220.694","211.688","204.125","205.599","189.294","183.217","177.547","172.254","166.58","161.499","156.02","151.043","146.075","141.23","135.842","131.143","127.292","125.386","119.693","115.025","109.491","105.754","100.107","96.249","93.136","90.68","88.882","86.709","84.386","82.333","80.443","78.688","76.559","74.942","73.205","74.313","69.963","68.828","67.374","65.855","64.887","63.521","62.188","60.855","59.79","58.145","57.27","55.87","57.385","54.831","55.272","",
"中国","CHN","食用加碘盐（占住户的比例）","SN.ITK.SALT.ZS","","","","","","","","","","","","","","","","","","","","","","","","","","","","","","","","","","","","","","","","","","","","","","","","","","96.4","96.6","96.8","","","96.3","","","","96.6","","","","","","",
"中国","CHN","国际移徙者，总计","SM.POP.TOTL","","","","","","","","","","","","","","","","","","","","","","","","","","","","","","","518395","","","","","610608","","","","","720915","","","","","853360","","","","","1010008","","","","","1196007","","","","","1415116","","","","1638718",
"中国","CHN","Refugees under the mandate of the UNHCR by country or territory of asylum","SM.POP.RHCR.EA","","","","","","","970","","","","","","","","","","","","","250000","263000","265000","272100","276630","279750","279670","281790","280600","284300","284300","287276","289061","288123","287424","287065","288310","290099","291506","292345","293297","294109","295321","297273","299347","299367","301039","301024","301075","300966","300985","300984","301016","301037","301045","301052","301044","317254","321714","321758","303379","303405","303436","320","296","261",
"中国","CHN","Internally displaced people (IDP) by country or territory of asylum / origin","SM.POP.IDPC","","","","","","","","","","","","","","","","","","","","","","","","","","","","","","","","","","","","","","","","","","","","","","","","","","","","","","","","","","","","","","","","","",
"中国","CHN","Children in employment, wage workers (% of children in employment, ages 7-14)","SL.WAG.0714.ZS","","","","","","","","","","","","","","","","","","","","","","","","","","","","","","","","","","","","","","","","","","","","","","","","","","","","","","","","","","","","","","","","","",
"中国","CHN","Unemployment, total (% of total labor force) (national estimate)","SL.UEM.TOTL.NE.ZS","","","","","","","","","","","","","","","","","","","5.3","5.4","4.9","3.8","3.2","2.3","1.9","1.8","2","2","2","2.6","2.5","2.3","2.3","2.6","2.8","2.9","3","3.1","3.1","3.1","3.707","3.6","4","4.3","4.2","4.2","4.1","4","4.2","4.3","4.1","4.1","4.1","4.05","4.1","","","3.9","4.93","5.15","5.61","5.11","","","",
"中国","CHN","Unemployment, female (% of female labor force) (national estimate)","SL.UEM.TOTL.FE.NE.ZS","","","","","","","","","","","","","","","","","","","","","","","","","","","","","","","","","","","","","","","","","3.841","","","","","","","","","","","","","","","","","","","","","","","","",
"中国","CHN","Share of youth not in education, employment or training, male (% of male youth population)  (modeled ILO estimate)","SL.UEM.NEET.MA.ME.ZS","","","","","","","","","","","","","","","","","","","","","","","","","","","","","","","","","","","","","","","","","","","","","","13.567","13.673","13.462","13.429","13.279","12.756","12.371","11.948","11.394","10.895","10.466","10.046","9.641","8.837","9.052","10.687","9.598","9.77","10.058","10.023",
"中国","CHN","Unemployment with intermediate education, male (% of male labor force with intermediate education)","SL.UEM.INTM.MA.ZS","","","","","","","","","","","","","","","","","","","","","","","","","","","","","","","","","","","","","","","","","7.116","","","","","","","","","","","","","","","","","","","","","","","","",
"中国","CHN","Unemployment with basic education, female (% of female labor force with basic education)","SL.UEM.BASC.FE.ZS","","","","","","","","","","","","","","","","","","","","","","","","","","","","","","","","","","","","","","","","","3.245","","","","","","","","","","","","","","","","","","","","","","","","",
"中国","CHN","年轻群体总失业人数（占15-24岁所有劳动力数量的比例）（模拟劳工组织估计）","SL.UEM.1524.ZS","","","","","","","","","","","","","","","","","","","","","","","","","","","","","","","","4.366","4.432","5.117","5.621","5.92","6.259","6.567","6.67","6.767","6.84","7.994","8.919","9.624","9.433","9.495","9.331","9.224","9.803","10.15","9.823","9.976","10.154","10.316","10.507","10.68","10.574","10.431","9.674","10.681","12.65","12.404","14.673","15.562","15.044",
"中国","CHN","年轻女性失业人数（占15-24岁女性劳动力比例）（模拟劳工组织估计）","SL.UEM.1524.FE.ZS","","","","","","","","","","","","","","","","","","","","","","","","","","","","","","","","3.781","3.843","4.445","4.892","5.162","5.468","5.746","5.846","5.941","6.013","7.031","7.847","8.471","8.306","8.366","8.226","8.141","8.661","8.977","8.698","8.851","9.026","9.187","9.372","9.542","9.46","9.342","8.672","9.582","11.36","11.141","13.153","13.935","13.461",
"中国","CHN","非全日制就业，总人数（占就业总人数的比例）","SL.TLF.PART.ZS","","","","","","","","","","","","","","","","","","","","","","","","","","","","","","","","","","","","","","","","","","","","","","","","","","","","","","","","","","","","","","","","","",
"中国","CHN","Labor force with intermediate education, male (% of male working-age population with intermediate education)","SL.TLF.INTM.MA.ZS","","","","","","","","","","","","","","","","","","","","","","","","","","","","","","","","","","","","","","","","","75.356","","","","","","","","","","","","","","","","","","","","","","","","",
"中国","CHN","劳动力参与率，男性（占 15 岁以上男性人口的百分比）（模拟劳工组织估计）","SL.TLF.CACT.MA.ZS","","","","","","","","","","","","","","","","","","","","","","","","","","","","","","","85.112","84.679","84.237","83.786","83.324","82.853","82.372","81.881","81.38","80.869","80.347","80.131","79.913","79.692","79.469","79.243","79.016","78.787","78.556","78.323","78.089","77.899","77.33","76.764","76.324","75.848","75.29","74.606","73.904","73.328","71.607","72.918","71.389","71.334","70.267",
"中国","CHN","劳动力参与率，女性（占 15 岁以上女性人口的百分比）（模拟劳工组织估计）","SL.TLF.CACT.FE.ZS","","","","","","","","","","","","","","","","","","","","","","","","","","","","","","","73.09","72.595","72.095","71.589","71.079","70.564","70.044","69.518","68.988","68.453","67.913","67.502","67.088","66.67","66.25","65.826","65.4","64.972","64.541","64.108","63.672","63.662","63.333","63.023","62.826","62.605","62.326","61.957","61.585","61.305","59.711","61.182","60.097","60.216","59.448",
"中国","CHN","Labor force with basic education, female (% of female working-age population with basic education)","SL.TLF.BASC.FE.ZS","","","","","","","","","","","","","","","","","","","","","","","","","","","","","","","","","","","","","","","","","74.364","","","","","","","","","","","","","","","","","","","","","","","","",
"中国","CHN","劳动力参与率，总数（占 15-64 岁总人口的百分比）（模拟劳工组织估计）","SL.TLF.ACTI.ZS","","","","","","","","","","","","","","","","","","","","","","","","","","","","","","","84.038","83.593","83.144","82.708","82.262","81.805","81.331","80.835","80.346","79.853","79.329","79.121","78.89","78.644","78.38","78.104","77.849","77.609","77.363","77.12","76.894","76.911","76.585","76.301","76.183","76.09","75.955","75.735","75.519","75.415","74.014","75.936","74.821","75.202","74.36",
"中国","CHN","Labor force participation rate for ages 15-24, total (%) (national estimate)","SL.TLF.ACTI.1524.NE.ZS","","","","","","","","","","","","","","","","","","","","","","","82.84","","","","","","","","78.29","","","","","","","","","","65.802","","","","","","","","","","57.38","","","","","","","","","","","","","","",
"中国","CHN","Labor force participation rate for ages 15-24, female (%) (national estimate)","SL.TLF.ACTI.1524.FE.NE.ZS","","","","","","","","","","","","","","","","","","","","","","","84.18","","","","","","","","79.22","","","","","","","","","","65.598","","","","","","","","","","55.11","","","","","","","","","","","","","","",
"中国","CHN","从事经济活动的男童，只工作（占 7-14 岁从事经济活动男童的百分比）","SL.TLF.0714.WK.MA.ZS","","","","","","","","","","","","","","","","","","","","","","","","","","","","","","","","","","","","","","","","","","","","","","","","","","","","","","","","","","","","","","","","","",
"中国","CHN","从事经济活动的儿童，工学兼顾（占 7-14 岁参与经济活动儿童的比例）","SL.TLF.0714.SW.ZS","","","","","","","","","","","","","","","","","","","","","","","","","","","","","","","","","","","","","","","","","","","","","","","","","","","","","","","","","","","","","","","","","",
"中国","CHN","从事经济活动的女童，工学兼顾（占 7-14 岁从事经济活动女童的百分比）","SL.TLF.0714.SW.FE.ZS","","","","","","","","","","","","","","","","","","","","","","","","","","","","","","","","","","","","","","","","","","","","","","","","","","","","","","","","","","","","","","","","","",
"中国","CHN","服务业就业人员（占就业总数的百分比）","SL.SRV.EMPL.ZS","","","","","","","","","","","","","","","","","","","","","","","","","","","","","","","","18.9283179358188","19.7998580513661","21.1995548502311","23.0005184229549","24.7998237633446","25.9999961651242","26.3996895897554","26.6998899630481","26.9000176611232","25.3134188486432","27.7000389321993","28.5998919404385","29.3004810570726","30.6002920912406","31.3997915890731","32.2001132949176","32.4000001442606","33.2001114321863","34.0999915084727","34.5995667971914","35.7000783844491","36.0998140108212","38.4998131034926","40.5990776614307","42.3997107404935","42.9334259446319","43.3458036346466","43.8847198791517","44.5192735154599","45.2678537038915","45.5969845625275","44.9886051327682","45.7723935112505","46.1510599840955",
"中国","CHN","服务业男童工雇佣率（占 7-14 岁参与经济活动男童的百分比）","SL.SRV.0714.MA.ZS","","","","","","","","","","","","","","","","","","","","","","","","","","","","","","","","","","","","","","","","","","","","","","","","","","","","","","","","","","","","","","","","","",
"中国","CHN","Children in employment, self-employed, female (% of female children in employment, ages 7-14)","SL.SLF.0714.FE.ZS","","","","","","","","","","","","","","","","","","","","","","","","","","","","","","","","","","","","","","","","","","","","","","","","","","","","","","","","","","","","","","","","","",
"中国","CHN","工业就业人员（占就业总数的百分比）","SL.IND.EMPL.ZS","","","","","","","","","","","","","","","","","","","","","","","","","","","","","","","","21.4316045061761","21.7000253818873","22.4000075921798","22.6995787219993","23.00007619978","23.4996377291564","23.6998548750409","23.5004273116616","23.000533231137","24.6470198851309","22.2999534859973","21.4001070576635","21.6000317879629","22.4994633352348","23.8000197014041","25.1993927171682","26.799965080269","27.1998176284931","27.8001237336841","28.6998228439976","29.5001327749191","30.2995918411543","30.099901194464","29.9004572371177","29.2998175326072","29.6444492814543","29.9706060456204","30.3637847933889","30.7587386897164","31.1322866175828","31.5342449659426","30.9312938882327","31.4267217641686","31.6324437528704",
"中国","CHN","Contributing family workers, total (% of total employment)","SL.FAM.WORK.ZS","","","","","","","","","","","","","","","","","","","","","","","","","","","","","","","","24.2385597653588","23.699287366675","23.1465968615506","22.601966903354","22.0570106833879","21.5132236844831","20.9657135077926","20.4349421759783","19.9139423842075","19.3966331232594","18.8805809573448","18.3561591846717","17.816480620483","17.273469975702","16.6942481427351","16.1016903243717","15.5042628583258","14.9153252120322","14.3351268674258","13.7729482606739","13.2364406503382","12.7298689203705","12.2513561496052","11.7997027174144","11.3749504212213","10.9738854751989","10.5928907674642","10.2345533188443","9.90074818711424","9.63310524252046","9.3103503612143","9.02258104365402","8.74157710578523","8.46889026040345",
"中国","CHN","Children in employment, unpaid family workers, male (% of male children in employment, ages 7-14)","SL.FAM.0714.MA.ZS","","","","","","","","","","","","","","","","","","","","","","","","","","","","","","","","","","","","","","","","","","","","","","","","","","","","","","","","","","","","","","","","","",
"中国","CHN","Wage and salaried workers, female (% of female employment)","SL.EMP.WORK.FE.ZS","","","","","","","","","","","","","","","","","","","","","","","","","","","","","","","","41.3454818918745","42.0222585821325","42.7186127590784","43.4280548055462","44.1387063178331","44.8416520665831","45.5302199276625","46.2198563308956","46.9148903651057","47.6231537148677","48.3880120608243","49.2005157052229","50.0489920087335","50.9391213904914","51.8477018865527","52.7656899537704","53.6820601648404","54.6040803752056","55.5012930804369","56.3577116437376","57.1827162828908","57.9723853338761","58.721389877655","59.434097191239","60.115516613142","60.7671165869205","61.3897972763977","61.9877623233594","62.5694847170152","62.7048529954795","63.0265541195556","63.1293221506064","63.6291654839504","64.1220243497977",
"中国","CHN","15 岁（含）以上总就业人口比率（百分比）（模拟劳工组织估计）","SL.EMP.TOTL.SP.ZS","","","","","","","","","","","","","","","","","","","","","","","","","","","","","","","","76.84","76.38","75.663","75.027","74.47","73.892","73.315","72.808","72.293","71.772","71.071","70.444","69.892","69.652","69.323","69.079","68.824","68.337","67.929","67.746","67.636","67.185","66.751","66.425","66.078","65.739","65.295","64.887","64.307","62.435","64.056","62.523","62.756","61.931",
"中国","CHN","15 岁（含）以上女性就业人口比率（百分比）（模拟劳工组织估计）","SL.EMP.TOTL.SP.FE.ZS","","","","","","","","","","","","","","","","","","","","","","","","","","","","","","","","71.099","70.609","69.915","69.287","68.723","68.143","67.566","67.045","66.519","65.989","65.273","64.616","64.018","63.666","63.243","62.885","62.519","61.97","61.483","61.17","61.149","60.817","60.507","60.301","60.078","59.859","59.552","59.279","58.877","57.118","58.763","57.496","57.772","57.076",
"中国","CHN","Self-employed, male (% of male employment)","SL.EMP.SELF.MA.ZS","","","","","","","","","","","","","","","","","","","","","","","","","","","","","","","","56.3775047524004","55.9015952640705","55.3115949090434","54.6302051555851","53.9464960023395","53.292712700225","52.6885099180855","52.1473870149399","51.6607260529192","51.1891107235848","50.7048778730126","50.1975849648018","49.6633611472185","49.0983466713231","48.5141715581931","47.8747739602889","47.1453647397374","46.4684018743509","45.8440233195533","45.2200694191033","44.6433273227754","44.1326389389508","43.666807157885","43.2375479261418","42.8342128273762","42.4509426181875","42.0778364889183","41.7002425747621","41.3259731206369","41.3929743746894","41.1740461242365","40.5166392167001","40.1901345516666","39.87345455047",
"中国","CHN","Employers, female (% of female employment)","SL.EMP.MPYR.FE.ZS","","","","","","","","","","","","","","","","","","","","","","","","","","","","","","","","1.14220959036266","1.17335801114311","1.20416402738504","1.23349571265281","1.26192214210202","1.28993557020161","1.31728746486186","1.34470727933013","1.37394447196824","1.40580208984002","1.44045240648055","1.47834278543919","1.51888251083492","1.56089204688955","1.60429403287243","1.64792520687673","1.69121819656363","1.73251518757655","1.77435503053919","1.82096093613753","1.86877417383099","1.91314288542439","1.95854937229054","2.00428884694158","2.0486166658235","2.09370484871738","2.14033666087867","2.18580846638008","2.22889419355014","2.35017861926647","2.36506442249968","2.59438707838451","2.63869107540906","2.68063363537145",
"中国","CHN","Employment to population ratio, ages 15-24, male (%) (national estimate)","SL.EMP.1524.SP.MA.NE.ZS","","","","","","","","","","","","","","","","","","","","","","","","","","","","","","","","","","","","","","","","","59.706","","","","","","","","","","","","","","","","","","","","","","","","",
"中国","CHN","农业男性就业人员（占男性就业的百分比）","SL.AGR.EMPL.MA.ZS","","","","","","","","","","","","","","","","","","","","","","","","","","","","","","","","64.0545397744171","62.7658730091711","60.7717003729632","58.8342352114646","56.9169779522295","55.2910063625247","54.4752062177234","54.0697376062773","53.9805802881558","53.5774823494084","53.2768929681436","53.009285992481","51.9952746042609","50.0084027608082","47.9348212408832","45.7694523748478","43.9289431789061","42.6733275386633","41.1368697926215","39.6800360926301","37.8448386530673","36.5986141112452","34.5988769360088","32.8397216959881","31.6886788061743","30.7546807418323","29.93710409337","28.9587974127992","27.9297755091833","26.7063063753419","25.6296972930556","26.6177482486313","25.3779268486683","24.7745842367909",
"中国","CHN","农业女童工雇佣率（占 7-14 岁参与经济活动女童的百分比）","SL.AGR.0714.FE.ZS","","","","","","","","","","","","","","","","","","","","","","","","","","","","","","","","","","","","","","","","","","","","","","","","","","","","","","","","","","","","","","","","","",
"中国","CHN","Annualized average growth rate in per capita real survey mean consumption or income, bottom 40% of population (%)","SI.SPR.PC40.ZG","","","","","","","","","","","","","","","","","","","","","","","","","","","","","","","","","","","","","","","","","","","","","","","","","","","","","","","","","","","","","","7.21","","","",
"中国","CHN","贫困差距，以每天8.3美元为贫困线（按2021年购买力平价计算）（百分比）","SI.POV.UMIC.GP","","","","","","","","","","","","","","","","","","","","","","84.2","","","79","","","74.2","","","74.9","","","71.7","","","63.9","","","61.3","","","54","","","43.9","","","37.2","","32.1","28.6","25.5","19.6","16.9","14.4","12.5","11.5","9.7","7.9","7.6","4.7","5","","",
"中国","CHN","Multidimensional poverty headcount ratio (World Bank) (% of population)","SI.POV.MPWB","","","","","","","","","","","","","","","","","","","","","","","","","","","","","","","","","","","","","","","","","","","","","","","","","","","","","","","","","","","","","","","","","",
"中国","CHN","基尼 (GINI) 系数","SI.POV.GINI","","","","","","","","","","","","","","","","","","","","","","28.2","","","27.1","","","29.4","","","32.2","","","33.9","","","35.2","","","38.7","","","42","","","40.9","","","43","","43.7","42.4","42.2","39.7","39.2","38.6","38.5","39.1","38.5","38.2","37.1","35.7","36","","",
"中国","CHN","最低10% 占有的收入份额","SI.DST.FRST.10","","","","","","","","","","","","","","","","","","","","","","3.7","","","3.8","","","3.3","","","3.5","","","3.3","","","3.1","","","2.7","","","2.3","","","2.4","","","2.1","","2","2.1","2.1","2.5","2.5","2.6","2.7","2.6","2.7","2.8","3.1","3.2","3.1","","",
"中国","CHN","第四档 20%的收入份额","SI.DST.04TH.20","","","","","","","","","","","","","","","","","","","","","","23.2","","","23.2","","","23.4","","","22.1","","","22.1","","","22.4","","","22.3","","","22.4","","","22.3","","","22.5","","22.3","22.3","22.4","22.1","22.3","22.3","22.2","22.1","22.2","22","21.7","21.9","21.9","","",
"中国","CHN","UHC service coverage sub-index on non-communicable diseases","SH_UHC_SCI_NCD","","","","","","","","","","","","","","","","","","","","","","","","","","","","","","","","","","","","","","","","","52","53","53","54","54","54","55","55","56","56","56","57","57","57","57","58","58","58","58","58","59","59","59","59","",
"中国","CHN","Proportion of population pushed into poverty (based on the societal poverty line) due to out-of-pocket health expenditure (%)","SH_UHC_FH40_PUSHED","","","","","","","","","","","","","","","","","","","","","","","","","","","","","","","","","","","","1.44","","","","","","","3.35","","","","","3.64","","","","","","","","","","","4.4","","","","","","",
"中国","CHN","Proportion of population facing financial hardship due to out-of-pocket health expenditure (%)","SH_UHC_FH40","","","","","","","","","","","","","","","","","","","","","","","","","","","","","","","","","","","","41.88","","","","","","","47.12","","","","","38.31","","","","","","","","","","","33.55","","","","","","",
"中国","CHN","人均自付费用，购买力平价（现价国际美元）","SH.XPD.OOPC.PP.CD","","","","","","","","","","","","","","","","","","","","","","","","","","","","","","","","","","","","","","","","","78.2756128424524","86.7584356025686","96.5034775660304","104.945751678297","110.869538213811","121.463707231227","128.554154216419","127.975330516928","138.616281747411","155.289552773719","156.746725594906","176.574803182083","199.161598255459","214.859560814624","220.325642996605","227.154908946439","245.19515969747","265.328207206893","291.234069212382","323.137353248702","348.616548892063","372.85064479837","424.728177745466","478.383276585922","",
"中国","CHN","Domestic general government health expenditure per capita (current US$)","SH.XPD.GHED.PC.CD","","","","","","","","","","","","","","","","","","","","","","","","","","","","","","","","","","","","","","","","","9.4071758","10.16636216","12.67360924","16.04384061","19.44129987","23.91401916","28.9842905","38.46292616","59.58877775","81.44606071","98.03610583","128.50229104","158.67694616","187.74436581","211.63169496","236.57014804","231.34530889","249.32875592","284.40070347","301.72231266","319.01361894","362.39723925","435.83493412","435.87046317","",
"中国","CHN","人均外部卫生支出，购买力平价（现价国际美元）","SH.XPD.EHEX.PP.CD","","","","","","","","","","","","","","","","","","","","","","","","","","","","","","","","","","","","","","","","","0.033162042681447","0.299157285585048","0.223384210507206","0.220658920042159","0.232883749530234","0.442359772852058","0.332753409500593","0.450888774183404","0.455526218173247","0.377201651452708","0.467703020180261","0.331106231499756","0.285707081539164","0.312198749662982","0.181889500702038","0.0556719908238396","0.0110300067237302","0.00325062072775575","0.00527887439326997","0.00614182196820078","0.00244527553992242","0.00247883637544765","0.0901545679999615","0.0755262316685535","",
"中国","CHN","Current health expenditure per capita (current US$)","SH.XPD.CHEX.PC.CD","","","","","","","","","","","","","","","","","","","","","","","","","","","","","","","","","","","","","","","","","42.80797577","44.36042023","49.92394638","56.54468155","64.28150177","73.00266266","82.48256683","98.5569458","133.83999634","164.87619019","188.87156677","239.19824219","284.69760132","329.08572388","362.28695679","393.09768677","398.17489624","439.94006348","504.10980225","538.99157715","582.95092773","670.25897217","755.43597412","763.37762451","",
"中国","CHN","肺结核病例检出率（百分比，所有形式）","SH.TBS.DTEC.ZS","","","","","","","","","","","","","","","","","","","","","","","","","","","","","","","","","","","","","","","","","33","35","36","49","65","76","82","87","89","89","89","89","88","88","88","88","88","88","92","88","75","75","67","76","76",
"中国","CHN","Prevalence of severe wasting, weight for height, female (% of children under 5)","SH.SVR.WAST.FE.ZS","","","","","","","","","","","","","","","","","","","","","","","","","","","","","","","1.4","","1.1","","","1.3","","","0.6","","0.4","","0.7","","","0.5","","","","","0.6","","","","","","","","","","","","","","",
"中国","CHN","Mortality rate attributed to unsafe water, unsafe sanitation and lack of hygiene (per 100,000 population)","SH.STA.WASH.P5","","","","","","","","","","","","","","","","","","","","","","","","","","","","","","","","","","","","","","","","","","","","","","","","","","","","","","","","","","","","2.2","","","","","",
"中国","CHN","Suicide mortality rate, female (per 100,000 female population)","SH.STA.SUIC.FE.P5","","","","","","","","","","","","","","","","","","","","","","","","","","","","","","","","","","","","","","","","","15.18","14.71","14.44","14.39","14.23","13.38","12.16","11.21","10.53","9.93","9.32","8.76","8.14","7.76","7.47","7.26","7.19","7.17","7.25","7.27","7.13","7.52","","","",
"中国","CHN","Prevalence of stunting, height for age, female (modeled estimate, % of children under 5)","SH.STA.STNT.ME.FE.ZS","","","","","","","","","","","","","","","","","","","","","","","","","","","","","","","","","","","","","","","","","18.7","17.4","16.1","14.8","13.5","12.4","11.4","10.4","9.6","8.8","8.1","7.4","6.9","6.4","6.1","5.9","5.6","5.3","5.1","4.8","4.6","4.4","4.3","4.3","4.2",
"中国","CHN","People using safely managed sanitation services, urban (% of urban population)","SH.STA.SMSS.UR.ZS","","","","","","","","","","","","","","","","","","","","","","","","","","","","","","","","","","","","","","","","","27.89467960395","28.1265646882283","28.34825058417","31.3990981090803","34.4731665274878","37.5705153123179","40.6912039364982","43.8352918729539","47.0028385946112","50.1939035743954","53.408546285234","56.6468262000523","59.9088027917758","63.194535533332","66.5040838976461","69.8375073576443","73.1948653862519","76.5762174563965","79.9816230410033","83.4111416129978","83.8437784786243","84.2775337750704","84.7124075023361","85.056251104268","85.056251104268",
"中国","CHN","Mortality rate attributed to unintentional poisoning (per 100,000 population)","SH.STA.POIS.P5","","","","","","","","","","","","","","","","","","","","","","","","","","","","","","","","","","","","","","","","","1.35","1.42","1.54","1.71","1.84","1.88","1.85","1.85","1.88","1.95","1.96","1.93","1.88","1.85","1.81","1.78","1.75","1.69","1.63","1.57","1.52","1.47","","","",
"中国","CHN","Prevalence of overweight, weight for height, female (modeled estimate, % of children under 5)","SH.STA.OWGH.ME.FE.ZS","","","","","","","","","","","","","","","","","","","","","","","","","","","","","","","","","","","","","","","","","6","6","6","6","6","6","6","6","6.1","6.1","6.2","6.3","6.4","6.5","6.7","6.9","7.1","7.3","7.6","7.9","8.3","8.7","9.2","9.7","10.4",
"中国","CHN","痢疾治疗（5 岁以下儿童中接受口服补液盐治疗并继续服用的比例）","SH.STA.ORCF.ZS","","","","","","","","","","","","","","","","","","","","","","","","","","","","","","","","","","","","","","","","","","","","","","","","","","","","","","","","","","","","","","","","","",
"中国","CHN","孕产妇死亡比率（国家估算，每10万活产婴儿）","SH.STA.MMRT.NE","","","","","","","","","","","","","","","","","","","","","","","","","","","","","","","88.9","","","","","61.9","","63.6","","58.7","53","50.2","43.2","51.3","48.3","47.7","41.1","36.6","34.2","31.9","30","26.1","24.5","23.2","21.7","20.1","19.9","19.6","18.3","17.8","","","","","",
"中国","CHN","营养不良患病率，基于年龄相应的体重，女性（占5岁以下儿童百分比）","SH.STA.MALN.FE.ZS","","","","","","","","","","","","","","","","","","","","","","","","","","","","","","","12.1","","14.6","","","9.6","","","6.6","","7.5","","6.5","","","4.2","","","","","3.3","","","2.2","","","","","","","","","","","",
"中国","CHN","Female genital mutilation prevalence (%)","SH.STA.FGMS.ZS","","","","","","","","","","","","","","","","","","","","","","","","","","","","","","","","","","","","","","","","","","","","","","","","","","","","","","","","","","","","","","","","","",
"中国","CHN","完全母乳喂养率（占 6 个月以下儿童的百分比）","SH.STA.BFED.ZS","","","","","","","","","","","","","","","","","","","","","","","","","","","","","","","","","","","","","","","67","","","","","50.8","","","","","27.6","","","","","20.8","","","","","","","","","","","",
"中国","CHN","儿童急性呼吸道感染治疗率（接受医疗救治的 5 岁以下儿童所占比例）","SH.STA.ARIC.ZS","","","","","","","","","","","","","","","","","","","","","","","","","","","","","","","","","","","","","","","","","","","","","","","","","","","","","","","","","","","","","","","","","",
"中国","CHN","Mortality rate attributed to household and ambient air pollution, age-standardized, female (per 100,000 female population)","SH.STA.AIRP.FE.P5","","","","","","","","","","","","","","","","","","","","","","","","","","","","","","","","","","","","","","","","","","","","","","","","","","","","","","","","","","","","73.5","","","","","",
"中国","CHN","男性吸烟率（吸烟男性占所有成年人比例）","SH.PRV.SMOK.MA","","","","","","","","","","","","","","","","","","","","","","","","","","","","","","","","","","","","","","","","","50.7","","","","","49.3","","48.7","","","48","","","","","46.7","","","","","45.6","45.2","45.1","","",
"中国","CHN","孕产妇死亡的终生风险（百分比）","SH.MMR.RISK.ZS","","","","","","","","","","","","","","","","","","","","","","","","","","0.345361297468124","0.346117733569676","0.341021264277166","0.30140600812942","0.29286961405749","0.291322168812325","0.210133056736171","0.180577419676618","0.159483346978716","0.14487780057144","0.129748899455775","0.115918233420941","0.104254795662179","0.0952953325610211","0.0883905306082686","0.0877410413486114","0.0769302895016709","0.0711368409559185","0.0657131687964771","0.06253672388598","0.0586413861744972","0.055834367656274","0.0539445800062176","0.056118200528746","0.0522756899359403","0.0505469699119651","0.0487158255142635","0.0515055553641976","0.0461728018951497","0.044756848268753","0.0388180195046921","0.0384312560135924","0.0367170529759052","0.0289699078499759","0.0268390839232387","0.0207042908686329","0.0195388659616456","0.0155989585501403","0.0131920135206366","",
"中国","CHN","经杀虫剂处理的蚊帐使用率（占5岁以下人口数量的比例）","SH.MLR.NETS.ZS","","","","","","","","","","","","","","","","","","","","","","","","","","","","","","","","","","","","","","","","","","","","","","","","","","","","","","","","","","","","","","","","","",
"中国","CHN","护士和助产士（每千人）","SH.MED.NUMW.P3","","","","","","","","","","","","","","","","","","","","","","","","","","","","","","","0.845","","","","","0.923","0.945","0.965","0.974","0.988","0.998","1.006","0.969","0.978","1.005","1.03","1.082","1.176","1.258","1.382","1.515","1.65","1.823","2.018","2.164","2.322","2.498","2.693","2.888","3.123","3.302","3.519","3.666","","",
"中国","CHN","DPT 免疫接种率（占 12 - 23 个月年龄组的百分比）","SH.IMM.IDPT","","","","","","","","","","","","","","","","","","","","","","","","58","73","78","78","75","95","95","97","94","91","88","85","80","83","84","84","85","85","86","86","86","87","87","93","93","97","99","99","99","99","99","99","99","99","99","99","99","99","99","99","96","97",
"中国","CHN","Incidence of HIV, ages 15-24 (per 1,000 uninfected population ages 15-24)","SH.HIV.INCD.YG.P3","","","","","","","","","","","","","","","","","","","","","","","","","","","","","","","","","","","","","","","","","","","","","","","","","","","","","","","","","","","","","","","","","",
"中国","CHN","Children (ages 0-14) newly infected with HIV","SH.HIV.INCD.14","","","","","","","","","","","","","","","","","","","","","","","","","","","","","","","","","","","","","","","","","","","","","","","","","","","","","","","","","","","","","","","","","",
"中国","CHN","艾滋病病毒感染率，女性（15-24岁的百分比）","SH.HIV.1524.FE.ZS","","","","","","","","","","","","","","","","","","","","","","","","","","","","","","","","","","","","","","","","","","","","","","","","","","","","","","","","","","","","","","","","","",
"中国","CHN","People using safely managed drinking water services, rural (% of rural population)","SH.H2O.SMDW.RU.ZS","","","","","","","","","","","","","","","","","","","","","","","","","","","","","","","","","","","","","","","","","","","","","","","","","","","","","","","","","","","","","","","","","",
"中国","CHN","Demand for family planning satisfied by modern methods (% of married women with demand for family planning)","SH.FPL.SATM.ZS","","","","","","","","","","","","","","","","","","","","","","","","","","","","","","","","","","","","","","","","","","","","","","","","","","","","","","","","","","","","","","","","","",
"中国","CHN","Mortality from CVD, cancer, diabetes or CRD between exact ages 30 and 70, female (%)","SH.DYN.NCOM.FE.ZS","","","","","","","","","","","","","","","","","","","","","","","","","","","","","","","","","","","","","","","","","19.7","19.3","19","18.9","18.6","17.7","16.5","15.7","15.1","14.7","14.3","13.8","13.2","12.8","12.3","12.1","11.9","11.8","11.7","11.6","11.2","11.6","","","",
"中国","CHN","艾滋病病毒感染率，总数（占15-49岁人口的百分比）","SH.DYN.AIDS.ZS","","","","","","","","","","","","","","","","","","","","","","","","","","","","","","","","","","","","","","","","","","","","","","","","","","","","","","","","","","","","","","","","","",
"中国","CHN","Probability of dying among adolescents ages 10-14 years (per 1,000)","SH.DYN.1014","","","","","","","","","","","","","","","","","","","","","","","","","","","","","","","2.7","2.6","2.5","2.4","2.3","2.2","2.1","2","1.9","1.9","1.8","1.7","1.6","1.6","1.5","1.5","1.4","1.3","1.3","1.3","1.2","1.2","1.1","1.1","1.1","1.1","1","1","1","1","0.9","0.9","0.9","0.9","",
"中国","CHN","五岁以下儿童死亡数","SH.DTH.MORT","","","","","","","","","","","","","","","2445155","2128789","1860427","1635575","1462422","1378784","1330922","1300001","1317238","1268536","1221257","1261155","1326039","1402683","1421228","1426329","1463332","1353808","1180304","1087602","1008924","931797","859390","791743","729134","671715","632449","581808","520935","471970","430977","395731","364499","339077","318695","300805","280229","258897","247356","231603","212978","194518","179221","168865","147383","126076","106626","87185","72935","62190","",
"中国","CHN","Number of deaths ages 20-24 years","SH.DTH.2024","","","","","","","","","","","","","","","","","","","","","","","","","","","","","","","93610","94351","94748","93613","90518","85755","80468","75063","69893","65962","63751","63045","63815","64743","64920","65348","66103","66904","67952","69195","70277","69252","65679","61664","57492","52851","48969","46650","44755","43019","41654","40523","39590","38630","",
"中国","CHN","安全套使用率，15-24岁人口，男性（占 15-24 岁男性人口的百分比）","SH.CON.1524.MA.ZS","","","","","","","","","","","","","","","","","","","","","","","","","","","","","","","","","","","","","","","","","","","","","","","","","","","","","","","","","","","","","","","","","",
"中国","CHN","Prevalence of anemia among women of reproductive age (% of women ages 15-49)","SH.ANM.ALLW.ZS","","","","","","","","","","","","","","","","","","","","","","","","","","","","","","","","","","","","","","","","","20.6","19.9","19.4","18.9","18.5","18.2","17.8","17.4","17","16.5","16","15.7","15.5","15.3","15.2","15.1","15","15.1","15","14.9","14.9","15","15.3","15.6","",
"中国","CHN","Women who believe a husband is justified in beating his wife when she refuses sex with him (%)","SG.VAW.REFU.ZS","","","","","","","","","","","","","","","","","","","","","","","","","","","","","","","","","","","","","","","","","","","","","","","","","","","","","","","","","","","","","","","","","",
"中国","CHN","Trademark applications, nonresident, by count","IP.TMK.NRCT","","","","","","","","","","","","","","","","","","","","","","","","","","","","","","","","","","","","","","","","","","","","","69928","81706","90368","99869","102158","85338","106470","140675","144834","144932","144152","169330","170771","200595","238165","250550","229193","261982","","","",
"中国","CHN","Industrial design applications, resident, by count","IP.IDS.RSCT","","","","","","","","","","","","","","","","","","","","","","","","","","269","606","1083","1612","2065","3265","4866","7568","8817","11428","15433","21395","27456","31287","37148","46532","56460","73572","86627","101579","151587","188027","253439","298620","339654","409124","507538","642401","644398","548428","551481","631949","610817","689097","691771","752339","785857","","","",
"中国","CHN","Public private partnerships investment in ICT (current US$)","IE.PPN.ICTI.CD","","","","","","","","","","","","","","","","","","","","","","","","","","","","","","","","","","","","","","","","","","","","","","","","","","","","","","","","","","","","","","","1668990000","","",
"中国","CHN","Investment in ICT with private participation (current US$)","IE.PPI.ICTI.CD","","","","","","","","","","","","","","","","","","","","","","","","","","","","","","","","","","","","","","3970000000","","","5653000000","325000000","1430000000","","","","","","","","","","","","","","","","","","","","1668990000","","",
"中国","CHN","Management practices index","IC.MNG.IND","","","","","","","","","","","","","","","","","","","","","","","","","","","","","","","","","","","","","","","","","","","","","","","","","","","","","","","","","","","","","","","","","60.43234634",
"中国","CHN","电力中断导致的价值损失（占销售额比例）","IC.FRM.OUTG.ZS","","","","","","","","","","","","","","","","","","","","","","","","","","","","","","","","","","","","","","","","","","","","","","","","","","","","","0","","","","","","","","","","","","0",
"中国","CHN","投入运营时已正式注册的公司（占公司数的百分比）","IC.FRM.FREG.ZS","","","","","","","","","","","","","","","","","","","","","","","","","","","","","","","","","","","","","","","","","","","","","","","","","","","","","95.78446198","","","","","","","","","","","","96.01517487",
"中国","CHN","Firms exporting directly at least 10% of sales (% of firms)","IC.FRM.EXS.ZS","","","","","","","","","","","","","","","","","","","","","","","","","","","","","","","","","","","","","","","","","","","","","","","","","","","","","10.25769329","","","","","","","","","","","","4.073847294",
"中国","CHN","Firms that are fully credit constrained (% of firms)","IC.FRM.CRDC.FL.ZS","","","","","","","","","","","","","","","","","","","","","","","","","","","","","","","","","","","","","","","","","","","","","","","","","","","","","","","","","","","","","","","","","9.584873199",
"中国","CHN","Firms that use a third party to resolve commercial disputes (% of firms)","IC.FRM.CDP.ZS","","","","","","","","","","","","","","","","","","","","","","","","","","","","","","","","","","","","","","","","","","","","","","","","","","","","","","","","","","","","","","","","","81.40982819",
"中国","CHN","Firms using banks to finance working capital (% of firms)","IC.FRM.BKWC.ZS","","","","","","","","","","","","","","","","","","","","","","","","","","","","","","","","","","","","","","","","","","","","","","","","","","","","","22.13079453","","","","","","","","","","","","26.82421112",
"中国","CHN","海关办理出口清关手续的平均时间（天）","IC.CUS.DURS.EX","","","","","","","","","","","","","","","","","","","","","","","","","","","","","","","","","","","","","","","","","","","","","","","","","","","","","7.588105679","","","","","","","","","","","","3.148891449",
"中国","CHN","B-READY: Utility Services Pillar 2: Quality of Governance and Transparency of Utility Services","IC.BRE.US.P2","","","","","","","","","","","","","","","","","","","","","","","","","","","","","","","","","","","","","","","","","","","","","","","","","","","","","","","","","","","","","","","","","",
"中国","CHN","B-READY: Taxation Pillar 2: Public Services Provided by the Tax Administration","IC.BRE.TX.P2","","","","","","","","","","","","","","","","","","","","","","","","","","","","","","","","","","","","","","","","","","","","","","","","","","","","","","","","","","","","","","","","","",
"中国","CHN","B-READY: Pillar 2: Public Services","IC.BRE.P2.PS","","","","","","","","","","","","","","","","","","","","","","","","","","","","","","","","","","","","","","","","","","","","","","","","","","","","","","","","","","","","","","","","","",
"中国","CHN","B-READY: Market Competition Pillar 1: Quality of Regulations that Promote Market Competition","IC.BRE.MC.P1","","","","","","","","","","","","","","","","","","","","","","","","","","","","","","","","","","","","","","","","","","","","","","","","","","","","","","","","","","","","","","","","","",
"中国","CHN","B-READY: Labor Pillar 1: Quality of Labor Regulations","IC.BRE.LB.P1","","","","","","","","","","","","","","","","","","","","","","","","","","","","","","","","","","","","","","","","","","","","","","","","","","","","","","","","","","","","","","","","","",
"中国","CHN","B-READY: International Trade Pillar 1: Quality of Regulations for International Trade","IC.BRE.IT.P1","","","","","","","","","","","","","","","","","","","","","","","","","","","","","","","","","","","","","","","","","","","","","","","","","","","","","","","","","","","","","","","","","",
"中国","CHN","B-READY: Financial Services Pillar 1: Quality of Regulations for Financial Services","IC.BRE.FS.P1","","","","","","","","","","","","","","","","","","","","","","","","","","","","","","","","","","","","","","","","","","","","","","","","","","","","","","","","","","","","","","","","","",
"中国","CHN","B-READY: Dispute Resolution Pillar 1: Quality of Regulations for Dispute Resolution","IC.BRE.DR.P1","","","","","","","","","","","","","","","","","","","","","","","","","","","","","","","","","","","","","","","","","","","","","","","","","","","","","","","","","","","","","","","","","",
"中国","CHN","B-READY: Business Location Pillar 1: Quality of Regulations for Business Location","IC.BRE.BL.P1","","","","","","","","","","","","","","","","","","","","","","","","","","","","","","","","","","","","","","","","","","","","","","","","","","","","","","","","","","","","","","","","","",
"中国","CHN","B-READY: Business Insolvency Pillar 1: Quality of Regulations for Judicial Insolvency Proceedings","IC.BRE.BI.P1","","","","","","","","","","","","","","","","","","","","","","","","","","","","","","","","","","","","","","","","","","","","","","","","","","","","","","","","","","","","","","","","","",
"中国","CHN","B-READY: Business Entry Pillar 1: Quality of Regulations for Business Entry","IC.BRE.BE.P1","","","","","","","","","","","","","","","","","","","","","","","","","","","","","","","","","","","","","","","","","","","","","","","","","","","","","","","","","","","","","","","","","",
"中国","CHN","人力资本指数，上界 (数值范围 0-1)","HD.HCI.OVRL.UB","","","","","","","","","","","","","","","","","","","","","","","","","","","","","","","","","","","","","","","","","","","","","","","","","","","","","","","","","","0.683","0.658933520317078","","0.665241241455078","","","","",
"中国","CHN","人力资本指数，下界 (数值范围 0-1)","HD.HCI.OVRL.LB","","","","","","","","","","","","","","","","","","","","","","","","","","","","","","","","","","","","","","","","","","","","","","","","","","","","","","","","","","0.662","0.634328007698059","","0.639979422092438","","","","",
"中国","CHN","Government Effectiveness: Standard Error","GE.STD.ERR","","","","","","","","","","","","","","","","","","","","","","","","","","","","","","","","","","","","","0.168259218335152","","0.205459833145142","","0.203009098768234","","0.17885360121727","0.185161739587784","0.189565911889076","0.18039482831955","0.186893671751022","0.206260249018669","0.210038930177689","0.202020466327667","0.207185819745064","0.204372957348824","0.201531365513802","0.198862388730049","0.207169651985168","0.208306401968002","0.202393367886543","0.19993494451046","0.207520633935928","0.225631386041641","0.250011146068573","0.232756271958351","0.247945472598076","0.25837579369545","",
"中国","CHN","Government Effectiveness: Number of Sources","GE.NO.SRC","","","","","","","","","","","","","","","","","","","","","","","","","","","","","","","","","","","","","5","","5","","5","","6","6","7","7","8","9","9","9","9","9","9","9","9","9","8","9","9","8","7","7","7","7","",
"中国","CHN","支出（占 GDP 的百分比）","GC.XPN.TOTL.GD.ZS","","","","","","","","","","","","","","","","","","","","","","","","","","","","","","","","","","","","","","","","","","","","","","","","","","","","","","","","","","","","","","","","","",
"中国","CHN","利息支付（占费用的百分比）","GC.XPN.INTP.ZS","","","","","","","","","","","","","","","","","","","","","","","","","","","","","","","","","","","","","","","","","","","","","","","","","","","","","","","","","","","","","","","","","",
"中国","CHN","货物和服务支出（现价本币）","GC.XPN.GSRV.CN","","","","","","","","","","","","","","","","","","","","","","","","","","","","","","","","","","","","","","","","","","","","","","","","","","","","","","","","","","","","","","","","","",
"中国","CHN","所得税、利润税和资本收益税（占总税收比例）","GC.TAX.YPKG.RV.ZS","","","","","","","","","","","","","","","","","","","","","","","","","","","","","","","","","","","","","","","","","","","","","","23.8026311786953","24.5707604169383","16.4101962987375","25.4133273976555","24.5636488113458","23.1134116648927","24.9031059701748","25.9627084854364","28.2651065244612","19.8817205597736","20.6405207229236","21.2323232247731","20.8874417132102","20.1080529259262","18.9002988647788","21.1515829490293","20.3897787557712","20.3591819898113","18.0898074318454","",
"中国","CHN","其他税收（占财政收入的百分比）","GC.TAX.OTHR.RV.ZS","","","","","","","","","","","","","","","","","","","","","","","","","","","","","","","","","","","","","","","","","","","","","","","","0.000125918891482331","0.00027013097029964","8.98650920801708E-05","4.77471933493264E-05","0.00545239765083721","0.081027200202693","0.0697970987762347","0.0436546350781584","0.137842207535228","0.116558319945669","0.160176269811503","0.0930433306437625","0.0693104132253583","0.058253118177228","0.0371664096022479","0.0460139464484589","0.0310741327282044","",
"中国","CHN","关税及其他进口税（占税收收入的百分比）","GC.TAX.IMPT.ZS","","","","","","","","","","","","","","","","","","","","","","","","","","","","","","","","","","","","","","","","","","","","","","6.72809146002044","5.82387006857827","5.49704047099416","5.55099717007987","4.19590272451033","4.88159684662502","5.14480546308674","5.11380154921444","4.55182095202637","4.63755166607496","4.03725335567661","3.89434134099308","3.88945470993755","3.48182677847855","3.50832082924425","3.19249650092327","3.12641497966845","3.14021288675443","2.67901801660349","",
"中国","CHN","货物和服务税收（现值本币）","GC.TAX.GSRV.CN","","","","","","","","","","","","","","","","","","","","","","","","","","","","","","","","","","","","","","","","","","","","","","1455981640000","1306490000000","1738222520000","2105028000000","2443670000000","2933319163000","3407197000000","3679180000000","3766687010000","3911535720000","3902294220000","4053539913000","4750865512000","4961410558000","5071370380000","4910425350000","5361119640000","5295634960000","6087592310000","",
"中国","CHN","收入，不包括捐赠（按当值本国货币单位计）","GC.REV.XGRT.CN","","","","","","","","","","","","","","","","","","","","","","","","","","","","","","","","","","","","","","","","","","","","","","1802952090000","2221850000000","4519860660000","3536125000000","4064660037000","4628544308000","5483826000000","5999220000000","6496645390000","10179995760000","11051368280000","11666099860000","13215370120000","15201136720000","15883457460000","14277192810000","17166118730000","18085886220000","19499659260000","",
"中国","CHN","赠款和其他收入（现价本币单位）","GC.REV.GOTR.CN","","","","","","","","","","","","","","","","","","","","","","","","","","","","","","","","","","","","","","","","","","","","","","268995800000","313070000000","1966957890000","477082000000","472292663600","419962435200","451799000000","475135000000","621724280000","947298473400","1210535246000","1208878762000","1136393223000","1124673562000","1505971240000","1154336050000","1102214040000","1310228800000","1274131440000","",
"中国","CHN","Net investment in nonfinancial assets (current LCU)","GC.NFN.TOTL.CN","","","","","","","","","","","","","","","","","","","","","","","","","","","","","","","","","","","","","","","","","","","","","","","","","","","","","","","","","","","","","","","","","",
"中国","CHN","中央政府债务，总额（现价本币单位）","GC.DOD.TOTL.CN","","","","","","","","","","","","","","","","","","","","","","","","","","","","","","","","","","","","","","","","","","","","","","","","","","","","","","","","","","","","","","","","","",
"中国","CHN","Account ownership at a financial institution or with a mobile-money-service provider (% of population ages 15+)","FX.OWN.TOTL.ZS","","","","","","","","","","","","","","","","","","","","","","","","","","","","","","","","","","","","","","","","","","","","","","","","","","","","63.8173128563221","","","78.9652608494559","","","79.5313410701405","","","","88.7090216844445","","","89.3830319754266",
"中国","CHN","Account ownership at a financial institution or with a mobile-money-service provider, older adults (% of population ages 25+)","FX.OWN.TOTL.OL.ZS","","","","","","","","","","","","","","","","","","","","","","","","","","","","","","","","","","","","","","","","","","","","","","","","","","","","63.5457250268259","","","79.7951738292002","","","78.4880968797029","","","","88.7520908835361","","","89.4974582569168",
"中国","CHN","Account ownership at a financial institution or with a mobile-money-service provider, poorest 40% (% of population ages 15+)","FX.OWN.TOTL.40.ZS","","","","","","","","","","","","","","","","","","","","","","","","","","","","","","","","","","","","","","","","","","","","","","","","","","","","46.6263607847143","","","72.6805568490856","","","68.8845830766161","","","","83.0814727173529","","","82.7432333438411",
"中国","CHN","对中央政府的债权等（占 GDP 的百分比）","FS.AST.CGOV.GD.ZS","","","","","","","","","","","","","","","","","","-12.3149228973398","-12.3995874945723","-1.42432800934944","0.178427660639293","-0.501547111048193","-0.104019615127424","0.0978035640281807","1.30135483517086","-1.02348643578802","0.563721717715869","1.70546322184961","2.0083648989899","1.43288785589773","2.2247958708804","2.63695635429457","3.70206187077771","3.30488530054691","2.72726156415389","2.70351374060413","3.01950129205408","2.01524462449361","5.64226642395698","6.43115642670244","5.799635963778","9.82182167366725","10.8115356263264","9.45527715058335","9.52042891589741","8.00245909192633","6.89658565251615","10.2880665490552","9.07584782580543","9.16401637665615","8.25378128490302","8.54614102066732","9.25712155527217","8.12437051076759","8.39408925237248","13.9922330435439","21.3285700622786","24.1794055533281","26.8563702038968","28.8422053736005","32.8731590769894","32.8134670259787","36.4546038912977","40.4008581418708","45.9577552328889",
"中国","CHN","贷款利率 (百分比)","FR.INR.LEND","","","","","","","","","","","","","","","","","","","","","5.039999999","5.039999999","7.199999999","7.199999999","7.199999999","7.919999999","7.92","7.92","9","11.34","9.36","8.64","8.64","10.98","10.98","12.06","10.08","8.64","6.39","5.85","5.85","5.85","5.31","5.31","5.58","5.58","6.12","7.47","5.31","5.31","5.81","6.56","6","6","5.6","4.35","4.35","4.35","4.35","4.35","4.35","4.35","4.35","4.35","4.35",
"中国","CHN","消费者价格指数（2010 年 = 100）","FP.CPI.TOTL","","","","","","","","","","","","","","","","","","","","","","","","","","","26.0483197849659","27.9326123967096","33.1872445880263","39.2424692179247","40.4402632290027","41.8785962689823","44.5395544614716","51.0468183922653","63.4292398842776","74.0797863737527","80.2381577567065","82.4739659836287","81.8362888154733","80.6893755831361","80.9700222903011","81.552298456301","80.955359361403","81.8682148167155","84.9993772047539","86.5093181065058","87.9362296125358","92.1719134940607","97.6333310615016","96.9223990713834","100","105.553898922575","108.318908982374","111.158001765192","113.294060199837","114.922122819495","117.220567369674","119.088050428682","121.558877866113","125.083154382075","128.109443605623","129.366216637457","131.919356668535","132.229151902431","132.517581947783",
"中国","CHN","广义货币（现价本币单位）","FM.LBL.BMNY.CN","","","","","","","","","","","","","","","","","","85840000000","88970000000","132780000000","167110000000","197770000000","226570000000","271280000000","359850000000","487490000000","634860000000","795740000000","960210000000","1139310000000","1468190000000","1859890000000","2432730000000","3568080000000","4692030000000","6074350000000","7609530000000","9186781000000","10556011000000","12104206000000","13596023000000","15641193000000","17696514000000","21101282000000","24242613000000","28301227000000","34560360000000","40344221000000","47516660000000","61022452307585.9","72585178555593.3","85159087106100","97414886583000","110652500263258","122837482925283","139227813190717","155006666873100","167577363382557","179292800240995","195218087092332","214766371891765","234258021725870","261580238098694","287342842925609","306912922284009",
"中国","CHN","净国内信贷（现价本币单位）","FM.AST.DOMS.CN","","","","","","","","","","","","","","","","","","126240000000","139310000000","198110000000","242250000000","273990000000","304670000000","343700000000","451450000000","592950000000","794180000000","970870000000","1153640000000","1349790000000","1668920000000","2002670000000","2449920000000","3575210000000","4310370000000","5331860000000","6642170000000","7954341000000","9546867000000","10701300000000","11873212000000","13487599000000","17262473000000","20628364000000","22441911000000","24836710000000","28873779000000","33965923000000","37937867000000","49458027036317.5","58732402380409.3","68797152649750.1","80559373600397","92700701698434.5","107696217744950","133269276018165","160006721141338","178027808559060","196545136539864","217283339007640","244000457968308","267342833607684","294948575392955","325791448972235","353253824220714",
"中国","CHN","总储备可支付进口的月份","FI.RES.TOTL.MO","","","","","","","","","","","","","","","","","","","","","","","10.5326240049283","11.3291646829965","9.41101580026203","4.90478599202417","5.17138676410905","6.72397003156083","5.52339377679073","5.08372316234093","8.50061506335467","10.1087909129257","3.76716826644376","3.15485276716324","5.8589383126685","6.32825586255357","7.71067045739525","15.3584570935982","15.3155648378232","13.6364945397097","10.941358639692","12.6317565159013","15.2992330754394","11.442740318432","12.9044006224391","14.1697653869492","15.3932049867437","18.0957914112379","19.1459316518489","25.3897624622571","21.8294857327459","19.1307572380526","19.0830480218236","19.5432820448992","18.9654201864734","17.935784855181","16.7160982737837","15.4175323187252","13.1417391678264","13.754177548943","14.6817028192022","11.6019861902875","11.1266298868594","11.6398210792559","11.2291372513816",
"中国","CHN","Domestic credit to private sector by banks (% of GDP)","FD.AST.PRVT.GD.ZS","","","","","","","","","","","","","","","","","","","","","","","","","","65.2091400739367","74.6017392642758","76.0398816014956","71.8473800505051","74.9912841371296","83.8822608622076","86.0662682536734","84.0970705901317","94.6015739941987","83.9970365640516","82.6801234075271","88.0516156907712","95.8977750077906","104.253440619399","109.288490012465","109.886100489001","108.600447763989","115.811734309503","123.760461710766","116.828196166305","110.283274752182","107.588678865514","104.187272070106","100.394357016482","122.288748651673","124.41964802576","121.162051983871","126.815170336428","131.934906062997","137.621954048881","149.618620153294","153.182116756197","152.077716877518","154.988586024611","162.207566232758","179.104100221958","173.554518720488","181.785162429715","189.606708989308","194.165996844811",
"中国","CHN","银行资本对资产的比率（百分比）","FB.BNK.CAPA.ZS","","","","","","","","","","","","","","","","","","","","","","","","","","","","","","","","","","","","","","","","","","","","","","","","","","","","","","","6.86070750816753","7.06618760408165","6.87223521109835","7.08840806709445","7.37794222742463","7.57138184829879","7.54175994025084","7.75345301609578","","","",
"中国","CHN","海洋保护区（占领海的百分比）","ER.MRN.PTMR.ZS","","","","","","","","","","","","","","","","","","","","","","","","","","","","","","","","","","","","","","","","","","","","","","","","","","","","","","3.4","3.7","3.7","3.8","3.8","5.4","5.4","5.5","5.5","5.5","5.5","4.8",
"中国","CHN","年度淡水抽取量，总量（占内部资源的百分比）","ER.H2O.FWTL.ZS","","","","","","","","","","","","","","","","","","","","","15.7737566212805","16.0717586832095","16.3697607451385","16.6677628070674","16.9657648689964","17.1019232820221","17.2365885740695","17.3712538661168","17.5059191581642","17.6405844502115","17.7752497422589","18.0762439724128","18.3772381990117","18.6782324291656","18.8077378186214","18.9372432116321","19.0667486010878","19.1962539940986","19.3257593835543","19.4552647765651","19.5847701660208","19.6075224856909","19.630274805361","19.6530271250311","19.6757794447012","19.6985317643713","20.1926837072061","20.2175690568452","20.4806427530307","20.7330512993708","20.8620996124996","21.1525471932881","21.2876390913292","21.4298410892673","21.0956663941128","21.0387855949376","21.4732126986384","21.1959188026592","21.0782466493654","21.0341640300046","20.2097479469587","20.2097479469587","20.2097479469587","","",
"中国","CHN","年度淡水抽取量，生活用水（占淡水总抽取量的百分比）","ER.H2O.FWDM.ZS","","","","","","","","","","","","","","","","","","","","","1.525583785","2.706203026","3.843835953","4.940788285","5.999203738","6.171787303","6.342606343","6.510776938","6.67636021","6.839415411","7","6.238322812","5.501605602","4.788641252","5.630614814","6.461567359","7.281713871","8.091263777","8.890421125","9.679384762","10.45834849","10.80618742","11.15293401","11.49859341","11.84317071","12.186671","12.17116801","12.42779625","12.59067358","12.76015012","12.9786513","13.1754503","12.08354053","12.34102762","12.80040053","13.27537201","15.96304758","16.54697687","17.63444435","18.62253371","20.12936744","20.12936744","20.12936744","","",
"中国","CHN","Capture fisheries production (metric tons)","ER.FSH.CAPT.MT","2215094","2395838","2539279","2491069","2466117","2530460","2504425","2509289","2625692","2553251","2490020","2703602","3008671","3099216","3384961","3496766","3597449","3623109","3451288","3071706","3146970","3140232","3508610","3670055","3940713","4210121","4810254","5407952","5812730","6224910","6714530","7452199","8422552","9475687","11017836","12712706","14333737","14719861","15472568","15208077","14823866","14403875","14426596","14598934","14786243","14850730","14995706","14987636","15157263","15062980","15054057","15263615.15","15446318.151","15633567.444","16363366.411","16647934.689","16019261.578","15576685.312","14831109.111","14169893.454","13445983","13142836.999","13182662.554","13424704.999","",
"中国","CHN","最大城市中的人口（占城市人口的百分比）","EN.URB.LCTY.UR.ZS","5.21215751209192","5.29969673890005","5.75722744609748","5.68506252811904","5.02587583675075","4.99790256423641","4.8634206255394","4.70800059279709","4.55602110421242","4.40385323581337","4.25561643441483","4.11315973878913","3.9892831978642","3.83167946802613","3.71104301263944","3.55977526036759","3.43993209236547","3.32615849074252","3.24514679711558","3.12425564806168","3.11547955436881","3.0554611221859","3.04721319607728","2.96887431443677","2.86153424507377","2.84797756100558","2.81900943314662","2.79280150310562","2.8016129956049","2.82406247319458","2.89397767274017","2.91926885288532","2.97560350565384","3.03484636836195","3.09833266929539","3.16440062917712","3.13797169320058","3.11997460447305","3.10958261239958","3.10888054639409","3.09702617365775","3.09609538093723","3.0683486208819","3.04557905272078","3.04309763647364","3.04312672310985","3.03824903476671","3.02451323671076","3.04331711195194","3.04811368167446","3.08444012118553","3.00486898877565","2.99764669145824","2.98572876142605","2.98388661224964","2.9684046103471","2.95909652607493","2.95595740898395","2.96535673738231","2.98110923615231","3.01864259826464","3.04079051651506","3.09634101921072","3.1598371263574","3.21700095796085",
"中国","CHN","Urban population living in areas where elevation is below 5 meters (% of total population)","EN.POP.EL5M.UR.ZS","","","","","","","","","","","","","","","","","","","","","","","","","","","","","","","2.81104414001896","","","","","","","","","","3.41552598974814","","","","","","","","","","","","","","","4.35330882386637","","","","","","","","","",
"中国","CHN","植物物种（较高的），受到威胁的","EN.HPT.THRD.NO","","","","","","","","","","","","","","","","","","","","","","","","","","","","","","","","","","","","","","","","","","","","","","","","","","","","","","","","","","","593","","","","713","","",
"中国","CHN","Nitrous oxide (N2O) emissions from Transport (Energy) (Mt CO2e)","EN.GHG.N2O.TR.MT.CE.AR5","","","","","","","","","","","0.1743","0.1745","0.1915","0.2049","0.2219","0.2506","0.2537","0.2819","0.27","0.2807","0.2665","0.2705","0.2843","0.3019","0.3227","0.3307","0.3539","0.3708","0.3939","0.4099","0.5462","0.738","0.8108","0.9569","0.8692","1.0019","1.4125","1.0865","1.0687","1.2433","3.8922","3.9657","4.4216","5.547","6.2223","6.7155","7.9235","8.9754","11.2005","11.088","11.584","13.3037","14.6373","13.7795","15.533","16.1565","17.1803","18.7953","20.0278","21.2559","21.4283","22.2993","21.0466","22.3434","23.1513",
"中国","CHN","Nitrous oxide (N2O) emissions from Industrial Combustion (Energy) (Mt CO2e)","EN.GHG.N2O.IC.MT.CE.AR5","","","","","","","","","","","1.5289","1.5289","1.6097","1.6394","1.6548","1.927","1.9984","2.2612","2.4565","2.4475","2.3441","2.2791","2.409","2.543","2.8134","2.6176","2.7132","2.9054","3.0633","3.0303","2.9496","3.0869","3.2295","3.4042","3.5528","3.9804","3.7342","3.5917","3.9074","3.2777","3.0713","3.1879","3.3322","3.9017","5.1879","6.728","7.1277","7.5461","8.1156","8.5922","9.2403","9.6699","9.8418","9.5559","9.4924","9.1671","8.4137","7.4711","6.7878","6.4036","6.3211","6.0456","5.6881","5.6528","5.7324",
"中国","CHN","F-gases emissions from Industrial Processes (Mt CO2e)","EN.GHG.FGAS.IP.MT.CE.AR5","","","","","","","","","","","","","","","","","","","","","","","","","","","","","","","4.5944","5.5253","6.6809","9.5882","12.5744","15.8165","18.9294","21.7966","26.9854","40.3798","50.3998","65.9735","68.0267","94.0701","120.655","166.3565","193.712","173.3273","155.7336","192.3758","230.5423","263.5762","298.529","328.0602","366.4887","321.939","337.9581","359.136","379.0554","398.8719","419.4994","439.9402","460.9222","481.6056","502.4383",
"中国","CHN","Carbon intensity of GDP (kg CO2e per 2021 PPP $ of GDP)","EN.GHG.CO2.RT.GDP.PP.KD","","","","","","","","","","","","","","","","","","","","","","","","","","","","","","","1.27586150770382","1.23232513581899","1.12871257083652","1.07249947422996","0.999943022315207","0.994827837440597","0.897726318727209","0.845304060881245","0.802567210141038","0.729224835661134","0.710538656255476","0.687869993536427","0.680371708003251","0.713535152611057","0.746054118298458","0.759407553552268","0.748257104690241","0.712232961875807","0.669308027882815","0.656525159657031","0.649769168009372","0.648999512537411","0.620765014670132","0.603423255757238","0.567820241775672","0.524378101708268","0.492191759509714","0.470106153331261","0.461494527654905","0.445868602247883","0.441244600234495","0.426379581273407","0.41232929362019","0.406851706536836","0.390641528578387",
"中国","CHN","二氧化碳（CO₂）排放总量，不包括土地利用、土地利用变化及林业 （LULUCF）（百万吨二氧化碳当量）","EN.GHG.CO2.MT.CE.AR5","","","","","","","","","","","911.5013","914.9404","975.4309","1015.1823","1032.7302","1184.1194","1232.1465","1385.0429","1560.9418","1598.8734","1564.7368","1550.6239","1620.845","1705.5971","1858.5447","1878.472","1994.7303","2133.2748","2293.5791","2372.0911","2414.2762","2550.1985","2669.7881","2890.1814","3046.9201","3365.775","3340.2565","3437.3194","3522.0334","3447.7709","3647.8773","3825.0579","4133.073","4773.1082","5496.262","6235.6852","6922.8741","7522.0032","7752.2237","8319.1638","9106.0051","9955.7482","10270.741","10760.43","10881.1042","10749.8966","10773.7258","10999.4188","11527.5117","11813.0582","11964.1285","12551.8645","12518.6844","13021.242","13124.728",
"中国","CHN","Carbon dioxide (CO2) net fluxes from LULUCF - Forest Land (Mt CO2e)","EN.GHG.CO2.LU.FL.MT.CE.AR5","","","","","","","","","","","","","","","","","","","","","","","","","","","","","","","","","","","","","","","","","-551.2046","-551.2046","-551.2046","-551.2046","-551.2046","-551.2046","-574.1637","-597.1229","-620.082","-643.0412","-666.0003","-688.9594","-711.9186","-734.8777","-757.8369","-780.796","-803.7551","-826.7143","-849.6734","-872.6326","-895.5917","-876.8269","-876.8269","-876.8269","",
"中国","CHN","Carbon dioxide (CO2) emissions from Fugitive Emissions (Energy) (Mt CO2e)","EN.GHG.CO2.FE.MT.CE.AR5","","","","","","","","","","","48.3305","48.3227","51.0425","54.3287","57.6671","63.9158","66.3277","71.1205","87.6587","90.7937","104.8287","96.027","97.5703","99.9765","108.7723","117.5527","126.0595","131.5247","136.8815","170.8155","158.2113","164.4496","162.3855","161.0808","194.5275","190.8461","177.8568","222.2191","207.6996","198.2146","238.0018","234.1644","233.717","288.49","277.2923","286.7419","341.0345","369.1347","377.7082","461.1287","521.2978","541.0429","561.9513","593.1965","541.2585","593.8782","548.2552","611.8307","627.8012","713.5968","690.5232","705.7824","777.9805","805.0675","821.5836",
"中国","CHN","Methane (CH4) emissions from Waste (Mt CO2e)","EN.GHG.CH4.WA.MT.CE.AR5","","","","","","","","","","","83.1945","86.3489","88.636","90.7768","92.7223","94.5919","96.8419","99.1053","101.4693","103.6661","106.2432","106.4231","107.3549","107.8324","108.582","110.8042","111.7398","112.6689","113.9779","114.9512","115.9277","118.6428","120.7088","123.1885","125.6865","128.0155","128.2329","130.5651","133.6224","136.5195","138.7081","140.8588","143.0134","145.9471","148.5109","152.1837","167.3091","181.3597","192.6663","206.0141","229.6757","253.1561","270.884","276.2307","286.2339","299.5141","307.923","312.9319","312.4101","305.9801","295.037","275.9056","235.987","207.2639","195.6686",
"中国","CHN","Methane (CH4) emissions from Industrial Processes (Mt CO2e)","EN.GHG.CH4.IP.MT.CE.AR5","","","","","","","","","","","0.5853","0.5436","0.5822","0.5697","0.5274","0.4946","0.485","0.4721","0.4604","0.496","0.4493","0.4318","0.3532","0.324","0.2668","0.2532","0.259","0.3048","0.3394","0.3492","0.414","0.4718","0.4046","0.4227","0.4784","0.5352","0.6377","0.6607","0.6137","0.619","0.7143","0.7692","0.8537","1.0155","1.2813","1.5766","2.0002","2.4911","2.5709","2.8433","3.3987","3.9792","4.4557","4.9811","5.8629","5.5716","5.7149","5.9043","6.3026","6.9119","7.0348","7.2263","7.1355","7.4714","7.5991",
"中国","CHN","Methane (CH4) emissions from Agriculture (Mt CO2e)","EN.GHG.CH4.AG.MT.CE.AR5","","","","","","","","","","","403.7236","427.3347","432.4981","440.1625","446.3778","449.7147","454.1111","449.1108","448.2579","451.5288","453.9454","452.9625","462.8729","472.3323","477.9948","471.5016","486.2528","498.9136","502.3553","524.9469","540.2402","532.9268","523.9371","506.3954","505.2968","522.8449","540.7974","490.9222","510.1221","518.2376","513.0751","497.2657","485.179","469.4213","487.4993","487.9955","488.4152","480.1766","489.4613","488.617","486.7554","483.7363","483.3797","483.2052","484.9423","487.3929","488.1849","481.1923","478.809","465.559","475.7055","480.2183","477.155","500.243","498.9837",
"中国","CHN","受胁鱼类","EN.FSH.THRD.NO","","","","","","","","","","","","","","","","","","","","","","","","","","","","","","","","","","","","","","","","","","","","","","","","","","","","","","","","","","","136","","","","207","","",
"中国","CHN","PM2.5 air pollution, population exposed to levels exceeding WHO guideline value (% of total)","EN.ATM.PM25.MC.ZS","","","","","","","","","","","","","","","","","","","","","","","","","","","","","","","100","","","","","100","","","","","99.999996120588","","","","","99.999996861798","","","","","99.9999974253327","99.9999975448802","99.999992994816","99.9999905399797","99.9999584481301","99.9999551645374","99.9982986494764","99.9982944622564","","","","","","","",
"中国","CHN","PM2.5 air pollution, mean annual exposure (micrograms per cubic meter)","EN.ATM.PM25.MC.M3","","","","","","","","","","","","","","","","","","","","","","","","","","","","","","","49.2982835711818","49.0672325508637","48.8924228431587","48.791369241364","48.781586538777","48.8805895286948","49.0813804747361","49.3486255923044","49.6573356023741","49.9825212259198","50.299193183916","50.6280489574036","50.9679256961335","51.2610436241453","51.4496229654785","51.4758839441727","50.9696705667541","49.8862602874654","48.6560235019206","47.7093306057335","47.4765519945183","51.34994369566","48.1207251131123","58.4662215596184","54.5688342973092","50.832537964484","46.8324682508133","45.8369336166997","40.2663875187565","37.5475753654351","34.8105237153218","","","","",
"中国","CHN","每 1,000 美元 GDP（2017年不变价PPP）的能源使用量（千克石油当量）","EG.USE.COMM.GD.PP.KD","","","","","","","","","","","","","","","","","","","","","","","","","","","","","","","463.877406139803","411.831152275381","372.655745553325","346.618621079946","321.23160340579","310.831820562136","289.562471016565","265.137586695276","246.891106357352","233.361540393743","220.872354496569","210.767002351284","205.749859827251","212.853647348518","219.740864956329","217.485183122104","211.161311795121","199.091923345629","186.416410638516","181.607267408243","181.342431883602","177.769590609302","170.669797393442","163.39375409081","155.889137104532","146.408194598537","136.260496035076","132.230270729564","129.775076811498","127.412503363473","128.334621944665","125.88217154333","124.491112092199","125.66368381278","",
"中国","CHN","GDP单位能源消耗（2017年不变价购买力平价美元/千克石油当量）","EG.GDP.PUSE.KO.PP.KD","","","","","","","","","","","","","","","","","","","","","","","","","","","","","","","2.15574198433502","2.42817959368777","2.68344178758115","2.88501522764224","3.11301873600764","3.21717383436326","3.4534862079651","3.77162669564954","4.05036866152882","4.28519625947246","4.52750187898927","4.74457571082834","4.86027062589304","4.69806372809126","4.55081488915929","4.59801438260999","4.73571598650728","5.02280546189697","5.36433459143853","5.50638757066948","5.51442919129852","5.62525905905797","5.85926751699787","6.12018498237226","6.41481516014454","6.83021877799996","7.33888418946148","7.56256486871442","7.70563982368145","7.84852328932956","7.79212955044338","7.94393668094446","8.03270195915183","7.95774856871017","",
"中国","CHN","可再生能源发电量，不包括水电（千瓦时）","EG.ELC.RNWX.KH","","","","","","","","","","","","","","","","","","","","","","","","","","","","","","","68000000","75000000","131000000","143000000","505000000","3085000000","1640000000","2939000000","2864000000","3031000000","3169110000","3328110000","3466810000","3641160000","3935610000","7040050000","10059070000","15727430000","26452850000","46045020000","68635570000","95003980000","131598030000","176429890000","210163860000","266840190000","369137630000","483428780000","611976560000","713503210000","827825430000","1105539040000","","","",
"中国","CHN","天然气发电量（占总发电量的比例）","EG.ELC.NGAS.ZS","","","","","","","","","","","","","","","","","","","","","","","","","","","","","","","0.446023294294894","0.358457849105331","0.327157522302277","0.372614948252562","0.339780984546106","0.297545227072945","0.261793675479523","0.711073626977308","0.521798715203426","0.388168013116901","0.42581973803198","0.333164747739456","0.253541970445494","0.269788643756002","0.338551995868395","0.485589486119787","0.831101964651212","1.03318615755426","0.996947091083977","1.53935561219587","1.85511240156531","2.03434822078557","1.97787564989903","1.95737406436683","1.96835369272814","2.48274966754836","2.7498783032718","2.72680239495275","2.89839773882752","2.83513400536451","3.02540140608833","3.11627410978258","2.97932785387597","2.96708890457647","",
"中国","CHN","燃煤炭发电量（占总量的百分比）","EG.ELC.COAL.ZS","","","","","","","","","","","","","","","","","","","","","","","","","","","","","","","71.0390684857421","73.5079136690647","75.0317940883551","73.5037851905835","74.7896298929701","73.7489508033424","76.1976042360957","76.3592889439804","75.6361456102784","77.6711854810807","78.2136371481806","76.2524570393714","77.5438831941694","79.5560393666378","78.1743334020119","79.196117843634","80.3394960281986","80.9542353410791","78.7505137453006","78.3826698942494","76.989291569639","78.6948066282409","75.5178217256753","75.1314746696818","73.0038756824904","70.188402071321","68.4176909138594","68.0264961455224","66.5294477283065","64.9686795132476","63.4550187592194","63.0009520818053","61.7186608827991","61.3408061134072","",
"中国","CHN","一次能源能源强度水平（兆焦耳/2017年PPP美元GDP）","EG.EGY.PRIM.PP.KD","","","","","","","","","","","","","","","","","","","","","","","","","","","","","","","","","","","","","","","","","10.91","10.41","10.14","10.51","10.87","10.75","10.44","9.83","9.21","8.98","8.96","8.78","8.43","8.08","7.71","7.24","6.74","6.54","6.42","6.33","6.4","6.3","","","",
"中国","CHN","多边债务还本付息（占公共和公共担保的债务还本付息的百分比）","DT.TDS.MLAT.PG.ZS","","","","","","","","","","","","","","","","","","","","","","","","0.17460799960077","0.489920821790636","1.5904665933778","3.08333120515389","7.29133086958998","4.71915691702077","4.96994674745932","7.61695303447209","5.70482798692775","6.75669431151282","6.9503060909705","8.26482604561725","7.60022866072568","7.38798474549192","7.6468120093847","10.8785439101687","11.4476818090914","20.2992473573763","22.5188992484096","32.8173177388406","38.0396433936517","30.2729752012852","21.1567494708772","25.625930436138","29.0295019493589","26.9359273330523","27.0252927206601","16.8812413610832","27.9734858227792","31.408981177353","28.1042402985507","24.0334652681873","9.88429133497141","19.3090611130994","20.2901137135478","17.9619541291637","13.1140629060506","9.99099966183801","5.95899567040774","3.39637298031494","3.93829874451652","7.53740814954697",
"中国","CHN","公共和公共担保 (PPG) 外债的还本付息额（TDS，现价美元）","DT.TDS.DPPG.CD","","","","","","","","","","","","","","","","","","","","","","1722425516.7","1843189898.6","1911996018.3","1898340871.9","1886472568.8","2521611452.9","3080882861","3896257883.2","4875772041.7","5852725870.6","7076217365.8","7922062657","9346686673.9","10162721634.6","13694670786.4","14892608217.3","16819055602.8","12793512982","14503888875.4","14377689954.3","13277920664.4","13016751292.7","13981476098.4","7993278637.5","8898308089.3","8880123767.1","8642068085","9426151820.6","8680701070.1","13797338279.1","14137266039.9","10445591709.5","12177132610.4","14708321177.8","34621822307","18509183420.5","18795255906.1","21426348254.9","29302392971.8","33817862120.5","50360325022.6","96228718525.4","118775740185.1","79274204382.3",
"中国","CHN","偿还债务总量（占货物、服务和收入出口比例）","DT.TDS.DECT.EX.ZS","","","","","","","","","","","","","","","","","","","","","","","8.5924549828137","10.8809215876289","7.95929531402312","8.37267846293985","9.70164668252778","9.59381344259845","9.63398329984593","11.364784641873","11.6854750368432","11.9296641244236","10.2103523871014","11.1433393326538","8.91539620759218","9.8847479020214","8.80315326448636","12.6134314823957","12.5451629025233","16.8011650521446","13.1349160431843","11.4697161899431","12.1466869814639","8.11986549717689","3.72629115340062","3.38467578740924","2.63307518851185","2.37686039838911","2.07153224336163","2.91078502611598","2.89643097782304","2.91665272408534","3.08464755083677","3.03970189644669","3.01971745253991","4.90274889592115","6.91875543607767","7.58735986967657","8.25271896595969","9.49516872239568","9.19478034214525","8.68754451581172","11.3335740725489","11.8307203396454","8.59286077464029",
"中国","CHN","已收到的官方发展援助（ODA）净额（占进口货物和服务的百分比）","DT.ODA.ODAT.MP.ZS","","","","","","","","","","","","","","","","","","","","","","","2.67836858340317","3.18385217458331","2.93882657896798","2.27294738626183","2.87468504475126","3.43712420219735","3.71326691817602","3.7990443811449","4.17235139226173","3.35586609766336","3.77467600960719","3.07853059689924","2.64674472015083","2.27504553517915","1.52741508744076","1.80105067863003","2.05158835845842","1.69455556317013","0.928443021770624","0.716407587891232","0.647240192432282","0.311946255056614","0.295181361328328","0.255409775803508","0.15056288879129","0.141715318871909","0.105948568432913","0.0984533991910806","0.0597904131107359","-0.0295664759481565","-0.00847490852509749","-0.0275555349230268","-0.0383792346393986","-0.013443836789842","-0.0355905053830857","-0.0393077890168797","-0.0243788284071536","-0.0215874824619382","-0.0207949287551038","-0.0158486293201267","-0.00786444857343975","-0.00751230342654909","",
"中国","CHN","已收到的净官方发展援助（现价美元）","DT.ODA.ODAT.CD","","","","","","","","","","","","","","","","","","","","16850000.3814697","65500000","475899993.896484","523380004.882813","668799987.792969","797479980.46875","938750000","1095140014.64844","1377290039.0625","1916119995.11719","2067250000","2030599975.58594","1918750000","2988260009.76563","3202379882.8125","3132290039.0625","3463699951.17188","2655899902.34375","2060834228.51563","2456879638.67188","2406997558.59375","1749021362.30469","1497657226.5625","1511518554.6875","1361546386.71875","1709954345.70313","1798337280.27344","1268520996.09375","1453223388.67188","1305544311.52344","1141387207.03125","957669982.910156","-603609619.140625","-180530044.555664","-656546569.824219","-947074340.820313","-306290496.826172","-791432739.257813","-989944335.9375","-705271057.128906","-607008422.851563","-570617065.429688","-561917724.609375","-280478118.896484","-267158996.582031","",
"中国","CHN","已收到的净官方发展援助和官方援助（现价美元）","DT.ODA.ALLD.CD","","","","","","","","","","","","","","","","","","","","16850000.3814697","65500000","475899993.896484","523380004.882813","668799987.792969","797479980.46875","938750000","1095140014.64844","1377290039.0625","1916119995.11719","2067250000","2030599975.58594","1918750000","2988260009.76563","3202379882.8125","3132290039.0625","3463699951.17188","2655899902.34375","2060834228.51563","2456879638.67188","2406997558.59375","1749021362.30469","1497657226.5625","1511518554.6875","1361546386.71875","1709954345.70313","1798337280.27344","1268520996.09375","1453223388.67188","1305544311.52344","1141387207.03125","957669982.910156","-603609619.140625","-180530044.555664","-656546569.824219","-947074340.820313","-306290496.826172","-791432739.257813","-989944335.9375","-705271057.128906","-607008422.851563","-570617065.429688","-561917724.609375","-280478118.896484","-267158996.582031","",
"中国","CHN","Net official flows from UN agencies, UNWTO (current US$)","DT.NFL.UNWT.CD","","","","","","","","","","","","","","","","","","","","","","","","","","","","","","","","","","","","","","","","","","","","","","","","","","","","","","","","","","","","","","","","","",
"中国","CHN","来自联合国机构的净官方流动，UNPBF（现价美元）","DT.NFL.UNPB.CD","","","","","","","","","","","","","","","","","","","","","","","","","","","","","","","","","","","","","","","","","","","","","","","","","","","","","","","","","","","","","","","","","",
"中国","CHN","Net official flows from UN agencies, UNEP (current US$)","DT.NFL.UNEP.CD","","","","","","","","","","","","","","","","","","","","","","","","","","","","","","","","","","","","","","","","","","","","","","","","","","","","","","","","","","","","","","","","81345.9977507591","",
"中国","CHN","Net official flows from UN agencies, UNCTAD (current US$)","DT.NFL.UNCTAD.CD","","","","","","","","","","","","","","","","","","","","","","","","","","","","","","","","","","","","","","","","","","","","","","","","","","","","","","","","","","","","","","","","","",
"中国","CHN","来自联合国机构的净官方流动，UNAIDS（现价美元）","DT.NFL.UNAI.CD","","","","","","","","","","","","","","","","","","","","","","","","","","","","","","","","","","","","","","","","","","","","","","1090000.0333786","460000.00834465","1929999.94754791","1549999.95231628","850000.023841858","1350000.02384186","2170000.07629395","1478770.97129822","1381623.98338318","1208734.98916626","1319169.04449463","1152438.04454803","941299.974918365","454600.989818573","1065359.95006561","","","161429.00288105","296306.997537613","",
"中国","CHN","净金融流动，RDB优惠（NFL，现价美元）","DT.NFL.RDBC.CD","","","","","","","","","","","","","","","","","","","","","","","","","","","","","","","","","","","","","","","","","","","","","","","","","","","","","","","","","","","","","","","","","",
"中国","CHN","PNG，债券（NFL，现价美元）","DT.NFL.PNGB.CD","","","","","","","","","","","","","","","","","","","","","","","","","","","","","","","","","197575000","332000000","","543889000","128786000","1311070000","262000000","","-143633000","475647000","10217000","65000000","711217000","1252145000","1705472000","740000000","-350000000","461199000","-1459326000","13105700000","19393256000","22075896000","34986384000","-2766385000","19749290000","56328881000","31693352000","54734209000","88945714000","18686499000","-28781186000","-32778602000","-12424273000",
"中国","CHN","PPG，官方债权人（NFL，现价美元）","DT.NFL.OFFT.CD","","","","","","","","","","","","","","","","","","","","","","506326996.7","657312684.7","622629368.7","830918918.3","1116723546.1","1165422471.3","626417806.6","1355437587.7","2276677167.3","1726669652.1","2043611889","2393910936.5","4668790765","3153668262.6","7911530543.3","4403282380.8","4315012267.4","2287597169.6","3420032087","1519270076.2","2155384827.1","-1197117947.5","-2810780957.9","953532365.1","1950107628.7","1663919957.5","1289235860.9","1940351261.1","1367452013.4","-2275557894.1","1456533115","-23503664.9","-3619867223.8","-165990814.4","-3891078904","-3811850489.8","-3651236612.6","-1699995590.1","-696205426.7","-1526309753.9","-382078160.6","-1548654209.9","-1410123669.6","-2489515529.8",
"中国","CHN","净金融流动，IDA（NFL，现价美元）","DT.NFL.MIDA.CD","","","","","","","","","","","","","","","","","","","","","","","883000","67400000","123570000","211786000","282263000","399248000","557100000","507023000","506900000","611300000","827495000","919266000","707681000","807438000","793251000","687118000","553788000","406807000","313626000","223665000","94747000","-6329000","-138355000","-152377000","-213835000","-267100000","-306380000","-336646000","-355179000","-1555734000","-740916000","-780210000","-822868000","-799584000","-817487000","-780177000","-681363000","-510210000","-411374000","-309951000","-207897000","-163452000","-105008000",
"中国","CHN","Net official flows from UN agencies, ILO (current US$)","DT.NFL.ILOG.CD","","","","","","","","","","","","","","","","","","","","","","","","","","","","","","","","","","","","","","","","","","","","","","","","","","","","","1502266.04938507","1616592.04959869","1257240.05699158","2005310.05859375","1561280.01213074","2199330.09147644","1657945.99056244","4169859.88616943","2195071.93565369","2098000.04959106","1843600.03471375","2872770.07102966","",
"中国","CHN","净外债流动，私人非优惠（PNG）（NFL，现价美元）","DT.NFL.DPNG.CD","","","","","","","","","","","","","","","","","","","","","","","","","","","","","","","","","197575000","332000000","","543889000","128786000","1311070000","-2558090000","-1065000000","-2045000000","-1894000000","-388000000","1026353000","6192217000","5175000000","8646000000","14714000000","15530000000","-9808779000","19942633000","28469700000","26754099000","26700610000","70116535000","30228211000","26642314000","52958424000","22624852000","98742084000","109506702000","67183732000","-65845997000","-54286996000","-57946278000",
"中国","CHN","外债的现值（占GNI的百分比）","DT.DOD.PVLX.GN.ZS","","","","","","","","","","","","","","","","","","","","","","","","","","","","","","","","","","","","","","","","","","","","","","","","","","","","","","","","","","","","","","","","","2.53571063729923",
"中国","CHN","PPG，IDA（DOD，现价美元）","DT.DOD.MIDA.CD","","","","","","","","","","","","","","","","","","","","","","0","882488","66839381.9","180718377.1","431437407.6","773791427.2","1329861814.6","1819175125.1","2295590305","3015847314.6","3671619756.2","4397386000","5325371000","6307740000","7263492000","7798767000","8038086000","8900878000","9114949000","8978800000","8861373000","9630333000","10522043000","10883251000","9932167000","10191834000","10348344000","9975561000","9704875000","9173757000","7646350000","6911210000","6134055000","4986603000","3978170000","3069185000","2449267000","1723689000","1203417000","826967000","499688000","269401000","107525000","1421000",
"中国","CHN","短期外债（占总储备比例）","DT.DOD.DSTC.IR.ZS","","","","","","","","","","","","","","","","","","","","","","","13.4099054690438","20.0890465366538","26.3140042148338","38.0248922267351","37.0094485148278","36.6142332961433","37.0755315723861","29.9619569602509","27.0248624301512","22.3813884033148","55.3864768837976","55.9307509391207","30.2571740982849","27.8065601636697","22.7399356755866","21.4847579403415","11.344978204831","9.40438583120514","7.61513976814842","25.5843062911482","22.0595538580947","21.1660558750489","18.5841994575766","17.8332071806302","16.0422010957745","13.172701446011","9.5210801707938","9.80509160734283","17.5831740002485","23.7000997642003","23.3831724394243","27.7558965140696","31.7805024432322","24.1463407176744","25.8710280064028","31.8521168076517","38.4727857795266","37.3984333519767","36.8228593787241","39.8811972697551","38.2597979646721","37.3209596722532","37.7853640314702",
"中国","CHN","长期外债（DOD，现价美元）","DT.DOD.DLXF.CD","","","","","","","","","","","","","","","","","","","","","","4913954562.5","5222125925.8","5303637603.3","6185533891.8","9940225348.3","16571434200.4","25963179948.8","32620334460.8","37117932607.8","45515193868.2","49479186451.5","58773895534.7","70796752669.9","83184359411.3","95989393047","103629959407.6","115440623209.9","126874433291.8","133320563620.8","132518343675.7","127717850330.2","119463812204.1","118735626282.3","131221456249.2","137251585790.9","152686277941.6","173676949315.9","198870361293.7","203028979852.1","219650176825.7","272117541016","345313808348.5","392681576206.9","528801810596","501839109841.7","603111760044","670232633700.9","732940209517.9","899184417331","1079933452987.2","1306579654090.9","1217127455277.9","1111557704456","1066746178385.9",
"中国","CHN","提供的净官方发展援助，总（2020年不变价美元）","DC.ODA.TOTL.KD","","","","","","","","","","","","","","","","","","","","","","","","","","","","","","","","","","","","","","","","","","","","","","","","","","","","","","","","","","","","","","","","","",
"中国","CHN","Net ODA provided, to the least developed countries (current US$)","DC.ODA.TLDC.CD","","","","","","","","","","","","","","","","","","","","","","","","","","","","","","","","","","","","","","","","","","","","","","","","","","","","","","","","","","","","","","","","","",
"中国","CHN","Net bilateral aid flows from DAC donors, Slovenia (current US$)","DC.DAC.SVNL.CD","","","","","","","","","","","","","","","","","","","","","","","","","","","","","","","","","","","","","","","","","","","","","","","","","439999.997615814","70000.0002980232","29999.9993294477","9999.99977648258","19999.9995529652","9999.99977648258","13052.9999732971","9914.99982774258","","315.999990561977","1534.00003910065","14628.9998665452","22692.0004934072","","","","",
"中国","CHN","来自DAC捐助国的双边援助净流量，新西兰（现价美元）","DC.DAC.NZLL.CD","","","","","","","","","","","","","","","","","","","","","","","","","","","","200000.002980232","209999.993443489","439999.997615814","1080000.04291534","209999.993443489","790000.021457672","610000.014305115","1110000.01430511","1480000.01907349","1279999.97138977","1350000.02384186","1509999.99046326","1490000.00953674","1159999.9666214","819999.992847443","910000.026226044","1059999.94277954","2309999.94277954","1669999.95708466","1700000.04768372","1409999.9666214","1990000.00953674","1179999.94754791","1500000","1049999.95231628","1029999.97138977","1159999.9666214","850000.023841858","620000.004768372","540000.021457672","560000.002384186","367224.007844925","320033.997297287","336688.995361328","235309.00478363","66536.0018610954","","",
"中国","CHN","Net bilateral aid flows from DAC donors, Lithuania (current US$)","DC.DAC.LTUL.CD","","","","","","","","","","","","","","","","","","","","","","","","","","","","","","","","","","","","","","","","","","","","","","","","19999.9995529652","79999.9982118607","","9999.99977648258","","","19999.9995529652","36986.0008358955","28171.9993799925","40702.9986381531","41967.9991900921","73374.0031719208","53899.0013301373","42814.0014410019","38683.9993298054","48868.9988851547","33114.0011548996","",
"中国","CHN","Net bilateral aid flows from DAC donors, Iceland (current US$)","DC.DAC.ISLL.CD","","","","","","","","","","","","","","","","","","","","","","","","","","","","","","","","","","","","","","","","","","","","","","","","","","","","","","","","","","","","","","","","","",
"中国","CHN","Intentional homicides, female (per 100,000 female)","VC.IHR.PSRC.FE.P5","","","","","","","","","","","","","","","","","","","","","","","","","","","","","","","","","","","","","","","","","","","","","","","","","","","","","","","","","","","","","","","","","",
"中国","CHN","Voice and Accountability: Standard Error","VA.STD.ERR","","","","","","","","","","","","","","","","","","","","","","","","","","","","","","","","","","","","","0.208055749535561","","0.21355502307415","","0.202215626835823","","0.163097977638245","0.166093751788139","0.15006248652935","0.153107330203056","0.121710769832134","0.116539306938648","0.113356530666351","0.115225359797478","0.113774433732033","0.112104952335358","0.11199489235878","0.110524579882622","0.127649933099747","0.129929319024086","0.125667363405228","0.126084998250008","0.129251822829247","0.123360969126225","0.126046866178513","0.128070369362831","0.126130864024162","0.123653374612331","",
"中国","CHN","Voice and Accountability: Number of Sources","VA.NO.SRC","","","","","","","","","","","","","","","","","","","","","","","","","","","","","","","","","","","","","7","","7","","8","","10","10","12","12","13","15","15","15","15","16","16","15","12","12","12","12","12","11","11","10","10","10","",
"中国","CHN","高科技出口（占制成品出口的百分比）","TX.VAL.TECH.MF.ZS","","","","","","","","","","","","","","","","","","","","","","","","","","","","","","","","","","","","","","","","","","","","","","","","30.2374939097036","29.4319344493349","31.9775769727453","32.1501169663397","30.5004796644425","30.8618085179503","31.5855813292794","29.7037271802947","30.4312672747562","30.2545232296357","30.9118639785891","31.5481478595353","30.8186302968419","31.2766154241293","30.2190732796596","27.7650612563156","26.5682136542881","26.2777380479223",
"中国","CHN","出口价值指数（2015年 = 100）","TX.VAL.MRCH.XD.WD","","","","","","","","","","","","","","","","","","","","","0.7961097318","0.9679925118","0.9818040104","0.9776253723","1.1497412767","1.2030079153","1.3610044213","1.7346626387","2.0900228197","2.3109188258","2.7311138751","3.1630091125","3.7361423161","4.0354207753","5.3225292805","6.5441871182","6.6439466042","8.0402275292","8.0806943396","8.5741695068","10.9613594733","11.704497269","14.3215563167","19.2757496483","26.0978381917","33.5","42.6","53.7","62.9","52.9","69.4","83.5","90.1","97.2","103","100","92.3","99.6","109.4","109.9","113.9","145.9","155.9","148.6","",
"中国","CHN","向撒哈拉以南非洲地区的发展中经济体的商品出口（占商品出口总额的百分比）","TX.VAL.MRCH.R6.ZS","","3.42906129447064","","","","","","","","","","","","","","","","","1.41873668394931","0.769925221864514","0.712063814715575","2.48699933479323","2.39053479366135","1.68014409275971","1.55346668798546","1.10915451804178","1.49612400454674","2.74657214712018","3.1584886882653","0.930691686075345","1.60452434740307","0.874124476017995","0.99047005719603","1.12803139271744","0.954485956678155","1.198409616501","1.24709980179929","1.26953689140396","1.62522715495942","1.40836888689085","1.42660755053297","1.64376161155253","1.52246872468765","1.69500949206539","1.65929583026628","1.74512945917716","1.95027752806145","2.16415995565854","2.54378231118616","2.76576536264677","2.78122296745813","2.9426569259223","3.11276513896699","3.15940164723278","3.44217610122959","3.55000864031507","3.20392717419639","3.11643318325034","3.07628032249518","3.35309475672525","3.2722300970067","3.29927038098311","3.54810432030656","3.95296327347905","",
"中国","CHN","向欧洲和中亚地区的发展中经济体的商品出口（占商品出口总额的百分比）","TX.VAL.MRCH.R2.ZS","","","","","","","","","","","","","","","","","","","0.24507690981416","","","0.00679773344144967","0.0076025753724074","0.0361170003189553","0.021459046881706","0.309332169766481","0.271370883781579","0.237550070514299","0.27857257104267","0.146813606398656","0.127209155603862","0.100339446426214","0.544392399038778","0.618559286680141","0.445333013126868","0.538302712416327","0.471181865760466","0.53914780691984","0.670242685072443","0.712123417916866","0.851030261284893","0.55216495479804","0.836388786019254","1.22814621603792","1.28967677875499","1.64479415802696","2.0233831186198","2.49182650931299","3.01097307801546","2.53904602250774","2.33683370736315","2.36687750459029","2.35613993442902","2.38527152886471","2.25115651597181","1.88936884230833","2.01026873022453","2.13939313451153","2.09632812333171","2.28168446111813","2.13254035560472","2.27885169878886","2.49167492876066","3.46257116200113","",
"中国","CHN","商品出口（现价美元）","TX.VAL.MRCH.CD.WT","2571000000","1942000000","1913000000","2031000000","2250000000","2563000000","2681000000","2388000000","2340000000","2429000000","2307000000","2783000000","3693000000","5876000000","7108000000","7689000000","6943000000","7520000000","9955000000","13614000000","18099000000","22007000000","22321000000","22226000000","26139000000","27350000000","30942000000","39437000000","47516000000","52538000000","62091000000","71910000000","84940000000","91744000000","121006000000","148780000000","151048000000","182792000000","183712000000","194931000000","249203000000","266098000000","325596000000","438228000000","593326000000","761953000000","968978000000","1220456000000","1430693000000","1201612000000","1577754000000","1898381000000","2048714000000","2209005000000","2342293000000","2273468000000","2097632000000","2263346000000","2486695000000","2499457000000","2589952000000","3316022000000","3544434000000","3379044000000","3576653000000",
"中国","CHN","保险与金融服务（占商业服务出口的百分比）","TX.VAL.INSF.ZS.WT","","","","","","","","","","","","","","","","","","","","","","","8.15831987075929","8.23195458231955","8.04886812791951","6.7008547008547","6.33997785160576","5.95322466335932","7.30777377674222","7.45732255166217","3.94919972164231","4.98251748251748","5.33596837944664","4.11208151382824","10.3950103950104","10.0496148662287","0.598045412554091","0.349656432112725","0.659044625819797","0.477222112806218","0.236672425934573","0.363530933583121","0.255349681521696","0.856277560070821","0.602591867556658","0.890871706826856","0.749129547721774","0.841585307074964","1.0436363133003","1.37385518748196","1.72395740592226","1.93070036068762","2.59999015488397","3.48980065446722","4.17497810316972","3.37934511845449","3.49336363824827","3.54485628020331","3.56414439074857","3.58657877407597","3.45659287012888","2.83644343953669","2.46253576816411","2.34920093146551","1.70453022075369",
"中国","CHN","农业原材料出口（占商品出口的百分比）","TX.VAL.AGRI.ZS.UN","","","","","","","","","","","","","","","","","","","","","","","","","5.70857188640502","5.12149097746679","4.7318185375915","5.90692936006354","","","","","2.30976501484705","2.08381872086284","2.17159760258322","1.81353864524682","1.66630511362515","1.46714967780392","1.16032365759614","1.2700860713315","1.13361176781451","0.903332902441168","0.808405437235526","0.665370858309381","0.557165857745848","0.534922676638298","0.482900386476482","0.467318553545343","0.445297952373228","0.463032838360104","0.472463702490599","0.550194892711403","0.481148966533225","0.460667222328343","0.468830450662847","0.418118022595575","0.441975763216694","0.417099067654216","0.419092383217946","0.393780004623645","0.329770707092844","0.339094401293609","0.38152205665243","0.361516629965364","0.344746971362811",
"中国","CHN","净易货贸易条件指数（2015年 = 100）","TT.PRI.MRCH.XD.WD","","","","","","","","","","","","","","","","","","","","","124.5321953241","127.4972475155","124.3647519063","106.0373147989","102.4224063389","98.1409190167","90.2445232345","100.2110887159","96.1988010499","108.3424737702","108.2696793657","107.1304829556","109.3168193749","107.1418701968","108.2013416034","108.0962918141","112.3365612657","116.8574489275","117.3178802324","110.4099875315","106.0373147989","103.3232265708","97.6727376141","98.5413686816","96.2476573291","93.8","94.9","93.9","88.9","96.6","87","83.8","86.1","87.2","89.6","100","99.8","94.3","91.5","92.7","98.5","89.2","89.5","90.2","",
"中国","CHN","计算机、通信和其他服务（占商业服务进口额的百分比）","TM.VAL.OTHR.ZS.WT","","","","","","","","","","","","","","","","","","","","","","","24.8257372654156","17.6086956521739","39.5596051632498","15.656789031402","5.67901234567901","7.02355460385439","6.13349368610943","5.73747551077527","7.39119863846341","17.8816357632715","22.7652872814163","25.2962034074202","20.5563652493505","29.0142608305957","32.8579730877554","30.6402710897093","33.7419904440905","33.7748134032079","27.751667073823","28.5554025801846","30.1609834003239","30.6315393144224","30.1408555430289","30.9259232696912","31.8129531631058","34.802609875499","36.8505428126101","35.3320231993794","29.6355019816664","29.6884370697456","24.9397556107951","24.5082159138541","18.5584649097647","19.9800836807511","21.1527958638566","22.2638816329767","23.2415069588418","25.6324187729503","35.9154207248034","36.0132456191205","32.9292461188204","30.0144618106629","28.3104181829445",
"中国","CHN","报告经济体的商品进口，剩余（占商品进口总额的百分比）","TM.VAL.MRCH.RS.ZS","","0","","","","","","","","","","","","","","","","","0","0","0","0.0462188144630833","0","0.0215796288303841","0.0359875904860393","0.322506159588531","0.133303486766485","0.0877454635843898","0.0334718420604395","0.038041546263745","0.0563103875569633","0.0101344154848614","0.0112535736416778","0.0298201848671942","0.0249213630800646","0.0122380116573782","0.0186592563283079","0.0227264171824503","0.00907769220298041","0.0171176132720629","0.043570183902747","0.0620880067841715","0.0517126936991421","0.139752656526904","0.141455125009774","0.182850730442659","0.369085473720694","0.345129525251854","0.589733832437163","0.470653606792762","0.5203258680317","0.716912687624175","0.872364003988029","0.741080076171277","0.628593222563326","0.469280626435219","0.373572064419573","0.422805159475701","0.36882183581425","0.247049338865834","0.0276061369365796","0.0385099965516521","0.0321886825205538","0.0294499161110832","",
"中国","CHN","从拉丁美洲和加勒比地区的发展中经济体的商品进口（占商品进口总额的百分比）","TM.VAL.MRCH.R3.ZS","","0.75999392004864","","","","","","","","","","","","","","","","","5.41681987708147","5.97883261669244","3.54182490670718","4.01471217841435","4.42323637409682","6.46334976061668","3.2210961737332","3.98501906871589","3.34491145378771","2.57295550584141","3.80529290832676","3.96152481211609","2.67525040003596","2.17271556244093","1.73669545721646","1.51918617654867","1.73004458787165","2.02991472001795","2.26069535130811","2.31022177757365","1.82856491798481","1.36512733747765","1.77499119984514","2.18909555715856","2.32348801963814","3.08037509134813","3.27729589561981","3.33745368836195","3.52830185858357","4.27179638760681","5.09254025869731","5.00681866200188","5.10533480545062","5.27760231296015","5.28932836098102","5.04772067473185","5.06628065700359","5.17651272725783","5.16516863437349","5.59069536303529","6.03516144124112","6.63158813720795","6.82843356943142","6.85243715875666","6.86883582529924","7.89127542113376","",
"中国","CHN","来自高收入经济体的商品进口（占商品出口总额的百分比）","TM.VAL.MRCH.HI.ZS","","82.1705426356589","","","","","","","","","","","","","","","","","85.1520722802963","86.6951910924714","88.3683938223088","87.871210057214","84.8712004557479","85.5898264596361","90.0798345398138","91.3029908576735","91.9125026094786","91.6425553069848","89.7960396274921","89.1281948897504","90.8880786039138","91.6135445904676","92.0412631704357","91.0386699927291","90.8415120690291","89.6343971330511","88.6484356869475","87.2726232625012","88.4308158129045","87.890914835885","84.4018461233047","84.8209374856719","83.9642834332518","81.4014675335787","80.2718891308837","78.7684283376321","77.5545721597672","75.7403226341535","73.7525403510944","75.035515197556","73.2680420052199","71.3582063742871","70.6536188508644","71.7552622622905","71.7822464576199","74.1289719590141","74.2713704506442","72.7971049509091","71.4793200073562","70.2947021634647","70.7799444860396","70.2839107901685","69.3711528114981","68.0586812991688","",
"中国","CHN","制造业进口（占商品进口的百分比）","TM.VAL.MANF.ZS.UN","","","","","","","","","","","","","","","","","","","","","","","","","69.1837338575052","52.2478066109629","50.8426142695231","81.5826959320465","","","","","80.2689827918706","83.8590424994878","83.6715106885535","78.8432310274371","78.9724058071728","77.0080498393481","80.622935482358","80.125708045618","74.8448569349563","77.3247490963081","79.3883682720656","78.5233341749838","74.8256505806952","72.6477329781732","70.7604089271766","68.1839920313009","61.7752579995932","64.1958951908897","61.1940147312681","56.2753451436117","54.7625491521516","54.6731708805137","57.1477277586065","60.9771808756857","61.9149023647181","59.7631678924572","58.3143167114541","57.0741304193143","59.939731581917","55.5816167399504","51.4861450753649","48.6351862953955","49.2920184597896",
"中国","CHN","食品进口（占商品进口的百分比）","TM.VAL.FOOD.ZS.UN","","","","","","","","","","","","","","","","","","","","","","","","","9.02561601825926","4.09832090762071","4.39376389162299","7.33601824563825","","","","","4.89049287327548","2.86866651857743","4.392123453808","6.99286331250247","5.90004277898128","5.0448743178983","4.76664012437009","4.05905600313996","4.1415670503436","3.98143235100007","3.52833071574746","3.85895678491532","4.03754200714251","3.55944030433494","3.18720737999403","3.72213323291332","4.75813477121272","4.92007621483225","4.617159512627","4.65196556599698","5.40612375610156","5.49827654126837","5.8178747777306","6.66132360581687","6.79703829564838","6.60739484217093","6.18908395984885","7.02820185377525","8.21017119906821","8.11967397205663","8.50986398807462","8.98411591719164","8.10751053290446",
"中国","CHN","初级产品加权平均适用税率（%）","TM.TAX.TCOM.WM.AR.ZS","","","","","","","","","","","","","","","","","","","","","","","","","","","","","","","","","13.96","13.94","12.81","","24.98","19.89","17.55","16.67","18.82","19.18","6.08","5.73","6.22","3.47","3.54","3.04","2.16","1.82","1.86","1.64","","","1.6","2.07","2.34","2.66","1.99","1.64","2.04","2.04","2","","",
"中国","CHN","约束范围，初级产品（百分比）","TM.TAX.TCOM.BC.ZS","","","","","","","","","","","","","","","","","","","","","","","","","","","","","","","","","","","","","","","","","","100","100","100","100","100","100","100","100","100","100","100","","","100","100","100","100","100","99.92","99.92","99.92","0","","",
"中国","CHN","所有产品简单平均适用税率（%）","TM.TAX.MRCH.SM.AR.ZS","","","","","","","","","","","","","","","","","","","","","","","","","","","","","","","","","39.71","37.1","33.32","","22.02","16.66","17.08","16.34","16.4","15.39","12.15","10.69","9.81","9.24","8.89","8.93","8.7","8.09","8.09","8.13","","","7.74","7.82","7.88","8.46","7.56","5.39","5.32","5.31","5.36","","",
"中国","CHN","工业产品加权平均适用税率（%）","TM.TAX.MANF.WM.AR.ZS","","","","","","","","","","","","","","","","","","","","","","","","","","","","","","","","","36.41","33.28","30.72","","18.43","14.85","15.1","14.03","13.74","13.04","8.11","6.67","5.88","5.34","4.51","5.9","5.72","4.97","6.16","8.74","","","6.7","5.7","4.33","4.53","4.29","3.13","2.74","2.57","2.45","","",
"中国","CHN","约束范围，制成品（百分比）","TM.TAX.MANF.BC.ZS","","","","","","","","","","","","","","","","","","","","","","","","","","","","","","","","","","","","","","","","","","100","100","100","100","100","100","100","100","100","100","100","","","100","100","100","100","100","100","100","100","0","","",
"中国","CHN","国际旅游，支出（现价美元）","ST.INT.XPND.CD","","","","","","","","","","","","","","","","","","","","","","","","","","","","","","","","","","","","","","9220000000","9943000000","11621000000","14169000000","14992000000","16759000000","16716000000","21360000000","","","","","","","","","","","","","","","","","","","","",
"中国","CHN","国际旅游，客运项目收入（现价美元）","ST.INT.TRNR.CD","","","","","","","","","","","","","","","","","","","","","","","","","","","","","","","","","","","","","","552000000","627000000","908000000","1087000000","1214000000","1357000000","1301000000","2016000000","","","","","","","","","","","","","","","","","","","","",
"中国","CHN","国际旅游，入境人数","ST.INT.ARVL","","","","","","","","","","","","","","","","","","","","","","","","","","","","","","","","","","","","46387000","51128000","57588000","63478000","72796000","83444000","89013000","97908000","91662000","109038000","120292000","124942000","131873000","130027000","126476000","133762000","135423000","132405000","129078000","128499000","133820000","141774000","153260000","158606000","162538000","30402000","","","","",
"中国","CHN","城镇人口增长率（年增长率）","SP.URB.GROW","","-3.32811207624413","-9.94547561229907","-0.403454996500358","10.657103097322","0.637727960260585","2.09570472542067","1.90040404131342","1.93205914126948","2.05137389409308","2.07655902535852","2.05735967922466","1.70867529438199","2.68523678518152","1.85156840035082","2.81409585834959","2.07525722635627","2.01775641689391","3.39140248062202","7.00769597663937","3.49696115001315","5.15207857318584","3.48155270400938","6.46181081402739","7.54514624695213","4.32691140992643","4.87970254262903","4.79136500947526","3.54765737428511","3.05391864438378","1.4117851662927","4.16703297290403","3.13596797018756","3.06205716534531","2.97006071260803","2.93043618914369","5.88603979058164","5.60862284767731","5.37402611756852","5.0629782990884","5.42936917155015","4.04073839565183","4.39693854459371","4.24156391258526","3.58304456989003","3.49094616926234","3.65713483288953","3.94983887273664","2.88174098874863","3.33441700614159","2.31199368347925","5.68492664212314","3.09965622046239","3.24951694056691","2.91680288008358","3.37528532053127","3.17308241612449","2.95728932457474","2.5376076856921","2.30265796342305","1.52695413125789","1.95707313202645","0.751201671519741","0.374239259681571","0.431708792065523",
"中国","CHN","Completeness of death registration with cause-of-death information (%)","SP.REG.DTHS.ZS","","","","","","","","","","","","","","","","","","","","","","","","","","","","","","","","","0","","","","","0","","","","","0","","","","","","","4","","","","","","62","","","","","","","","","",
"中国","CHN","Completeness of birth registration, male (%)","SP.REG.BRTH.MA.ZS","","","","","","","","","","","","","","","","","","","","","","","","","","","","","","","","","","","","","","","","","","","","","","","","","","","","","","","","","","","","","","","","","",
"中国","CHN","人口，女性（占总人口的百分比）","SP.POP.TOTL.FE.ZS","48.8792284938233","48.917832429718","48.9496579710593","48.9741593957698","48.9946078400179","49.013719611763","49.0304886793219","49.0444355709853","49.0541597015921","49.0592511436016","49.0617537510678","49.061718489235","49.0606731041953","49.0608227376019","49.0637485267785","49.0690898185511","49.0741118287732","49.0796068704939","49.0864676996339","49.0925437151956","49.0976017090756","49.1018010693073","49.1045170328491","49.1066256851526","49.1079452766932","49.1066734635845","49.1021969202266","49.0941296331093","49.0837044639458","49.0704281669225","49.0521069479434","49.033946718002","49.0187731889857","49.0044875023133","48.9912251639098","48.9789822482504","48.9676550990655","48.9566234313644","48.9457870418085","48.9345204541978","48.9222182670421","48.9104049483313","48.8998084664297","48.8899231619863","48.8805050323638","48.8719927554233","48.8644112008167","48.856122329916","48.8477996810931","48.8410142476874","48.8352131340727","48.8316143178152","48.830043818887","48.8299944212073","48.8324342393023","48.8378908837152","48.8464495111605","48.8610787224703","48.8794119351562","48.8961197201903","48.9202370303596","48.9501976457758","48.982505726617","49.020738784951","49.0584877288087",
"中国","CHN","R&D研究人员 （每百万人）","SP.POP.SCIE.RD.P6","","","","","","","","","","","","","","","","","","","","","","","","","","","","","","","","","","","","","447.0994","476.21305","389.62565","422.97614","549.57477","582.78825","631.73478","667.9285","713.42588","856.65892","931.20148","1076.73747","1197.58885","861.24883","898.85545","972.01743","1028.98334","1079.63795","1101.80087","1162.7108","1208.86205","1235.84935","1317.48914","1483.85803","1600.30633","1685.97511","1849.23669","","",
"中国","CHN","抚养比（占劳动年龄人口的百分比）","SP.POP.DPND","79.5326115914395","78.0499986658316","77.8864165852673","79.6945678232205","81.4529627050094","82.1605167753666","82.2988157309689","81.5471012567667","80.8319821949876","80.6284765918746","80.1831695798608","79.8351128568737","79.1204499176226","78.4685123883968","78.7119418618483","79.2010016538051","79.5414656212417","78.2814185991869","74.6563119459405","70.9756079339853","68.0451933856483","65.4586361367242","63.4951777116542","61.2720062469227","58.6920308415301","56.4680781561921","54.6968559879318","53.4915338467236","52.5510134574385","51.9302002251661","51.8441927552078","51.7499911893015","51.465824931156","51.2375248148208","50.8753644114418","50.3466668288526","49.647067613935","48.6758097133644","47.7933222416058","47.0320057938311","46.1167405203608","44.9693136545846","43.533674132168","42.0909788399502","40.6938368166364","39.2449238610193","38.2094413932748","37.7081137948543","37.4043264852973","37.2567349884096","37.2410832935716","37.3648666288389","37.7155563230657","38.2392971679035","38.8789249288739","39.6093613191235","40.4406557797685","41.5109449386089","42.5408726929072","43.3873633674887","44.0923748389161","44.4827701882176","44.7256128180315","44.7297141014082","44.2441142865473",
"中国","CHN","Population ages 75-79, male (% of male population)","SP.POP.7579.MA.5Y","0.477633275288161","0.455832410110723","0.443562495090622","0.434939871612821","0.428736940290427","0.420726962078526","0.410649579789871","0.406332778530352","0.406788762100944","0.408296617296531","0.412807241863129","0.419750165066814","0.427040889170224","0.434393243068349","0.440720063471965","0.450519025919519","0.467551150178227","0.488444636134878","0.51210593274626","0.536637895986281","0.557905920039112","0.575248055566188","0.588809772428996","0.602557486752421","0.621354955807265","0.64114692535963","0.657590704480548","0.675054124171013","0.700348758093541","0.731843019552184","0.761172433398471","0.789290156510497","0.818631018338921","0.842135351687515","0.862829759983509","0.89360013755919","0.932405517742031","0.971234714253812","1.0136866661419","1.06463358540568","1.11434461397955","1.15238372241764","1.19036103176401","1.23647345762458","1.27637290155396","1.31444712400926","1.35701202228459","1.39973237905029","1.44937553812129","1.50180009528232","1.54682472192099","1.58938470506263","1.6274291490908","1.65061304741099","1.65805633406497","1.66780149834013","1.68881313449138","1.70602931033269","1.72126916189305","1.75518699778825","1.80569859182356","1.87378770487918","1.97174533356888","2.09300642170429","2.22991072052964",
"中国","CHN","65岁和65岁以上的人口（占总人口的百分比）","SP.POP.65UP.TO.ZS","3.96596639645466","3.88207125531757","3.82381574602371","3.7553625231005","3.68682185958559","3.64516754296246","3.63220165939888","3.6415382067367","3.66098020425575","3.68273814712012","3.70781276818038","3.73902324130711","3.77367143993813","3.81798591643702","3.88121606422282","3.95161531549395","4.01662466748493","4.08642511296089","4.17896904944826","4.2891896442557","4.3953023207225","4.49084566617775","4.57769456456058","4.66048850661668","4.7487792968895","4.84681406443726","4.94424641543884","5.0311044766934","5.12239133520937","5.23250379248157","5.34515741412924","5.45270392331688","5.57661794733089","5.72652985467844","5.88533298268521","6.05307366965255","6.22504804870163","6.4010690329891","6.60294649523664","6.8145142714138","7.01747574076251","7.21351682273765","7.40162875834336","7.57962663220469","7.73725110121901","7.88962840533466","8.05386346846253","8.21258625792709","8.35535290441098","8.49817888668038","8.66147143784386","8.85916872860311","9.08920186808881","9.3562686156071","9.6661987378912","10.053420914992","10.4907994645602","10.9809606634325","11.5162092042497","12.0613659717192","12.6452376078587","13.2057410345267","13.781930345649","14.3160774690688","14.665268836569",
"中国","CHN","Population ages 65 and above, female (% of female population)","SP.POP.65UP.FE.ZS","4.69357050706639","4.60960969269087","4.55014620936989","4.47616100613128","4.40471429373268","4.36674149249879","4.35975805755656","4.3749223808979","4.40026443470528","4.42905521658735","4.46221675625618","4.50017623357745","4.53846582815159","4.58783093175364","4.66013615416378","4.73877913583073","4.80715591589702","4.87795137516931","4.97318685418659","5.08736632335345","5.19766568487821","5.29816057030006","5.38873199396661","5.47406371558727","5.56506134922117","5.66441153121149","5.76078200151813","5.84500654089779","5.93486710845562","6.04452556937372","6.1536272726354","6.25546227941699","6.37414595937797","6.52172104397708","6.68189772182394","6.85194954669204","7.02604237961403","7.20511427560273","7.410857018802","7.62699631778316","7.83722346796829","8.03886424909664","8.22730936179528","8.40325085937804","8.56149184975123","8.71889975653234","8.89183396429382","9.06211903206134","9.21797695387408","9.37604110554468","9.55843794050711","9.77961524588989","10.0335489117483","10.3301058908367","10.6822325556476","11.1272580222502","11.6323947227725","12.1986540760801","12.8141493158134","13.4364734717685","14.1003616659921","14.7368167016818","15.3914091601632","16.0106710715509","16.4325247415238",
"中国","CHN","Population ages 60-64, male (% of male population)","SP.POP.6064.MA.5Y","2.30448258913551","2.29688591859431","2.30353745429755","2.30257485439212","2.31039494015884","2.31448820207267","2.30168461431086","2.27857615996583","2.24839990690051","2.22787518928898","2.2146911717174","2.19777067901935","2.19255472324733","2.21168339999093","2.24843942595513","2.28716170153537","2.32477939922514","2.36014703843028","2.37419452468579","2.37209424858823","2.38964285500052","2.4244169520912","2.45568550030896","2.49737458076351","2.5595851862062","2.61502974791278","2.64288579306388","2.66798971868333","2.71007686657675","2.73908354561636","2.76253176559453","2.80510055639665","2.85699124526782","2.92134064250679","2.9941946415698","3.05350816595448","3.10889648473719","3.15973963560493","3.17982423380063","3.16861914875018","3.15807990681482","3.16426163603665","3.16777369626838","3.16373418146248","3.18506477948711","3.22956645584944","3.2956956135791","3.41389907706562","3.58298338914527","3.77820659676695","4.02092304684902","4.27815787937049","4.55759488701175","4.83608369373943","5.07440552801537","5.28104177250126","5.40919705439888","5.4854706022504","5.49692479162928","5.33410102431146","5.03257098976672","4.7291700583795","4.65588460038853","5.04988113050647","5.70263654108528",
"中国","CHN","Population ages 50-54, male (% of male population)","SP.POP.5054.MA.5Y","3.84931082111405","3.83137669207646","3.8012052362608","3.76354361448001","3.74515836356497","3.73456915854536","3.72188105363342","3.70887786569895","3.65517527594109","3.57330000491843","3.52642018985257","3.51301219104055","3.50763271177486","3.52156030695802","3.56780742786232","3.61679112526461","3.64085418906389","3.67309026400654","3.73234506122371","3.77104445367","3.80214260807464","3.85042915884145","3.89489797227231","3.95205493759445","4.02009826775297","4.06334814288606","4.09368720000268","4.11004915154394","4.08409411560021","4.01906673421908","3.95435395783453","3.91875576043933","3.88991967126465","3.8554992097362","3.85534156723184","3.88583138214919","3.94345305822072","4.06525333369278","4.25241209286374","4.47522827322203","4.75217782935542","5.04504503621938","5.36916966673496","5.6938309668503","5.97031861708042","6.20633859467239","6.34978294458141","6.43247927674327","6.42818318971125","6.21077241676001","5.82624770774714","5.43549166363449","5.29606012195271","5.67208322823762","6.33559232382875","7.02612836432839","7.73005684351238","8.10323777750024","8.10206587527988","8.12782521469124","8.252285740017","8.38033468019369","8.50888108103286","8.52208029996268","8.354672277022",
"中国","CHN","Population ages 40-44, male (% of male population)","SP.POP.4044.MA.5Y","5.11571867765772","5.15805636657523","5.15826329434733","5.1158877348605","5.10549116777209","5.10179751399739","5.06112797192422","5.03774697567228","5.04120811446346","5.01017736584745","4.97576847224733","4.9733398067287","4.98167020800077","5.00873848350507","5.05379818053391","5.08552687369062","5.11761205884961","5.14697165018686","5.12708460701679","5.05397860503987","4.98045392088144","4.92914077458772","4.86546956710747","4.79325692287729","4.7647511265175","4.76686414560074","4.79312706032141","4.88716800010505","5.05620617677977","5.2645321203058","5.5284943810794","5.81641860859803","6.14994222194143","6.48492748115159","6.76708811029116","7.00711131166717","7.14657571986827","7.21976850560488","7.20008624479189","6.94977436214674","6.51381109859992","6.07108179084665","5.91062244381264","6.32183544609908","7.05405843782905","7.81579978747064","8.59165022919795","9.00056132052763","8.97561930394325","8.96151050954063","9.04304870274722","9.11546146891142","9.17374753974652","9.09640167290704","8.8287638626691","8.42942727531201","7.95788894031189","7.48476193515843","7.02636468379942","6.6921924629406","6.54683567369194","6.5603873420411","6.74904955196142","6.97035537903855","7.12112644409119",
"中国","CHN","Population ages 30-34, male (% of male population)","SP.POP.3034.MA.5Y","6.70792190577095","6.82722996907747","6.88018579840743","6.85620304925118","6.83047981744134","6.78940641685255","6.74797035550696","6.71319321708763","6.60114276708554","6.41044825690596","6.23080082334899","6.09157462721914","5.95765128648581","5.81969955854212","5.74211751440567","5.72280875580442","5.75135504384059","5.8785808626","6.10343943866308","6.3734521606649","6.71089189923301","7.06000982267301","7.43300443450936","7.80057422405782","8.10276809861469","8.33992790738249","8.44115405429816","8.44610830018069","8.33888979617042","7.96990664308618","7.39498774252565","6.83644492127811","6.61555858398638","7.03589435235751","7.81146290602069","8.62033962754228","9.44687156723591","9.87358241386233","9.82996659389175","9.8042314931799","9.88257157340466","9.95015269940118","10.0107927351163","9.9258496607161","9.62995774516277","9.18651560275534","8.66239158749933","8.13500303469035","7.61304933588161","7.21812760168723","7.02043057990211","6.98336503235592","7.12153903129986","7.28512845538637","7.37106849618013","7.49246845325365","7.6758806163806","7.88577411663297","8.14437633554786","8.44910584512201","8.74277638361517","8.79769268934968","8.51505658118839","8.14429830599683","7.73637956256684",
"中国","CHN","Population ages 20-24, male (% of male population)","SP.POP.2024.MA.5Y","8.23797104969292","8.2121989653389","8.08590847778646","7.83226038644021","7.63046133211428","7.51224150657721","7.4607798682649","7.55075929205296","7.74539957612535","7.97113382354914","8.28065344722151","8.6084926601044","8.98404931480831","9.35368464389233","9.64989027519078","9.90183621231608","10.024888900832","10.0619096768727","9.97353460867465","9.56396461903064","8.90241667491951","8.23489361028747","7.93905498382551","8.404150373474","9.28950924984302","10.1909908265353","11.0815780947627","11.4720190397004","11.3081755715478","11.1651909294467","11.1369949939733","11.1175164103993","11.1186712916093","10.9697770634281","10.5963269356749","10.0706160279998","9.46841395947526","8.87581742216152","8.299720573188","7.86678254208651","7.64589883217845","7.59884107658722","7.74416020778397","7.91694776587718","8.00483680122609","8.13013294902546","8.31863190697057","8.52921952254555","8.77994987908154","9.07045250390271","9.33497736503391","9.32844444467815","8.95584699043878","8.49007519630898","7.98912819209116","7.3976395465259","6.92946143938852","6.66001240058033","6.44368400333373","6.25711974621822","6.13339489734014","6.05227809907707","5.97946503953349","5.93604062123275","5.9200774010565",
"中国","CHN","Population ages 15-64, male (% of male population)","SP.POP.1564.MA.ZS","56.1627076456793","56.6327716248527","56.7082758563317","56.1612583763614","55.6251374344094","55.4015617567696","55.3423576048527","55.5541552811619","55.7587586021856","55.8115688693446","55.9430710324334","56.0476582549624","56.2675784580422","56.4713931872493","56.3952576608583","56.2389468942788","56.1246857070197","56.5113108864777","57.6752255445708","58.9095014824404","59.9300149814822","60.860302374165","61.582305255586","62.4200029985152","63.422413201559","64.308072995817","65.0230637811965","65.5061565657651","65.8793672504624","66.1151132084206","66.1119542689012","66.1102125045252","66.1937707212676","66.2548901031952","66.3772968351443","66.5743491587055","66.8495899524035","67.2534474335494","67.6243225139063","67.9463054902077","68.3492325802188","68.8709924465853","69.5429035092077","70.2345503248952","70.9243714084297","71.6650134215272","72.2069277067838","72.4730147430435","72.6381962846807","72.7245035791563","72.7472561519026","72.7022712100908","72.5375963318666","72.2898708766725","71.998832712052","71.6836586546903","71.3338240348454","70.8782430147894","70.4582788840627","70.1351347968673","69.8951826192129","69.8149718412961","69.8121666988723","69.9309623728389","70.2755157525277",
"中国","CHN","Population ages 15-19, male (% of male population)","SP.POP.1519.MA.5Y","8.51208315433737","8.6346412045584","8.79809419698851","8.97420838692858","9.20056957907067","9.54818799086981","9.919221066199","10.3457222249642","10.7336572450052","10.9938250932566","11.1771970675905","11.2021165672378","11.1347976272971","10.9353794636068","10.4136272650591","9.65730476871089","8.92244364790501","8.61330752854088","9.13223553905253","10.0985848427553","11.0883125596351","12.0770940993523","12.525631839701","12.3753328745183","12.2524435814917","12.2472253374996","12.2098177775981","12.1418674348213","11.8991292730949","11.4156016543813","10.7646954605814","10.0574226241437","9.39173238736906","8.75251324208199","8.26894655659529","8.01567756147719","7.94943540720992","8.08802810601093","8.25919107368534","8.34410456210912","8.46457287343539","8.6515767005032","8.86979221667733","9.13284850961748","9.43624019830425","9.710775888582","9.7026971838526","9.31593468778403","8.83039399386407","8.30625492322141","7.68761601172761","7.19571598451607","6.9056893301655","6.66337070606314","6.44864649324909","6.29189204643546","6.1703822627963","6.05417939104872","5.97089637654465","5.92513591744324","5.88869127246849","5.88644969540307","5.95180329896177","6.06530770557294","6.20566865287052",
"中国","CHN","Population ages 5-9, male (% of male population)","SP.POP.0509.MA.5Y","14.6910335619448","14.9659101972396","14.9625090929385","14.576254471595","13.73547760123","12.6102744083984","11.5152005775494","10.9879431238704","11.4940799770382","12.5306618800571","13.5794420318457","14.6220267375386","15.040130277766","14.7500757016419","14.5100691704872","14.460705678914","14.4178925928322","14.3771518174355","14.1393852022854","13.601924455641","12.8594891618192","12.0129913301885","11.1693691425124","10.3591012153152","9.74192222764109","9.38577051690657","9.23432499664775","9.30363335229927","9.40504781130943","9.40758870995858","9.4454626412558","9.57598164070116","9.76430557165767","10.0070118732533","10.2988666730273","10.5623898108565","10.5223041627486","10.0808023734433","9.54051433845346","8.96396516177677","8.28605196512596","7.74656680931624","7.43309144367043","7.17372369522004","6.94279456442598","6.77067214104887","6.63341922876746","6.50123424269473","6.39557819001727","6.32104896553146","6.24637973744836","6.19865197913343","6.21357501912184","6.27147924389516","6.35767063167614","6.43761094745314","6.49359221827458","6.57333150674101","6.64404573952062","6.67272366090254","6.67317021463328","6.6750073033997","6.65931187334869","6.52440603470775","6.27898727071158",
"中国","CHN","Population ages 0-14, male (% of male population)","SP.POP.0014.MA.ZS","40.5670260927299","40.1818699857558","40.1643508972259","40.7751952338838","41.3776316843869","41.6469283445323","41.7253188554149","41.5101845311455","41.2920949083477","41.2244448133453","41.0757290164231","40.946430668618","40.6953387035089","40.4520782943655","40.4738119403351","40.5678262043437","40.6204754347239","40.1651763708568","38.9115221971226","37.5710295847873","36.4485974492168","35.4276735426274","34.6224979377047","33.7045209604689","32.6164733675534","31.634007958393","30.8204191102111","30.2476742343715","29.7814743711482","29.4347625644231","29.3212747739288","29.2094096191181","28.9964395774265","28.7827244708115","28.5024284030573","28.139479306403","27.6939493371519","27.11665783162","26.5472765985889","26.017757462569","25.4184447503024","24.7056335528028","23.8455943872345","22.9736701304417","22.1265172020553","21.2380380685718","20.5399610179719","20.1259306829614","19.8302137478996","19.6154045402378","19.4473993107979","19.3169713843705","19.274365508804","19.2831640755833","19.3046336856339","19.2879747203051","19.2654841214541","19.3042509314738","19.2665490724744","19.119200125958","18.8531847877907","18.4473918584532","17.9511827905816","17.3824508256949","16.7611456897944",
"中国","CHN","Population ages 0-4, male (% of male population)","SP.POP.0004.MA.5Y","15.0777849231936","13.7734558662834","13.1747086072542","13.7724183386839","14.9496466361379","16.1351786220229","17.2930918276216","17.7054601274308","17.2664004037129","16.8471701357821","16.6113327481962","16.3685440478454","16.1354065066846","15.69896195969","14.9770151335625","14.0875300622904","13.1269557116603","12.2081392614597","11.3325603226141","10.6570696748914","10.2722946134279","10.1190042739292","10.2100787682223","10.3400633934684","10.36630003657","10.4298081551238","10.5601855513078","10.7074950090588","10.9005739829303","11.1368303972822","11.3272159173365","11.2100705658086","10.6955360603169","10.0878626445329","9.45100551191156","8.71667732373965","8.13187698388399","7.78398856459007","7.49519907415941","7.23984573096024","7.04799188664959","6.895128850479","6.75178898585962","6.63976069360947","6.56325698563368","6.48710717003029","6.43695640558546","6.45345719651361","6.51348863987416","6.5986664943355","6.67356431059018","6.72338853685265","6.79614218762983","6.850714440406","6.85481260207553","6.82319306194308","6.78372211705905","6.71961181473941","6.53856304531703","6.25606115188653","5.88262216653589","5.38165941960044","4.7757652086325","4.22574564081997","3.7817352528153",
"中国","CHN","Women who were first married by age 15 (% of women ages 20-24)","SP.M15.2024.FE.ZS","","","","","","","","","","","","","","","","","","","","","","","","","","","","","","","","","","","","","","","","","","","","","","","","","","","","","","","","","","","","","0.1","","","","",
"中国","CHN","存活至65岁的女性（占同层人群比例）","SP.DYN.TO65.FE.ZS","23.542881","32.109111","47.251873","48.359927","49.417","50.536905","51.432717","52.578842","53.756466","55.022312","56.325698","57.695879","59.147897","60.907599","62.355982","63.615154","63.76494","66.159726","67.246533","68.266385","69.20307","70.169657","71.01772","71.884101","72.648607","73.375251","74.064645","74.810392","75.453877","75.982576","76.251077","77.056857","77.751696","78.589808","79.213398","80.120822","80.809811","81.41145","81.939489","82.391808","82.912596","83.475291","84.003902","84.518007","85.00327","85.536776","85.977644","86.415533","86.406003","87.172377","87.527457","87.922872","88.319471","88.6263","88.991318","89.250644","89.498417","89.700421","89.98544","90.152664","90.394112","90.254381","90.559517","90.430475","",
"中国","CHN","出生时的预期寿命，女性（岁）","SP.DYN.LE00.FE.IN","34.858","41.897","53.189","53.87","54.532","55.224","55.803","56.502","57.226","57.99","58.779","59.605","60.469","61.484","62.347","63.114","63.276","64.671","65.332","65.95","66.508","67.077","67.572","68.071","68.51","68.924","69.317","69.746","70.117","70.419","70.561","71.049","71.476","72.01","72.41","73.02","73.483","73.887","74.242","74.54","74.895","75.287","75.657","76.022","76.37","76.769","77.1","77.436","77.498","78.033","78.329","78.65","78.981","79.223","79.51","79.785","80.052","80.27","80.573","80.747","80.999","80.912","81.133","80.926","",
"中国","CHN","避孕普及率（占 15–49 岁女性的百分比）","SP.DYN.CONU.ZS","","","","","","","","","","","","","","","","","","","","","","","","","","","","","","","","","","","","","","83.8","","","","86.9","","","","","84.6","","","","","","","","","","","84.5","","","","","","","",
"中国","CHN","死亡率，成年人，男性（每千名男性）","SP.DYN.AMRT.MA","598.094","526.884","421.525","409.529","398.947","389.525","377.847","365.53","351.971","339.56","326.436","311.956","300.73","290.02","283.184","275.588","272.6","258.839","251.93","245.412","239.573","233.964","228.725","223.059","217.97","213.265","208.954","204.306","199.712","194.89","190.86","184.982","178.897","174.725","171.639","166.604","161.655","157.825","154.395","151.135","148.896","146.095","143.85","141.796","139.817","138.01","136.346","133.268","134.56","130.415","127.481","127.107","124.948","122.974","121.058","119.046","117.26","118.975","113.085","110.506","112.888","110.958","107.752","107.862","",
"中国","CHN","Prevalence of severe food insecurity in the population (%)","SN.ITK.SVFI.ZS","","","","","","","","","","","","","","","","","","","","","","","","","","","","","","","","","","","","","","","","","","","","","","","","","","","","","","","","","","","","","","","","","",
"中国","CHN","国际移徙者（占人口的百分比）","SM.POP.TOTL.ZS","","","","","","","","","","","","","","","","","","","","","","","","","","","","","","","0","","","","","0.1","","","","","0.1","","","","","0.1","","","","","0.1","","","","","0.1","","","","","0.1","","","","0.1",
"中国","CHN","Refugees under the mandate of the UNHCR by country or territory of origin","SM.POP.RHCR.EO","","","","","1200000","1330000","1326810","74000","70000","65000","66000","70000","75000","","","","","","","","24","24","104","24","24","124","154","24","265","413","1426","2011","82576","111507","113908","104691","105806","106731","109396","111950","110967","117403","132099","132390","134708","124086","140584","149087","175169","180546","184601","190369","193449","195121","210793","212911","207768","207716","212039","212863","175361","170222","161366","160565","153564",
"中国","CHN","净移民","SM.POP.NETM","-16927","-25578","-31305","-31383","-1250441","-130900","4165","1246654","-37290","-72836","-126510","-180153","-215650","-214997","-175239","-115173","-55109","-15323","-9916","-13704","-20129","-28016","-36181","-43756","-51961","-60929","-79190","-169170","-282194","-313476","-11187","-544650","-142985","-373316","-723641","-365986","-250750","-279251","-40472","-96102","-62622","-176419","-761291","-613223","-770977","-103701","-759559","-1042019","-764370","-177135","-184144","-416189","-58864","-188951","-371108","-646941","-153056","-94625","-198206","-656091","-91577","-379749","-293846","-567724","-318992",
"中国","CHN","Asylum-seekers by country or territory of asylum","SM.POP.ASYS.EA","","","","","","","","","","","","","","","","","","","","","","","","","","","","","","","","","","","","","","","","","10","0","5","39","35","68","72","59","12","39","120","26","253","374","447","672","647","691","583","644","743","785","785","699","553",
"中国","CHN","总失业人数（占劳动力总数的比例）（模拟劳工组织估计）","SL.UEM.TOTL.ZS","","","","","","","","","","","","","","","","","","","","","","","","","","","","","","","","2.37","2.37","2.69","2.9","3","3.12","3.23","3.24","3.25","3.26","3.8","4.24","4.58","4.49","4.52","4.43","4.35","4.59","4.72","4.53","4.55","4.58","4.6","4.63","4.65","4.56","4.47","4.31","4.56","5","4.55","4.98","4.67","4.59",
"中国","CHN","女性失业人数（占女性劳动力比例）（模拟劳工组织估计）","SL.UEM.TOTL.FE.ZS","","","","","","","","","","","","","","","","","","","","","","","","","","","","","","","","2.062","2.061","2.34","2.522","2.609","2.713","2.808","2.817","2.825","2.834","3.303","3.684","3.979","3.9","3.925","3.846","3.775","3.983","4.095","3.929","3.947","3.973","3.991","4.018","4.036","3.958","3.881","3.743","3.961","4.343","3.953","4.328","4.059","3.99",
"中国","CHN","Share of youth not in education, employment or training, male (% of male youth population)","SL.UEM.NEET.MA.ZS","","","","","","","","","","","","","","","","","","","","","","","","","","","","","","","","","","","","","","","","","10.948","","","","","","","","","","","","","","","","","","","","","","","","",
"中国","CHN","Unemployment with intermediate education (% of total labor force with intermediate education)","SL.UEM.INTM.ZS","","","","","","","","","","","","","","","","","","","","","","","","","","","","","","","","","","","","","","","","","8.603","","","","","","","","","","","","","","","","","","","","","","","","",
"中国","CHN","Unemployment with basic education, male (% of male labor force with basic education)","SL.UEM.BASC.MA.ZS","","","","","","","","","","","","","","","","","","","","","","","","","","","","","","","","","","","","","","","","","3.051","","","","","","","","","","","","","","","","","","","","","","","","",
"中国","CHN","Unemployment with advanced education, female (% of female labor force with advanced education)","SL.UEM.ADVN.FE.ZS","","","","","","","","","","","","","","","","","","","","","","","","","","","","","","","","","","","","","","","","","4.507","","","","","","","","","","","","","","","","","","","","","","","","",
"中国","CHN","Unemployment, youth male (% of male labor force ages 15-24) (national estimate)","SL.UEM.1524.MA.NE.ZS","","","","","","","","","","","","","","","","","","","","","","","","","","","","","","","","","","","","","","","","","9.536","","","","","","","","","","","","","","","","","","","","","","","","",
"中国","CHN","劳动力，女性（占劳动力总数的百分比）","SL.TLF.TOTL.FE.ZS","","","","","","","","","","","","","","","","","","","","","","","","","","","","","","","45.6308235010115","45.5957216671367","45.5624123091037","45.5309644544275","45.501830321166","45.4737367610207","45.4464013467588","45.4165994881569","45.3870700966937","45.3571133192204","45.3248415708296","45.2401581999134","45.1503055161292","45.0560297298443","44.9590627737606","44.8576527674985","44.7579859897919","44.6615363074549","44.5639231670214","44.4664928917656","44.3676802498121","44.4201391434893","44.4724643860475","44.5335125012064","44.5996068530477","44.6684886355425","44.742987899293","44.8309504332733","44.9255174799177","45.0115343044987","44.9547676272311","45.1150578228708","45.2034021474474","45.2834854096898","45.3488013415244",
"中国","CHN","Labor force with intermediate education (% of total working-age population with intermediate education)","SL.TLF.INTM.ZS","","","","","","","","","","","","","","","","","","","","","","","","","","","","","","","","","","","","","","","","","70.819","","","","","","","","","","","","","","","","","","","","","","","","",
"中国","CHN","Labor force participation rate, total (% of total population ages 15+) (national estimate)","SL.TLF.CACT.NE.ZS","","","","","","","","","","","","","","","","","","","","","","","78.74","","","","","","","","79.17","","","","","","","","","","74.19","76.46","75.66","74.99","74.24","74.24","73.73","73.18","72.83","72.46","70.96","70.84","70.7","70.68","70.63","70.69","70.89","","","","","","","","",
"中国","CHN","Ratio of female to male labor force participation rate (%) (national estimate)","SL.TLF.CACT.FM.NE.ZS","","","","","","","","","","","","","","","","","","","","","","","81.6489361702128","","","","","","","","85.875573327061","","","","","","","","","","84.5248023899919","","","","","","","","","","81.5378710337769","","","","","","","","","","","","","","",
"中国","CHN","Labor force with basic education, male (% of male working-age population with basic education)","SL.TLF.BASC.MA.ZS","","","","","","","","","","","","","","","","","","","","","","","","","","","","","","","","","","","","","","","","","83.996","","","","","","","","","","","","","","","","","","","","","","","","",
"中国","CHN","Labor force with advanced education, female (% of female working-age population with advanced education)","SL.TLF.ADVN.FE.ZS","","","","","","","","","","","","","","","","","","","","","","","","","","","","","","","","","","","","","","","","","71.133","","","","","","","","","","","","","","","","","","","","","","","","",
"中国","CHN","15-24岁人口的劳动力参与率，总量（%）（模拟劳工组织估计）","SL.TLF.ACTI.1524.ZS","","","","","","","","","","","","","","","","","","","","","","","","","","","","","","","78.292","77.208","76.085","74.926","73.729","72.495","71.225","69.919","68.579","67.207","65.804","64.995","64.177","63.35","62.516","61.676","60.829","59.976","59.116","58.251","57.381","56.463","55.722","54.986","54.279","53.603","52.944","52.277","51.613","51.017","47.883","48.843","50.219","49.859","49.505",
"中国","CHN","劳动力参与率，女性（占 15-24 岁女性人口的百分比）（模拟劳工组织估计）","SL.TLF.ACTI.1524.FE.ZS","","","","","","","","","","","","","","","","","","","","","","","","","","","","","","","79.246","78.12","76.938","75.714","74.445","73.12","71.739","70.291","68.789","67.236","65.624","64.601","63.551","62.489","61.426","60.361","59.304","58.256","57.201","56.131","55.057","53.966","53.101","52.242","51.41","50.615","49.842","49.082","48.361","47.732","44.47","45.746","47.875","47.885","47.863",
"中国","CHN","Average working hours of children, working only, ages 7-14 (hours per week)","SL.TLF.0714.WK.TM","","","","","","","","","","","","","","","","","","","","","","","","","","","","","","","","","","","","","","","","","","","","","","","","","","","","","","","","","","","","","","","","","",
"中国","CHN","Average working hours of children, working only, female, ages 7-14 (hours per week)","SL.TLF.0714.WK.FE.TM","","","","","","","","","","","","","","","","","","","","","","","","","","","","","","","","","","","","","","","","","","","","","","","","","","","","","","","","","","","","","","","","","",
"中国","CHN","Average working hours of children, study and work, male, ages 7-14 (hours per week)","SL.TLF.0714.SW.MA.TM","","","","","","","","","","","","","","","","","","","","","","","","","","","","","","","","","","","","","","","","","","","","","","","","","","","","","","","","","","","","","","","","","",
"中国","CHN","从事经济活动的女童（占 7-14 岁女童的比例）","SL.TLF.0714.FE.ZS","","","","","","","","","","","","","","","","","","","","","","","","","","","","","","","","","","","","","","","","","","","","","","","","","","","","","","","","","","","","","","","","","",
"中国","CHN","服务业童工雇佣率（占 7-14 岁参与经济活动儿童的比例）","SL.SRV.0714.ZS","","","","","","","","","","","","","","","","","","","","","","","","","","","","","","","","","","","","","","","","","","","","","","","","","","","","","","","","","","","","","","","","","",
"中国","CHN","Children in employment, self-employed, male (% of male children in employment, ages 7-14)","SL.SLF.0714.MA.ZS","","","","","","","","","","","","","","","","","","","","","","","","","","","","","","","","","","","","","","","","","","","","","","","","","","","","","","","","","","","","","","","","","",
"中国","CHN","制造业女童工雇佣率（占 7-14 岁参与经济活动的女童的百分比）","SL.MNF.0714.FE.ZS","","","","","","","","","","","","","","","","","","","","","","","","","","","","","","","","","","","","","","","","","","","","","","","","","","","","","","","","","","","","","","","","","",
"中国","CHN","就业人口的人均 GDP（2017年不变价购买力平价美元）","SL.GDP.PCAP.EM.KD","","","","","","","","","","","","","","","","","","","","","","","","","","","","","","","","3279.98301317201","3712.76505423437","4206.53199151936","4721.98104444241","5196.22203323443","5661.5805960131","6121.27521567607","6535.06469385714","6976.91830652546","7507.97772866966","8073.92386875361","8738.60821150108","9529.10705460335","10354.5772045455","11398.7998990944","12705.2125353903","14405.2804526472","15770.3966381375","17223.817865873","18968.3219391726","20649.9669763093","22258.0201916817","23987.4531053891","25748.440566635","27525.944530077","29368.9159267195","31434.1717019663","33601.3928369762","35777.2153203047","37511.3571806438","39480.6030794518","41490.2318856884","43341.4185386626","45841.7963646181",
"中国","CHN","Children in employment, unpaid family workers (% of children in employment, ages 7-14)","SL.FAM.0714.ZS","","","","","","","","","","","","","","","","","","","","","","","","","","","","","","","","","","","","","","","","","","","","","","","","","","","","","","","","","","","","","","","","","",
"中国","CHN","Wage and salaried workers, male (% of male employment)","SL.EMP.WORK.MA.ZS","","","","","","","","","","","","","","","","","","","","","","","","","","","","","","","","43.6224938120242","44.098403882963","44.6884079201284","45.3697968130132","46.053504834911","46.7072906219978","47.3114892589441","47.8526116264558","48.339271522093","48.8108903443632","49.2951239809837","49.8024176571733","50.3366354807968","50.9016533286769","51.4858284418069","52.1252250457367","52.8546372298659","53.531601067778","54.1559791203818","54.7799300968633","55.3566705108732","55.8673591347541","56.3331947699424","56.7624511099907","57.1657866904367","57.5490571405813","57.922164962776","58.2997588809863","58.6740263911569","58.6070251251176","58.8259543621412","59.483360286261","59.8098679157285","60.1265449512448",
"中国","CHN","女性弱势群体就业率（占所有女性就业人员比例）","SL.EMP.VULN.FE.ZS","","","","","","","","","","","","","","","","","","","","","","","","","","","","","","","","57.5123061335991","56.804386108635","56.0772208599621","55.3384474751789","54.5993708757084","53.8684136823708","53.1524906450475","52.4354344437143","51.7111664509491","50.9710425978738","50.1715355326952","49.321142139692","48.4321270439381","47.4999847070544","46.5480059169731","45.5863875692556","44.6267204315271","43.6634062463","42.7243518890239","41.8213253197582","40.9485074588444","40.1144714834818","39.3200586730849","38.5616130741779","37.8358670162253","37.1391812151926","36.4698657682874","35.8264274447127","35.2016207946076","34.9449692924919","34.6083832129839","34.2762901759792","33.7321422619637","33.1973437957206",
"中国","CHN","Employment to population ratio, 15+, male (%) (national estimate)","SL.EMP.TOTL.SP.MA.NE.ZS","","","","","","","","","","","","","","","","","","","","","","","","","","","","","","","","","","","","","","","","","77.445","","","","","","","","","","","","","","","","","","","","","","","","",
"中国","CHN","Self-employed, total (% of total employment)","SL.EMP.SELF.ZS","","","","","","","","","","","","","","","","","","","","","","","","","","","","","","","","57.4190103815599","56.8505284156433","56.2116973530422","55.5171665736712","54.8207320878105","54.1441316837934","53.5010267049053","52.8916935892689","52.3096256449059","51.7298172001865","51.1173818481908","50.4709208374841","49.7937797670276","49.0813949997696","48.3508300482857","47.5863616252193","46.7736032278133","45.9874217251202","45.2418841504587","44.5156402144058","43.8270692357281","43.1905231322066","42.5964774446499","42.0383638931732","41.5081243785911","41.0020022616295","40.5136804909761","40.0335822620333","39.5615634674402","39.5380663961693","39.2671036518974","38.8572330406533","38.4495420868749","38.0501557190891",
"中国","CHN","Employers, male (% of male employment)","SL.EMP.MPYR.MA.ZS","","","","","","","","","","","","","","","","","","","","","","","","","","","","","","","","5.62147191206377","5.62170083562459","5.62814245305468","5.63518990233725","5.64286225666371","5.64693013951079","5.64269114463043","5.63896409344936","5.63692148397557","5.63829482812052","5.65304316899817","5.67580419922633","5.7023625912139","5.73250401573363","5.75431340836901","5.77060591365448","5.78125238006551","5.79583079778002","5.80354972404114","5.8098292760927","5.82031483926459","5.82825329791169","5.83565182078747","5.84389359396516","5.85013623256892","5.85997285762925","5.87429565366314","5.88854981973248","5.90491115404179","5.61713219917414","5.66886272188848","5.53219091728835","5.54482171537218","5.55901764094448",
"中国","CHN","15-24 岁男性就业人口比率（百分比）（模拟劳工组织估计）","SL.EMP.1524.SP.MA.ZS","","","","","","","","","","","","","","","","","","","","","","","","","","","","","","","","72.572","71.508","69.897","68.428","67.121","65.774","64.454","63.286","62.111","60.95","59.555","58.349","57.307","56.894","56.288","55.823","55.295","54.301","53.469","53.077","52.303","51.632","50.974","50.327","49.714","49.282","48.846","48.743","47.647","43.896","44.617","43.939","42.859","42.601",
"中国","CHN","农业就业人员（占就业总数的百分比）","SL.AGR.EMPL.ZS","","","","","","","","","","","","","","","","","","","","","","","","","","","","","","","","59.6400851916364","58.5001088483213","56.400437403951","54.2999028550458","52.2001077716619","50.5003585804529","49.9004535957066","49.7996750368504","50.099443386659","50.0395612662259","50.0000075818034","49.9999932729708","49.0994891398691","46.9002521281439","44.8001963078147","42.6004881144556","40.8000442662963","39.6000709393206","38.0998847578432","36.7006103588109","34.7997907041488","33.600592285725","31.4002857020434","29.5004728042914","28.3004717268993","27.4221249065299","26.6835826166189","25.7514953274594","24.7219896643701","23.5998596785258","22.8687780404897","24.0801085619325","22.8008772042629","22.216498294765",
"中国","CHN","农业男童工雇佣率（占 7-14 岁参与经济活动男童的百分比）","SL.AGR.0714.MA.ZS","","","","","","","","","","","","","","","","","","","","","","","","","","","","","","","","","","","","","","","","","","","","","","","","","","","","","","","","","","","","","","","","","",
"中国","CHN","全体人口的人均消费或收入平均值（按2021年购买力平价计算的日均美元）","SI.SPR.PCAP","","","","","","","","","","","","","","","","","","","","","","","","","","","","","","","","","","","","","","","","","","","","","","","","","","","","","","","","","13.3","","","","","17.13","","","",
"中国","CHN","Average transaction cost of sending remittances to a specific country (%)","SI.RMT.COST.IB.ZS","","","","","","","","","","","","","","","","","","","","","","","","","","","","","","","","","","","","","","","","","","","","","","","","","","","","","","","","","10.7617175","7.337641875","5.250885625","5.128304375","4.39812375","3.279879375","3.1046875","2.826364625","",
"中国","CHN","贫困人口比例，按国家贫困线衡量的（2017 PPP）（占人口的百分比）","SI.POV.NAHC","","","","","","","","","","","","","","","","","","","","","","","","","","","","","","","","","","","","","","","","","49.8","","","","","30.2","","","","","17.2","12.7","10.2","8.5","7.2","5.7","4.5","3.1","1.7","0.6","0","","","","",
"中国","CHN","贫困人口比例，以每天4.2美元为贫困线（按2021年购买力平价计算）（占总人口的百分比）","SI.POV.LMIC","","","","","","","","","","","","","","","","","","","","","","99.7","","","97.8","","","94","","","93.3","","","89","","","79.5","","","74.6","","","64","","","50.7","","","41.6","","34.9","29.7","25.7","17","14","10.9","8.7","7.7","5.7","3.2","1.7","0.3","0.5","","",
"中国","CHN","最低20% 占有的收入份额","SI.DST.FRST.20","","","","","","","","","","","","","","","","","","","","","","8.8","","","9","","","8.2","","","8.3","","","7.9","","","7.4","","","6.5","","","5.7","","","5.9","","","5.2","","5.1","5.4","5.3","6.2","6.2","6.4","6.5","6.4","6.5","6.7","7.2","7.4","7.3","","",
"中国","CHN","最高20% 占有的收入份额","SI.DST.05TH.20","","","","","","","","","","","","","","","","","","","","","","37.2","","","36.1","","","37.5","","","40.8","","","42.2","","","42.9","","","45.6","","","47.9","","","47.1","","","48.4","","49","48.1","47.8","46.3","45.8","45.4","45.3","45.9","45.4","45.3","44.7","43.6","43.7","","",
"中国","CHN","UHC service coverage sub-index on reproductive, maternal, newborn and child health","SH_UHC_SCI_RMNCH","","","","","","","","","","","","","","","","","","","","","","","","","","","","","","","","","","","","","","","","","84","84","85","85","86","86","87","87","87","88","88","88","89","89","89","89","90","90","90","90","91","91","91","91","",
"中国","CHN","UHC service coverage index","SH_UHC_SCI","","","","","","","","","","","","","","","","","","","","","","","","","","","","","","","","","","","","","","","","","64","64","65","66","67","68","69","70","71","72","73","74","75","77","78","79","80","81","81","82","83","84","84","85","",
"中国","CHN","Proportion of population further impoverished due to out-of-pocket health expenditure, based on the societal poverty line (%)","SH_UHC_FH40_FURTHER","","","","","","","","","","","","","","","","","","","","","","","","","","","","","","","","","","","","38.19","","","","","","","38.34","","","","","29.62","","","","","","","","","","","20.15","","","","","","",
"中国","CHN","Domestic private health expenditure (% of current health expenditure)","SH.XPD.PVTD.CH.ZS","","","","","","","","","","","","","","","","","","","","","","","","","","","","","","","","","","","","","","","","","77.99923706","76.86101532","74.46868134","71.49859619","69.63254547","67.0321579","64.71517944","60.79319382","55.32193375","50.49612808","47.97203445","46.20240021","44.20845795","42.89425659","41.55432129","39.81039047","41.89695358","43.32621002","43.58293152","44.02029419","45.27583313","45.93153","42.30011749","42.89730072","",
"中国","CHN","国内一般政府人均卫生支出，购买力平价（现价国际美元）","SH.XPD.GHED.PP.CD","","","","","","","","","","","","","","","","","","","","","","","","","","","","","","","","","","","","","","","","","28.6090566905307","30.9745185777498","38.9783503284321","49.041711589763","57.0565646563339","68.9699515891049","80.6802033397576","97.3729631750347","130.288315846178","176.523458284507","199.414917037573","235.585243692436","282.92186224386","321.225279897538","351.989309486743","389.589341827424","396.761450185217","417.1114201349","459.585130098305","513.451835250068","548.350454965911","586.117669780703","774.761855685711","848.975305692657","",
"中国","CHN","Domestic general government health expenditure (% of current health expenditure)","SH.XPD.GHED.CH.ZS","","","","","","","","","","","","","","","","","","","","","","","","","","","","","","","","","","","","","","","","","21.97528839","22.91764259","25.38583565","28.37373734","30.2440052","32.75773621","35.13990021","39.02609253","44.5223999","49.39831543","51.90623093","53.72208786","55.7352562","57.05029297","58.4154892","60.1810112","58.1014328","56.67334747","56.41641998","55.97903824","54.72392273","54.06824493","57.69316864","57.0976181","",
"中国","CHN","当前人均卫生支出，购买力平价（现价国际美元）","SH.XPD.CHEX.PP.CD","","","","","","","","","","","","","","","","","","","","","","","","","","","","","","","","","","","","","","","","","130.187399053032","135.155781107419","153.543707505455","172.841908847186","188.65413254274","210.545539764316","229.59713556472","249.507331917602","292.635423285932","357.347114226188","384.18302478276","438.525820943105","507.617392786971","563.056307637782","602.561598864816","647.362591709039","682.877229646934","735.992197794662","814.630086026044","917.221598271983","1002.03059995065","1084.03316408133","1342.90047786093","1486.88389429767","",
"中国","CHN","结核患病率（每十万人）","SH.TBS.INCD","","","","","","","","","","","","","","","","","","","","","","","","","","","","","","","","","","","","","","","","","107","104","100","97","94","91","88","85","82","81","76","75","73","70","67","65","63","62","61","58","58","55","52","52","49",
"中国","CHN","Prevalence of severe wasting, weight for height, male (% of children under 5)","SH.SVR.WAST.MA.ZS","","","","","","","","","","","","","","","","","","","","","","","","","","","","","","","1.4","","1.4","","","2.2","","","0.6","","0.5","","1","","","1","","","","","0.8","","","","","","","","","","","","","","",
"中国","CHN","消瘦患病率，女性（占5岁以下儿童中百分比）","SH.STA.WAST.FE.ZS","","","","","","","","","","","","","","","","","","","","","","","","","","","","","","","3.8","","3.7","","","4.2","","","2.1","","2.1","","2.7","","","2.4","","","","","2.1","","","1.9","","","","","","","","","","","",
"中国","CHN","Suicide mortality rate, male (per 100,000 male population)","SH.STA.SUIC.MA.P5","","","","","","","","","","","","","","","","","","","","","","","","","","","","","","","","","","","","","","","","","15.78","15.55","15.4","15.62","15.75","15.04","13.84","13.1","12.64","12.22","11.79","11.13","10.62","10.32","10.18","10.05","10.04","10","10.09","10.16","10.44","10.32","","","",
"中国","CHN","Prevalence of stunting, height for age, male (modeled estimate, % of children under 5)","SH.STA.STNT.ME.MA.ZS","","","","","","","","","","","","","","","","","","","","","","","","","","","","","","","","","","","","","","","","","21","19.6","18.3","16.9","15.5","14.3","13.1","12.1","11.1","10.3","9.4","8.6","8","7.5","7.1","6.8","6.5","6.2","5.9","5.6","5.3","5.1","5","4.9","4.8",
"中国","CHN","People using safely managed sanitation services (% of population)","SH.STA.SMSS.ZS","","","","","","","","","","","","","","","","","","","","","","","","","","","","","","","","","","","","","","","","","13.3858093262352","13.7504772758223","14.491259221439","16.5364387764442","18.7051197984871","20.9939612042147","23.3882028724168","25.889127392645","28.501813307527","31.2214617572585","34.0472448722741","36.9507351606304","39.938985055682","43.0189740054661","46.1899294516552","49.4481191914366","52.7910621464949","56.2128867884815","59.7009464232348","63.2498370764961","64.6096794852819","65.9328284024467","67.22023548234","68.4124157970869","68.869967958972",
"中国","CHN","Mortality rate attributed to unintentional poisoning, female (per 100,000 female population)","SH.STA.POIS.P5.FE","","","","","","","","","","","","","","","","","","","","","","","","","","","","","","","","","","","","","","","","","1.13","1.18","1.29","1.43","1.53","1.56","1.53","1.53","1.55","1.62","1.62","1.61","1.55","1.51","1.47","1.44","1.41","1.37","1.33","1.28","1.21","1.22","","","",
"中国","CHN","Prevalence of overweight, weight for height, male (modeled estimate, % of children under 5)","SH.STA.OWGH.ME.MA.ZS","","","","","","","","","","","","","","","","","","","","","","","","","","","","","","","","","","","","","","","","","6.9","6.9","6.9","6.9","6.9","6.9","6.9","6.9","6.9","7","7.1","7.2","7.3","7.5","7.7","7.9","8.1","8.4","8.7","9","9.4","9.9","10.5","11.1","11.8",
"中国","CHN","Diarrhea treatment (% of children under 5 who received ORS packet)","SH.STA.ORTH","","","","","","","","","","","","","","","","","","","","","","","","","","","5","5","","40","","","","","11.3000001907349","","","","","","","","","","","","","","","","","","","","","","","","","","","","","","",
"中国","CHN","People practicing open defecation, rural (% of rural population)","SH.STA.ODFC.RU.ZS","","","","","","","","","","","","","","","","","","","","","","","","","","","","","","","","","","","","","","","","","3.85217391304349","3.85217391304349","3.66500000000002","3.47782608695655","3.29065217391303","3.10347826086957","2.9163043478261","2.72913043478263","2.54195652173911","2.35478260869564","2.16760869565218","1.98043478260871","1.79326086956524","1.60608695652172","1.41891304347826","1.23173913043479","1.04456521739132","0.857391304347857","0.670217391304334","0.483043478260868","0.295869565217401","0.108695652173935","0","0","0",
"中国","CHN","营养不良患病率，基于年龄相应的体重，男性（占5岁以下儿童百分比）","SH.STA.MALN.MA.ZS","","","","","","","","","","","","","","","","","","","","","","","","","","","","","","","13.1","","13.8","","","11.6","","","7.2","","7.3","","7.2","","","4.7","","","","","3.5","","","2.5","","","","","","","","","","","",
"中国","CHN","People with basic handwashing facilities including soap and water, rural (% of rural population)","SH.STA.HYGN.RU.ZS","","","","","","","","","","","","","","","","","","","","","","","","","","","","","","","","","","","","","","","","","","","","","","","","","","","","","","","","","","95.3","95.3","95.3","95.3","95.3","95.3","95.3","95.3",
"中国","CHN","在熟练医护人员护理下的分娩（占总数的百分比）","SH.STA.BRTC.ZS","","","","","","","","","","","","","","","","","","","","","","","","","","","","","","","94","93.7","84.1","83.6","90.4","89.3","93.1","93.8","","96.8","96.6","97.3","96.7","95.9","97.3","97.5","97.8","98.4","99.1","99.3","99.6","99.7","99.8","99.9","99.9","99.9","99.9","","","","","","","","",
"中国","CHN","People using at least basic sanitation services, rural (% of rural population)","SH.STA.BASS.RU.ZS","","","","","","","","","","","","","","","","","","","","","","","","","","","","","","","","","","","","","","","","","45.1169035810277","45.1647650854886","47.3909077554377","49.6216622261868","51.8570284977342","54.0970065700816","56.3415964432272","58.5907981171728","60.8446115919167","63.1030368674607","65.3660739438028","67.633722820945","69.9059834988854","72.182855977625","74.4643402571646","76.7504363375024","79.0411442186402","81.3364639005763","83.6363953833124","85.9409386668468","88.2500937511811","90.5638606363138","92.8822393222464","95.2052298089773","95.2052298089773",
"中国","CHN","Mortality rate attributed to household and ambient air pollution, age-standardized, male (per 100,000 male population)","SH.STA.AIRP.MA.P5","","","","","","","","","","","","","","","","","","","","","","","","","","","","","","","","","","","","","","","","","","","","","","","","","","","","","","","","","","","","121.5","","","","","",
"中国","CHN","Specialist surgical workforce (per 100,000 population)","SH.SGR.CRSK.ZS","","","","","","","","","","","","","","","","","","","","","","","","","","","","","","","","","","","","","","","","","","","","73.8","70.6","65.6","59.7","48.5","45.1","38","32.7","26.7","23.3","17.6","14.4","11.4","10.4","9.7","8","6.7","6.2","7.5","3.7","","",
"中国","CHN","孕妇贫血患病率(%)","SH.PRG.ANEM","","","","","","","","","","","","","","","","","","","","","","","","","","","","","","","","","","","","","","","","","28.7","27.6","26.7","25.7","24.7","23.8","22.8","21.9","21","20.1","19.2","18.6","18.1","17.6","17.2","16.9","16.5","16.2","15.8","15.3","14.9","14.6","14.3","14.2","",
"中国","CHN","服用治疗疟疾药物的发烧儿童（占 5 岁以下发烧儿童的百分比）","SH.MLR.TRET.ZS","","","","","","","","","","","","","","","","","","","","","","","","","","","","","","","","","","","","","","","","","","","","","","","","","","","","","","","","","","","","","","","","","",
"中国","CHN","内科医生（每千人）","SH.MED.PHYS.ZS","","","","","","1.07","0.96","0.94","0.91","0.88","0.86","0.85","0.86","0.89","0.92","0.96","1","1.03","","1.12","","1.25","1.3","1.32","1.33","","1.35","1.37","1.47","1.54","1.13","","","","","1.192","1.199","1.213","1.21","1.239","1.263","1.28","1.137","1.185","1.215","1.239","1.273","1.294","1.343","1.419","1.46","1.485","1.562","1.658","1.711","1.797","1.888","2.003","2.122","2.255","2.385","2.517","3.112","","",
"中国","CHN","麻疹免疫接种率（占 12 - 23 个月年龄组的百分比）","SH.IMM.MEAS","","","","","","","","","","","","","","","","","","","","","","","","78","84","88","63","77","95","95","98","92","87","81","75","80","84","83","83","84","84","85","85","85","86","86","93","94","97","99","99","99","99","99","99","99","99","99","99","99","99","99","99","95","95",
"中国","CHN","Incidence of HIV (% of uninfected population ages 15-49)","SH.HIV.INCD.ZS","","","","","","","","","","","","","","","","","","","","","","","","","","","","","","","","","","","","","","","","","","","","","","","","","","","","","","","","","","","","","","","","","",
"中国","CHN","Adults (ages 15+) and children (ages 0-14) newly infected with HIV","SH.HIV.INCD.TL","","","","","","","","","","","","","","","","","","","","","","","","","","","","","","","","","","","","","","","","","","","","","","","","","","","","","","","","","","","","","","","","","",
"中国","CHN","艾滋病病毒感染率，男性（占15-24岁的百分比）","SH.HIV.1524.MA.ZS","","","","","","","","","","","","","","","","","","","","","","","","","","","","","","","","","","","","","","","","","","","","","","","","","","","","","","","","","","","","","","","","","",
"中国","CHN","People using safely managed drinking water services, urban (% of urban population)","SH.H2O.SMDW.UR.ZS","","","","","","","","","","","","","","","","","","","","","","","","","","","","","","","","","","","","","","","","","91.6554815665206","91.6554815665206","91.606688877425","91.5578961883294","91.5091034992338","91.4603108101382","91.4115181210425","91.3627254319469","91.3139327428513","91.2651400537557","91.2163473646601","91.6204774841995","92.0241227970144","92.4272833031047","92.8299590024704","93.2321498951113","93.6338559810278","94.0350772602197","94.4358137326869","94.8360653984296","95.2358322574477","95.6351143097411","96.03391155531","96.4322239941542","96.4322239941542",
"中国","CHN","People using at least basic drinking water services, rural (% of rural population)","SH.H2O.BASW.RU.ZS","","","","","","","","","","","","","","","","","","","","","","","","","","","","","","","","","","","","","","","","","70.7250963391042","70.7250963391042","71.6775121763504","72.6276245445685","73.5754334437584","74.5209388739201","75.4641408350536","76.4050393271589","77.343634350236","78.2799259042849","79.2139139893056","80.1455986052981","81.0749797522624","82.0020574301985","82.9268316391064","83.8493023789862","84.7694696498377","85.687333451661","86.6028937844561","87.5161506482231","88.4271040429618","90.0018961877991","92.0714568873306","93.8294340242105","93.8294340242105",
"中国","CHN","Mortality from CVD, cancer, diabetes or CRD between exact ages 30 and 70, male (%)","SH.DYN.NCOM.MA.ZS","","","","","","","","","","","","","","","","","","","","","","","","","","","","","","","","","","","","","","","","","28.3","28","27.8","27.8","27.7","26.9","25.5","24.8","24.7","24.5","24.4","24.1","23.9","23.3","22.4","22","21.7","21.1","20.7","20.4","20.5","20.1","","","",
"中国","CHN","死亡率，五岁以下儿童（每千例活产儿）","SH.DYN.MORT","","","","","","","","","","119.1","113.1","107.3","101.7","96.1","90.5","85","79.7","74.7","70.1","66.2","62.8","60","57.8","56.1","55","54.3","54","54","54","53.9","53.7","53.1","52.2","50.8","49.3","47.5","45.6","43.6","41.4","39.1","36.7","34.2","31.5","28.9","26.4","24","21.9","20.1","18.5","17.1","15.8","14.6","13.5","12.5","11.5","10.7","9.9","9.2","8.6","8","7.5","7","6.6","6.2","",
"中国","CHN","Probability of dying among adolescents ages 15-19 years (per 1,000)","SH.DYN.1519","","","","","","","","","","","","","","","","","","","","","","","","","","","","","","","5","4.9","4.7","4.5","4.3","4.1","3.9","3.7","3.6","3.4","3.2","3","2.9","2.7","2.6","2.5","2.3","2.2","2.1","2","1.9","1.8","1.7","1.7","1.6","1.6","1.5","1.5","1.4","1.4","1.4","1.3","1.3","1.2","",
"中国","CHN","Intentional homicides, male (per 100,000 male)","VC.IHR.PSRC.MA.P5","","","","","","","","","","","","","","","","","","","","","","","","","","","","","","","","","","","","","","","","","","","","","","","","","","","","","","","","","","","","","","","","","",
"中国","CHN","因战死亡（人数）","VC.BTL.DETH","","","","","","","","","","","","","","","","","","","","","","","","","","","","","","","","","","","","","","","","","","","","","","","","","36","2","","","","","","5","","","","","","","","1","",
"中国","CHN","Voice and Accountability: Percentile Rank","VA.PER.RNK","","","","","","","","","","","","","","","","","","","","","","","","","","","","","","","","","","","","","12","","8.95522403717041","","9.95024871826172","","6.46766185760498","7.46268653869629","8.17307662963867","7.692307472229","5.76923084259033","4.807692527771","5.76923084259033","4.7393364906311","5.21327018737793","5.63380289077759","4.6948356628418","4.6948356628418","5.41871929168701","4.92610836029053","7.38916254043579","7.88177347183228","9.22330093383789","6.7632851600647","4.8309178352356","5.31400966644287","6.28019332885742","7.35294103622437","",
"中国","CHN","交通服务（占商业服务出口比例）","TX.VAL.TRAN.ZS.WT","","","","","","","","","","","","","","","","","","","","","","","53.0290791599354","54.3795620437956","45.0233560905498","44.5128205128205","36.40642303433","31.7741554453107","43.6771870366448","38.9487870619946","47.0772442588727","29.2977855477855","22.8260869565217","17.5582241630277","18.8271982389629","18.1882651942815","14.9268245247241","5.14047142732887","3.68808428074339","3.6662778190192","4.68096784977887","5.16860698514653","5.6188993128849","13.7935061263043","15.3177810636836","19.7841704745387","22.4780924683363","23.2428852220618","23.6201489482679","16.5252311931344","19.286102370841","17.7588229391381","19.3992854021736","18.294291744285","17.5356039239762","17.8400890212963","16.3264577491775","17.6431348805748","18.2493780017489","19.0191128044867","25.0420069535085","38.0673366869363","39.517907204254","26.6112041381926","29.4777055709453",
"中国","CHN","计算机、通信和其他服务（占商业服务出口额的百分比）","TX.VAL.OTHR.ZS.WT","","","","","","","","","","","","","","","","","","","","","","","10.4200323101777","6.28548256285482","13.798059647862","15.3162393162393","23.2834994462902","22.2773446728089","10.9510696886253","20.1707097933513","18.7369519832985","31.5413752913753","33.0808080808081","35.7259825327511","25.9997554115201","24.3935960794272","34.881120241163","73.5061320344438","75.4453762647724","74.4981592861363","74.3856681014724","74.6275480619118","74.101781792544","54.9837387135545","51.4080216095645","41.7534940119005","40.4606958330091","48.2879198380863","50.224837397846","54.2830112224912","53.1623961031775","56.1140738340654","53.0597461580383","53.1092600563392","58.0939044758716","57.9939399018831","58.7355481790101","60.5690212855287","60.7646288615897","62.634882098328","67.1058354809054","55.7425786689893","54.3857591550619","63.3852959909666","58.4242190466139",
"中国","CHN","报告经济体的商品出口，剩余（占商品出口总额的百分比）","TX.VAL.MRCH.RS.ZS","","0.107158165452207","","","","","","","","","","","","","","","","","0","0","0","0.0776883821879962","0.0736499489201967","0.0131334546614383","0.0126229687539447","0.0412962342509413","0.00819232856699106","0.0378042437274448","0.0435408484245332","0.00924047355277767","0.0225488372021883","0.0470139251527687","0.07059616762814","0.0717715262895061","0.0398461072529622","0.0466010768924028","0.0349298764889184","0.0650990158035459","0.0926628479925133","0.0824870047254615","0.102998578211333","0.166411283181421","0.102312120031221","0.0454852146450527","0.100391673904929","0.109947333360211","0.175469362978914","0.232952847065643","0.23460703380829","0.234158688744861","0.231775533874301","0.344206774360155","0.456530414116147","0.27459047790184","0.241689275425877","0.233470319404575","0.12056788082716","0.0769661020194814","0.0458919077060054","0.061635041365858","0.058548522670135","0.0650322343615623","0.0839375736057904","0.102547265321339","",
"中国","CHN","向拉丁美洲和加勒比地区的发展中经济体的商品出口（占商品出口总额的百分比）","TX.VAL.MRCH.R3.ZS","","0.171453064723532","","","","","","","","","","","","","","","","","0.97045530117366","1.83027577631288","2.49468724013675","2.5146758209477","2.59818013352023","2.29600930599073","2.15600306317375","2.2767471034198","1.377676587349","1.07701877342657","0.6380067177309","0.854363457503167","0.932833312420604","0.788902135040964","0.846840793914134","1.20024914178226","1.22517635054169","1.34012023631509","1.30513125102816","1.49356171617085","1.77107973634477","1.62067235550279","1.7921994417759","2.06805756135582","2.00865082678714","1.89677337063187","2.18265449673995","2.14183846665579","2.65147491500252","2.99972728806266","3.57643509354774","3.33687657441557","4.06399144108604","4.49241266358285","4.52019150050567","4.5183392155882","4.39314955213472","4.36561770187973","4.18639207280404","4.57548819097891","4.82731379521976","4.94768959118979","4.67249989914793","5.47922477310405","5.78284366895141","5.99792227216724","",
"中国","CHN","向高收入经济体的商品出口（占商品出口总额的百分比）","TX.VAL.MRCH.HI.ZS","","82.8118302614659","","","","","","","","","","","","","","","","","86.0330792251136","86.0783211542065","85.3170716683606","80.6128642249856","77.7425102753558","78.5146062777913","80.8395957283874","84.5536500416858","85.2125055895575","84.4072240960496","86.5441006593328","90.6830056416257","89.7711074021445","90.9789387522052","91.0350685688547","89.9358750395102","90.6002448892874","89.0772481161503","89.6806112120046","89.2078977369637","89.0182461298404","89.0309571702735","88.1146090858265","87.5283023752771","87.0108343268944","86.7213488648243","86.1070850028419","85.4344507866478","83.9382155156205","81.8032072824176","79.4747897107016","78.4349850509183","77.5585971552891","76.3819809663001","75.5722944929562","74.621098397912","73.4047641060796","72.9790413393489","72.6568869325293","72.032825322013","71.7700842563657","69.9021687721497","70.8636322462359","69.4428915733016","67.4104099429912","65.6824152432495","",
"中国","CHN","制造业出口（占商品出口的百分比）","TX.VAL.MANF.ZS.UN","","","","","","","","","","","","","","","","","","","","","","","","","47.6535194248227","26.4304964176617","28.8498460058666","58.2542179002807","","","","","78.6524482792981","80.5615509279247","82.2776687749031","84.0394163896163","84.2660536186756","85.3035094172394","87.3900099545429","88.2752602765214","88.2293171765186","88.6287487047227","89.8595609635985","90.5944711080778","91.4149282186294","91.9176727400031","92.4180993276338","93.126746738674","93.0643514805815","93.6054445336518","93.5899998443316","93.3409925707617","93.9614842619085","94.0381521516055","94.0039246038441","94.3003313730696","93.7167028020422","93.511711476449","93.2388307531011","92.8740842473991","93.5416579304527","93.4459167956813","92.6463369453287","91.8821582914508","91.1612165960274",
"中国","CHN","食品出口（占商品出口的百分比）","TX.VAL.FOOD.ZS.UN","","","","","","","","","","","","","","","","","","","","","","","","","15.270338764703","12.5662305455292","12.4172290099535","14.5895959828337","","","","","11.3454656706466","10.8349466595005","10.0643214272187","8.26668027226874","8.22749958086814","7.13949408965145","6.62733032876259","6.01937259767926","5.44109189282891","5.34469417113335","4.96429041632981","4.39081304846039","3.50822431553219","3.23318603274755","2.87574897195115","2.7179629212786","2.50839747104731","2.93917994564661","2.79842412282257","2.8533578308062","2.74883850345704","2.71536299807791","2.71077586075201","2.77868735771079","3.1561810897063","3.04846225436294","2.91056514656763","2.8745063704736","2.68970992010765","2.32278572074659","2.30024438523057","2.45628079906291","2.42684855512431",
"中国","CHN","Medium and high-tech exports (% manufactured exports)","TX.MNF.TECH.ZS.UN","","","","","","","","","","","","","","","","","","","","","","","","","","","","","","","28.4444035033143","28.4444035033143","28.4444035033143","29.1798379309591","30.9322609072854","35.36764970505","36.6380549357878","37.1532697882413","40.0418658696007","42.3334489097155","45.4913414671426","47.3570329528504","49.9512601445572","53.9594494474179","57.0062715846974","57.6720821580887","57.9368884948273","58.3443371555774","58.1389909834921","59.7671520192021","60.5223950504802","58.9631004190853","58.4439359803988","58.3199925304497","57.3405511927563","58.7219450540285","59.1277377177821","59.9562754973057","60.6146554296538","60.296574024757","61.3610487631533","62.1446667016459","60.4747948650675","","",
"中国","CHN","商业服务进口额（现价美元）","TM.VAL.SERV.CD.WT","","","","","","","","","","","","","","","","","","","","","","","1865000000","1840000000","2634000000","2261000000","2025000000","2335000000","3326000000","3573000000","4113000000","3937000000","9207000000","11563000000","15781000000","24634610000","22369000000","28035000000","26999000000","31485000000","36095882000","39222000000","46314344469.7188","55092530376.451","72349629243.2897","83347845619.4843","100331799980.074","129273335286.788","158028585166.441","158080004099.505","192254115228.356","246779284480.071","280260290595.055","329418758248.429","430856051643.21","433153679948.94","438364748793.044","468540008742.412","521263056127.827","501827153381.384","377856148811.975","437294788194.45","456297917270.82","534568896808.97","609936333483.19",
"中国","CHN","报告经济体的商品进口（现价美元）","TM.VAL.MRCH.WL.CD","","657900000","","","","","","","","","","","","","","","","","9518500000","14163300000","18168600000","20554400000","17729100000","19926200000","24175000000","39410100000","39758900000","40230000000","50490200000","53112983000","50379664027.5999","60901391000","79503634000","101384348000","112830907000","128697377000","135471637000","139252042000","137358700000","161570422000","217550149000","234787695000","280308353000","387955416000","521954446648","604990747000","718360702000","870496662900","1039426206000","917442453999.999","1268211082021","1605206666538","1654181926470","1770644245598","1796035487300","1457431008809","1458996140000","1698824605146","1986685501910","1938222264420","1933294800450","2519858236545","2590618797360","2456060333998","",
"中国","CHN","从中东和北非地区发展中经济体的商品进口（占商品进口总额的百分比）","TM.VAL.MRCH.R4.ZS","","3.40477276181791","","","","","","","","","","","","","","","","","1.81961443504754","0.963758446124844","1.57139240227646","1.09806172887557","1.39713803859192","1.1161184771808","0.779731127197518","0.319714996917034","0.25176752877972","0.315933383047477","0.366803855005526","0.549385448751768","0.429795787807977","0.319224235781413","0.453184316077929","0.807178835928402","0.348845906201924","0.605783131073448","0.800641391821375","0.996210166885739","0.954645027945081","0.984729123254998","1.57279414228303","1.40191418464243","1.16870937485049","1.39812457212867","1.43773178755211","1.9615855381008","2.14442340137921","2.21861607552407","2.76341377908265","2.52879054145014","2.73506833702512","3.13564856596043","3.15839855181416","3.01422137889562","3.08469019386063","2.27913835798955","1.90865330185178","2.18772878050032","2.71810290597501","2.38887292442982","1.57352518110115","1.63251083987182","2.06260302690819","1.87265051490537","",
"中国","CHN","从地区外的发展中经济体的商品进口（占商品进口总额的百分比）","TM.VAL.MRCH.OR.ZS","","11.3999088007296","","","","","","","","","","","","","","","","","9.52460997005831","8.71618902374447","7.3869202910516","8.57383333982018","8.64454484435194","10.0420551836276","5.79027921406412","5.31285127416576","4.68775544595047","3.74223216505096","5.3477704584256","6.19681632266823","4.23839077827452","3.44992776930169","3.57138140377332","4.8807494427049","4.60849969060339","5.10629055011743","5.7584083080062","6.70197137934968","5.23665847157843","5.15745883240931","7.49960506807099","7.24890160874913","7.21832395768813","8.79216724222765","9.99730796626215","11.1769990425986","11.8043812480154","13.2104892300099","16.0506712296611","14.5820512683622","15.65361724025","17.2443053824962","17.9302393964573","17.5298911893039","17.1644857427311","13.8126110366286","13.139747580141","14.365134710833","15.7934713963707","16.2444139606568","14.9078228934829","15.2465742471596","15.7026124682855","16.7013698495867","",
"中国","CHN","矿石和金属进口（商品进口的百分比）","TM.VAL.MMTL.ZS.UN","","","","","","","","","","","","","","","","","","","","","","","","","5.53181076166459","3.89932810478477","2.46644112410552","2.88698260688037","","","","","4.79656905080848","3.87127656833615","3.40382930691764","4.44077745672435","4.50881051841877","4.81826685796706","5.01652885106917","5.30547247468521","5.9476367062187","5.96991364531215","5.38876077573233","5.76530637745698","7.62087965381921","8.98847446297035","9.38460626100297","11.9551638497661","13.1937594645047","13.6324889033921","14.3280465844509","14.7428453015328","13.1052293749006","12.7049447717957","11.5069269700058","10.1847186830502","10.1746623168651","11.3030417640502","10.6877632185583","11.8954357947066","13.7586200032388","15.2526592617784","13.486386265081","14.5899128016354","15.097224882394",
"中国","CHN","燃料进口（占商品进口的百分比）","TM.VAL.FUEL.ZS.UN","","","","","","","","","","","","","","","","","","","","","","","","","0.505089453203504","0.405013450278823","1.19040481956544","1.22408754096653","","","","","4.43041974985852","5.59701652049203","3.48946544916885","3.88147740369104","4.95381292810513","7.23865151367814","4.83136732094746","5.3782428357329","9.46701532537761","7.43619298182143","6.880289255281","7.52757140792314","9.18218994831712","10.5722384608746","12.3926833159459","12.0774574677806","16.2711291977477","13.484738554153","14.6570367951992","17.01185965091","18.6846299600296","17.5824320123903","17.4581920006584","12.9271912758671","12.0917339150655","14.5851037046112","17.4688169187818","17.8562823008297","14.0746971565506","16.0586526598696","20.6343617882309","21.0332541381132","20.4222505719016",
"中国","CHN","初级产品最惠国加权平均税率（%）","TM.TAX.TCOM.WM.FN.ZS","","","","","","","","","","","","","","","","","","","","","","","","","","","","","","","","","13.96","13.94","12.81","","24.98","19.89","17.55","16.67","18.82","19.18","6.08","5.73","6.22","3.55","3.69","3.28","2.31","2.07","2.14","1.97","","","1.99","2.6","3.27","3.77","2.94","2.48","3.11","2.99","2.77","","",
"中国","CHN","约束税率，简单均值，初级产品（百分比）","TM.TAX.TCOM.BR.ZS","","","","","","","","","","","","","","","","","","","","","","","","","","","","","","","","","","","","","","","","","","11.32","11.27","11.27","11.27","11.27","11.27","11.28","11.28","11.28","11.28","11.28","","","11.37","11.37","11.37","11.43","11.43","11.43","11.43","11.43","","","",
"中国","CHN","所有产品最惠国简单平均税率（%）","TM.TAX.MRCH.SM.FN.ZS","","","","","","","","","","","","","","","","","","","","","","","","","","","","","","","","","42.09","39.08","35.51","","23.7","17.51","18.28","17.12","16.99","15.88","13.11","11.36","10.52","9.81","9.87","10.01","9.7","9.62","9.74","9.8","","","9.67","11.04","10.93","11.01","9.86","7.45","7.56","7.49","7.42","","",
"中国","CHN","工业产品最惠国加权平均税率（%）","TM.TAX.MANF.WM.FN.ZS","","","","","","","","","","","","","","","","","","","","","","","","","","","","","","","","","36.41","33.28","30.72","","18.43","14.85","15.1","14.03","13.74","13.04","8.11","6.67","5.88","5.35","4.66","6.38","6.25","4.9","7.01","10.13","","","7.87","7","5.04","5.61","5.17","3.87","3.46","3.24","3.09","","",
"中国","CHN","约束税率，简单均值，制成品（百分比）","TM.TAX.MANF.BR.ZS","","","","","","","","","","","","","","","","","","","","","","","","","","","","","","","","","","","","","","","","","","9.64","9.63","9.63","9.63","9.63","9.63","9.55","9.55","9.55","9.55","9.55","","","9.51","9.51","9.51","9.53","9.53","9.53","9.53","9.53","","","",
"中国","CHN","国际旅游，支出（占总进口的百分比）","ST.INT.XPND.MP.ZS","","","","","","","","","","","","","","","","","","","","","","","","","","","","","","","","","","","","","","9.43618295141696","10.1951254524388","9.74564544669289","8.79156471423692","8.30636939851957","7.97123832687992","4.07553165362389","3.85837919915505","","","","","","","","","","","","","","","","","","","","",
"中国","CHN","国际旅游，客运项目支出（现价美元）","ST.INT.TRNX.CD","","","","","","","","","","","","","","","","","","","","","","","","","","","","","","","","","","","","","","1090000000","738000000","757000000","1055000000","1083000000","1361000000","1529000000","2211000000","","","","","","","","","","","","","","","","","","","","",
"中国","CHN","国际旅游，离境人数","ST.INT.DPRT","","","","","","","","","","","","","","","","","","","","","","","","","","","","","","","","","","","","4520000","5061000","5324000","8426000","9232000","10473000","12133000","16602000","20222000","28853000","31026000","34524000","40954000","45844000","47656000","57386000","70250000","83182000","98185000","116593000","127860000","135130000","143035000","149720000","154632000","20334000","","","","",
"中国","CHN","城镇人口","SP.URB.TOTL","131717278","127405724","115344340","114879915","127798959","128616573","131340439","133860306","136471712","139300169","142223062","145179409","147681368","151700685","154535692","158946242","162279250","165586908","171298938","183733652","190272409","200332315","207429825","221276090","238617693","249169098","261629348","274470133","284382176","293200950","297369675","310022970","319899240","329846252","339789820","349894476","371107586","392516368","414187388","435697538","460007123","478975457","500505578","522191502","541241096","560469200","581345729","604767464","622448838","643553786","658606042","697132024","719079105","742829499","764815456","791070763","816574579","841083668","862700183","882795695","896379022","914094603","920987153","924440306","928439823",
"中国","CHN","农村人口","SP.RUR.TOTL","535352722","532924276","550425660","567455085","570556041","586568427","604059561","620689694","638038288","656724831","676091938","695925591","714348632","730239315","745814308","757448758","768405750","777868092","784866062","785271348","790962591","793552685","801200175","802033910","798207307","801870902","805160652","809564867","817247824","825449050","837815325","840757030","845070760","848593748","852045180","854960524","846442414","837558632","827747612","817037462","802637877","792874543","779894422","766208498","754833904","743250800","729674271","713117536","702206162","687706214","679098958","647902976","635110895","620410501","607044544","588789237","571215421","555131332","540059817","524949305","514720978","498265397","491187847","486269694","480535177",
"中国","CHN","农村出生登记完整性（百分比）","SP.REG.BRTH.RU.ZS","","","","","","","","","","","","","","","","","","","","","","","","","","","","","","","","","","","","","","","","","","","","","","","","","","","","","","","","","","","","","","","","","",
"中国","CHN","Population, male","SP.POP.TOTL.MA.IN","341011330","337310877","339877862","348167169","356198706","364646229","374829786","384485211","394580628","405501096","416835310","428444433","439112280","449252980","458604540","466728314","473959602","480410995","486817376","493295797","499472148","505869564","513347110","520796989","527661546","534909219","542972673","551837452","560909187","569723655","578352840","586507148","593915998","600951517","607940432","614729283","621344315","627871814","634060140","639715135","644931057","649783015","654286852","658502230","662546994","666566056","670397796","674017492","677590179","681059114","684433912","688232696","692938430","697569984","701947368","705965479","709903858","714009290","717099161","719412319","720786535","721006989","720456300","719169536","717753173",
"中国","CHN","每100万人中研发技术人员的数量","SP.POP.TECH.RD.P6","","","","","","","","","","","","","","","","","","","","","","","","","","","","","","","","","","","","","","","","","","","","","","","","","","","","","","","","","","","","","","","","","",
"中国","CHN","老年抚养比（占工作年龄人口的百分比）","SP.POP.DPND.OL","7.1202030354051","6.91202779634624","6.80204878276269","6.74818248979032","6.68984754648705","6.64005591752369","6.62146060924671","6.61110716642259","6.62022312249159","6.65207373585594","6.68085455591828","6.72407658099456","6.75941727172121","6.81390266999895","6.93619662913053","7.08133419354455","7.21150674122128","7.28533665202906","7.29883315156746","7.33346804988949","7.38609432401262","7.43049191546648","7.48430991423781","7.51606331810249","7.53593431483804","7.58371688648312","7.64859370836334","7.72231937209932","7.81425994136013","7.94975352579518","8.11631110135323","8.27447769568534","8.44667037129978","8.66066195616354","8.87951753961636","9.1005945326547","9.31560192180929","9.51684122628328","9.75871403617088","10.0195169763491","10.2537068693229","10.4573858613371","10.6238297448667","10.7699657260215","10.8858354156327","10.9859070267137","11.1311997267598","11.3093975872181","11.4806163821237","11.6643228478839","11.8870971882945","12.1693852973614","12.5172449405952","12.9340399474292","13.4243128881013","14.0355167465737","14.7333475757794","15.5392612055647","16.4153050771481","17.2944746246392","18.2208231849821","19.0800204763786","19.945983165379","20.7196179586136","21.1537871680053",
"中国","CHN","Population ages 80 and above, female (% of female population)","SP.POP.80UP.FE.5Y","0.455711421804436","0.439966248966322","0.436386988192524","0.43397153166928","0.426927852900219","0.419727721565659","0.415251440774186","0.414632458881069","0.416899584765566","0.419142754810027","0.419895344814449","0.421302110097475","0.429093649789013","0.444507314928584","0.463731198064967","0.484692938475329","0.505444115231265","0.526628527571021","0.549951115158143","0.573096247429293","0.599836066487499","0.63278816628609","0.667769158698625","0.705778391061925","0.745014891923101","0.781985900637453","0.816134665189345","0.845051172936862","0.874237022567371","0.907114118276208","0.935654051798455","0.959699224968407","0.987095529227868","1.02531921605898","1.07479176839118","1.12741557952641","1.18086347807862","1.23499578294446","1.28700337935571","1.33997530245946","1.3990228211359","1.46035107906293","1.52003950950447","1.58198846853482","1.65261079881115","1.72601184159694","1.78866040952897","1.84825957444197","1.91662353643521","1.98556512384519","2.05550742528407","2.12406687501058","2.19263522296318","2.27489496835348","2.36357085019844","2.45204829448556","2.53637935614499","2.6098105606261","2.67965525567291","2.74556343990827","2.81809140992244","2.89834148438124","2.979442238142","3.0574323499788","3.142249652162",
"中国","CHN","Population ages 70-74, female (% of female population)","SP.POP.7074.FE.5Y","1.37462890240495","1.33903119071524","1.32122941595898","1.31002546253723","1.30354246635024","1.30678507453072","1.30946017753629","1.30354048881763","1.28913126020857","1.27173171081458","1.26705117529483","1.28364600745307","1.31287059025372","1.35122034814492","1.39640215571172","1.43698986238459","1.4660845139389","1.48323242456637","1.49684092903269","1.51546490452084","1.52923634774825","1.53048429474698","1.53312748011319","1.55184318261586","1.58336606253275","1.61726275447983","1.65404520879375","1.68849024108202","1.70583289482349","1.71231779070108","1.72829634850714","1.75452191761202","1.78354053415579","1.82244756975067","1.87689972880791","1.92915502067756","1.96337963060584","1.99778043697062","2.04614938391735","2.085991751295","2.12286356359986","2.17091929607183","2.22430641119298","2.28647698694414","2.35514201768209","2.41916131454242","2.47740571558263","2.51968245668176","2.53060869188372","2.51766378072051","2.50824753149249","2.521247540216","2.54431379859017","2.5679771253155","2.61164957588741","2.67775049640351","2.76370563483215","2.88215992379158","3.05064220840314","3.26555196995155","3.54636387693466","3.85857513192044","4.20791126340931","4.55831393560269","4.85071615683039",
"中国","CHN","Population ages 65 and above, male","SP.POP.65UP.MA.IN","11151978","10744560","10629249","10666263","10676098","10762570","10991222","11287179","11636761","12018997","12426694","12878659","13336204","13821396","14358589","14903694","15426621","15966521","16616305","17361392","18087822","18778000","19482533","20183363","20901272","21706183","22568752","23431952","24338738","25353410","26412050","27450751","28566111","29821530","31128221","32495644","33903408","35348522","36955567","38612803","40194184","41737993","43258189","44724020","46041129","47305850","48624698","49884402","51033314","52169754","53422425","54926182","56738063","58783979","61045089","63737152","66735874","70097905","73683173","77305638","81100253","84629178","88159720","91238067","93044774",
"中国","CHN","Population ages 65-69, female (% of female population)","SP.POP.6569.FE.5Y","2.05482247209265","2.0518842261924","2.03347661674344","1.98754613456723","1.93837841899016","1.91319158367233","1.91865951440079","1.94259930541003","1.97466568790743","2.0108605080529","2.03686027709504","2.0457630795096","2.03987044703268","2.03002527178374","2.03160080624661","2.03336551567444","2.0233204673324","2.02031434565857","2.03822363011256","2.06876954485034","2.10307096975065","2.1433713187944","2.18103547580032","2.19685851089814","2.19874595520732","2.21228564397851","2.23211899311333","2.24617212164886","2.27070505531435","2.31265699954417","2.34770686786588","2.36474665477553","2.3887737605377","2.43119443451783","2.46527218437392","2.49800789539411","2.54572210345193","2.59949354650205","2.6623990032304","2.73278875863097","2.7976915166491","2.85657559677468","2.898831884216","2.90608989488933","2.88692747963422","2.87065558310487","2.87825068802977","2.89891676482465","2.92035028189071","2.96250012152058","3.02795848420209","3.11535296876086","3.23956380932757","3.41639795222133","3.63950075778869","3.92816326769102","4.24187917084721","4.58698640733652","4.93207612764106","5.22231987386338","5.46066950582662","5.61130919444539","5.71150415193642","5.73866563272011","5.58064382403296",
"中国","CHN","Population ages 55-59, female (% of female population)","SP.POP.5559.FE.5Y","3.55453112481657","3.59279597637303","3.57672158191402","3.50646193147159","3.44491489472573","3.38651685418926","3.30706359024916","3.2416938722627","3.2020012988387","3.17796735261455","3.16502507270338","3.16892982204164","3.17987903647188","3.1614497596973","3.12493316325528","3.11506732411278","3.12405149462761","3.13419918294017","3.16237940147077","3.21255045115031","3.25374823273318","3.26315760552579","3.2693558832407","3.29794899929726","3.31382366189156","3.32201833809017","3.34542130510806","3.37104601895088","3.4056760542938","3.44961050103809","3.48492469686644","3.51974697604395","3.54274125065789","3.52496074285633","3.47808207961058","3.43704726891913","3.42566406622178","3.43172999028609","3.44190934480655","3.47978816180263","3.54499817333084","3.63490339790534","3.77202751997848","3.97350796655144","4.2272770600981","4.55007104005236","4.89839613288803","5.28463605433483","5.66320815146318","5.96883107266375","6.20891779288026","6.34287669982582","6.40876512172626","6.38693107401941","6.16242859196691","5.77980023609089","5.39278721008678","5.25410530372153","5.63171992478896","6.30479411188698","7.01431572973728","7.75257391933406","8.17547655248523","8.21729277671601","8.27598080536129",
"中国","CHN","Population ages 45-49, female (% of female population)","SP.POP.4549.FE.5Y","4.62472310792203","4.69050041822509","4.71647591070725","4.63239244580489","4.51000423250611","4.43006259316868","4.37468525193827","4.32514970310637","4.29350683580006","4.2878731173423","4.275827941323","4.23055100645887","4.19533607283305","4.19219226323791","4.1766522661609","4.16560948883316","4.18685180717288","4.22190049202685","4.27039664891244","4.32687658403074","4.37223005953533","4.40542883229633","4.40594121227751","4.35372763455166","4.26631608049649","4.1807506051381","4.12546736608433","4.08520695517899","4.04996536830305","4.04853234266739","4.07740189221411","4.14173741662809","4.26858584459082","4.47037266605968","4.731696537656","5.06940723367068","5.4351242734293","5.84309305968171","6.24496042255913","6.57183882481453","6.82902210450446","6.97068936004286","7.04459218115066","7.02504211618461","6.78142352605854","6.3594796594548","5.9312593405989","5.77576939032164","6.17671340216974","6.88911149807178","7.62891024175381","8.38470413061034","8.77997463633115","8.75191372163466","8.73894777817302","8.82210296535292","8.8931395398174","8.94878247023832","8.88043812731159","8.63338631872763","8.26127339100399","7.82500019156989","7.39176206375968","6.96493403643519","6.65136401347841",
"中国","CHN","Population ages 35-39, female (% of female population)","SP.POP.3539.FE.5Y","5.83611577036607","5.87380614135081","5.85370897785119","5.79175403993469","5.69426887674876","5.60679798710595","5.56210949252228","5.54298361911385","5.52991940581459","5.51755148874456","5.49742468566337","5.47096604634988","5.42087537601925","5.31062966951018","5.1638508580167","5.03818351040517","4.96494682192356","4.92315965416844","4.89117484520979","4.89621512024774","4.93700664973454","5.00761201773877","5.1331074088913","5.34508338713945","5.625917869377","5.9838575980525","6.35906430011325","6.7651398779439","7.15398961441855","7.45167199668563","7.66470322792356","7.76108718186264","7.79885662521506","7.73941605690814","7.44039726888912","6.95399332721094","6.46807873538603","6.28350438215172","6.7061631326297","7.47085828233683","8.26575668816411","9.0774382848771","9.50766351997958","9.48216898152456","9.46931780522231","9.55552069533994","9.62647465293198","9.68337241027542","9.59382627450858","9.29593669361651","8.85528223186786","8.33936043481688","7.82135646745219","7.3106759930789","6.92384203771183","6.72735053569939","6.68527176209179","6.81133387834782","6.96769228657294","7.05429498716543","7.17716869362443","7.3629678447234","7.57414906795718","7.82471655409829","8.11367059877153",
"中国","CHN","Population ages 25-29, female (% of female population)","SP.POP.2529.FE.5Y","7.29773963826053","7.39929192033391","7.37498643723726","7.15923073510164","6.86818494306614","6.61282845685481","6.43482557484561","6.31638475308759","6.20068307317809","6.11640181641305","6.08445252992496","6.09797010533171","6.19483256602741","6.3979614979288","6.68541050791149","7.08295649173911","7.52156539396789","8.01835919386196","8.50367813377587","8.87693118348429","9.14960889004927","9.2602445643614","9.26351676259505","9.1477650740787","8.75438526875441","8.13504566678863","7.51162690493894","7.22963249507068","7.63670148774263","8.41955741902753","9.21973810958156","10.0413461746335","10.4573251061612","10.379983316197","10.3212780020616","10.3765906005661","10.4228944619378","10.4618315257521","10.3521047492835","10.02688512678","9.54945273233868","8.99247980275497","8.43897129212434","7.89291256640668","7.47717425529976","7.26499093674961","7.21653205298424","7.34439409450139","7.49521414742766","7.56338387260714","7.66285116911835","7.81627390409647","7.98438034079966","8.18563982302559","8.41841527492097","8.61983630811717","8.57011751531924","8.1869168977392","7.72824186956447","7.24549069581649","6.68805257770573","6.25414406167322","6.00861669772696","5.81081213006891","5.64229957693877",
"中国","CHN","15-64岁的人口总数","SP.POP.1564.TO","371559236","370867736","374266913","379719325","384868337","392612522","403403608","415622169","428303661","440697400","454157290","467708995","481257166","494171206","503799573","511378280","518367719","529194241","547455164","566750434","583911376","600684874","616917278","634524258","653356690","671728069","689600311","706250679","722138762","736292060","747598561","758339418","769130594","779198153","789946725","801384577","813614339","827353826","840318752","852015174","864134387","877323599","892055476","906742997","921202399","936278295","948574849","957013326","964056252","969905047","974711775","979169589","983323915","986145060","987810066","988372117","988168271","986648065","984110714","981777589","979302341","977528322","975760249","974720366","976798955",
"中国","CHN","15-64岁的人口总数，女性","SP.POP.1564.FE.IN","180038039","179839238","181528037","184184262","186732317","190592817","195963968","202024658","208290401","214380876","220966817","227575924","234179319","240471789","245168361","248895191","252359382","257707690","266682145","276152339","284577643","292811127","300786294","309442761","318701004","327738258","336542843","344763174","352615339","359618620","365238195","370598296","375995200","381038385","386412300","392132558","398248213","405088386","411539877","417352374","423328959","429811588","437045402","444246917","451295108","458583642","464501197","468532529","471866968","474608187","476804884","478808788","480683034","481872619","482416155","482310233","481766703","480570825","478854987","477216790","475507276","474157496","472794096","471798189","472394210",
"中国","CHN","Population ages 10-14, female (% of female population)","SP.POP.1014.FE.5Y","10.4167929084047","11.1420499396529","11.829290300754","12.3215158925062","12.6365936268178","12.8487439348819","12.8419783337593","12.716674561612","12.4089960331858","11.7143715180836","10.7556523727046","9.83607756259465","9.4055008280767","9.88192767266197","10.850403021715","11.8637735177429","12.8988086881761","13.3903236493699","13.2455941907476","13.1132547239033","13.110855201848","13.0816555875671","13.0214315385229","12.779190066038","12.2820891418132","11.5975147013434","10.8143571281153","10.0362561178457","9.28612869692109","8.70750175949328","8.36901802749306","8.24179093790629","8.34542733047115","8.4843639482542","8.53519037343216","8.62244393568385","8.77194523018024","8.94435304682231","9.15622670650204","9.40429710986793","9.61522043744026","9.5469770581983","9.11647074115533","8.59656562963191","8.04359770303608","7.40053821981698","6.88517811489123","6.57521348241809","6.31582073473557","6.0845263631739","5.90975643246596","5.77090607066533","5.63740708729183","5.5308357836576","5.45783384326535","5.39003242866281","5.34728992016526","5.36164223553142","5.42187891919624","5.51475979321049","5.60887087601176","5.69203328399042","5.80605575182786","5.91321043461346","5.98078683473188",
"中国","CHN","0-14岁的人口总数","SP.POP.0014.TO","269054992","263827782","266045269","276991522","287739558","296502786","305285181","311450604","317851681","326012084","333816122","341946893","348242655","354096449","361605898","368804315","374935158","375707177","368751996","360692104","354195380","348566285","345540721","341094498","334231779","328369976","324444963","323245388","323061438","323824537","326909014","329691956","330873479","331758129","331744817","330539662","328142588","323983224","319611945","315352021","309904806","302781287","293574069","284001093","274592024","264583041","256857390","252639232","249919148","248222097","247128288","246706491","247781022","249546544","251443220","252764749","254031463","256249115","257104510","256174134","253360711","248319073","241789776","234031297","225546074",
"中国","CHN","0-14岁的人口总数,女性","SP.POP.0014.FE.IN","130716837","128289964","129535532","135025679","140352970","144638833","148886257","151850084","154921074","158846508","162597979","166514190","169544425","172364282","175991159","179462783","182410514","182749253","179323945","175355794","172144787","169348467","167807128","165562367","162127192","159156751","157098510","156327393","156014412","156127731","157328589","158376681","158658986","158787910","158467030","157558043","156067808","153725372","151286246","148912488","145973362","142248276","137555480","132718963","127993449","123017489","119157944","116986939","115551567","114629596","114023692","113760778","114221536","115032979","115934852","116598306","117265048","118414970","118944248","118628253","117469494","115312089","112459348","109022006","105242419",
"中国","CHN","初婚年龄是18岁的妇女（占20-24岁妇女的百分比）","SP.M18.2024.FE.ZS","","","","","","","","","","","","","","","","","","","","","","","","","","","","","","","","","","","","","","","","","","","","","","","","","","","","","","","","","","","","","2.8","","","","",
"中国","CHN","存活至65岁的男性（占同层人群比例）","SP.DYN.TO65.MA.ZS","15.916464","22.788568","35.484671","36.776748","37.944819","38.997807","40.351002","41.786136","43.396642","44.948463","46.616726","48.508333","50.073238","51.619099","52.734562","53.920683","54.563031","56.520993","57.658788","58.74295","59.723062","60.672448","61.543042","62.448425","63.247294","63.963936","64.605607","65.264597","65.899713","66.557932","67.106744","67.905934","68.756544","69.36508","69.854446","70.640162","71.413607","72.07402","72.699052","73.321109","73.813461","74.40593","74.93754","75.45402","75.965446","76.451324","76.907927","77.548092","77.510928","78.189534","78.748861","78.903701","79.302935","79.670848","80.060367","80.378495","80.659112","80.420412","81.329196","81.743736","81.495929","81.888934","82.145251","82.033392","",
"中国","CHN","出生时的预期寿命，总体（岁）","SP.DYN.LE00.IN","33.419","40.158","50.959","51.67","52.343","53.001","53.662","54.401","55.191","55.988","56.824","57.731","58.579","59.496","60.241","60.952","61.225","62.458","63.102","63.704","64.243","64.778","65.249","65.728","66.148","66.532","66.887","67.263","67.607","67.93","68.155","68.61","69.059","69.492","69.835","70.363","70.823","71.227","71.601","71.952","72.288","72.675","73.034","73.385","73.727","74.085","74.404","74.789","74.833","75.317","75.668","75.889","76.2","76.452","76.714","76.975","77.214","77.235","77.709","77.94","78.019","78.117","78.202","77.953","",
"中国","CHN","婴儿死亡率，女性（每1000名活产婴儿）","SP.DYN.IMRT.FE.IN","","","","","","","","","","84.6","80.5","76.6","72.8","69.1","65.3","61.5","57.8","54.4","51.2","48.5","46.2","44.4","42.9","41.8","41.2","40.8","40.8","40.9","41","41.1","41.1","40.7","40.1","39.1","37.9","36.6","35.1","33.6","32","30.2","28.2","26.2","24.1","22","20","18.2","16.5","15.1","13.8","12.6","11.6","10.7","9.9","9","8.3","7.7","7.1","6.5","6.1","5.6","5.2","4.9","4.5","4.2","",
"中国","CHN","粗出生率（每千人）","SP.DYN.CBRT.IN","20.86","18.02","37.01","43.37","39.14","37.88","35.05","33.96","35.59","34.11","33.43","30.65","29.77","27.93","24.82","23.01","19.91","18.93","18.25","17.82","18.21","20.91","22.28","20.19","19.9","21.04","22.43","23.33","22.37","21.58","21.06","19.68","18.27","18.09","17.7","17.12","16.98","16.57","15.64","14.64","14.03","13.38","12.86","12.41","12.29","12.4","12.09","12.1","12.14","11.95","11.9","13.27","14.57","13.03","13.83","11.99","13.57","12.64","10.86","10.41","8.52","7.52","6.77","6.39","",
"中国","CHN","维生素A补充剂覆盖率（占6-59个月儿童数量比例）","SN.ITK.VITA.ZS","","","","","","","","","","","","","","","","","","","","","","","","","","","","","","","","","","","","","","","","","","","","","","","","","","","","","","","","","","","","","","","","","",
"中国","CHN","营养不良的发生率（占人口的百分比）","SN.ITK.DEFC.ZS","","","","","","","","","","","","","","","","","","","","","","","","","","","","","","","","","","","","","","","","","","10","9.3","8.6","7.8","6.9","6","4.9","3.9","2.9","2.5","2.5","2.5","2.5","2.5","2.5","2.5","2.5","2.5","2.5","2.5","2.5","2.5","2.5","",
"中国","CHN","Refugees under the mandate of the UNRWA by country or territory of asylum","SM.POP.RRWA.EA","","","","","","","","","","","","","","","","","","","","","","","","","","","","","","","","","","","","","","","","","","","","","","","","","","","","","","","","","","","","","","","","","",
"中国","CHN","Other people in need of international protection by country or territory of asylum","SM.POP.OPIP.EA","","","","","","","","","","","","","","","","","","","","","","","","","","","","","","","","","","","","","","","","","","","","","","","","","","","","","","","","","","","","","","","","","",
"中国","CHN","Asylum-seekers by country or territory of origin","SM.POP.ASYS.EO","","","","","","","","","","","","","","","","","","","","","","","","","","","","","","","","","","","","","","","","","17178","19783","25224","21257","19725","19378","17278","15526","19615","18325","7732","11375","15362","24799","47335","57693","72165","89508","94351","104248","108071","118476","116338","137143","180960",
"中国","CHN","Children in employment, wage workers, female (% of female children in employment, ages 7-14)","SL.WAG.0714.FE.ZS","","","","","","","","","","","","","","","","","","","","","","","","","","","","","","","","","","","","","","","","","","","","","","","","","","","","","","","","","","","","","","","","","",
"中国","CHN","Unemployment, male (% of male labor force) (national estimate)","SL.UEM.TOTL.MA.NE.ZS","","","","","","","","","","","","","","","","","","","","","","","","","","","","","","","","","","","","","","","","","3.597","","","","","","","","","","","","","","","","","","","","","","","","",
"中国","CHN","Share of youth not in education, employment or training, total (% of youth population)  (modeled ILO estimate)","SL.UEM.NEET.ME.ZS","","","","","","","","","","","","","","","","","","","","","","","","","","","","","","","","","","","","","","","","","","","","","","16.976","17.114","16.822","16.7","16.504","15.877","15.351","14.761","13.996","13.214","12.628","12.135","11.625","10.675","10.683","12.072","10.848","10.756","10.92","10.847",
"中国","CHN","Share of youth not in education, employment or training, female (% of female youth population) (modeled ILO estimate)","SL.UEM.NEET.FE.ME.ZS","","","","","","","","","","","","","","","","","","","","","","","","","","","","","","","","","","","","","","","","","","","","","","20.663","20.852","20.489","20.287","20.058","19.334","18.67","17.913","16.928","15.841","15.092","14.529","13.909","12.799","12.575","13.683","12.305","11.908","11.929","11.813",
"中国","CHN","Unemployment with basic education (% of total labor force with basic education)","SL.UEM.BASC.ZS","","","","","","","","","","","","","","","","","","","","","","","","","","","","","","","","","","","","","","","","","3.137","","","","","","","","","","","","","","","","","","","","","","","","",
"中国","CHN","Unemployment with advanced education, male (% of male labor force with advanced education)","SL.UEM.ADVN.MA.ZS","","","","","","","","","","","","","","","","","","","","","","","","","","","","","","","","","","","","","","","","","3.445","","","","","","","","","","","","","","","","","","","","","","","","",
"中国","CHN","年轻男性失业人数（占15-24岁男性劳动力比例）（模拟劳工组织估计）","SL.UEM.1524.MA.ZS","","","","","","","","","","","","","","","","","","","","","","","","","","","","","","","","4.936","5.004","5.769","6.326","6.651","7.018","7.351","7.452","7.546","7.614","8.887","9.902","10.671","10.444","10.498","10.299","10.164","10.782","11.143","10.763","10.904","11.074","11.229","11.413","11.579","11.445","11.274","10.444","11.521","13.621","13.366","15.867","16.853","16.315",
"中国","CHN","劳动力，总数","SL.TLF.TOTL.IN","","","","","","","","","","","","","","","","","","","","","","","","","","","","","","","639912098","646245556","652547071","658329022","664565882","671238114","678359927","686473251","694011207","700431310","706837950","715928584","725938760","735682023","744936890","754465388","761959276","766486940","769779554","772141043","773873234","778275581","779022561","779251311","780370287","781077009","780932880","779166682","776868988","775928449","760877838","781187865","770113477","774607590","768163717",
"中国","CHN","非全日制就业，女性（占女性就业总数的比例）","SL.TLF.PART.FE.ZS","","","","","","","","","","","","","","","","","","","","","","","","","","","","","","","","","","","","","","","","","","","","","","","","","","","","","","","","","","","","","","","","","",
"中国","CHN","劳动力参与率，总数（占 15 岁以上总人口的百分比）（模拟劳工组织估计）","SL.TLF.CACT.ZS","","","","","","","","","","","","","","","","","","","","","","","","","","","","","","","79.17","78.706","78.234","77.754","77.267","76.773","76.271","75.762","75.246","74.722","74.19","73.878","73.563","73.246","72.927","72.605","72.281","71.954","71.625","71.294","70.96","70.86","70.41","69.97","69.65","69.3","68.88","68.35","67.81","67.38","65.721","67.11","65.8","65.83","64.91",
"中国","CHN","劳动参与率的男女比率（%）（模拟劳工组织估计）","SL.TLF.CACT.FM.ZS","","","","","","","","","","","","","","","","","","","","","","","","","","","","","","","85.8750822445719","85.7296378086657","85.5859064306659","85.4426753872962","85.3043540876578","85.1677066611951","85.0337493322974","84.901259144368","84.7726714180388","84.6467744129395","84.5246244414851","84.2395577242266","83.9512970355261","83.6595894192642","83.3658407680983","83.0685360221092","82.7680469778273","82.4653813446381","82.159223993075","81.8507973392235","81.5377325871762","81.72377052337","81.8996508470193","82.099682142671","82.3148681934909","82.5400801603206","82.7812458493824","83.0455995496341","83.3310781554449","83.60380754964","83.3870990266315","83.9052085904715","84.1824370701369","84.4141643536042","84.6030142172001",
"中国","CHN","Labor force with basic education (% of total working-age population with basic education)","SL.TLF.BASC.ZS","","","","","","","","","","","","","","","","","","","","","","","","","","","","","","","","","","","","","","","","","79.427","","","","","","","","","","","","","","","","","","","","","","","","",
"中国","CHN","Labor force with advanced education, male (% of male working-age population with advanced education)","SL.TLF.ADVN.MA.ZS","","","","","","","","","","","","","","","","","","","","","","","","","","","","","","","","","","","","","","","","","74.751","","","","","","","","","","","","","","","","","","","","","","","","",
"中国","CHN","劳动力参与率，女性（占 15-64 岁女性人口的百分比）（模拟劳工组织估计）","SL.TLF.ACTI.FE.ZS","","","","","","","","","","","","","","","","","","","","","","","","","","","","","","","79.177","78.663","78.145","77.642","77.13","76.604","76.057","75.486","74.922","74.352","73.75","73.416","73.052","72.67","72.272","71.863","71.477","71.109","70.735","70.365","70.014","70.123","69.922","69.775","69.799","69.866","69.911","69.899","69.901","69.998","68.647","70.708","69.936","70.473","69.824",
"中国","CHN","Labor force participation rate for ages 15-24, male (%) (national estimate)","SL.TLF.ACTI.1524.MA.NE.ZS","","","","","","","","","","","","","","","","","","","","","","","81.54","","","","","","","","77.4","","","","","","","","","","66","","","","","","","","","","59.6","","","","","","","","","","","","","","",
"中国","CHN","从事经济活动的儿童，只工作（占 7-14 岁从事经济活动儿童的百分比）","SL.TLF.0714.WK.ZS","","","","","","","","","","","","","","","","","","","","","","","","","","","","","","","","","","","","","","","","","","","","","","","","","","","","","","","","","","","","","","","","","",
"中国","CHN","从事经济活动的女童，只工作（占 7-14 岁从事经济活动女童的百分比）","SL.TLF.0714.WK.FE.ZS","","","","","","","","","","","","","","","","","","","","","","","","","","","","","","","","","","","","","","","","","","","","","","","","","","","","","","","","","","","","","","","","","",
"中国","CHN","从事经济活动的男童，工学兼顾（占 7-14 岁从事经济活动男童的百分比）","SL.TLF.0714.SW.MA.ZS","","","","","","","","","","","","","","","","","","","","","","","","","","","","","","","","","","","","","","","","","","","","","","","","","","","","","","","","","","","","","","","","","",
"中国","CHN","从事经济活动的男童（占 7-14 岁男童的比例）","SL.TLF.0714.MA.ZS","","","","","","","","","","","","","","","","","","","","","","","","","","","","","","","","","","","","","","","","","","","","","","","","","","","","","","","","","","","","","","","","","",
"中国","CHN","服务业女性就业人员（占女性就业的百分比）","SL.SRV.EMPL.FE.ZS","","","","","","","","","","","","","","","","","","","","","","","","","","","","","","","","21.0054954600396","22.0115832109402","23.7124678457978","25.9288529805802","28.1810583332117","29.698176800043","30.1803500024159","30.5229182866736","30.7085719732579","28.8667803632377","31.6346338516985","32.6865883327839","33.6004938930054","35.3865510480671","36.494767613021","37.630404722028","38.0788001735162","39.2023557386561","40.4226136868039","41.2128998407511","42.6862472342579","43.3064714624906","46.2892291321952","48.8777380277463","51.0239505253579","51.7357674798243","52.2953796022488","53.0026348240009","53.8423431146434","54.6586421871282","55.1898205036606","54.4318841219583","55.4547893281375","56.0105646416617",
"中国","CHN","Children in employment, self-employed (% of children in employment, ages 7-14)","SL.SLF.0714.ZS","","","","","","","","","","","","","","","","","","","","","","","","","","","","","","","","","","","","","","","","","","","","","","","","","","","","","","","","","","","","","","","","","",
"中国","CHN","制造业男童工雇佣率（占 7-14 岁参与经济活动的男童的百分比例）","SL.MNF.0714.MA.ZS","","","","","","","","","","","","","","","","","","","","","","","","","","","","","","","","","","","","","","","","","","","","","","","","","","","","","","","","","","","","","","","","","",
"中国","CHN","工业女性就业人员（占女性就业的百分比）","SL.IND.EMPL.FE.ZS","","","","","","","","","","","","","","","","","","","","","","","","","","","","","","","","24.5911374549401","24.5554803703989","25.081999889772","25.1634721421729","25.2330813148153","25.5081137319525","25.3736004685311","24.7744102406749","23.8302384229947","25.327220447778","22.2945129395914","20.9307592995418","20.7910559036199","21.4758649843352","22.5150308666573","23.637284744139","24.9562454121952","24.9769945041287","25.2258201357087","25.7803788331019","26.2809802285767","26.7935807197216","26.2488266122649","25.72202265938","24.8240366065423","24.9110660364551","24.9803619085558","25.1357206710909","25.3100152346323","25.4977683609164","25.262226692502","24.5259527084455","24.8219817876044","24.8204946240815",
"中国","CHN","Contributing family workers, female (% of female employment)","SL.FAM.WORK.FE.ZS","","","","","","","","","","","","","","","","","","","","","","","","","","","","","","","","36.0341529547847","35.2834930991044","34.5708122077327","33.9111175485036","33.2574157724916","32.5938414591137","31.9067573687471","31.2066879436098","30.4814759216347","29.737650015649","28.9727954126079","28.181074106214","27.3632736895297","26.5385722324109","25.6662520161051","24.7986088561188","23.9653492767017","23.12188716506","22.273191573743","21.4582996762069","20.6466370061057","19.8631020761008","19.1089152518439","18.3867663424931","17.6997795579844","17.0472660835097","16.4264698032595","15.8459719408613","15.3024280962262","14.7350501671563","14.1458129283829","13.5858622956299","13.1305626564857","12.6896609064696",
"中国","CHN","Wage and salaried workers, total (% of total employment)","SL.EMP.WORK.ZS","","","","","","","","","","","","","","","","","","","","","","","","","","","","","","","","42.5809860353074","43.1494674164066","43.7883109434144","44.4828338846289","45.1792641206278","45.855869369744","46.4989700128688","47.108306854295","47.6903724480671","48.2701797455127","48.8826256614049","49.5290794487724","50.2062186734046","50.9186020623231","51.6491699517143","52.413639057741","53.2263983991852","54.0125808440868","54.7581176017612","55.4843597855942","56.1729278358882","56.8094748724725","57.4035224223721","57.9616318569844","58.4918785409595","58.9979972079061","59.4863204387101","59.9664192007385","60.4384345294744","60.4619293602765","60.7328948874263","61.1427650636135","61.5504608675359","61.9498444163596",
"中国","CHN","男性弱势群体就业率（占所有男性就业人员比例）","SL.EMP.VULN.MA.ZS","","","","","","","","","","","","","","","","","","","","","","","","","","","","","","","","50.7560328403367","50.2798958500568","49.6834524559888","48.9950149720195","48.3036337456758","47.6457822838623","47.0458204193959","46.5084229214905","46.0238045689436","45.5508148275163","45.0518294068822","44.5217807655755","43.9609985560046","43.3658429110546","42.7598581498241","42.1041680466344","41.3641108824694","40.6725710765709","40.0404735955122","39.4102401430106","38.8230124835108","38.3043856410392","37.8311553370974","37.393657223779","36.9840765948073","36.5909724141015","36.2035381738156","35.8116927550296","35.4210619665951","35.77584467648","35.5051807272707","34.9844463112562","34.6453098754203","34.3144391518088",
"中国","CHN","15 岁（含）以上男性就业人口比率（百分比）（模拟劳工组织估计）","SL.EMP.TOTL.SP.MA.ZS","","","","","","","","","","","","","","","","","","","","","","","","","","","","","","","","82.453","82.023","81.286","80.645","80.097","79.523","78.949","78.457","77.955","77.444","76.757","76.159","75.649","75.518","75.278","75.141","74.994","74.567","74.234","74.177","73.979","73.413","72.858","72.414","71.945","71.49","70.914","70.377","69.625","67.643","69.242","67.449","67.642","66.692",
"中国","CHN","Female share of employment in senior and middle management (%)","SL.EMP.SMGT.FE.ZS","","","","","","","","","","","","","","","","","","","","","","","","","","","","","","","","","","","","","","","","","","","","","","","","","","","","","","","","","","","","","","","","","",
"中国","CHN","Employers, total (% of total employment)","SL.EMP.MPYR.ZS","","","","","","","","","","","","","","","","","","","","","","","","","","","","","","","","3.57265327950754","3.58852011075892","3.60660382461304","3.62455038182013","3.64265844779842","3.65853380101704","3.66967844170759","3.68139120319983","3.69486043370007","3.71147996960907","3.73740318569615","3.76965145674025","3.8055712962419","3.8453910986875","3.88109778337306","3.91408228943734","3.9436109677168","3.97353430676421","4.00015074482521","4.0289258658965","4.05394459222222","4.07602405836674","4.09803201928512","4.1204661816287","4.14111423507589","4.16419833860098","4.19000726964166","4.21522949950208","4.23989586306246","4.13832669989374","4.16904210817186","4.1950931916918","4.22039313039008","4.24549395276819",
"中国","CHN","Employment to population ratio, ages 15-24, total (%) (national estimate)","SL.EMP.1524.SP.NE.ZS","","","","","","","","","","","","","","","","","","","","","","","","","","","","","","","","","","","","","","","","","59.825","","","","","","","","","","","","","","","","","","","","","","","","",
"中国","CHN","Employment to population ratio, ages 15-24, female (%) (national estimate)","SL.EMP.1524.SP.FE.NE.ZS","","","","","","","","","","","","","","","","","","","","","","","","","","","","","","","","","","","","","","","","","59.949","","","","","","","","","","","","","","","","","","","","","","","","",
"中国","CHN","农业童工雇佣率（占 7-14 岁参与经济活动儿童的百分比）","SL.AGR.0714.ZS","","","","","","","","","","","","","","","","","","","","","","","","","","","","","","","","","","","","","","","","","","","","","","","","","","","","","","","","","","","","","","","","","",
"中国","CHN","Annualized average growth rate in per capita real survey mean consumption or income, total population (%)","SI.SPR.PCAP.ZG","","","","","","","","","","","","","","","","","","","","","","","","","","","","","","","","","","","","","","","","","","","","","","","","","","","","","","","","","","","","","","5.19","","","",
"中国","CHN","Average transaction cost of sending remittances from a specific country (%)","SI.RMT.COST.OB.ZS","","","","","","","","","","","","","","","","","","","","","","","","","","","","","","","","","","","","","","","","","","","","","","","","","","","","","","","","","","","","","","","","","",
"中国","CHN","Poverty headcount ratio at societal poverty line (% of population)","SI.POV.SOPO","","","","","","","","","","","","","","","","","","","","","","97","","","91.4","","","81.4","","","83","","","76.8","","","62","","","58.4","","","48.1","","","39.2","","","37","","35.2","32.9","31.8","27.7","26.6","25.4","24.6","24.4","23.4","22.2","21","19.1","19.6","","",
"中国","CHN","贫困差距，以每天4.2美元为贫困线（按2021年购买力平价计算）（百分比）","SI.POV.LMIC.GP","","","","","","","","","","","","","","","","","","","","","","68.7","","","58.9","","","50.7","","","52.8","","","48.3","","","37.5","","","35.8","","","29.3","","","19.6","","","15.7","","12.4","9.7","8.1","4.1","3.2","2.2","1.6","1.3","0.8","0.3","0.1","0","0","","",
"中国","CHN","贫困人口比例，以每天3美元为贫困线（按2021年购买力平价计算）（占总人口的百分比）","SI.POV.DDAY","","","","","","","","","","","","","","","","","","","","","","97","","","91.4","","","81.4","","","83","","","76.8","","","62","","","58.4","","","48.1","","","33.1","","","26.2","","20.6","15.7","13.2","6.2","4.7","3","2.2","1.7","0.8","0","0","0","0","","",
"中国","CHN","最高10% 占有的收入份额","SI.DST.10TH.10","","","","","","","","","","","","","","","","","","","","","","21.7","","","21.3","","","22.4","","","25.8","","","26.6","","","27.3","","","29.4","","","31.4","","","30.9","","","32","","32.6","31.8","31.5","30.3","29.7","29.4","29.3","29.9","29.4","29.5","29.4","28.2","28.4","","",
"中国","CHN","第二个20% 占有的收入份额","SI.DST.02ND.20","","","","","","","","","","","","","","","","","","","","","","13.5","","","13.8","","","13.2","","","12.4","","","12","","","11.5","","","10.5","","","9.6","","","10","","","9.4","","9.2","9.6","9.7","10.3","10.5","10.6","10.7","10.5","10.7","10.7","11","11.4","11.4","","",
"中国","CHN","UHC service coverage sub-index on service capacity and access","SH_UHC_SCI_CAPACITY","","","","","","","","","","","","","","","","","","","","","","","","","","","","","","","","","","","","","","","","","68","68","66","67","69","69","70","71","72","74","76","77","79","83","86","88","89","92","92","94","96","98","98","98","",
"中国","CHN","Proportion of population facing impoverishing out-of-pocket health expenditure, based on the societal poverty line (%)","SH_UHC_FH40_IMPOV","","","","","","","","","","","","","","","","","","","","","","","","","","","","","","","","","","","","39.63","","","","","","","41.69","","","","","33.26","","","","","","","","","","","24.55","","","","","","",
"中国","CHN","Domestic private health expenditure per capita (current US$)","SH.XPD.PVTD.PC.CD","","","","","","","","","","","","","","","","","","","","","","","","","","","","","","","","","","","","","","","","","33.38989351","34.09586893","37.17770037","40.42865419","44.76084706","48.93526111","53.37873548","59.91591758","74.04287284","83.25609101","90.60552799","110.51533062","125.86043045","141.15887382","150.54588599","156.49371718","166.82314074","190.60934459","219.70583267","237.26568152","263.935884","307.8602001","319.55028826","327.46841674","",
"中国","CHN","Out-of-pocket expenditure (% of current health expenditure)","SH.XPD.OOPC.CH.ZS","","","","","","","","","","","","","","","","","","","","","","","","","","","","","","","","","","","","","","","","","60.12533951","64.19143677","62.85082245","60.71776581","58.76867676","57.68999481","55.99118423","51.29121017","47.3682518","43.45621872","40.8000145","40.26554108","39.23458862","38.15951538","36.56483078","35.0892868","35.90618515","36.05041122","35.75046921","35.23001862","34.791008","34.39476395","31.6276741","32.17354584","",
"中国","CHN","Domestic general government health expenditure (% of GDP)","SH.XPD.GHED.GD.ZS","","","","","","","","","","","","","","","","","","","","","","","","","","","","","","","","","","","","","","","","","0.97868848","0.96197265","1.09706461","1.23556411","1.27916729","1.34709895","1.36572993","1.41172099","1.70800281","2.1124301","2.15837073","2.29242587","2.50277305","2.64646387","2.74482822","2.92099118","2.83731437","2.81638408","2.85993624","2.94739079","3.01223373","2.8417747","3.39281297","3.39381886","",
"中国","CHN","External health expenditure (% of current health expenditure)","SH.XPD.EHEX.CH.ZS","","","","","","","","","","","","","","","","","","","","","","","","","","","","","","","","","","","","","","","","","0.02547254","0.22134258","0.14548576","0.12766516","0.12344482","0.21010171","0.14492926","0.18071163","0.15566339","0.10555609","0.12173964","0.07550438","0.05628394","0.05544716","0.03018604","0.00859982","0.00161523","0.00044167","0.00064801","0.00066961","0.00024403","0.00022867","0.00671342","0.0050795","",
"中国","CHN","新生儿破伤风预防（%）","SH.VAC.TTNS.ZS","","","","","","","","","","","","","","","","","","","","","","","","","","","","","","","","","","","","","","","","","","","","","","","","","","","","","","","","","","","","","","","","","",
"中国","CHN","Prevalence of severe wasting, weight for height (% of children under 5)","SH.SVR.WAST.ZS","","","","","","","","","","","","","","","","","","","","","","","","","","","","","","","1.4","","1.3","","","1.8","","","0.6","","0.5","","0.8","","","0.8","","","0.6","0.7","0.7","","","","","","","","","","","","","","",
"中国","CHN","消瘦患病率，男性（占5岁以下儿童中百分比）","SH.STA.WAST.MA.ZS","","","","","","","","","","","","","","","","","","","","","","","","","","","","","","","4.7","","4.1","","","5.7","","","2.6","","2.8","","3.3","","","3.2","","","","","2.4","","","1.9","","","","","","","","","","","",
"中国","CHN","Suicide mortality rate (per 100,000 population)","SH.STA.SUIC.P5","","","","","","","","","","","","","","","","","","","","","","","","","","","","","","","","","","","","","","","","","15.49","15.14","14.93","15.02","15.01","14.23","13.02","12.18","11.61","11.1","10.58","9.97","9.41","9.07","8.86","8.69","8.65","8.62","8.7","8.75","8.82","8.95","","","",
"中国","CHN","Prevalence of stunting, height for age (modeled estimate, % of children under 5)","SH.STA.STNT.ME.ZS","","","","","","","","","","","","","","","","","","","","","","","","","","","","","","","","","","","","","","","","","20","18.6","17.3","15.9","14.6","13.4","12.3","11.3","10.4","9.6","8.8","8","7.5","7","6.6","6.3","6.1","5.8","5.5","5.2","5","4.8","4.7","4.6","4.5",
"中国","CHN","营养不良患病率，基于年龄相应的身高，女性（占5岁以下儿童百分比）","SH.STA.STNT.FE.ZS","","","","","","","","","","","","","","","","","","","","","","","","","","","","","","","33.3","","37.1","","","30.3","","","19.3","","17.1","","20.8","","","10.7","","","","","8.9","","","7.2","","","","","","","","","","","",
"中国","CHN","Mortality rate attributed to unintentional poisoning, male (per 100,000 male population)","SH.STA.POIS.P5.MA","","","","","","","","","","","","","","","","","","","","","","","","","","","","","","","","","","","","","","","","","1.56","1.66","1.78","1.98","2.14","2.19","2.14","2.16","2.2","2.28","2.29","2.23","2.19","2.16","2.14","2.12","2.08","2","1.92","1.85","1.81","1.71","","","",
"中国","CHN","Prevalence of overweight, weight for height (modeled estimate, % of children under 5)","SH.STA.OWGH.ME.ZS","","","","","","","","","","","","","","","","","","","","","","","","","","","","","","","","","","","","","","","","","6.5","6.5","6.5","6.5","6.5","6.5","6.5","6.5","6.5","6.6","6.7","6.8","6.9","7.1","7.2","7.4","7.6","7.9","8.2","8.5","8.9","9.3","9.9","10.4","11.1",
"中国","CHN","超重率，女性（占5岁以下儿童中百分比）","SH.STA.OWGH.FE.ZS","","","","","","","","","","","","","","","","","","","","","","","","","","","","","","","5.4","","6.9","","","13.8","","","4.8","","2.8","","8.2","","","5.2","","","","","5.6","","","","","","","","","","","","","","",
"中国","CHN","People practicing open defecation, urban (% of urban population)","SH.STA.ODFC.UR.ZS","","","","","","","","","","","","","","","","","","","","","","","","","","","","","","","","","","","","","","","","","0.169529983792544","0.169529983792544","0.169529983792544","0.169529983792544","0.169529983792544","0.169529983792544","0.169529983792544","0.169205834683955","0.168881685575365","0.168557536466775","0.168233387358185","0.167909238249595","0.167585089141005","0.167260940032415","0.166936790923825","0.166612641815235","0.166288492706645","0.165964343598055","0.165640194489465","0.165316045380875","0.164991896272285","0.164667747163695","0.164343598055105","0","0",
"中国","CHN","营养不良发生率，年龄体重（占5岁以下儿童的百分比）","SH.STA.MALN.ZS","","","","","","","","","","","","","","","","","","","","","","","","","","","","18.7","","","12.6","","14.2","","","10.7","","","6.9","","7.4","","6.8","","","4.5","","","3.8","3.4","3.4","","","2.4","","","","","","","","","","","",
"中国","CHN","People with basic handwashing facilities including soap and water, urban (% of urban population)","SH.STA.HYGN.UR.ZS","","","","","","","","","","","","","","","","","","","","","","","","","","","","","","","","","","","","","","","","","","","","","","","","","","","","","","","","","","98.3","98.3","98.3","98.3","98.3","98.3","98.3","98.3",
"中国","CHN","低出生重量婴儿（占出生儿的百分比）","SH.STA.BRTW.ZS","","","","","","","","","","","","","","","","","","","","","","","","","","","","","","","","","","","","","","","","","5.736897752","5.69766418","5.65005185","5.589700245","5.52369628","5.45546876","5.388917277","5.324995472","5.270601106","5.223763659","5.183385818","5.150401654","5.120892995","5.093361937","5.064320362","5.037357965","5.008052354","4.981858305","4.963477394","4.962522124","4.973518577","","","","",
"中国","CHN","People using at least basic sanitation services, urban (% of urban population)","SH.STA.BASS.UR.ZS","","","","","","","","","","","","","","","","","","","","","","","","","","","","","","","","","","","","","","","","","77.7372603993375","78.6042128521226","79.4746627274354","80.3486100252764","81.2260547456452","82.1069968885419","82.9914364539666","83.8793734419193","84.7708078523997","85.6657396854082","86.5641689409447","87.4660956190089","88.3715197196012","89.2804412427214","90.1928601883694","91.1087765565455","92.0281903472496","92.9511015604816","93.8775101962412","94.8074162545291","95.7408197353448","96.6777206386883","97.61811896456","98.3583032490974","98.3583032490974",
"中国","CHN","Mortality rate attributed to household and ambient air pollution, age-standardized (per 100,000 population)","SH.STA.AIRP.P5","","","","","","","","","","","","","","","","","","","","","","","","","","","","","","","","","","","","","","","","","","","","","","","","","","","","","","","","","","","","95.3","","","","","",
"中国","CHN","Specialist surgical workforce (per 100,000 population)","SH.SGR.IRSK.ZS","","","","","","","","","","","","","","","","","","","","","","","","","","","","","","","","","","","","","","","","","","","","70.4","67.7","64.2","59.6","52.6","51.5","47.3","43.3","36.9","33.6","28","24.8","21.4","19.1","17.6","15.1","13.3","12.9","6.7","6.3","","",
"中国","CHN","Prevalence of current tobacco use (% of adults)","SH.PRV.SMOK","","","","","","","","","","","","","","","","","","","","","","","","","","","","","","","","","","","","","","","","","27","","","","","26","","25.6","","","25.2","","","","","24.4","","","","","23.7","23.4","23.4","","",
"中国","CHN","孕产妇死亡数","SH.MMR.DTHS","","","","","","","","","","","","","","","","","","","","","","","","","","30000","31000","31000","28000","28000","29000","21000","18000","16000","15000","14000","12000","11000","10000","9700","9800","8700","8200","7600","7400","7000","6700","6500","6700","6300","6000","5800","6100","5400","5300","4600","4500","4300","3400","3100","2300","2200","1700","1400","",
"中国","CHN","Specialist surgical workforce (per 100,000 population)","SH.MED.SAOP.P5","","","","","","","","","","","","","","","","","","","","","","","","","","","","","","","","","","","","","","","","","","","","","","","","","","","","","40.13","","","","","","","","","","","","",
"中国","CHN","医院床位（每千人）","SH.MED.BEDS.ZS","","","","","","1.44000005722046","1.51999998092651","1.5","1.45000004768372","1.45000004768372","1.53999996185303","1.58000004291534","1.71000003814697","1.76999998092651","1.85000002384186","1.91999995708466","2","2.0699999332428","2.14000010490417","2.20000004768372","2.23000001907349","2.25","2.25999999046326","2.28999996185303","2.32999992370605","2.36999988555908","2.40000009536743","2.48000001907349","2.53999996185303","2.55999994277954","2.5799999237","2.5999999046","2.6199998856","2.6300001144","2.6300001144","2.6099998951","2.5499999523","2.5499999523","2.5299999714","2.5199999809","1.71","1.69","1.73","1.75","1.82","1.87","1.94","2.02","2.16","2.32","2.51","2.72","3.04","3.32","3.57","3.82","4.05","4.33","4.59","4.82","5","5.2","5.38","5.63","",
"中国","CHN","Antiretroviral therapy coverage for PMTCT (% of pregnant women living with HIV)","SH.HIV.PMTC.ZS","","","","","","","","","","","","","","","","","","","","","","","","","","","","","","","","","","","","","","","","","","","","","","","","","","","","","","","","","","","","","","","","","",
"中国","CHN","Incidence of HIV, all (per 1,000 uninfected population)","SH.HIV.INCD.TL.P3","","","","","","","","","","","","","","","","","","","","","","","","","","","","","","","","","","","","","","","","","","","","","","","","","","","","","","","","","","","","","","","","","",
"中国","CHN","抗逆转录病毒治疗覆盖率（艾滋病病毒感染者的比例）","SH.HIV.ARTC.ZS","","","","","","","","","","","","","","","","","","","","","","","","","","","","","","","","","","","","","","","","","","","","","","","","","","","","","","","","","","","","","","","","","",
"中国","CHN","People using safely managed drinking water services (% of population)","SH.H2O.SMDW.ZS","","","","","","","","","","","","","","","","","","","","","","","","","","","","","","","","","","","","","","","","","","","","","","","","","","","","","","","","","","","","","","","","","",
"中国","CHN","People using at least basic drinking water services, urban (% of urban population)","SH.H2O.BASW.UR.ZS","","","","","","","","","","","","","","","","","","","","","","","","","","","","","","","","","","","","","","","","","98.2312761257338","98.2312761257338","98.1903369762077","98.1493857314991","98.108422391608","98.0674469565344","98.0264594262782","97.9854598008395","97.9444480802182","97.9034242644145","97.8623883534281","97.8213403472593","97.7802802459079","97.739208049374","97.6981237576576","97.6570273707587","97.6159188886772","97.5747983114131","97.5336656389666","97.4925208713375","97.4513640085259","97.4101950505317","97.3690139973551","97.3278208489958","97.3278208489958",
"中国","CHN","Mortality from CVD, cancer, diabetes or CRD between exact ages 30 and 70 (%)","SH.DYN.NCOM.ZS","","","","","","","","","","","","","","","","","","","","","","","","","","","","","","","","","","","","","","","","","24.1","23.8","23.6","23.5","23.3","22.5","21.2","20.3","20","19.7","19.4","19","18.7","18.1","17.5","17.1","16.8","16.5","16.2","16","15.8","15.9","","","",
"中国","CHN","死亡率，5岁以下，女性（每千人活产婴儿）","SH.DYN.MORT.FE","","","","","","","","","","116.3","110.2","104.5","98.9","93.3","87.9","82.3","77","72.1","67.7","63.8","60.4","57.7","55.6","54","52.8","52.2","51.9","51.8","51.7","51.7","51.4","50.9","49.9","48.6","47.1","45.3","43.4","41.5","39.4","37.1","34.8","32.4","29.8","27.2","24.8","22.6","20.6","18.8","17.3","16","14.8","13.6","12.6","11.7","10.8","10","9.3","8.7","8.1","7.6","7.1","6.7","6.2","5.9","",
"中国","CHN","Probability of dying among youth ages 20-24 years (per 1,000)","SH.DYN.2024","","","","","","","","","","","","","","","","","","","","","","","","","","","","","","","3.7","3.6","3.6","3.6","3.5","3.5","3.5","3.4","3.4","3.3","3.3","3.3","3.2","3.2","3.1","3.1","3","3","2.9","2.9","2.8","2.8","2.7","2.7","2.7","2.6","2.6","2.6","2.6","2.5","2.5","2.5","2.4","2.4","",
"中国","CHN","新生儿死亡数","SH.DTH.NMRT","","","","","","","","","","","","","","","","","","","","","","","","","","","","","","","831763","671668","614140","576685","541982","508960","470607","434777","404167","378844","374715","331203","301902","273662","252317","230089","210755","193814","180139","165988","149904","135914","133611","116551","109132","93350","88993","81198","62993","54973","41451","33947","28614","25199","",
"中国","CHN","婴儿死亡数","SH.DTH.IMRT","","","","","","","","","","","2591375","2418685","2195999","2012373","1801702","1555059","1358160","1199498","1085536","1050975","1036076","1025771","1053323","1006661","961789","1005945","1071661","1147481","1159174","1155468","1188354","1078286","916435","845144","790307","739800","688680","635563","585947","540693","512982","472369","420731","380606","347501","319668","294616","273729","256894","241679","223401","204235","195064","181342","164791","148404","135233","127316","107986","89309","73014","57231","47511","40795","",
"中国","CHN","Number of deaths ages 10-14 years","SH.DTH.1014","","","","","","","","","","","","","","","","","","","","","","","","","","","","","","","52064","50022","49299","48759","47643","46718","46117","45624","45287","45066","44652","42930","39691","36232","32845","29310","26508","24645","23093","21724","20608","19635","18736","17998","17407","16879","16452","16185","16088","16028","15953","15805","15727","15647","",
"中国","CHN","Prevalence of anemia among non-pregnant women (% of women ages 15-49)","SH.ANM.NPRG.ZS","","","","","","","","","","","","","","","","","","","","","","","","","","","","","","","","","","","","","","","","","20.3","19.7","19.1","18.7","18.4","18","17.7","17.3","16.9","16.4","15.9","15.6","15.4","15.2","15.1","15","15","15","15","14.9","14.9","15.1","15.3","15.6","",
"中国","CHN","Total alcohol consumption per capita (liters of pure alcohol, projected estimates, 15+ years of age)","SH.ALC.PCAP.LI","","","","","","","","","","","","","","","","","","","","","","","","","","","","","","","","","","","","","","","","","3.62","3.62","3.38","3.25","3.26","3.46","3.83","4.23","4.71","5.26","5.9","6.5","6.92","7.16","7.29","7.35","7.18","6.53","5.73","5.73","4.58","","","","",
"中国","CHN","Women who believe a husband is justified in beating his wife when she neglects the children (%)","SG.VAW.NEGL.ZS","","","","","","","","","","","","","","","","","","","","","","","","","","","","","","","","","","","","","","","","","","","","","","","","","","","","","","","","","","","","","","","","","",
"中国","CHN","来自DAC捐助国的双边援助净流量，加拿大（现价美元）","DC.DAC.CANL.CD","","","","","","","","","","","","","","","","","","","","","","39999.9991059303","4469999.79019165","5000000","6690000.05722046","15479999.5422363","17969999.3133545","32169998.1689453","35599998.4741211","37380001.0681152","67709999.0844727","39979999.5422363","62349998.4741211","69550003.0517578","68599998.4741211","53740001.6784668","38400001.5258789","45000000","52279998.7792969","31420000.0762939","29200000.7629395","24319999.6948242","28739999.7711182","28440000.5340576","34909999.8474121","30030000.6866455","29600000.3814697","32900001.5258789","54340000.1525879","11050000.1907349","9020000.45776367","-1970000.02861023","-4080884.93347168","-2249293.08891296","-6764197.8263855","-10403833.3892822","-11539240.8370972","-12544048.3093262","-11380835.5331421","-12379156.1126709","-11740337.3718262","-20899740.2191162","-10448267.9367065","-11551052.0935059","",
"中国","CHN","Stocks traded, turnover ratio of domestic shares (%)","CM.MKT.TRNR","","","","","","","","","","","","","","","","","","","","","","","","","","","","","","","","","","","","","","","","","","","","75.6370171030665","114.244535192578","97.6395428916971","101.181736649302","140.782227105124","219.535230370068","219.15596179179","205.016627397069","195.597103689813","135.966672191666","194.877219313193","199.157924385376","480.287296024602","249.907289144698","197.713255619425","206.654399","212.9575667","257.262685","279.550781","283.0379189","272.635643","296.651858",
"中国","CHN","Market capitalization of listed domestic companies (% of GDP)","CM.MKT.LCAP.GD.ZS","","","","","","","","","","","","","","","","","","","","","","","","","","","","","","","","","","","","","","","","","","","","30.4636713403437","22.5643099574266","17.3395191009478","41.033691444197","124.272951099968","38.1112495628245","68.8524786238225","65.0431667921056","44.4762288163661","42.6276108457102","40.5326196174462","56.2548972900922","72.5835808340326","63.9029590501553","69.4813653656583","44.7058557619521","58.8558640185154","81.8646786726428","79.3192238397069","62.6166578891979","59.8556765846528","62.7181039133864",
"中国","CHN","Control of Corruption: Percentile Rank, Upper Bound of 90% Confidence Interval","CC.PER.RNK.UPPER","","","","","","","","","","","","","","","","","","","","","","","","","","","","","","","","","","","","","58.6021499633789","","53.4759368896484","","58.5106391906738","","46.0317459106445","53.439151763916","43.8423652648926","42.926830291748","46.3414649963379","44.1747589111328","47.5728149414062","48.8038291931152","45.238094329834","49.7630348205566","51.6587677001953","54.028434753418","53.8461532592773","53.8095245361328","55.238094329834","53.3333320617676","53.8095245361328","52.8571434020996","59.0476188659668","62.3809509277344","62.2641525268555","60.8490562438965","",
"中国","CHN","Control of Corruption: Estimate","CC.EST","","","","","","","","","","","","","","","","","","","","","","","","","","","","","","","","","","","","","-0.271189510822296","","-0.353955000638962","","-0.208548709750175","","-0.557897567749023","-0.395265489816666","-0.565061569213867","-0.617887735366821","-0.51888769865036","-0.599234640598297","-0.526307642459869","-0.519456624984741","-0.570009887218475","-0.514727592468262","-0.438275933265686","-0.355887651443481","-0.337719589471817","-0.299921870231628","-0.268094301223755","-0.291626125574112","-0.286848217248917","-0.312614381313324","-0.0710281431674957","0.0302335843443871","0.0160636715590954","-0.00537010468542576","",
"中国","CHN","再分配收入的接入（国际收支平衡，现价美元）","BX.TRF.CURR.CD","","","","","","","","","","","","","","","","","","","","","","","672000000","620000000","596000000","439000000","516000000","389000000","568000000","477000000","376000000","890000000","1206000000","1290000000","1269000000","1826730000","2368000000","5477000000","4661000000","5368000000","6860839000","9125000000","13795373300.1249","18482476807.1649","24326334876.7321","27734855515.2694","31577630305.048","42645727446.0336","52565200841.7345","42645198000.44","49520727661.45","55570115033.47","51167130530.35","53161641670.56","41126698788.66","35938364729.51","30900091604.49","28167766815.06","27756822492.22","25907399207.44","36018569175.78","48794250212.1","44505507333.15","33823657751.7","37939513092.34",
"中国","CHN","旅行服务（占国际收支统计口径的服务出口比例）","BX.GSR.TRVL.ZS","","","","","","","","","","","","","","","","","","","","","","","27.9856687898089","30.9398951189996","32.7997154037709","32.0458265139116","32.0616671021688","38.1564119900834","36.9905310827501","32.326743428199","29.6840307429547","33.6151311076085","38.1662882473781","41.8386491557223","44.0613718411552","45.6344124242694","49.5121596039027","20.9800173761946","20.2023116754036","21.3315176274777","20.6218713272731","19.7449755296363","19.9527728662346","30.1775885974022","32.5153872394787","37.334616047984","36.0887055927307","27.5148410951376","25.0089433175053","27.6339300513641","25.6892919480146","24.1058055056749","24.8184800696201","24.9577544827086","20.0983524627833","20.6848749343786","21.3199457355515","18.0974811145517","17.290771586238","14.6635796222698","4.3474112848661","3.33829287046745","3.61728143593934","7.6164146075733","10.3517693455526",
"中国","CHN","服务出口（BoP，按当值美元计）","BX.GSR.NFSV.CD","","","","","","","","","","","","","","","","","","","","","","","2512000000","2479000000","2811000000","3055000000","3827000000","4437000000","4858000000","4603000000","5855000000","6979000000","9249000000","11193000000","16620000000","19130300000","20601000000","57550000000","62379000000","66090000000","78707697000","90109000000","102166250960.02","57678564819.1201","79159444758.9691","78468732509.1213","94070982714.4322","135319698453.864","163313577392.978","143573497965.2","178338897361.244","201047004998.82","201575599551.878","207005802688.676","219140751663.906","217399035856.798","208403830207.574","213063558170.739","233566796563.14","244359155290.704","228883364676.79","339393210195.59","372495311579.51","328707961350.16","383959880582.89",
"中国","CHN","初次收入的接收（国际收支平衡，现价美元）","BX.GSR.FCTY.CD","","","","","","","","","","","","","","","","","","","","","","","1092000000","1549000000","2008000000","1478000000","1100000000","976000000","1469000000","1894000000","3017000000","3719000000","5595000000","4390000000","5737000000","5191260000","7318000000","5710000000","5584000000","8330000000","12549886000","9388000000","8343959798.91798","16094692748.0559","20557461960.7335","39272833557.1044","54563185729.0875","83476171502.8574","111787246415.247","108250876294","142424474559.708","144267588406.662","167037043392.154","183973159621","239372290479.92","223815944416.177","226653572991.693","289698219870.635","268496336547.887","273514296477.203","245502488835.31","327315534567.39","270324502718.56","300328031015.45","309253890061.38",
"中国","CHN","技术合作捐助（BoP，现价美元）","BX.GRT.TECH.CD.WD","","","","","","","","","","","","","","","","","","","","13300000","47210000","67970000","78840000","95810000","101300000","125870000","184130000","275680000","323820000","308370000","376690000","381390000","441300000","477900000","478900000","557740000","528950000","465560000","511540000","559600000","536790000","513090000","564540000","788610000","878140000","857650000","973500000","948260000","969550000","929540000","959150000","834350000","678712228","557750311","552474062","476444639","478550477","504418030","515523257","562247264","572842278","489392752","407912435","398944950","",
"中国","CHN","净储备变动率（BoP，现价美元）","BN.RES.INCL.CD","","","","","","","","","","","","","","","","","","","","","","","6304966215.09147","4141685153.85866","137638919.229332","-2439679217.04597","-2047813883.7385","4782851214.69146","2373923450.54253","-479387408.556115","12046826246.5941","14537064548.6863","-2060148874.02046","1768616746.63128","30452754626.7479","22468987408.0826","31705045220.7323","35857155387.5028","6248154217.31687","8652453049.69479","10693133365.5103","47446537124.89","75216902198.6356","105711331661.529","189849113077.537","250974934020.395","284650737255.585","460651006977.236","479553287964.139","400508809938.75","471658583327.635","387799218278.665","96554784204.1575","431381955624.579","117783455486.175","-342940998433.826","-443625009876.747","91526172979.4606","18876836385.4915","-19288061007.9585","27983930223.5404","189513049063.366","99622046447.174","4306011189.67827","-60497384785.4862",
"中国","CHN","净货物贸易（BoP，现价美元）","BN.GSR.MRCH.CD","","","","","","","","","","","","","","","","","","","","","","","4249000000","1990000000","14000000","-13123000000","-9140000000","-1661000000","-5315000000","-5620000000","9165000000","8743000000","5183000000","-10654000000","7290000000","18050110000","19535000000","13552000000","8662000000","-3342000000","-13565524000","-22568000000","-18020418974.554","33689172314.978","44895552672.967","130128746434.245","215686120289.524","302846264377.353","344467617306.542","235476707260.085","238086469487.912","228700752633.924","311569753155.18","358981297739.868","435041621802.113","576191072365.713","488882999359.099","475941413133.88","380073518632","392993328222.906","511102979562.015","562705946181.3","665049050600.39","594041029731.17","767976198456.37",
"中国","CHN","经常账户余额（占 GDP 的比例）","BN.CAB.XOKA.GD.ZS","","","","","","","","","","","","","","","","","","","","","","","2.76132699309013","1.83446332366349","0.77944161044375","-3.68213560921028","-2.33447167923657","0.109707201482441","-1.21512784090909","-1.23916211504939","3.31811936794009","3.45166169027996","1.49380742683803","-2.59966643215884","1.21849357261851","0.219237328483813","0.833943624966418","3.81946407941415","3.0345158579566","1.91286225540032","1.67667411710879","1.28417196444636","2.37759984341841","2.55665409110255","3.47450259619584","5.71199843031159","8.30532573537482","9.79958953536146","9.0108699631763","4.68740638141982","3.84025673415249","1.77399724587567","2.48328422404793","1.52111320885029","2.21130586371267","2.59752794949746","1.67018709565351","1.50488723669315","0.170563391928727","0.706790487310518","1.65930095801393","1.93875176197337","2.42059259149418","1.4415829879426","2.2616499482671",
"中国","CHN","对外直接投资净流出（占 GDP 的百分比）","BM.KLT.DINV.WD.GD.ZS","","","","","","","","","","","","","","","","","","","","","","","0.0214131807712311","0.0402370493162039","0.0514508255169766","0.202860935288891","0.149347775896568","0.235870483187248","0.271661931818182","0.223893085415456","0.229560646444134","0.237444780230983","0.93348378493237","0.985315901584882","0.352777525367257","0.270932628703605","0.243401466682177","0.389045322592708","0.436491271256023","0.365631639251512","0.376872846411855","0.715552633025224","0.421798782655239","0.502171572092667","0.401805038340901","0.592416932233762","0.857324433478769","0.4759859598775","1.2157288444061","0.845733374735046","0.935857767198173","0.631154502779283","0.748972766092931","0.748947440588956","1.15348889141033","1.54590501792777","1.8891760278129","1.10302784708842","1.01094815237317","0.940305142431585","1.02505043291814","0.982313479294658","1.1467645106016","1.23516227448843","0.918936853713498",
"中国","CHN","商品与服务的进口和初次收入（国际收支平衡，现价美元）","BM.GSR.TOTL.CD","","","","","","","","","","","","","","","","","","","","","","","19541000000","21006000000","27136000000","41301000000","38096000000","40071000000","51602000000","54415000000","48668000000","57176000000","79166000000","104023000000","118345000000","152247500000","173882000000","114424000000","119755000000","142043000000","188382197000","209051000000","233532863434.72","436468258441.393","579289402965.102","704098844539.505","842519033924.869","1025452576503.31","1232243465705.83","1159317216479.26","1601711600715.13","2041533864905.06","2130171010354.21","2382630464834.76","2467673859884.85","2278296751248.88","2223718743915.16","2518443190769.12","2892965344150.64","2811853693091.85","2744020295283","3545528848326.18","3566405403726.97","3556286020581.51","3693275518541.43",
"中国","CHN","保险与金融服务（占服务进口的百分比，BoP）","BM.GSR.INSF.ZS","","","","","","","","","","","","","","","","","","","","","","","4.39723320158103","5.51654964894684","4.23521176058803","2.7337559429477","3.60281195079086","5.71428571428571","5.91174021648626","4.78260869565217","2.15992647058824","5.19291434117933","2.90438838244647","3.00764373546029","11.5344499662556","16.9422768746714","1.0316581802081","4.84475564042719","7.06146154977209","6.50325474195658","7.08287123760006","7.06591986212839","7.1329847900069","8.63551445883865","8.59168137354386","8.76381462042655","9.64174635185872","8.62295866248866","8.37280319916698","7.52047084586702","8.86337465071598","8.26512129960789","8.00776364410521","7.79895588990289","6.32832507419082","2.62529459962827","3.38493697789189","2.77127782367651","2.59496665297929","2.65513288272764","4.30423017858458","5.39494544510601","4.95085647296042","3.70026684421731","2.95255296982087",
"中国","CHN","服务贸易额（占国民生产总值（GDP）比例）","BG.GSR.NFSV.GD.ZS","","","","","","","","","","","","","","","","","","","","","","","2.20750427223419","1.93527227517613","2.17629312709122","1.79930231792802","2.02548772510389","2.53131082887152","2.70415482954545","2.44359209761766","2.82304279307865","2.88678758002619","4.36006938847287","5.20179615407164","5.80654167878237","6.00835369640321","4.9723442479359","8.86878670583982","8.63755192244937","8.89591924667511","9.39537272730394","9.56180821478406","9.99643092027535","6.7239711582623","7.66255034317586","7.00909680281128","6.9822413702412","7.36530302442202","6.90461367803942","5.82886228080683","6.00301167665069","5.85121519825334","5.56715173433748","5.51787422462456","6.10821914087602","5.78963835594165","5.6734654773053","5.46405106558813","5.36693903116085","5.15012867830465","4.06962020367605","4.28530372813365","4.54463838478613","4.73926972078007","5.318760191262",
"中国","CHN","食品生产指数（2014-2016 = 100）","AG.PRD.FOOD.XD","","10.85","11.5","12.04","12.74","13.86","14.88","15.06","14.97","15.24","16.18","16.88","16.63","18.46","18.43","18.9","18.72","19.17","21.05","21.97","22.05","22.83","24.68","26.47","28.22","28.49","29.8","31.45","32.14","33.29","35.78","37.33","39.58","43.25","45.76","50.15","52.59","54.69","57.94","60.65","63.37","64.45","67.12","68.08","71.68","74.57","76.14","78","82.67","85.1","87.79","90.95","93.74","95.75","97.62","101.33","101.05","102.37","103.42","104.25","105.49","109.89","111.75","","",
"中国","CHN","Rural land area (sq. km)","AG.LND.TOTL.RU.K2","","","","","","","","","","","","","","","","","","","","","","","","","","","","","","","8883612.4426381","","","","","","","","","","8809352.8551324","","","","","","","","","","","","","","","8723723.0597445","","","","","","","","","",
"中国","CHN","森林面积（占土地面积的百分比）","AG.LND.FRST.ZS","","","","","","","","","","","","","","","","","","","","","","","","","","","","","","","16.7380065507416","16.9495471466993","17.161087742657","17.3726283386148","17.5841689345725","17.7957284858504","18.0072884878193","18.2188295344277","18.430370581036","18.6419116276444","18.8534727562839","19.1049681205612","19.3564538990231","19.6079386867747","19.8594228667065","20.1109081284255","20.3623927769671","20.6138778860824","20.8653616938384","21.1168450517356","21.3683288541342","21.574627370433","21.7809258867318","21.9872244030306","22.1935229193294","22.3998214356282","22.6305120997506","22.8306567492632","23.0309079153534","23.2311590814436","23.4313037309562","23.6315548970464","23.8316995465589","24.0319389958256","",
"中国","CHN","Urban land area where elevation is below 5 meters (sq. km)","AG.LND.EL5M.UR.K2","","","","","","","","","","","","","","","","","","","","","","","","","","","","","","","21583.90938779","","","","","","","","","","27013.70395289","","","","","","","","","","","","","","","32989.8003106","","","","","","","","","",
"中国","CHN","谷物耕地（公顷）","AG.LND.CREL.HA","","89712000","88910008","90371008","92086008","91089016","92863000","91965000","89643008","91280008","92886508","96197008","96529000","96185008","96848008","97239491","97788749","96433874","96648324","95472504","94370308","91944016","90301916","92104816","91739562","88145866","89761952","89694400","88790680","90871369","93579327","93608374","92100020","88812950","87436560","89308700","92208280","92141074","92118680","91616870","85263680","82595430","81468883","76947800","79349403","81873750","84899810","85830050","86358190","88566750","90060290","91288190","92927090","94166630","95062910","103281871","102133381","100489465","99631500","97913147","97939476","100162416","99216912","99987255","",
"中国","CHN","农业用地（占土地面积的百分比）","AG.LND.AGRI.ZS","","36.4657950097196","36.7587143503848","37.0622853034378","37.3658562564908","37.7706175272282","38.1540755731899","38.5375336191516","38.9209916651133","39.4109658349533","39.9009400047932","40.3962399808271","40.8883444731446","41.4858999281016","42.1910366681756","42.6820759992544","43.309811019093","43.9375460495833","44.5738023593321","45.0603147551461","45.5467206348361","46.1117886720102","47.1353021063563","48.2441349559289","49.4806806380316","50.7386360610337","51.389343061806","51.9549436795995","52.5523926184326","53.2032061353287","53.8645647484888","54.4701089127367","54.7827337363193","55.1991052645594","55.6901445956382","55.6902039146848","55.6944173715386","55.6944440006263","55.694470629714","55.6944972588017","55.694583211727","55.7578718644915","55.8211320658973","55.8843892938216","55.9476447513305","56.0109031839269","56.0741598447602","56.1374176962452","56.2006719746855","56.2639250438662","56.1834730812931","56.1036602181182","56.0235278052443","55.9433953923703","55.8632629794963","55.7831305666223","55.7030573453299","55.6228503623161","55.54274989588","55.462649429444","55.4526368711394","55.4426243128349","55.4326117545304","55.4326117545304","",
"中国","CHN","来自DAC捐助国的双边援助净流量，希腊（现价美元）","DC.DAC.GRCL.CD","","","","","","","","","","","","","","","","","","","","","","","","","","","","","","","","","","","","","50000.0007450581","39999.9991059303","170000.001788139","50000.0007450581","50000.0007450581","90000.0035762787","159999.996423721","600000.023841858","270000.010728836","400000.005960464","330000.013113022","509999.990463257","7719999.79019165","790000.021457672","579999.983310699","519999.980926514","449999.988079071","41312.001645565","85805.9972524643","42038.0011200905","2024.0000449121","2999.00001846254","20148.9999890327","18667.9996550083","","5222.00018167496","","5185.9999075532","",
"中国","CHN","Net bilateral aid flows from DAC donors, Estonia (current US$)","DC.DAC.ESTL.CD","","","","","","","","","","","","","","","","","","","","","","","","","","","","","","","","","","","","","","","","","","","","","","","","","","","","","","","","","","","","","28489.9994730949","","","","",
"中国","CHN","Net bilateral aid flows from DAC donors, Czech Republic (current US$)","DC.DAC.CZEL.CD","","","","","","","","","","","","","","","","","","","","","","","","","","","","","","","","","","","","","","","","","","","","","","1299999.95231628","340000.003576279","209999.993443489","409999.996423721","239999.994635582","159999.996423721","119999.997317791","209999.993443489","124403.99825573","28194.9993222952","75713.999569416","41434.9995553494","","27038.000524044","37438.9998614788","211257.994174957","36416.0016179085","6167.00015962124","","",
"中国","CHN","来自DAC捐助国的双边援助净流量，比利时（现价美元）","DC.DAC.BELL.CD","","","","","","","","","","","","","","","","","","","","","10380000.1144409","8430000.30517578","6929999.82833862","6030000.20980835","6190000.05722046","6869999.88555908","1779999.97138977","25319999.6948242","15130000.1144409","1309999.94277954","4530000.20980835","2329999.92370605","18139999.3896484","10529999.7329712","2089999.91416931","10920000.0762939","7780000.20980835","5340000.15258789","6480000.01907349","-3819999.9332428","2859999.89509583","319999.992847443","159999.996423721","-2309999.94277954","-4590000.15258789","-1340000.0333786","-2549999.95231628","-3839999.91416931","-1519999.98092651","2049999.95231628","-3380000.11444092","-3509999.99046326","-2910000.08583069","-1990000.00953674","-3440000.05722046","-2692720.89004517","-1151859.998703","-2808890.10429382","483004.003763199","658333.003520966","601131.975650787","436309.009790421","115942.999720573","100022.003054619","",
"中国","CHN","股票交易总额（占国民生产总值（GDP）的比例）","CM.MKT.TRAD.GD.ZS","","","","","","","","","","","","","","","","","","","","","","","","","","","","","","","","","","8.9496467276387","12.0248805629259","10.502540792118","35.4324258729674","38.3418786905989","27.4207441977851","","61.4978610274192","34.1525463835702","22.7012537188009","23.0418123019177","25.7784910302746","16.930227189784","41.5186016145544","174.954228247797","83.6676195246582","150.894311745525","133.349306909426","86.9942153952661","57.9593439017259","78.9888420252731","112.036085808073","348.609717745606","159.698152645489","137.373869513271","92.3866174331064","125.338015855542","210.607270103945","221.737510118324","177.228885403939","163.18790877354","186.054420557923",
"中国","CHN","Market capitalization of listed domestic companies (current US$)","CM.MKT.LCAP.CD","","","","","","","","","","","","","","","","","","","","","","","","","","","","","","","","","","","","","","","","","","","","512978770000","447720260000","401852250000","1145454870000","4478866530000","1778784040000","3573152460000","4027840300000","3412108290000","3697376040000","3949143490000","6004947670000","8188019320000","7320738379789.18","8711267220000","6324879760000","8569512150000","12276766270000","14437446150000","11469346090000","10935845590000","11755757950000",
"中国","CHN","Control of Corruption: Percentile Rank, Lower Bound of 90% Confidence Interval","CC.PER.RNK.LOWER","","","","","","","","","","","","","","","","","","","","","","","","","","","","","","","","","","","","","32.2580642700195","","33.6898384094238","","40.4255332946777","","25.3968257904053","32.2751312255859","24.630542755127","20.9756088256836","25.3658542633057","19.9029121398926","25.7281551361084","24.4019145965576","21.9047622680664","23.6966819763184","29.8578205108643","35.0710906982422","35.5769233703613","37.1428565979004","36.6666679382324","39.0476188659668","37.1428565979004","33.3333320617676","43.8095245361328","48.0952377319336","48.113208770752","46.698112487793","",
"中国","CHN","已收劳工汇款和职工报酬（占国内生产总值（GDP）比例）","BX.TRF.PWKR.DT.GD.ZS","","","","","","","","","","","","","","","","","","","","","","","0.300426926220373","0.234499792789059","0.154736437935385","0.0874011342818592","0.147781283669386","0.0833921007535196","0.104299005681818","0.0542108309122603","0.0541929073063418","0.101380858959082","0.144545296677853","0.141388353168787","0.15116516961987","0.0474132100231308","0.19251052615544","0.474190965571829","0.0331683227992206","0.0480140656103324","0.0619472075354708","0.0892226828926873","0.157943091440011","0.274679180387674","0.33470576160415","0.143990850692326","0.154737416153914","0.189595556743322","0.195754634183571","0.177461277719091","0.220200211357557","0.215965795112023","0.196752167063247","0.182591382060942","0.28020429672732","0.293459971514147","0.234664999780238","0.22872062217092","0.171798187789183","0.125646312827257","0.125871762145022","0.123504401314794","0.142457651070649","0.161377801607252","0.16757857471",
"中国","CHN","证券组合股权，净流入（BoP，现价美元）","BX.PEF.TOTL.CD.WD","","","","","","","","","","","","","","","","","","","","","","","0","0","0","0","0","0","0","0","0","0","0","0","","","","5657000000","765000000","612000000","6912000000","849000000","2249000000","7729000000","10923200000","20569000000","42861200000","18478120465.0191","8464027990.96817","29116669021.7512","31357093655.533","5308427622.574","29902702074.1387","32594970774.1324","51915788939.8445","14964496565.6","23416073023.423","36208879301.31","60667928466.48","44906049116.09","80334733544.4","82900846960.64","38464324948.92","11291258950.41","-20236688840.51",
"中国","CHN","交通服务（占国际收支统计口径的服务出口比例）","BX.GSR.TRAN.ZS","","","","","","","","","","","","","","","","","","","","","","","52.2691082802548","54.0943929003631","44.5748843827819","42.6186579378069","34.36111836948","30.3132747351814","42.4454508027995","37.6710840756029","46.2169086251067","28.8150164780054","22.4781057411612","17.2429196819441","18.52587244284","17.5224120897215","14.9021892141158","5.13466550825369","3.68713829974831","3.66167347556363","4.6640457540004","5.14377032260928","5.59892100089583","13.7077061975207","15.2445395913365","19.6594525114663","22.3398167586247","23.1480139606008","23.5237979257924","16.4159423797787","19.1828658598259","17.6923294817591","19.3040053448957","18.1857988396184","17.4512397698875","17.752761365063","16.2315314476786","17.5024128785339","18.1120747413895","18.8956039921998","24.7676717710226","37.8931170358166","39.3382893413363","26.4794941416005","29.3592228791555",
"中国","CHN","货物出口（BoP，现价美元）","BX.GSR.MRCH.CD","","","","","","","","","","","","","","","","","","","","","","","21125000000","20707000000","23905000000","25108000000","25756000000","34734000000","41054000000","43220000000","51519000000","58919000000","69568000000","75659000000","102561000000","128109690000","151077000000","82983000000","78985000000","83794000000","111331687000","118463000000","145460205585.428","388297641441.493","525615268320.748","694870272887.864","897660405046.06","1122737097486.82","1334555205546.6","1119090663054.51","1478072761421.32","1807805443488.64","1973516412824.49","2148588935109.43","2243761278997.2","2142753416452.3","1989518638921.98","2216213798034.65","2417442805605.76","2386640081644.24","2510014622024.19","3215838267844.58","3346824532700.13","3179134920284.02","3408990836685.19",
"中国","CHN","通信、计算机等（占服务出口额的百分比，BoP）","BX.GSR.CMCP.ZS","","","","","","","","","","","","","","","","","","","","","","","11.703821656051","6.77692617991126","14.6567057986482","18.9198036006547","27.5934152077345","25.850800090151","13.4623301770276","22.789485118401","20.2220324508967","32.6694368820748","34.1009838901503","36.880192977754","27.1841155234657","27.1614663648767","34.9885927867579","72.5212858384014","74.2830119110598","73.7721289151158","73.742439700656","73.4554816943923","72.5712311542599","51.1526837037335","46.5858264308902","24.2327828363443","23.1933972135385","23.6749652208737","26.4187421785963","28.0083420469194","29.2090854179859","28.242462581287","27.978432852214","25.7383540626345","26.856769866001","31.3351992295875","31.1656597400145","33.0484261244964","32.7347140938123","34.5582652537973","36.9493026446303","30.3316046424749","29.2768681926892","33.6572132969624","26.6671380492071",
"中国","CHN","赠款，不包括技术合作（BoP，现价美元）","BX.GRT.EXTA.CD.WD","","","","","","","","","","","","","","","","","","","","3550000","7100000","18750000","46880000","72780000","112080000","117320000","154630000","209040000","301260000","241110000","259210000","245180000","334390000","272790000","336420000","332450000","263840000","273144200","350829600","388157667","326691333","280397200","353668613","375286397","435794330","371817246","396890996","532496849","657760456","508438056","423170000","525444156","448838665","407089137","289844601","259288478","210281203","190163861","223440733","175651113","192297072","161223685","111013379","103417845","",
"中国","CHN","证券投资，净投资（国际收支平衡，现价美元）","BN.KLT.PTXL.CD","","","","","","","","","","","","","","","","","","","","","","","-21000000","621000000","1638000000","-3027000000","-1568000000","-1051000000","-876000000","180000000","241000000","-235000000","57000000","-3049000000","-3543000000","-789400000","-1744000000","-6943000000","3732000000","11234000000","3990732000","19405000000","10342485051.8252","-11437115819.9986","-19743601592.0469","4709837172.2624","68416515086.0359","-16442973699.6943","-34852395243.9119","-27087363798.0012","-24038442273.013","-19639146481.033","-47779274570.0752","-52891117744.1311","-82429447386.7501","66470061883.31","52270616754.1906","-29497793098.2633","-106873525546.721","-57947645385.638","-95539019942.7","-51365856850.46","289053728588.98","57815927864.98","187638072947.45",
"中国","CHN","净货物和服务贸易（BoP，现价美元）","BN.GSR.GNFS.CD","","","","","","","","","","","","","","","","","","","","","","","4737000000","2475000000","-32000000","-12592000000","-7589000000","291000000","-4060000000","-4927000000","10668000000","11601000000","4998000000","-11497000000","7611000000","11957590000","17551000000","42824000000","43837000000","30641000000","28873534000","28084000000","37383087664.0194","35821129066.2935","51174382539.95","124626797517.21","208918924500.594","308036028783.355","348832533153.935","220130401366.78","223023871712.799","181903738912.673","231844876748.001","235379561604.115","221299246947.271","357870764281.272","255737088242.149","217009899933.947","87905148451.8738","131844297312.037","358572608160.02","461494292759.35","577608939732.6","385575471624.67","538958018243.69",
"中国","CHN","经常账户余额（BoP，现价美元）","BN.CAB.XOKA.CD","","","","","","","","","","","","","","","","","","","","","","","5674000000","4240000000","2030000000","-11417000000","-7034000000","300000000","-3802000000","-4317000000","11997000000","13272000000","6401000000","-11609000000","6908000000","1618390000","7243000000","36963000000","31472000000","21115000000","20518382000","17401000000","35421997979.6472","43051582861.334","68940960688.562","132378493766.399","231843041064.413","353182677237.315","420568516143.544","243256567919.618","237810389607.954","136096761577.55","215391747469.441","148203949879.877","236046577873.629","293022317035.547","191337035941.993","188676126121.161","24130909184.4985","102909876008.387","248835643936.04","352885754634.63","443374257116.429","263382353368.19","423919214716.3",
"中国","CHN","Foreign direct investment, net outflows (BoP, current US$)","BM.KLT.DINV.CD.WD","","","","","","","","","","","","","","","","","","","","","","","44000000","93000000","134000000","629000000","450000000","645000000","850000000","780000000","830000000","913000000","4000000000","4400000000","2000000000","2000000000","2114000000","3765000000","4527000000","4036000000","4612000000","9696000000","6284049718.62298","8456083723.56331","7972601713.71155","13729566302.8637","23932198467.5382","17154799701.5885","56742276629.6973","43889985500","57953599366.3569","48420641059.6476","64963386524","72970879683.31","123129554305.76","174390681862.62","216424460753.574","138292767802.139","143026576683.861","136910000000","153720808338.11","178797739982.88","210050160759.03","225668552811.28","172243715124.25",
"中国","CHN","知识产权使用费，支付（国际收支平衡，现价美元）","BM.GSR.ROYL.CD","","","","","","","","","","","","","","","","","","","","","","","","","","","","","","","","","","","","","","543000000","420000000","792000000","1280970000","1938000000","3114004040.6535","3548126751.5953","4496604795.5981","5321253863.3468","6634081020.03558","8192067402.3259","10319466356.1387","11065271082","13039546459","14706108691","17748983437","21033078371","22613800781.52","22022366054.63","23979580207.69","28746479819.35","35782953953.25","34370466477.86","37870654560.1","46894697500.69","44461434630.96","42727512987.73","45825549102.93",
"中国","CHN","货物和服务进口（BoP，现价美元）","BM.GSR.GNFS.CD","","","","","","","","","","","","","","","","","","","","","","","18900000000","20711000000","26748000000","40755000000","37172000000","38880000000","49972000000","52750000000","46706000000","54297000000","73819000000","98349000000","111570000000","135282400000","154127000000","97709000000","97527000000","119243000000","161165850000","180488000000","210243368881.429","410155077194.32","553600330539.767","648712207879.776","782812463259.899","950020767157.332","1149036249785.65","1042533759652.93","1433387787069.77","1826948709574.79","1943247135628.36","2120215176193.99","2241602783713.84","2002281688027.82","1942185380887.4","2212267456271.44","2563104453717.02","2499154939622.91","2380325378540.96","3093737185280.82","3141710904547.04","3122267410009.51","3253992699024.39",
"中国","CHN","谷类产量（每公顷千克数）","AG.YLD.CREL.KG","","1192.7","1323.1","1490.7","1622.7","1746.5","1879.1","1935.7","1939.4","1900.4","2127.7","2174","2106.5","2275.7","2389.2","2480.4","2522.3","2486.9","2791.8","3032.5","2937.3","3081.6","3456","3716.1","3954.9","3820.5","3889.9","3973.1","3930.6","4014.7","4306.5","4231.4","4361.6","4562.1","4504.9","4659.3","4891.6","4813.2","4952.8","4944.9","4752.6","4800.3","4869.1","4871.1","5186.8","5224.6","5313.4","5320.6","5549.7","5449.6","5527.5","5710","5828.7","5897.7","5896.3","5985.2","6018.6","6110.8","6122","6265.1","6296.1","6317.5","6381.3","6418.1","",
"中国","CHN","作物生产指数（2014-2016 = 100）","AG.PRD.CROP.XD","","14.24","14.97","15.4","16.18","17.64","19.05","19.21","19.09","19.35","20.73","21.26","20.55","23.34","23.24","23.72","23.34","23.92","26.37","26.8","26.52","27.71","30.37","32.72","35.26","34.04","34.72","36.55","36.55","37.37","40.1","41.28","42.68","45.5","46.34","49.53","53.41","54.75","56.45","58.43","61.97","63.25","66.02","65.89","70.44","72.56","74.41","77.42","82.16","83.79","86.35","90.95","93.5","95.7","97.36","101.49","101.14","103.12","104.39","107.84","107.94","109.76","111.85","","",
"中国","CHN","土地面积（平方公里）","AG.LND.TOTL.K2","","9388250","9388250","9388250","9388250","9388250","9388250","9388250","9388250","9388250","9388250","9388250","9388250","9388250","9388250","9388250","9388250","9388250","9388250","9388250","9388250","9388250","9388250","9388250","9388250","9388250","9388250","9388250","9388250","9388250","9388250","9388250","9388250","9388250","9388250","9388240","9388230","9388230","9388230","9388230","9388220","9388214.2","9388213.2","9388212.7","9388212.5","9388211.8","9388211.4","9388210.8","9388210.8","9388211","9388211","9388211","9388211","9388211","9388211","9388211","9388210","9388210","9388210","9388210","9388210","9388210","9388210","9388210","",
"中国","CHN","森林面积（平方公里）","AG.LND.FRST.K2","","","","","","","","","","","","","","","","","","","","","","","","","","","","","","","1571405.9","1591265.86","1611125.82","1630985.78","1650845.74","1670705.7","1690565.66","1710425.62","1730285.58","1750145.54","1770005.5","1793615.33","1817225.16","1840834.99","1864444.82","1888054.65","1911664.48","1935274.31","1958884.14","1982493.97","2006103.8","2025471.54","2044839.28","2064207.02","2083574.76","2102942.5","2124600","2143390","2162190","2180990","2199780","2218580","2237370","2256168.9","",
"中国","CHN","Rural land area where elevation is below 5 meters (% of total land area)","AG.LND.EL5M.RU.ZS","","","","","","","","","","","","","","","","","","","","","","","","","","","","","","","0.58452770801868","","","","","","","","","","0.525802264714335","","","","","","","","","","","","","","","0.461168344660781","","","","","","","","","",
"中国","CHN","耕地（占土地面积的百分比）","AG.LND.ARBL.ZS","","10.9285543099087","10.8965994727452","10.8752962479695","10.8539930231939","10.8273639922243","10.7794317364791","10.7283039970175","10.677176257556","10.6260485180944","10.5749207786329","10.5291188453652","10.4801214283812","10.4300588501584","10.4875775570527","10.3309988549517","10.3111158416105","10.291232838921","10.2713498255798","10.2574494714137","10.2441882139909","10.309695630176","10.8326897984182","11.4291800921364","12.1428381221207","12.7925864777781","12.8351929273294","12.8032380901659","12.8777993768807","13.0162703379224","13.1866961361276","13.3012009692967","13.0908316246372","12.920405826432","12.856496152105","12.7372116605455","12.7115547872176","12.6796265110676","12.6796531401553","12.679679769243","12.6797199043056","12.742981982665","12.7849342939932","12.8055826110544","12.8262305311048","12.8522049534502","12.8888306349812","12.8828499568842","12.9088234363038","12.9294708011995","12.7960801051446","12.6413860958174","12.4973437431264","12.39590801698","12.3136452727788","12.2356431912321","12.0845187740794","11.890871635807","11.7685906045987","11.6042142218804","11.5894936308412","11.6065788899055","11.5635568441694","11.5492836227566","",
"中国","CHN","农业用地面积（平方公里）","AG.LND.AGRI.K2","","3423500","3451000","3479500","3508000","3546000","3582000","3618000","3654000","3700000","3746000","3792500","3838700","3894800","3961000","4007100","4066033.333","4124966.667","4184700","4230375","4276040","4329090","4425180","4529280","4645370","4763470","4824560","4877660","4933750","4994850","5056940","5113790","5143140","5182230","5228330","5228330","5228720","5228722.5","5228725","5228727.5","5228730","5234668.444","5240606.889","5246545.333","5252483.778","5258422.222","5264360.667","5270299.111","5276237.556","5282176","5274623","5267130","5259607","5252084","5244561","5237038","5229520","5221990","5214470","5206950","5206010","5205070","5204130","5204130","",
"中国","CHN","国际谋杀犯罪率（每10万人）","VC.IHR.PSRC.P5","","","","","","","","","","","","","","","","","","","","","","","","","","","","","","","","","","","","2.24204895736743","2.06434925045202","2.10048890051469","","","","","2.04185850578199","1.88433167405903","1.89778004857568","1.5854633417248","1.3636011505677","1.21578178296856","1.11041885098023","1.09249548072451","0.992185694923539","0.883293080721741","0.824083830524219","0.771569105292682","0.726466059590713","0.658962453224414","0.614934212808057","0.565721900260259","0.530299683323493","0.518362801144556","0.5018560705357","","","","",
"中国","CHN","Internally displaced persons, new displacement associated with conflict and violence (number of cases)","VC.IDP.NWCV","","","","","","","","","","","","","","","","","","","","","","","","","","","","","","","","","","","","","","","","","","","","","","","","","","","","","","","","","","","","","","","","","",
"中国","CHN","Voice and Accountability: Percentile Rank, Lower Bound of 90% Confidence Interval","VA.PER.RNK.LOWER","","","","","","","","","","","","","","","","","","","","","","","","","","","","","","","","","","","","","3","","2.48756217956543","","2.98507452011108","","1.49253726005554","1.99004971981049","3.36538457870483","3.8461537361145","2.4038462638855","2.4038462638855","3.36538457870483","2.84360194206238","2.84360194206238","3.28638505935669","3.28638505935669","3.28638505935669","3.44827580451965","2.95566511154175","3.94088673591614","4.92610836029053","5.33980560302734","2.89855074882507","1.44927537441254","1.44927537441254","1.93236720561981","2.45098042488098","",
"中国","CHN","旅行服务（占商业服务出口比例）","TX.VAL.TRVL.ZS.WT","","","","","","","","","","","","","","","","","","","","","","","28.3925686591276","31.10300081103","33.1297161336687","33.4700854700855","33.9700996677741","39.9952752185211","38.0639694979877","33.4231805929919","30.2366040361865","34.1783216783217","38.7571365832235","42.603711790393","44.7780359545065","47.3685238600626","49.5940098215588","21.0037401061146","20.2074948286644","21.3583407820383","20.6966916228142","19.8403140193586","20.0239692130494","30.3664776000704","32.6716054591952","37.571463806734","36.3120821509328","27.627609632777","25.1113773405858","27.8179023968925","25.8275441200592","24.1964028661089","24.9409782849041","25.1066475449086","20.1955134969824","20.7866259583661","21.4446304335641","18.2429875536931","17.4218487459129","14.7594263231093","4.39556469545718","3.35364120453769","3.63379787251993","7.65429893937524","10.393545161687",
"中国","CHN","商业服务出口额（现价美元）","TX.VAL.SERV.CD.WT","","","","","","","","","","","","","","","","","","","","","","","2476000000","2466000000","2783000000","2925000000","3612000000","4233000000","4721000000","4452000000","5748000000","6864000000","9108000000","10992000000","16354000000","18429960000","20567000000","57485000000","62363000000","66007000000","78423162000","89676000000","101802993118.444","57319786078.7109","78780946446.4378","77974071360.9067","93492297849.761","134767359517.876","162647390647.06","142623981614.2","177384267691.244","200294234924.82","200585556141.878","205778170532.676","218086460963.646","216334862452.388","207192115754.644","211364158904.639","231809504743.29","242772303719.254","226375947450.48","337839937184.69","370802235793.21","327081047955.17","382416592212.59",
"中国","CHN","报告经济体的商品出口（现价美元）","TX.VAL.MRCH.WL.CD","","466600000","","","","","","","","","","","","","","","","","8119900000","11741400000","16234500000","20595100000","21045500000","21319600000","23766200000","25668200000","29295700000","37297400000","45015200000","49034283514.9228","59389658340.106","69649577000","84286445000","90985943000","120014233000","147741221000","150080691000","182875268589.675","183689584000","194817354000","248956834602","266554041000","325511777000","438126986000","593282197450","761711971000","968289832000","1217042434000","1428161358000","1200548660000","1574608363961","1894592536455","2046563884487","2207941404351","2341053098045","2275977192969","2132123400000","2279673436698","2501126772400","2498360633620","2597841347030","3367986164865","3604081807520","3421795720251","",
"中国","CHN","向中东和北非地区的发展中经济体的商品出口（占商品出口总额的百分比）","TX.VAL.MRCH.R4.ZS","","6.17231033004715","","","","","","","","","","","","","","","","","2.5862387467826","2.3634319587102","3.14268995041424","6.93757252938806","10.4777743460597","11.3862361395148","9.23286011226027","5.97314965599458","6.37431431916629","6.18220036785406","3.69519628925341","1.72542543574134","1.62345875158963","1.2852368076837","1.25520301633317","1.3250816117826","1.02057478465908","1.00527868251475","1.00982410855238","1.04736633595744","1.28904260570376","1.42550185749879","1.29388855909486","1.42066088579764","1.54279241331413","1.54161720593034","1.49315929031337","1.54378655550892","1.68590265646825","1.92512342589363","2.09522081187692","2.5482565612959","2.38968329682593","2.28709842983324","2.23857588112789","2.39373534310506","2.84720820756534","2.70622284033753","2.77027567916566","2.57889151685493","2.34771584903131","2.31887142233973","2.17287653014432","1.91731472767461","1.9956339406594","2.22842715872024","",
"中国","CHN","向地区外的发展中经济体的商品出口（占商品出口总额的百分比）","TX.VAL.MRCH.OR.ZS","","12.5803686240892","","","","","","","","","","","","","","","","","6.98161307405264","6.8100907898547","7.58508115433182","14.0698515666348","17.6322729324559","17.2925383215445","14.8505019733908","11.3880209753703","11.4477551312991","11.8785759865299","9.30774493948711","5.36315983734047","5.92644870012894","4.66070597959267","4.92743643417396","5.81135923381044","5.11503831383066","5.78239501621555","5.52430692100158","5.80645873107388","6.76310367168124","6.66937658952087","6.89221608534308","7.23925772335224","7.58445646038791","8.00384617257975","8.51677692035558","9.17097691247917","10.7272739594357","12.467962805642","14.3250436551862","14.6782591885947","15.2278383620309","15.8497876136404","15.6740497699346","15.8655216881522","16.6014611004577","16.6557789188779","16.7610286065056","17.1323938779017","17.0746264276804","17.503085083693","16.2171912388588","17.5501218073944","18.6792753639864","20.5275990391231","",
"中国","CHN","矿石和金属出口（占商品出口的百分比）","TX.VAL.MMTL.ZS.UN","","","","","","","","","","","","","","","","","","","","","","","","","2.20438013141568","1.52152102105662","1.43441147933416","3.08700557244464","","","","","1.69054452864012","1.65044352178807","1.85593706296079","2.06554120824078","1.79073619811341","2.07175462677437","2.00362274524883","1.95591009512052","1.83767957725455","1.74535415424609","1.57791210521067","1.59380319283648","1.89169429050215","1.79072067915524","2.15043213751421","1.798056229728","1.64162254167846","1.16055322491633","1.35551382378782","1.43198201047339","1.22562185968402","1.17807626251683","1.24906371312883","1.17086953037954","1.12761789812447","1.20473204723595","1.32756116052616","1.26063099024319","1.12206922684085","1.38279589662737","1.51241196259416","1.32245246342569","1.5142975856954",
"中国","CHN","燃料出口（占商品出口的百分比）","TX.VAL.FUEL.ZS.UN","","","","","","","","","","","","","","","","","","","","","","","","","23.0209765667404","25.7589527332764","11.6427404345573","11.4550504352848","","","","","5.52424102009769","4.4783689356894","3.36262340846476","3.58384721631842","3.92677839358166","3.82213885487598","2.81568382698343","2.38996498851833","3.15222106435306","3.15850304161569","2.59070421728136","2.5361753489702","2.44053050133123","2.31272376664692","1.83393570516165","1.71119843888368","2.2208063178118","1.69623692345059","1.69056311409029","1.70007725545848","1.51374985096957","1.5294698347956","1.47061074195033","1.2272664163092","1.28100094525523","1.5635573554021","1.86764407076313","1.87465304454538","1.2143685449396","1.29170537075172","1.79009011301844","1.8075643209073","1.49786393169736",
"中国","CHN","出口物量指数（2015年 = 100）","TX.QTY.MRCH.XD.WD","","","","","","","","","","","","","","","","","","","","","1.0630435252","1.2925582127","1.3938007182","1.5154886886","1.8242345841","1.8648706758","2.2943994858","2.7202953609","3.2030804242","3.3155556708","3.7972357576","4.3528515367","5.0387510125","5.6106939393","7.1782329291","8.4055453791","8.3741713561","10.0402394626","10.4788790516","11.4490691593","14.7830453102","16.2161415147","20.4979117464","27.0212190842","33.5330800134","41.9","51.2","61.3","66.6","59.6","76.4","83.1","87.7","95.1","100.6","100","101.4","108.6","113.1","115.3","118.5","139","136.1","140.2","",
"中国","CHN","交通服务（占商业服务进口比例）","TM.VAL.TRAN.ZS.WT","","","","","","","","","","","","","","","","","","","","","","","66.8632707774799","73.5326086956522","50.1518602885345","67.4038036267138","75.0617283950617","70.3211991434689","68.4305472038485","77.0221102714805","78.8961828349137","63.7033274066548","46.9751276202889","47.3838969125659","48.2922501742602","38.6696196935937","46.0995127184943","35.4735152487961","25.0490758916997","25.0881372081944","28.8013796144391","28.8741012696956","29.3902535774834","33.0949273507723","33.9238213094647","34.1384346514806","34.2553664405594","33.4761561421295","31.8478679421131","29.4622652316504","32.9026573661972","32.5978374499649","30.6363771106127","28.6333927532039","22.3178478596693","19.7019570347249","18.3820033511848","19.9063959092715","20.9503618674566","20.9542713865784","25.0572395386052","33.5361159237711","36.9196807900537","29.8994736306211","27.6285238020969",
"中国","CHN","从地区内的发展中经济体的商品进口（占商品进口总额的百分比）","TM.VAL.MRCH.WR.ZS","","6.42954856361149","","","","","","","","","","","","","","","","","5.32331774964543","4.58861988378415","4.24468588663959","3.5087377885027","6.48425469990016","4.34653872790597","4.09389865563599","3.06165170857217","3.26643845780442","4.52746706437982","4.8227180720219","4.63694724131763","4.81722023025468","4.92639322474589","4.3761018521493","4.05076037969885","4.52506687728744","5.24707430517407","5.57449674871796","6.00267894096662","6.32344802331414","6.93450871843363","8.0549786247216","7.8680728987948","8.76567991536092","9.6666125676668","9.5893477778444","9.87172188932668","10.2719611184967","10.7040586105847","9.60705458680729","9.91177992728905","10.5580148864984","10.6805755555926","10.5437777486903","9.97376647223434","10.4246745770857","11.589136377922","12.2153099047952","12.4149551787822","12.3583867604588","13.2138345370127","14.2846264835409","14.4310049661203","14.8940460376958","15.2104989351334","",
"中国","CHN","从南亚地区发展中经济体的商品进口（占商品进口总额的百分比）","TM.VAL.MRCH.R5.ZS","","4.60556315549476","","","","","","","","","","","","","","","","","1.0873562010821","0.653802433048795","1.36224034873353","2.40970303195423","1.46256719179203","1.08701107085144","0.587797311271975","0.313371445390902","0.299555571205441","0.2629878200348","0.417902880162883","0.699576598813891","0.423490214301705","0.372188543279742","0.361728119245467","0.524669744880147","0.460687602201053","0.531971991938888","0.816309616159728","0.966618500287414","0.972770563495432","0.774085989575493","0.867267620212018","0.983452731626332","1.02760548131079","1.25922845732356","1.60099178877874","1.77491822036081","1.61745596155955","1.83154131193166","2.0731109024973","1.65693008141522","1.81131583437935","1.62922486756199","1.36848255906818","1.1909641786839","1.12737684629156","1.16441792561201","1.01585279039875","1.14143949600574","1.12808513921572","1.09933348672868","1.2514632561143","1.32545673493103","0.867543632158585","0.957568204634306","",
"中国","CHN","从东亚和太平洋地区发展中经济体的商品进口（占商品进口总额的百分比）","TM.VAL.MRCH.R1.ZS","","6.42954856361149","","","","","","","","","","","","","","","","","5.32331774964543","4.58861988378415","4.24468588663959","3.5087377885027","6.48425469990016","4.34653872790597","4.09389865563599","3.06165170857217","3.26643845780442","4.52746706437982","4.8227180720219","4.63694724131763","4.81722023025468","4.92639322474589","4.3761018521493","4.05076037969885","4.52506687728744","5.24707430517407","5.57449674871796","6.00267894096662","6.32344802331414","6.93450871843363","8.0549786247216","7.8680728987948","8.76567991536092","9.6666125676668","9.5893477778444","9.87172188932668","10.2719611184967","10.7040586105847","9.60705458680729","9.91177992728905","10.5580148864984","10.6805755555926","10.5437777486903","9.97376647223434","10.4246745770857","11.589136377922","12.2153099047952","12.4149551787822","12.3583867604588","13.2138345370127","14.2846264835409","14.4310049661203","14.8940460376958","15.2104989351334","",
"中国","CHN","来自阿拉伯世界的发展中经济体的商品进口（占商品进口总额百分比）","TM.VAL.MRCH.AL.ZS","","4.07356741146071","","","","","","","","","","","","","","","","","1.79650154961391","1.08802327141274","1.90163248681792","1.43959444206593","1.60245020897846","2.06160733105158","1.58552223371251","0.612787077424315","0.567168608789479","0.81282624906786","1.27113776534852","1.27117318942527","1.08999622844511","1.42973581670737","1.23743400207341","1.336935164785","1.02631896772752","1.56735983826617","1.96583732135753","2.39869588411493","1.89630507568869","1.8284479073775","4.05299975225482","3.19468232779405","2.8962404841357","3.1938925167628","3.65574540968864","4.58354101075202","4.78423581695314","4.70019227456822","6.76505446890763","5.6759929489812","6.34268970499881","7.35037554276235","7.95698179304144","7.76141377883544","7.64123297910518","5.99550556080225","4.79706848299133","5.43956514663609","6.99751756915462","7.51620772778575","6.03797874089503","7.21254131971302","9.93505443225709","8.81822539092301","",
"中国","CHN","信息和通信技术 (ICT) 产品进口（占产品进口总量的百分比）","TM.VAL.ICTG.ZS.UN","","","","","","","","","","","","","","","","","","","","","","","","","","","","","","","","","","","","","","","","","20.19","21.01","23.17","24.05","23.82","25.28","26.07","24.55","21.19","21.9","20.4","18","19.56","20.55","19.71","23.35","23.76","22.72","22.67","22.41","24.95","23.71","22.14","","",
"中国","CHN","进口单位价值指数（2015年=100）","TM.UVI.MRCH.XD.WD","","","","","","","","","","","","","","","","","","","","","60.1","58.7","56.6","60.8","61.5","65.7","65.7","63.6","67.8","64.3","66.4","67.8","67.8","67.1","68.5","72","70.6","68.5","65.7","67.8","69.9","69.8","71.5","72.4","80.8","85.2","87.8","93.2","106.4","91.8","104.5","119.9","119.3","117.2","114.3","100","91.2","97.2","105.8","102.9","97.6","117.7","128","117.5","116.9",
"中国","CHN","初级产品简单平均适用税率（%）","TM.TAX.TCOM.SM.AR.ZS","","","","","","","","","","","","","","","","","","","","","","","","","","","","","","","","","34.67","30.9","29.25","","23.71","17.09","16.78","16.67","17.39","16","12.23","10.75","9.78","8.78","8.85","8.86","8.68","8.02","8.19","8","","","7.55","7.78","8.17","9.08","7.98","6.48","6.51","6.43","6.37","","",
"中国","CHN","所有产品加权平均适用税率（%）","TM.TAX.MRCH.WM.AR.ZS","","","","","","","","","","","","","","","","","","","","","","","","","","","","","","","","","32.17","30.29","27.93","","19.76","15.82","15.5","14.46","14.67","14.11","7.72","6.48","5.96","4.87","4.25","5.07","4.47","3.94","4.65","5.99","","","4.74","4.52","3.54","3.83","3.39","2.53","2.47","2.31","2.18","","",
"中国","CHN","约束范围，所有产品（百分比）","TM.TAX.MRCH.BC.ZS","","","","","","","","","","","","","","","","","","","","","","","","","","","","","","","","","","","","","","","","","","100","100","100","100","100","100","100","100","100","100","100","","","100","100","100","100","100","99.98","99.98","99.98","0","","",
"中国","CHN","工业产品简单平均适用税率（%）","TM.TAX.MANF.SM.AR.ZS","","","","","","","","","","","","","","","","","","","","","","","","","","","","","","","","","40.75","38.27","34.13","","21.7","16.59","17.15","16.29","16.23","15.29","12.14","10.68","9.82","9.31","8.9","8.95","8.71","8.1","8.07","8.16","","","7.78","7.83","7.84","8.35","7.5","5.21","5.13","5.13","5.21","","",
"中国","CHN","商品贸易（GDP的百分比）","TG.VAL.TOTL.GD.ZS","8.72068225819589","7.35412859421815","6.94556913711685","6.85071318970341","6.61965345284172","6.81489723750864","6.71792804809725","6.24149527817959","6.21017172484835","5.44285593630768","4.94431815450644","4.91401406371912","5.7468069250929","7.98764288343114","10.3165500999223","9.53951192228098","8.82184267938268","8.37087539595749","14.0771710811984","16.3713722243864","19.8655264703962","22.4347119137663","20.2481090719964","18.8707434728554","20.5607481761834","22.4475784069593","24.5083019085732","30.2254310804274","32.85","32.0568971528181","31.9271840758133","35.2918884141562","38.6287258752326","43.8248358836059","41.7372854149629","38.0476109141046","33.3762821964504","33.5996693718168","31.2350145421067","32.6704009076494","38.7575152720302","37.6116042671141","41.6671342268021","50.5366308757308","58.1875318371715","61.3538091344576","63.064301025086","60.392294324868","54.9190004844014","42.5378592434424","48.0253507277558","47.4710669450398","44.5846032544886","42.6864616980176","40.2970877714012","35.0420964662159","32.1713447236719","32.7586731962493","32.6726005659031","31.4408685570406","31.0468619247254","32.9388706646147","34.1268831728628","32.4897051121724","32.8725442955454",
"中国","CHN","国际旅游，旅行项目收入（现价美元）","ST.INT.TVLR.CD","","","","","","","","","","","","","","","","","","","","","","","","","","","","","","","","","","","","8730000000","10200000000","12074000000","12602000000","14098000000","16231000000","17792000000","20385000000","17406000000","25739000000","29296000000","33949000000","37233000000","40843000000","39675000000","45814000000","48464000000","50028000000","51664000000","44044000000","44969000000","44432000000","38559000000","40386000000","35832000000","14233000000","","","","",
"中国","CHN","国际旅游，收入（现价美元）","ST.INT.RCPT.CD","","","","","","","","","","","","","","","","","","","","","","","","","","","","","","","","","","","","","","12626000000","13229000000","15006000000","17318000000","19006000000","21742000000","18707000000","27755000000","","","","","","","","","","","","","","","","","","","","",
"中国","CHN","城镇人口（占总人口比例）","SP.URB.TOTL.IN.ZS","19.7456455230713","19.2942504882812","17.3249530792236","16.8362922668457","18.2999991337848","17.983678817749","17.8597278594971","17.7404155731201","17.6203937530518","17.4994716644287","17.3799896240234","17.2605571746826","17.1318130493164","17.2007942199707","17.1639575958252","17.3447303771973","17.4365386962891","17.551118850708","17.9152069091797","18.9610633850098","19.3911151885986","20.1564884185791","20.565502166748","21.6235637664795","23.0142688751221","23.7069091796875","24.5249156951904","25.3193054199219","25.8146724700928","26.2102489471436","26.1957015991211","26.9402465820312","27.4598693847656","27.9900760650635","28.5098037719727","29.0403804779053","30.4798641204834","31.9099540710449","33.3501663208008","34.7797050476074","36.4320234662299","37.6597442626953","39.0897827148438","40.5302314758301","41.7600135803223","42.9899978637695","44.3430099487305","45.8892440795898","46.9895057678223","48.3417053222656","49.2340270628041","51.8300285339355","53.1003112792969","54.4900016784668","55.7502555847168","57.3297843933105","58.8399238586426","60.2402687072754","61.5001983642578","62.7099151611328","63.5234230266258","64.721076965332","65.2176361083984","65.5301448035523","65.8946980998325",
"中国","CHN","农村人口增长（年增长率）","SP.RUR.TOTL.ZG","","-0.454648033729286","3.23125633937575","3.04696946769873","0.54497950047826","2.76779355111019","2.93834726353969","2.7158465447152","2.75670246359132","2.88668101849888","2.90639654856968","2.8913675382455","2.6128378145251","2.20011859037652","2.11043431432783","1.54792365620666","1.43620250573356","1.22390482976072","0.895611932308792","0.0516242726808219","0.722134905403491","0.326926012788182","0.959088873645404","0.104006655416995","-0.478254184816164","0.457927791461454","0.409420037481331","0.545507687819445","0.944548092519156","0.998515827299253","1.48701590149388","0.350501186658269","0.511765132883384","0.416020181620283","0.405898828000751","0.341574351823784","-1.0013126203505","-1.05509013001592","-1.17829781127899","-1.30233445642141","-1.77812973375257","-1.22386460219496","-1.6506449458605","-1.77042308079028","-1.49565929593187","-1.54641921131747","-1.84353077773078","-2.29519765008449","-1.54192149797984","-2.0865306771737","-1.25948744669656","-4.70259009880276","-1.99413353062352","-2.34182641047647","-2.17791851137383","-3.05338845260966","-3.0301879485996","-2.85616882227626","-2.75248143414517","-2.83782096212918","-1.96767324733801","-3.24921027780871","-1.43062256956471","-1.00632391653804","-1.18629610241506",
"中国","CHN","城市出生登记完整性（百分比）","SP.REG.BRTH.UR.ZS","","","","","","","","","","","","","","","","","","","","","","","","","","","","","","","","","","","","","","","","","","","","","","","","","","","","","","","","","","","","","","","","","",
"中国","CHN","Population, male (% of total population)","SP.POP.TOTL.MA.ZS","51.1207715061767","51.082167570282","51.0503420289407","51.0258406042302","51.0053921599821","50.986280388237","50.9695113206781","50.9555644290147","50.9458402984079","50.9407488563984","50.9382462489322","50.938281510765","50.9393268958047","50.9391772623981","50.9362514732215","50.9309101814489","50.9258881712268","50.9203931295061","50.9135323003661","50.9074562848044","50.9023982909244","50.8981989306927","50.8954829671509","50.8933743148474","50.8920547233068","50.8933265364155","50.8978030797734","50.9058703668907","50.9162955360542","50.9295718330775","50.9478930520566","50.966053281998","50.9812268110143","50.9955124976867","51.0087748360903","51.0210177517496","51.0323449009345","51.0433765686356","51.0542129581915","51.0654795458022","51.0777817329579","51.0895950516687","51.1001915335703","51.1100768380137","51.1194949676362","51.1280072445766","51.1355887991833","51.143877670084","51.152200318907","51.1589857523126","51.1647868659273","51.1683856821848","51.169956181113","51.1700055787927","51.1675657606977","51.1621091162848","51.1535504888395","51.1389212775297","51.1205880648438","51.1038802798097","51.0797629696404","51.0498023542242","51.017494273383","50.979261215049","50.9415122711914",
"中国","CHN","人口，总数","SP.POP.TOTL","667070000","660330000","665770000","682335000","698355000","715185000","735400000","754550000","774510000","796025000","818315000","841105000","862030000","881940000","900350000","916395000","930685000","943455000","956165000","969005000","981235000","993885000","1008630000","1023310000","1036825000","1051040000","1066790000","1084035000","1101630000","1118650000","1135185000","1150780000","1164970000","1178440000","1191835000","1204855000","1217550000","1230075000","1241935000","1252735000","1262645000","1271850000","1280400000","1288400000","1296075000","1303720000","1311020000","1317885000","1324655000","1331260000","1337705000","1345035000","1354190000","1363240000","1371860000","1379860000","1387790000","1396215000","1402760000","1407745000","1411100000","1412360000","1412175000","1410710000","1408975000",
"中国","CHN","少儿抚比率（占工作年龄人口的百分比）","SP.POP.DPND.YG","72.4124085560344","71.1379708694854","71.0843678025046","72.9463853334302","74.7631151585224","75.5204608578429","75.6773551217222","74.9359940903441","74.211759072496","73.9764028560187","73.5023150239425","73.1110362758792","72.3610326459014","71.6546097183979","71.7757452327178","72.1196674602605","72.3299588800205","70.9960819471578","67.357478794373","63.6421398840958","60.6590990616357","58.0281442212577","56.0108677974164","53.7559429288202","51.156096526692","48.884361269709","47.0482622795685","45.7692144746242","44.7367535160784","43.9804466993709","43.7278816538546","43.4755134936161","43.0191545598562","42.5768628586572","41.9958468718254","41.2460722961979","40.3314656921257","39.1589684870811","38.0346082054349","37.012488817482","35.8630336510379","34.5119277932475","32.9098443873013","31.3210131139287","29.8080014010037","28.2590168343057","27.078241666515","26.3987162076362","25.9237101031735","25.5924121405257","25.3539861052771","25.1954813314775","25.1983113824705","25.3052572204742","25.4546120407726","25.5738445725498","25.7073082039891","25.9716837330442","26.1255676157591","26.0928887428495","25.871551653934","25.402749711839","24.7796296526525","24.0100961427947","23.090327118542",
"中国","CHN","Population ages 80 and above, male (% of male population)","SP.POP.80UP.MA.5Y","0.224227846608854","0.211473072460019","0.205761980174071","0.201583606046884","0.195381244696251","0.189383539082992","0.186003506670925","0.185959952299045","0.187300529259113","0.18809932792878","0.187719036804428","0.187442544090431","0.190502290962466","0.196611847300566","0.203615950300916","0.211224230537892","0.219444222322055","0.228765696733611","0.239260211114872","0.249023335720294","0.259987923521144","0.2740734643023","0.289506516342483","0.306401795534718","0.323506932634145","0.339281951804439","0.354365251386752","0.368296728749253","0.383095521566811","0.400789030287968","0.41892014518651","0.437033004457372","0.458497012152771","0.486369503763226","0.519681631939756","0.553315673607016","0.58595760582649","0.619283156589899","0.652418139745338","0.68758898662436","0.728611974271865","0.772818094748222","0.816786813941074","0.862249119143544","0.913920489375263","0.968480203106531","1.01662210123162","1.06394600213798","1.11682226127156","1.16820597323476","1.22120776454954","1.27291472417106","1.3219840529388","1.38027660398701","1.44130342401414","1.4981953671463","1.55285831117651","1.60085369847812","1.64797569542195","1.69313977496594","1.7384758701035","1.79183928355418","1.84121949521482","1.874392234165","1.91636277881602",
"中国","CHN","Population ages 70-74, male (% of male population)","SP.POP.7074.MA.5Y","0.964749436524395","0.928329531019532","0.906935612775715","0.89137795978664","0.878081965890777","0.872702197938813","0.871001883251315","0.868231383625571","0.862576672663117","0.853469028036859","0.850786932124293","0.862096199742538","0.881996322120972","0.907729276937576","0.937555494664837","0.964461859269643","0.985981008756235","1.00299980108751","1.01961690168686","1.04215011692189","1.06635802653536","1.08584767839017","1.10697169233326","1.14034444889376","1.18315169550398","1.22241100059698","1.25582129939537","1.2840909128378","1.30031713075506","1.31034696985914","1.33240706851891","1.36775408868278","1.40704827992151","1.45280173725678","1.51069113741272","1.56775446103852","1.61052890378386","1.6541099077947","1.70931246511526","1.75654966449808","1.80127580523665","1.85353715222111","1.90689380026718","1.96899885555163","2.03592009520412","2.09191625929977","2.14382088931941","2.19171681877853","2.21781463008323","2.22007224591222","2.22376904023593","2.24094450757162","2.25383847711144","2.26073140899566","2.28673050357323","2.33182917354941","2.39483801997498","2.49299288459162","2.62903054228387","2.78975855112837","2.9932455554783","3.21456831704307","3.45984742894023","3.70928490942966","3.92967272246036",
"中国","CHN","Population ages 65 and above, male (% of male population)","SP.POP.65UP.MA.ZS","3.27026626159073","3.18535838939152","3.12737324644243","3.06354638975482","2.99723088120374","2.95150989869804","2.93232353973234","2.93566018769256","2.94914648946663","2.96398631731015","2.98119995114349","3.0059110764196","3.03708283844895","3.07652851838527","3.13093039880663","3.19322690137744","3.2548388582564","3.32351274266549","3.41325225830665","3.51946893277229","3.62138756930105","3.71202408320763","3.79519680670927","3.87547604101596","3.96111343088758","4.05791904579007","4.15651710859237","4.24616919986342","4.33915837838945","4.45012422715634","4.56677095716999","4.68037787635678","4.80978970130587","4.96238542599325","5.12027476179831","5.28617153489147","5.45646071044458","5.62989473483062","5.82840088750483","6.03593704722324","6.23232266947884","6.42337400061193","6.61150210355771","6.79177954466311","6.94911138951507","7.09694850990101","7.25311127524429","7.40105457399513","7.53158996741974","7.66009188060584","7.80534453729952","7.9807574055387","8.18803815932943","8.42696504774426","8.69653360231406","9.02836662500467","9.40069184370047","9.81750605373689","10.2751720434629","10.7456650771747","11.2516325929964","11.7376363002507","12.2366505105461","12.6865868014662","12.9633385576778",
"中国","CHN","Population ages 65-69, male (% of male population)","SP.POP.6569.MA.5Y","1.60365570316932","1.58972337580125","1.57111315840202","1.53564495230847","1.49503073032628","1.46869719959771","1.46466857002023","1.47513607323759","1.49248052544346","1.51412134404797","1.52988674035164","1.53662216751982","1.53754333619529","1.53779415107878","1.54903889036891","1.56702178565039","1.58186247699989","1.60330260870949","1.64226921275866","1.69165758414383","1.73713569920543","1.77685488494897","1.80990882560454","1.82617230983506","1.83309984694219","1.85507916802902","1.8887398533297","1.91872743410536","1.95539696797404","2.00714520745705","2.05427131006609","2.08630062670614","2.12561339089267","2.18107883328573","2.22707223246233","2.27150126268675","2.32756868309221","2.38526695619221","2.45298361650233","2.52716481069512","2.58809027599078","2.64463503122496","2.69746045758544","2.72405811234336","2.72289790338173","2.72210492348544","2.73565626240867","2.74565937402833","2.74757753794366","2.77001356617654","2.81354301059306","2.87751346873339","2.98478648018839","3.1353439873506","3.31044334066173","3.53054058596884","3.76418237805761","4.01763016033446","4.27689664386401","4.5075797532921","4.71421257559109","4.85744099477429","4.96383825282216","5.00990323616724","4.8873923358718",
"中国","CHN","Population ages 55-59, male (% of male population)","SP.POP.5559.MA.5Y","3.19195171818628","3.19958835202987","3.17077656911605","3.10039665129971","3.04326435832244","3.00322353203641","2.95672438478792","2.92574709425342","2.91986786214127","2.9282461858762","2.93550979219581","2.94181874073543","2.9479896421667","2.92868869186017","2.895186235937","2.89420943340765","2.92145381749009","2.95294585282204","2.99902384082766","3.06626743898673","3.12655450156598","3.15724658398576","3.18617702421145","3.23702983705904","3.27375501318359","3.30250355944402","3.34322581859498","3.37974996702381","3.4260275268897","3.48011723548024","3.51402605117451","3.54910893487927","3.58816882161451","3.59395754035688","3.56621139933711","3.54180152492653","3.53690246892005","3.52869161517293","3.51291414476033","3.52668540947029","3.56625253979766","3.62986352714669","3.75285918990984","3.93512533009446","4.14918792696311","4.41426694251739","4.6937822175015","5.00018090986486","5.30473482483916","5.56148221293951","5.78034471688487","5.91421678785558","5.98937844297847","5.98484869216127","5.78577823538616","5.43410340209481","5.07600593390543","4.95514478623999","5.32623210730186","5.97495109032323","6.65691141335548","7.36515273207867","7.77442009966111","7.82791622941656","7.90073309109163",
"中国","CHN","Population ages 45-49, male (% of male population)","SP.POP.4549.MA.5Y","4.56677151893132","4.61648699866125","4.62229761584194","4.52621383904097","4.39652204351747","4.32031480665483","4.284732366209","4.26008972541589","4.24936296067952","4.2639419474445","4.27391645993121","4.25234847714242","4.24345684001839","4.26744393877331","4.27701480461437","4.2913909441051","4.33626597572417","4.38854997385482","4.45630585823488","4.53095503167564","4.57960764659721","4.6172519972402","4.64017498698351","4.61721244327281","4.55195975425854","4.48465473576091","4.43435263174713","4.37228053968813","4.30053092915406","4.26614139447902","4.26135530132176","4.29302480529293","4.40490295284717","4.5899826824084","4.81460399298057","5.09892990238111","5.40075525995493","5.7343519654783","6.06816774457937","6.35188993158471","6.592920219016","6.73758259942835","6.82092249138671","6.81528464299015","6.58784838202476","6.1825919252106","5.76813971407359","5.61939561752688","6.01372622456898","6.71050931727875","7.43367810092749","8.17131776703586","8.55661361923308","8.53184991576657","8.52428137505936","8.61277149158264","8.69314243122686","8.76204290589052","8.71281409004876","8.48977567572337","8.14502569870077","7.73687073715199","7.33070323075304","6.93151223866138","6.64288017188814",
"中国","CHN","Population ages 35-39, male (% of male population)","SP.POP.3539.MA.5Y","5.91739178221403","5.98141290686568","5.99570997074748","5.9698597483068","5.90433619590245","5.8489360484951","5.83370009808171","5.83501960017253","5.84325350746822","5.84962015434076","5.82910631802881","5.80409328485396","5.77868753579861","5.70083961175676","5.57776054791241","5.4732434130382","5.40731055554954","5.34219910632974","5.26946347064013","5.23832982979454","5.2428477606871","5.27763528774106","5.38846225272086","5.58590364104214","5.83075886334616","6.13503054217061","6.44489529813735","6.77422435210589","7.09388356959924","7.3492662410851","7.5482315769399","7.64943440491223","7.69755405063732","7.65113561604301","7.36357901610158","6.88563557868838","6.4048447693182","6.22204629079877","6.6410951347288","7.39854616530519","8.18610692524061","8.98946677428791","9.41374289739629","9.38758545577218","9.3751125794561","9.4623357671267","9.53708816448661","9.59939332502858","9.51800425139402","9.23173004095276","8.80401447778568","8.3014091011566","7.79610975748718","7.29842045988957","6.92484894961418","6.74155876483846","6.71356533284186","6.85681897313158","7.0330026242659","7.1415696744101","7.29376545054581","7.51836168612488","7.7784356910788","8.08772559156448","8.44225322081324",
"中国","CHN","Population ages 25-29, male (% of male population)","SP.POP.2529.MA.5Y","7.75910442863918","7.87489425107509","7.89229724253814","7.72011011136135","7.45845963654479","7.22839658066828","7.05453582593475","6.89842312587832","6.72129138637549","6.58300084791651","6.49900729029925","6.46309122088064","6.53908856844432","6.72367508836381","6.96961598338762","7.30867366640588","7.67772211853966","8.0936089328338","8.50759859555154","8.84083025223454","9.10714455488763","9.23218408736483","9.25374669394563","9.15711316385587","8.77678406034461","8.1624980506245","7.53834005267011","7.25470006191251","7.66235342504948","8.44620671032086","9.24628303787618","10.0669854781856","10.4803294947299","10.3998622731248","10.3395417093413","10.3948980759195","10.443441257463","10.486168145162","10.3809446776164","10.060443602353","9.58684078237585","9.03312060612808","8.48306796412135","7.94150836541578","7.53174594089603","7.32668950831718","7.28706814504112","7.42694797126672","7.59155189225153","7.67545745610638","7.79597544229756","7.97869108057626","8.1850166115527","8.43160885621247","8.71631925595872","8.97662753781766","8.97824318008274","8.63080012635619","8.20191799631137","7.74335814568386","7.20292509971136","6.78827412149642","6.56846752431289","6.39584487088627","6.24908839004242",
"中国","CHN","15-64岁的人口（占总人口的百分比）","SP.POP.1564.TO.ZS","55.7001867504027","56.1639992867903","56.2156469787463","55.6499849944704","55.1107011451","54.8966382515764","54.8549915893098","55.0821243529982","55.2999523632204","55.3622561768905","55.4990792417788","55.6064932951812","55.8283546461459","56.032293132207","55.9559697232451","55.8032595195534","55.6974399578865","56.0910950752638","57.2553026214266","58.4878751053275","59.5078014703744","60.4380661313917","61.1638835217888","62.0070416138046","63.0151365727637","63.9107997127674","64.6425548251578","65.1501730889257","65.5518424678098","65.8196987219849","65.8569801882713","65.8978621286935","66.0214936364516","66.1211561522476","66.279873047455","66.5129477763825","66.8238954729028","67.2604374804175","67.6620557036552","68.0124027928449","68.43842782702","68.9801155359775","69.67006217559","70.3774446816481","71.0763188122428","71.815903350805","72.353957155972","72.6173623452205","72.7779121303034","72.856169869084","72.8644787380355","72.7988185445213","72.6134379386083","72.3383307205597","72.0051656801854","71.6284345359877","71.2044525051679","70.6659121055216","70.1553162360731","69.74115264804","69.3999249325134","69.2124049434275","69.0962698960779","69.0943118083391","69.3269188307508",
"中国","CHN","Population ages 15-64, female (% of female population)","SP.POP.1564.FE.ZS","55.2164552002961","55.674486445852","55.7018768381685","55.1172927655412","54.5751519115348","54.3713940610618","54.3483515717282","54.591699657668","54.8234531327797","54.8957116506729","55.0381058461969","55.1484542047048","55.3723118756918","55.57638158626","55.4999164949246","55.3510409307965","55.2540723979381","55.6551185944497","56.8197495996865","58.0506615335952","59.0700676598453","60.0003823032786","60.7302008894982","61.5790545950181","62.5930634364639","63.4990723952398","64.2481311307147","64.781052608327","65.2120892070131","65.5130917925268","65.5921517639756","65.6771444158948","65.8423194841081","65.9819886656944","66.1784371672723","66.4489864429459","66.7971176021374","67.2677254747702","67.7014143169912","68.0813784448903","68.5315531085952","69.0941005757249","69.8029427001955","70.5268280531286","71.2352262242114","71.9737586165375","72.5078204128966","72.7684692229248","72.9242190872119","72.9940849788372","72.9872931631515","72.8999860219848","72.6929138389546","72.3891128373633","72.011801486253","71.5705822754218","71.0689705380654","70.4436825940632","69.8384624096479","69.3293813936581","68.8828046816487","68.5839923420508","68.350631008349","68.2242345981391","68.3419116702198",
"中国","CHN","Population ages 10-14, male (% of male population)","SP.POP.1014.MA.5Y","10.7982076075916","11.4425039222327","12.0271331970331","12.426522423605","12.692507447019","12.9014753141111","12.9170264502438","12.8167812798443","12.5316145275966","11.8466127975061","10.8849542363813","9.95585988323397","9.51980191905832","10.0030406330336","10.9867276362854","12.0195904631393","13.0756271302314","13.5798852919616","13.4395766722231","13.3120354542549","13.3168136739697","13.2956779385097","13.24305002697","13.0053563516854","12.5082511033423","11.8184292863626","11.0259085622555","10.2365458730134","9.47585257690847","8.89034345718233","8.54859621533648","8.4233574126083","8.53659794545194","8.68784995302537","8.75255621811846","8.86041217180687","9.03976819051938","9.25186689358657","9.51156318597601","9.81394656983204","10.0844008985268","10.0639378930075","9.66071395770449","9.16018574161222","8.6204656519956","7.98025875749267","7.46958538361901","7.17123924375306","6.92114691800814","6.69568908037087","6.52745526275936","6.39493086838437","6.26464830205236","6.16097039128213","6.09215045188226","6.02717071090885","5.98816978612046","6.01130760999333","6.08394028763676","6.19041531316895","6.29739240662151","6.39072513545304","6.51610570860042","6.63229915016718","6.70042316626755",
"中国","CHN","0-14岁的人口（占总人口的百分比）","SP.POP.0014.TO.ZS","40.3338468531426","39.9539294578921","39.96053727523","40.5946524824291","41.2024769953144","41.4581942054611","41.5128067512913","41.2763374402652","41.0390674325238","40.9550056759894","40.7931079900409","40.6544834635117","40.397973913916","40.149720951356","40.1628142125321","40.2451251649526","40.2859353746285","39.8224798117753","38.5657283291251","37.2229352504168","36.0968962089031","35.0710882024305","34.2584219136506","33.3324698795787","32.2360841303467","31.2423862227954","30.4131987594034","29.818722434381","29.3257661969808","28.9477974855335","28.7978623975995","28.6494339479896","28.4018884162175","28.152313993074","27.8347939698598","27.4339785539649","26.9510564783956","26.3384934865934","25.7349978011082","25.1730829357413","24.5440964322175","23.8063676412849","22.9283090660666","22.0429286861472","21.1864300865381","20.2944682438603","19.5921793755655","19.1700513968524","18.8667349652856","18.6456512442356","18.4740498241207","18.3420127268756","18.2973601933028","18.3054006638332","18.3286355819234","18.3181445490203","18.3047480302718","18.3531272310458","18.3284745596771","18.1974813802408","17.9548374596279","17.5818540220458","17.1217997582731","16.5896107225921","16.0078123326803",
"中国","CHN","Population ages 0-14, female (% of female population)","SP.POP.0014.FE.ZS","40.0899742926375","39.7159038614571","39.7479769524617","40.4065462283275","41.0201337947325","41.2618644464394","41.2918903707153","41.0333779614341","40.7762824325151","40.6752331327398","40.4996773975469","40.3513695617177","40.0892222961566","39.8357874819863","39.8399473509116","39.9101799333727","39.9387716861649","39.466930030381","38.2070635461269","36.8619721430514","35.7322666552765","34.7014571264213","33.8810671165352","32.9468816893946","31.8418752143149","30.8365160735487","29.9910868677672","29.3739408507752","28.8530436845312","28.4423826380995","28.254220963389","28.0673933046882","27.7835345565139","27.4962902903285","27.1396651109037","26.6990640103621","26.1768400182486","25.5271602496271","24.8877286642068","24.2916252373265","23.6312234234365","22.8670351751785","21.9697479380092","21.0699210874934","20.2032819260374","19.3073416269302","18.6003456228096","18.1694117450139","17.857803958914","17.6298739156181","17.4542688963414","17.3203987321253","17.2735372492972","17.2807812718","17.3059659580993","17.302159702328","17.2986347391621","17.3576633298568","17.3473882745387","17.2341451345734","17.0168336523592","16.6791909562674","16.2579598314878","15.7650943303099","15.2255635882565",
"中国","CHN","青少年母亲（占15-19岁年龄段内曾生育子女或正处于怀孕阶段的女性比例）","SP.MTR.1519.ZS","","","","","","","","","","","","","","","","","","","","","","","","","","","","","","","","","","","","","","","","","","","","","","","","","","","","","","","","","","","","","","","","","",
"中国","CHN","意愿生育率（每名妇女的生育次数）","SP.DYN.WFRT","","","","","","","","","","","","","","","","","","","","","","","","","","","","","","","","","","","","","","","","","","","","","","","","","","","","","","","","","","","","","","","","","",
"中国","CHN","出生时的预期寿命，男性（岁）","SP.DYN.LE00.MA.IN","32.166","38.621","48.945","49.664","50.333","50.954","51.669","52.427","53.261","54.076","54.941","55.901","56.727","57.553","58.195","58.856","59.224","60.313","60.939","61.528","62.051","62.556","63.009","63.47","63.875","64.236","64.563","64.896","65.219","65.561","65.861","66.288","66.755","67.108","67.409","67.866","68.323","68.731","69.124","69.522","69.85","70.235","70.587","70.931","71.27","71.595","71.904","72.326","72.361","72.801","73.191","73.334","73.624","73.881","74.119","74.365","74.575","74.448","75.034","75.303","75.245","75.486","75.467","75.201","",
"中国","CHN","死亡率，婴幼儿（每千例活产儿）","SP.DYN.IMRT.IN","","","","","","","","","","88.5","84.3","80.3","76.4","72.5","68.6","64.7","60.9","57.3","54","51.2","48.8","46.8","45.3","44.1","43.4","43","43","43.1","43.3","43.3","43.3","42.9","42.3","41.3","40.1","38.7","37.2","35.6","33.8","31.9","30","27.8","25.6","23.5","21.3","19.4","17.7","16.1","14.8","13.6","12.5","11.5","10.5","9.7","8.9","8.2","7.6","7","6.4","6","5.5","5.1","4.8","4.5","",
"中国","CHN","粗死亡率（每千人）","SP.DYN.CDRT.IN","25.43","14.24","10.02","10.04","11.5","9.5","8.83","8.43","8.21","8.03","7.6","7.32","7.61","7.04","7.34","7.32","7.25","6.87","6.25","6.21","6.34","6.36","6.6","6.9","6.82","6.78","6.86","6.72","6.64","6.54","6.67","6.7","6.64","6.64","6.49","6.57","6.56","6.51","6.5","6.46","6.45","6.43","6.41","6.4","6.42","6.51","6.81","6.93","7.06","7.08","7.11","7.14","7.13","7.13","7.12","7.07","7.04","7.06","7.08","7.09","7.07","7.18","7.37","7.87","",
"中国","CHN","青春期生育率（每千名 15-19 岁女性生育数）","SP.ADO.TFRT","56.602","48.172","74.273","91.014","77.496","71.87","62.729","50.627","56.856","51.263","49.029","42.945","37.41","33.466","30.415","27.197","25.828","20.777","14.906","12.092","11.76","15.949","23.99","25.309","27.065","27.811","28.451","29.949","29.011","27.594","23.214","18.812","16.081","13.469","8.754","8.652","7.318","6.427","4.673","6.163","6.444","6.104","6.122","6.459","5.638","6.645","8.5","9.141","11.026","11.994","12.158","11.801","12.534","11.976","12.049","10.887","10.747","10.236","8.691","8.277","6.737","5.996","5.463","5.227","",
"中国","CHN","Prevalence of moderate or severe food insecurity in the population (%)","SN.ITK.MSFI.ZS","","","","","","","","","","","","","","","","","","","","","","","","","","","","","","","","","","","","","","","","","","","","","","","","","","","","","","","","","","","","","","","","","",
"中国","CHN","Refugees under the mandate of the UNRWA by country or territory of origin","SM.POP.RRWA.EO","","","","","","","","","","","","","","","","","","","","","","","","","","","","","","","","","","","","","","","","","","","","","","","","","","","","","","","","","","","","","","","","","",
"中国","CHN","Other people in need of international protection by country or territory of origin","SM.POP.OPIP.EO","","","","","","","","","","","","","","","","","","","","","","","","","","","","","","","","","","","","","","","","","","","","","","","","","","","","","","","","","","","","","","","","","",
"中国","CHN","Forcibly displaced people","SM.POP.FDIP","","","","","","","","","","","","","","","","","","","","","","","","","","","","","","","","","","","","","","","","","","","","","","","","","","","301104","301042","301290","301419","301499","301716","317901","322405","322341","304023","304148","304221","1105","995","814",
"中国","CHN","Children in employment, wage workers, male (% of male children in employment, ages 7-14)","SL.WAG.0714.MA.ZS","","","","","","","","","","","","","","","","","","","","","","","","","","","","","","","","","","","","","","","","","","","","","","","","","","","","","","","","","","","","","","","","","",
"中国","CHN","男性失业人数（占男性劳动力比例）（模拟劳工组织估计）","SL.UEM.TOTL.MA.ZS","","","","","","","","","","","","","","","","","","","","","","","","","","","","","","","","2.628","2.628","2.983","3.216","3.326","3.459","3.581","3.592","3.602","3.613","4.211","4.697","5.073","4.972","5.004","4.903","4.814","5.078","5.221","5.009","5.032","5.066","5.089","5.123","5.146","5.047","4.948","4.772","5.05","5.537","5.04","5.518","5.175","5.088",
"中国","CHN","Share of youth not in education, employment or training, total (% of youth population)","SL.UEM.NEET.ZS","","","","","","","","","","","","","","","","","","","","","","","","","","","","","","","","","","","","","","","","","12.688","","","","","","","","","","","","","","","","","","","","","","","","",
"中国","CHN","Share of youth not in education, employment or training, female (% of female youth population)","SL.UEM.NEET.FE.ZS","","","","","","","","","","","","","","","","","","","","","","","","","","","","","","","","","","","","","","","","","14.492","","","","","","","","","","","","","","","","","","","","","","","","",
"中国","CHN","Unemployment with intermediate education, female (% of female labor force with intermediate education)","SL.UEM.INTM.FE.ZS","","","","","","","","","","","","","","","","","","","","","","","","","","","","","","","","","","","","","","","","","11.185","","","","","","","","","","","","","","","","","","","","","","","","",
"中国","CHN","Unemployment with advanced education (% of total labor force with advanced education)","SL.UEM.ADVN.ZS","","","","","","","","","","","","","","","","","","","","","","","","","","","","","","","","","","","","","","","","","3.843","","","","","","","","","","","","","","","","","","","","","","","","",
"中国","CHN","Unemployment, youth total (% of total labor force ages 15-24) (national estimate)","SL.UEM.1524.NE.ZS","","","","","","","","","","","","","","","","","","","","","","","","","","","","","","","","","","","","","","","","","9.083","","","","","","","","","","","","","","","","","","10.81","11.83","14.19","14.25","","","",
"中国","CHN","Unemployment, youth female (% of female labor force ages 15-24) (national estimate)","SL.UEM.1524.FE.NE.ZS","","","","","","","","","","","","","","","","","","","","","","","","","","","","","","","","","","","","","","","","","8.611","","","","","","","","","","","","","","","","","","","","","","","","",
"中国","CHN","非全日制就业，男性（占男性就业总数的比例）","SL.TLF.PART.MA.ZS","","","","","","","","","","","","","","","","","","","","","","","","","","","","","","","","","","","","","","","","","","","","","","","","","","","","","","","","","","","","","","","","","",
"中国","CHN","Labor force with intermediate education, female (% of female working-age population with intermediate education)","SL.TLF.INTM.FE.ZS","","","","","","","","","","","","","","","","","","","","","","","","","","","","","","","","","","","","","","","","","64.117","","","","","","","","","","","","","","","","","","","","","","","","",
"中国","CHN","Labor force participation rate, male (% of male population ages 15+) (national estimate)","SL.TLF.CACT.MA.NE.ZS","","","","","","","","","","","","","","","","","","","","","","","86.48","","","","","","","","85.03","","","","","","","","","","80.335","","","","","","","","","","78.16","","","","","","","","","","","","","","",
"中国","CHN","Labor force participation rate, female (% of female population ages 15+) (national estimate)","SL.TLF.CACT.FE.NE.ZS","","","","","","","","","","","","","","","","","","","","","","","70.61","","","","","","","","73.02","","","","","","","","","","67.903","","","","","","","","","","63.73","","","","","","","","","","","","","","",
"中国","CHN","Labor force with advanced education (% of total working-age population with advanced education)","SL.TLF.ADVN.ZS","","","","","","","","","","","","","","","","","","","","","","","","","","","","","","","","","","","","","","","","","73.352","","","","","","","","","","","","","","","","","","","","","","","","",
"中国","CHN","劳动力参与率，男性（占 15-64 岁男性人口的百分比）（模拟劳工组织估计）","SL.TLF.ACTI.MA.ZS","","","","","","","","","","","","","","","","","","","","","","","","","","","","","","","88.681","88.305","87.925","87.556","87.177","86.789","86.387","85.966","85.552","85.134","84.686","84.601","84.497","84.381","84.246","84.096","83.962","83.843","83.717","83.592","83.482","83.406","82.957","82.537","82.277","82.023","81.705","81.278","80.843","80.538","79.079","80.86","79.413","79.638","78.607",
"中国","CHN","劳动力参与率，男性（占 15-24 岁男性人口的百分比）（模拟劳工组织估计）","SL.TLF.ACTI.1524.MA.ZS","","","","","","","","","","","","","","","","","","","","","","","","","","","","","","","77.383","76.34","75.274","74.176","73.05","71.903","70.739","69.568","68.382","67.18","65.974","65.365","64.762","64.153","63.529","62.891","62.232","61.551","60.863","60.174","59.478","58.704","58.062","57.422","56.811","56.224","55.651","55.053","54.427","53.851","50.818","51.501","52.225","51.546","50.907",
"中国","CHN","从事经济活动的儿童总计（占 7-14 岁儿童的百分比）","SL.TLF.0714.ZS","","","","","","","","","","","","","","","","","","","","","","","","","","","","","","","","","","","","","","","","","","","","","","","","","","","","","","","","","","","","","","","","","",
"中国","CHN","Average working hours of children, working only, male, ages 7-14 (hours per week)","SL.TLF.0714.WK.MA.TM","","","","","","","","","","","","","","","","","","","","","","","","","","","","","","","","","","","","","","","","","","","","","","","","","","","","","","","","","","","","","","","","","",
"中国","CHN","Average working hours of children, study and work, ages 7-14 (hours per week)","SL.TLF.0714.SW.TM","","","","","","","","","","","","","","","","","","","","","","","","","","","","","","","","","","","","","","","","","","","","","","","","","","","","","","","","","","","","","","","","","",
"中国","CHN","Average working hours of children, study and work, female, ages 7-14 (hours per week)","SL.TLF.0714.SW.FE.TM","","","","","","","","","","","","","","","","","","","","","","","","","","","","","","","","","","","","","","","","","","","","","","","","","","","","","","","","","","","","","","","","","",
"中国","CHN","服务业男性就业人员（占男性就业的百分比）","SL.SRV.EMPL.MA.ZS","","","","","","","","","","","","","","","","","","","","","","","","","","","","","","","","17.1772949740334","17.9379387919291","19.0850608608204","20.5380778013367","21.9590364235408","22.8954401137057","23.2287512997994","23.4971204408234","23.7131543581687","22.3439357578837","24.4186185746142","25.2001520137296","25.7336508376925","26.6465984118537","27.2079539038155","27.751407929202","27.7668802903455","28.3193545310437","28.9772392710464","29.2653763697263","30.0528520193981","30.2614354671068","32.1735000525779","33.8568802046314","35.355964541637","35.7241362873349","35.9916156340529","36.3667182051763","36.800207919218","37.5016364437991","37.6215345423967","37.1004638655165","37.664901205402","37.8751218207709",
"中国","CHN","服务业女童工雇佣率（占 7-14 岁参与经济活动女童的百分比）","SL.SRV.0714.FE.ZS","","","","","","","","","","","","","","","","","","","","","","","","","","","","","","","","","","","","","","","","","","","","","","","","","","","","","","","","","","","","","","","","","",
"中国","CHN","制造业童工雇佣率（占 7-14 岁参与经济活动儿童的百分比）","SL.MNF.0714.ZS","","","","","","","","","","","","","","","","","","","","","","","","","","","","","","","","","","","","","","","","","","","","","","","","","","","","","","","","","","","","","","","","","",
"中国","CHN","工业男性就业人员（占男性就业的百分比）","SL.IND.EMPL.MA.ZS","","","","","","","","","","","","","","","","","","","","","","","","","","","","","","","","18.7681764490382","19.296188483222","20.143242727057","20.6276869871986","21.1239856242297","21.8135573996963","22.2960386419488","22.4331422246202","22.3062653536755","24.0785856305261","22.3044961380844","21.7905619937893","22.27107481743","23.3450062358285","24.8572248553013","26.4791319926494","28.3041841629616","29.007317930293","29.8858985001315","31.0545914099111","32.102311493886","33.1399388638786","33.2276230114133","33.3033980993806","32.9553566521887","33.5211829708328","34.0712705946161","34.6744843820245","35.27002609162","35.7920569307625","36.7487776489131","36.2817878858522","36.9571605959136","37.3503034098574",
"中国","CHN","Contributing family workers, male (% of male employment)","SL.FAM.WORK.MA.ZS","","","","","","","","","","","","","","","","","","","","","","","","","","","","","","","","14.295095319476","13.947235069462","13.5336646489655","13.0920953385733","12.6468571947252","12.211246413401","11.7891713081329","11.4108390881253","11.0714006792579","10.754824696787","10.4637480143998","10.1827573284899","9.89748769577688","9.62002376459625","9.31263064519902","8.97683722643937","8.60118286149029","8.24211689455511","7.90349162479327","7.57408530633821","7.24645139547919","6.95097680870506","6.68186342409134","6.4351573767159","6.20922194734288","5.99967153958534","5.79922781671539","5.60776481475293","5.42841093427578","5.41377649962914","5.29016346516745","5.210793396234","5.06648486044513","4.92603053757631",
"中国","CHN","Children in employment, unpaid family workers, female (% of female children in employment, ages 7-14)","SL.FAM.0714.FE.ZS","","","","","","","","","","","","","","","","","","","","","","","","","","","","","","","","","","","","","","","","","","","","","","","","","","","","","","","","","","","","","","","","","",
"中国","CHN","弱势群体就业率（占所有就业人员比例）","SL.EMP.VULN.ZS","","","","","","","","","","","","","","","","","","","","","","","","","","","","","","","","53.8463592830897","53.2620124728345","52.6050872292677","51.8926163446178","51.1780757632866","50.4855938191321","49.8313503518869","49.2103022382145","48.6147652112058","48.0183372305775","47.3799724526367","46.7012672338196","45.9882105974691","45.236003901082","44.4697322649126","43.6722793357819","42.8299922600966","42.013887418356","41.2417335404196","40.4867143485093","39.7731246435059","39.1144990738399","38.4984455583427","37.9179011645414","37.3670101435152","36.8378037904124","36.3236704322757","35.8183526295519","35.3216676043777","35.3997429816079","35.0980643322894","34.6621398489615","34.2291488221934","33.8046637980516",
"中国","CHN","Employment to population ratio, 15+, total (%) (national estimate)","SL.EMP.TOTL.SP.NE.ZS","","","","","","","","","","","","","","","","","","","","","","","","","","","","","","","","","","","","","","","","","71.44","75.34","74.43","73.82","73.23","72.8","72.44","72.02","71.43","70.89","69.18","68.89","68.74","68.61","68.47","68.36","68.17","67.93","67.66","67.35","","","","","",
"中国","CHN","Employment to population ratio, 15+, female (%) (national estimate)","SL.EMP.TOTL.SP.FE.NE.ZS","","","","","","","","","","","","","","","","","","","","","","","","","","","","","","","","","","","","","","","","","65.295","","","","","","","","","","","","","","","","","","","","","","","","",
"中国","CHN","Self-employed, female (% of female employment)","SL.EMP.SELF.FE.ZS","","","","","","","","","","","","","","","","","","","","","","","","","","","","","","","","58.6545157239617","57.9777383782182","57.2813906031709","56.5719431878317","55.8612930178104","55.1583495823613","54.4697781099093","53.7801397769846","53.0851109229174","52.3768405344257","51.6119920676721","50.7994849251311","49.9510076785652","49.0608770632047","48.1523002559119","47.2343127761323","46.3179425510647","45.3959217353903","44.4987069195631","43.6422901565768","42.8172855037668","42.0276140716886","41.2786083420854","40.5659019211195","39.884483386858","39.23288606391","38.6102027236023","38.0122385594145","37.4305120398861","37.2951436779815","36.9734447104183","36.8706769568487","36.3708333373728","35.8779774310921",
"中国","CHN","15-24 岁总就业人口比率（百分比）（模拟劳工组织估计）","SL.EMP.1524.SP.ZS","","","","","","","","","","","","","","","","","","","","","","","","","","","","","","","","73.837","72.713","71.092","69.585","68.204","66.767","65.328","64.005","62.659","61.303","59.799","58.453","57.253","56.619","55.819","55.153","54.443","53.321","52.339","51.744","50.83","50.064","49.314","48.576","47.878","47.346","46.824","46.62","45.568","41.826","42.785","42.85","42.1","42.057",
"中国","CHN","15-24 岁女性就业人口比率（百分比）（模拟劳工组织估计）","SL.EMP.1524.SP.FE.ZS","","","","","","","","","","","","","","","","","","","","","","","","","","","","","","","","75.166","73.981","72.349","70.803","69.345","67.816","66.252","64.767","63.241","61.678","60.059","58.564","57.196","56.324","55.312","54.425","53.513","52.246","51.092","50.268","49.189","48.308","47.443","46.592","45.785","45.127","44.497","44.167","43.158","39.419","40.649","41.578","41.212","41.42",
"中国","CHN","农业女性就业人员（占女性就业的百分比）","SL.AGR.EMPL.FE.ZS","","","","","","","","","","","","","","","","","","","","","","","","","","","","","","","","54.4033670850203","53.4329286506689","51.2055453772039","48.9076708640028","46.585860351973","44.7936942977183","44.446049529053","44.7026636884125","45.4611818756098","45.8059915213762","46.0708608305501","46.3826523676743","45.6084602098176","43.137593554683","40.9902015203217","38.7323105338331","36.9649544142887","35.8206494557014","34.3515758140377","33.0067159252043","31.0327689638504","29.8999555454476","27.4619519699988","25.4002396087542","24.1520090306192","23.3531664837206","22.7242584891955","21.8616442106502","20.8476339852186","19.8435970122718","19.547953096344","21.0421709049858","19.7232288842582","19.1689368756624",
"中国","CHN","繁荣差距（相较于每天28美元的繁荣标准的平均差额）","SI.SPR.PGAP","","","","","","","","","","","","","","","","","","","","","","27.5","","","20.4","","","17.5","","","18","","","16.5","","","13","","","12.8","","","11.1","","","8.3","","","7.3","","6.3","5.7","5.2","4.2","3.9","3.6","3.3","3.2","3","2.7","2.7","2.4","2.4","","",
"中国","CHN","底层40%人口的人均消费或收入平均值（按2021年购买力平价计算的日均美元）","SI.SPR.PC40","","","","","","","","","","","","","","","","","","","","","","","","","","","","","","","","","","","","","","","","","","","","","","","","","","","","","","","","","5.7","","","","","8.08","","","",
"中国","CHN","贫困人口比例，以每天8.3美元为贫困线（按2021年购买力平价计算）（占总人口的百分比）","SI.POV.UMIC","","","","","","","","","","","","","","","","","","","","","","100","","","100","","","99.8","","","99.2","","","98.5","","","96.4","","","94.5","","","89.3","","","81.8","","","73","","66.1","62.7","58","51.7","46.7","42.4","38.7","36.3","32.2","28.9","29.5","21","21.5","","",
"中国","CHN","Multidimensional poverty headcount ratio (UNDP) (% of population)","SI.POV.MPUN","","","","","","","","","","","","","","","","","","","","","","","","","","","","","","","","","","","","","","","","","","","","","","","","","","","","","","","3.9","","","","","","","","","","",
"中国","CHN","贫困差距，以每天3美元为贫困线（按2021年购买力平价计算）（百分比）","SI.POV.GAPS","","","","","","","","","","","","","","","","","","","","","","56.7","","","44.2","","","35.4","","","38.3","","","34.1","","","23.8","","","23.3","","","18.4","","","10.4","","","8.2","","6.1","4.4","3.6","1.1","0.7","0.4","0.2","0.1","0","0","0","0","0","","",
"中国","CHN","Proportion of people living below 50 percent of median income (%)","SI.DST.50MD","","","","","","","","","","","","","","","","","","","","","","8.7","","","9.1","","","11.3","","","8.8","","","9.4","","","11.7","","","14","","","17.1","","","16.1","","","19","","19.5","18.1","18.5","15.4","15.6","15","14.8","15.2","14.8","13.8","12","11.6","12.1","","",
"中国","CHN","第三个20% 占有的收入份额","SI.DST.03RD.20","","","","","","","","","","","","","","","","","","","","","","17.4","","","17.8","","","17.6","","","16.4","","","15.9","","","15.9","","","15.1","","","14.4","","","14.7","","","14.5","","14.3","14.6","14.7","15","15.2","15.3","15.3","15.1","15.3","15.2","15.3","15.7","15.7","","",
"中国","CHN","UHC service coverage sub-index on infectious diseases","SH_UHC_SCI_ID","","","","","","","","","","","","","","","","","","","","","","","","","","","","","","","","","","","","","","","","","57","57","60","62","64","66","68","70","72","74","76","78","79","81","83","85","86","88","90","91","93","94","96","97","",
"中国","CHN","Proportion of population facing large (but non-impoverishing) out-of-pocket health expenditure (%)","SH_UHC_FH40_LARGE","","","","","","","","","","","","","","","","","","","","","","","","","","","","","","","","","","","","2.25","","","","","","","5.42","","","","","5.05","","","","","","","","","","","9","","","","","","",
"中国","CHN","国内人均私人医疗支出，购买力平价（现价国际美元）","SH.XPD.PVTD.PP.CD","","","","","","","","","","","","","","","","","","","","","","","","","","","","","","","","","","","","","","","","","101.545179675801","103.882107420993","114.341968605268","123.579537253309","131.36468142733","141.133222608727","148.584186759058","151.683478562797","161.891577022183","180.446457198471","184.300403346777","202.609470122245","224.409835375952","241.518825644296","250.390389140878","257.717572481284","286.104747759421","318.877516227065","355.03967628186","403.763641290194","453.677691119945","497.913017979118","568.048485636157","637.833078162818","",
"中国","CHN","Out-of-pocket expenditure per capita (current US$)","SH.XPD.OOPC.PC.CD","","","","","","","","","","","","","","","","","","","","","","","","","","","","","","","","","","","","","","","","","25.73843865","28.47558952","31.37760717","34.33267026","37.77738727","42.1152307","46.1829643","50.55105162","63.39766349","71.6489608","77.05962426","96.31446517","111.69993705","125.57751369","132.46961772","137.93516575","142.96940878","158.60019319","180.22161452","189.88684592","202.81450645","230.53398881","238.9268083","245.60566007","",
"中国","CHN","Domestic general government health expenditure (% of general government expenditure)","SH.XPD.GHED.GE.ZS","","","","","","","","","","","","","","","","","","","","","","","","","","","","","","","","","","","","","","","","","6.08984089","5.58924198","6.02580309","6.87652969","7.26605844","7.48882914","7.56382084","7.90135717","7.7085824","8.37523174","8.7509222","8.60284996","9.03729343","9.41684246","9.66088581","9.41902351","8.95276546","8.79734421","8.76146317","8.76956177","8.64632607","8.9053545","10.39417267","10.36797714","",
"中国","CHN","External health expenditure per capita (current US$)","SH.XPD.EHEX.PC.CD","","","","","","","","","","","","","","","","","","","","","","","","","","","","","","","","","","","","","","","","","0.01090428","0.09818849","0.07263222","0.07218787","0.07935218","0.15337984","0.11954136","0.17810387","0.20833987","0.17403686","0.22993156","0.18060515","0.16023904","0.18246869","0.10936009","0.03380568","0.00643142","0.00194306","0.00326668","0.00360915","0.00142259","0.00153267","0.0507156","0.03877575","",
"中国","CHN","当前医疗支出（占 GDP 的百分比）","SH.XPD.CHEX.GD.ZS","","","","","","","","","","","","","","","","","","","","","","","","","","","","","","","","","","","","","","","","","4.4535861","4.19752026","4.32156181","4.35460472","4.22949076","4.11230803","3.88655019","3.61737728","3.83627748","4.27631998","4.15821123","4.26719379","4.49046612","4.63882637","4.69880247","4.85367584","4.88338089","4.9695034","5.06933308","5.26516867","5.50441837","5.25590324","5.88078785","5.94388866","",
"中国","CHN","肺结核治疗成功率（占登记病例比例）","SH.TBS.CURE.ZS","","","","","","","","","","","","","","","","","","","","","","","","","","","","","","","","","","","","","","","","","93","95","92","93","92","92","92","93","93","94","95","95","95","95","94","94","93","93","94","94","95","94","95","95","",
"中国","CHN","消瘦发生率（5岁以下儿童所占百分比）","SH.STA.WAST.ZS","","","","","","","","","","","","","","","","","","","","","","","","","","","","4.8","","","4.2","","3.9","","","5","","","2.4","","2.5","","3","","","2.9","","","2.6","2.6","2.3","","","1.9","","","","1.9","","","","","","","",
"中国","CHN","Mortality caused by road traffic injury (per 100,000 people)","SH.STA.TRAF.P5","","","","","","","","","","","","","","","","","","","","","","","","","","","","","","","","","","","","","","","","","21.4","21.9","22.1","21.1","20.5","20.8","20.7","20.9","20.5","20.5","20.3","20.7","20.3","19.6","18.8","18.3","18","17.8","17.6","17.4","","","","","",
"中国","CHN","营养不良的发生率，年龄身高（占5岁以下儿童的百分比）","SH.STA.STNT.ZS","","","","","","","","","","","","","","","","","","","","","","","","","","","","38.3","","","32.3","","38","","","31.2","","","19.8","","17.8","","21.8","","","11.7","","","9.8","9","9.4","","","8.1","","","","4.8","","","","","","","",
"中国","CHN","营养不良患病率，基于年龄相应的身高，男性（占5岁以下儿童百分比）","SH.STA.STNT.MA.ZS","","","","","","","","","","","","","","","","","","","","","","","","","","","","","","","31.4","","38.8","","","32","","","20.2","","18.5","","22.7","","","12.6","","","","","9.9","","","8.8","","","","","","","","","","","",
"中国","CHN","People using safely managed sanitation services, rural (% of rural population)","SH.STA.SMSS.RU.ZS","","","","","","","","","","","","","","","","","","","","","","","","","","","","","","","","","","","","","","","","","5.26805462500108","5.27364315169334","5.84400145155051","6.72013387646188","7.68227465618386","8.73069052498598","9.86564821713827","11.0874144669102","12.3962560085715","13.7924395763922","15.2762319046417","16.8478997275902","18.5077097795066","20.2559287946616","22.0928235073242","24.0186606517647","26.0337069622522","28.1382291730568","30.3324940184486","32.6167682326964","33.978334271436","35.3426586155505","36.709741265041","38.0795822199064","38.0795822199065",
"中国","CHN","超重的发生率（占5岁以下儿童的百分比）","SH.STA.OWGH.ZS","","","","","","","","","","","","","","","","","","","","","","","","","","","","","","","5.3","","7.2","","","13.6","","","5.5","","3.4","","9.2","","","5.9","","","5.8","5.7","6.6","","","9.1","","","","8.5","","","","","","","",
"中国","CHN","超重率，男性（占5岁以下儿童中百分比）","SH.STA.OWGH.MA.ZS","","","","","","","","","","","","","","","","","","","","","","","","","","","","","","","5.3","","7.4","","","13.3","","","6.1","","3.9","","9.9","","","6.5","","","","","7.5","","","","","","","","","","","","","","",
"中国","CHN","People practicing open defecation (% of population)","SH.STA.ODFC.ZS","","","","","","","","","","","","","","","","","","","","","","","","","","","","","","","","","","","","","","","","","2.53095162595408","2.48617089608821","2.32186578400431","2.16191827633006","2.00649760066307","1.85590472203433","1.71134943072099","1.57207011309557","1.43755122294745","1.30801808280181","1.18339621104564","1.06490991508879","0.95172979969588","0.843322102758458","0.739603188866865","0.64059389455069","0.546266168700163","0.456640254475481","0.371749884394334","0.29142843201293","0.215474033142668","0.143684930088384","0.104456788756023","0","0",
"中国","CHN","孕产妇死亡率（模型估计值，每10万例活产中所占比例）","SH.STA.MMRT","","","","","","","","","","","","","","","","","","","","","","","","","","125","120","114","108","104","102","92","86","80","76","71","67","63","60","58","56","52","50","47","45","42","40","38","38","35","34","33","32","30","28","26","25","24","22","21","20","21","18","16","",
"中国","CHN","People with basic handwashing facilities including soap and water (% of population)","SH.STA.HYGN.ZS","","","","","","","","","","","","","","","","","","","","","","","","","","","","","","","","","","","","","","","","","","","","","","","","","","","","","","","","","","97.0388007900207","97.0745592634896","97.1092402130786","97.1428406842069","97.1753616442008","97.2068004538355","97.2370989072954","97.2663184969228",
"中国","CHN","Diabetes prevalence (% of population ages 20 to 79)","SH.STA.DIAB.ZS","","","","","","","","","","","","","","","","","","","","","","","","","","","","","","","","","","","","","","","","","","","","","","","","","","","","8.8","","","","","","","","","","","","","11.9",
"中国","CHN","People using at least basic sanitation services (% of population)","SH.STA.BASS.ZS","","","","","","","","","","","","","","","","","","","","","","","","","","","","","","","","","","","","","","","","","56.8201092570023","57.5684600392291","59.7190918918749","61.8436136467816","63.9406214031558","66.007414871417","68.0323487727096","70.020980914326","71.9796237589","73.906061649452","75.8010481056182","77.6512502388913","79.464667537609","81.2468005281191","82.9984761523817","84.7193121416501","86.4094766918916","88.0683084431652","89.6942189460529","91.2881339239822","92.8514975328901","94.3857583646751","95.8923648413213","97.2411682339468","97.2718787578263",
"中国","CHN","接受产前护理的孕妇（百分比）","SH.STA.ANVC.ZS","","","","","","","","","","","","","","","","","","","","","","","","","","","","","","","","","69.7","72.2","76.3","78.7","83.7","85.9","87.1","89.3","89.4","90.3","90.1","88.9","89.7","89.8","89.7","90.9","91","92.2","94.1","93.7","95","95.6","96.2","96.5","96.6","","99.6","","","","","","",
"中国","CHN","Specialist surgical workforce (per 100,000 population)","SH.SGR.PROC.P5","","","","","","","","","","","","","","","","","","","","","","","","","","","","","","","","","","","","","","","","","","","","","","","","","","","","","2732","","","","","","","","","","","","",
"中国","CHN","女性吸烟率（吸烟女性占所有成年人比例）","SH.PRV.SMOK.FE","","","","","","","","","","","","","","","","","","","","","","","","","","","","","","","","","","","","","","","","","3.2","","","","","2.7","","2.6","","","2.3","","","","","2","","","","","1.7","1.6","1.6","","",
"中国","CHN","孕产妇死亡的终身风险 （各国比率有所差异）","SH.MMR.RISK","","","","","","","","","","","","","","","","","","","","","","","","","","290","289","293","332","341","343","476","554","627","690","771","863","959","1049","1131","1140","1300","1406","1522","1599","1705","1791","1854","1782","1913","1978","2053","1942","2166","2234","2576","2602","2724","3452","3726","4830","5118","6411","7580","",
"中国","CHN","Incidence of malaria (per 1,000 population at risk)","SH.MLR.INCD.P3","","","","","","","","","","","","","","","","","","","","","","","","","","","","","","","","","","","","","","","","","0.02","0.04","0.05","0.05","0.05","0.04","0.06","0.05","0.03","0.02","0.01","0","0","0","0","0","0","0","0","0","0","","0","","0",
"中国","CHN","社区卫生服务人员（每 1,000 人）","SH.MED.CMHW.P3","","","","","","","","","","","","","","","","","","","","","","","","","","","","","","","1.061","","","","","1.078","1.057","1.051","1.052","1.043","1.033","0.084","","0.668","0.676","0.698","0.725","0.702","0.703","0.83","0.81","0.831","","","","","","","","","","","","","",
"中国","CHN","Immunization, HepB3 (% of one-year-old children)","SH.IMM.HEPB","","","","","","","","","","","","","","","","","","","","","","","","","","","","","","","","","","","","","","","","","60","65","70","75","79","84","91","92","95","99","99","99","99","99","99","99","99","99","99","99","99","99","99","96","96",
"中国","CHN","Young people (ages 15-24) newly infected with HIV","SH.HIV.INCD.YG","","","","","","","","","","","","","","","","","","","","","","","","","","","","","","","","","","","","","","","","","","","","","","","","","","","","","","","","","","","","","","","","","",
"中国","CHN","Adults (ages 15+) newly infected with HIV","SH.HIV.INCD","","","","","","","","","","","","","","","","","","","","","","","","","","","","","","","","","","","","","","","","","","","","","","","","","","","","","","","","","","","","","","","","","",
"中国","CHN","艾滋病病毒感染儿童（0至14岁）","SH.HIV.0014","","","","","","","","","","","","","","","","","","","","","","","","","","","","","","","","","","","","","","","","","","","","","","","","","","","","","","","","","","","","","","","","","",
"中国","CHN","People using at least basic drinking water services (% of population)","SH.H2O.BASW.ZS","","","","","","","","","","","","","","","","","","","","","","","","","","","","","","","","","","","","","","","","","80.5934883327843","80.9279647085062","81.8650671947267","82.7791612491228","83.6692871081214","84.5333851261105","85.3617795517819","86.1591731490747","86.9310466925724","87.6756600660426","88.3938119002149","89.0737896182727","89.7224776817502","90.3447948783421","90.9415850511528","91.5125864728114","92.0580332231986","92.577308673558","93.068663255545","93.5326999183951","93.9705270769772","94.6329735273297","95.4385845932759","96.0883413082236","96.1224151867516",
"中国","CHN","新生儿死亡率 （每千例活产儿）","SH.DYN.NMRT","","","","","","","","","","","","","","","","","","","","","","","","","","","","","","29.7","29.7","29.5","29.1","28.5","27.7","26.8","25.7","24.6","23.5","22.5","21.4","19.9","18.4","16.9","15.3","13.9","12.5","11.3","10.2","9.2","8.4","7.6","7","6.4","5.8","5.3","4.9","4.4","4.1","3.8","3.5","3.2","3","2.8","",
"中国","CHN","死亡率，5岁以下，男性（每千人）","SH.DYN.MORT.MA","","","","","","","","","","121.7","115.7","109.9","104.2","98.6","93","87.4","82.1","77.1","72.5","68.5","65.1","62.2","60","58.2","57.1","56.3","56.1","56","56.1","56.1","55.8","55.2","54.3","53","51.3","49.6","47.6","45.6","43.4","41.1","38.5","35.9","33.2","30.4","27.8","25.4","23.2","21.3","19.6","18.1","16.7","15.5","14.3","13.2","12.2","11.3","10.5","9.8","9.1","8.5","7.9","7.4","6.9","6.5","",
"中国","CHN","感染 HIV 的成年女性（占15 岁以上HIV感染者的百分比）","SH.DYN.AIDS.FE.ZS","","","","","","","","","","","","","","","","","","","","","","","","","","","","","","","24.4430871894391","24.6135107048903","24.7496776515366","24.8612084924227","24.9571570265263","25.0097992890931","25.0517499964173","25.0883905616384","25.1223502672729","25.1551063546286","25.1866526100988","25.2167885229741","25.24708172587","25.2763156524238","25.3016599340435","25.3450904748731","25.3911597727649","25.4208406817335","25.4593985744287","25.4900657736058","25.5118271342775","25.6440940269902","25.8579138096031","26.0109883270327","26.0954692374189","26.1070596744655","26.0562557274481","26.0390606263855","25.9817213137352","25.8853279319743","25.7876717490196","25.6917933235016","25.599066864105","25.5105476636149","25.4218267254167",
"中国","CHN","Probability of dying among children ages 5-9 years (per 1,000)","SH.DYN.0509","","","","","","","","","","","","","","","","","","","","","","","","","","","","","","","4.4","4.1","3.9","3.7","3.4","3.2","3.1","2.9","2.7","2.5","2.4","2.2","2.1","2","1.9","1.8","1.7","1.6","1.5","1.4","1.4","1.3","1.2","1.2","1.1","1.1","1.1","1","1","1","0.9","0.9","0.9","0.9","",
"中国","CHN","Cause of death, by injury (% of total)","SH.DTH.INJR.ZS","","","","","","","","","","","","","","","","","","","","","","","","","","","","","","","","","","","","","","","","","9.50514782134964","","","","","","","","","","8.45468322056477","","","","","7.52589476453976","","","","6.81721294175657","","","","","",
"中国","CHN","Number of deaths ages 15-19 years","SH.DTH.1519","","","","","","","","","","","","","","","","","","","","","","","","","","","","","","","124217","113713","103410","93584","85476","79858","76237","74399","72854","70417","68321","66684","65221","64001","62947","61646","58583","53453","48085","42926","37809","33758","31148","29090","27355","26151","24938","23938","23071","22248","21504","20863","20482","20157","",
"中国","CHN","安全套使用率，15-24岁人口，女性（占 15-24 岁女性人口的百分比）","SH.CON.1524.FE.ZS","","","","","","","","","","","","","","","","","","","","","","","","","","","","","","","","","","","","","","","","","","","","","","","","","","","","","","","","","","","","","","","","","",
"中国","CHN","Total alcohol consumption per capita, male (liters of pure alcohol, projected estimates, male 15+ years of age)","SH.ALC.PCAP.MA.LI","","","","","","","","","","","","","","","","","","","","","","","","","","","","","","","","","","","","","","","","","5.77","5.77","5.39","5.18","5.2","5.51","6.08","6.72","7.47","8.34","9.33","10.26","10.92","11.3","11.5","11.6","11.34","10.35","9.09","9.09","7.31","","","","",
"中国","CHN","Women who believe a husband is justified in beating his wife (any of five reasons) (%)","SG.VAW.REAS.ZS","","","","","","","","","","","","","","","","","","","","","","","","","","","","","","","","","","","","","","","","","","","","","","","","","","","","","","","","","","","","","","","","","",
"中国","CHN","Women who believe a husband is justified in beating his wife when she burns the food (%)","SG.VAW.BURN.ZS","","","","","","","","","","","","","","","","","","","","","","","","","","","","","","","","","","","","","","","","","","","","","","","","","","","","","","","","","","","","","","","","","",
"中国","CHN","Proportion of time spent on unpaid domestic and care work, female (% of 24 hour day)","SG.TIM.UWRK.FE","","","","","","","","","","","","","","","","","","","","","","","","","","","","","","","","","","","","","","","","","","","","","","","","","16.18056","","","","","","","","","","15.34722","","","","","","",
"中国","CHN","Final say in all of the decisions (%)","SG.DMK.ALLD.FN.ZS","","","","","","","","","","","","","","","","","","","","","","","","","","","","","","","","","","","","","","","","","","","","","","","","","","","","","","","","","","","","","","","","","",
"中国","CHN","大学生人均支出（占人均 GDP 的百分比）","SE.XPD.TERT.PC.ZS","","","","","","","","","","","","","","","","","","","","","","","","","","","","","","","","","","","","","","","58.74403","89.11563","","","","","","","","","","","","","","","","","","","","","","","","","",
"中国","CHN","小学生人均支出（占人均 GDP 的百分比）","SE.XPD.PRIM.PC.ZS","","","","","","","","","","","","","","","","","","","","","","","","","","","","","","","","","","","","","","","5.90241","","","","","","","","","","","","","","","","","","","","","","","","","","",
"中国","CHN","Current education expenditure, primary (% of total expenditure in primary public institutions)","SE.XPD.CPRM.ZS","","","","","","","","","","","","","","","","","","","","","","","","","","","","","","","","","","","","","","","","94.2304534912109","","","","","","","","","","","","","","","","","","","","","","","87.5863876342773","88.3623199462891","",
"中国","CHN","入学率，高等院校（占总人数的百分比）","SE.TER.ENRR","","","","","","","","","","","0.127020001411438","","","0.20354999601841","0.325690001249313","0.449310004711151","0.552359998226166","0.623939990997314","0.692219972610474","1.00964999198914","1.28211998939514","2.04293990135193","","","1.91119003295898","2.19702005386352","2.78308010101318","3.05593991279602","3.09079003334045","3.01722002029419","3.00202989578247","2.88314008712769","2.81714010238648","2.93351006507873","3.77007007598877","4.65805006027222","5.27504014968872","5.79580020904541","6.25878000259399","6.61046981811523","7.57777976989746","9.28069019317627","11.8050804138184","14.513970375061","16.9004402160644","18.6565208435059","20.5667705535889","21.4715595245361","21.8667392730713","23.2886295318604","25.2883066277701","26.7875039907406","29.3081906903292","32.7191603158803","43.7110051016854","47.1192619330726","49.309077375597","51.0678812273407","53.3987984572814","56.6050917923292","61.6124675996947","66.8186077597542","71.5799465086024","74.5933014618366","76.8757843123403",
"中国","CHN","Educational attainment, at least completed short-cycle tertiary, population 25+, female (%) (cumulative)","SE.TER.CUAT.ST.FE.ZS","","","","","","","","","","","","","","","","","","","","","","","","","","","","","","","","","","","","","","","","","3.29921766263091","","","","","","","","","","7.59999990463257","","","","","","","","","","15.420000076294","","","","",
"中国","CHN","Educational attainment, Doctoral or equivalent, population 25+, total (%) (cumulative)","SE.TER.CUAT.DO.ZS","","","","","","","","","","","","","","","","","","","","","","","","","","","","","","","","","","","","","","","","","","","","","","","","","","","","","","","","","","","","","0.119999997317791","","","","",
"中国","CHN","Educational attainment, at least Bachelor's or equivalent, population 25+, male (%) (cumulative)","SE.TER.CUAT.BA.MA.ZS","","","","","","","","","","","","","","","","","","","","","","","","","","","","","","","","","","","","","","","","","2.00157428776174","","","","","","","","","","4.15000009536743","","","","","","","","","","7.94999980926514","","","","",
"中国","CHN","Adolescents out of school, female (% of female lower secondary school age)","SE.SEC.UNER.LO.FE.ZS","","","","","","","","","","","","","","","","","","","","","","","","","","","","","","","","","","","","","","","","","","","","","","","","","","","","","","","","","","","","","","","","","",
"中国","CHN","Percentage of teachers in secondary education who are trained, both sexes (%)","SE.SEC.TCAQ.ZS","","","","","","","","","","","","","","","","","","","","","","","","","","","","","","","","","","","","","","","","","","","","","","","","","","","","","","","","","","","","","","","","","",
"中国","CHN","Percentage of male teachers in secondary education who are trained, male (%)","SE.SEC.TCAQ.MA.ZS","","","","","","","","","","","","","","","","","","","","","","","","","","","","","","","","","","","","","","","","","","","","","","","","","","","","","","","","","","","","","","","","","",
"中国","CHN","Percentage of female teachers in secondary education who are trained, female (%)","SE.SEC.TCAQ.FE.ZS","","","","","","","","","","","","","","","","","","","","","","","","","","","","","","","","","","","","","","","","","","","","","","","","","","","","","","","","","","","","","","","","","",
"中国","CHN","入学率，中学，私立（占中学总量的百分比）","SE.SEC.PRIV.ZS","","","","","","","","","","","","","","","","","","","","","","","","","","","","","","","","","","","","","","","","","","","","","","","7.48091983795166","8.321120262146","9.05838012695312","9.59146976470947","9.93984031677246","10.7192697525024","10.9868602752685","9.83040046691895","10.1693000793457","10.6265001296997","11.2350797653198","11.9417400360107","12.8231601715088","13.6502199172974","14.3942203521728","15.076979637146","15.365309715271","14.0889301300049","13.7334299087524",
"中国","CHN","入学率，中学，男生（占总人数的百分比）","SE.SEC.ENRR.MA","","","","","","","","","","","","","","","","","69.0236434936523","66.5997009277344","60.6566505432129","54.4790916442871","46.6552314758301","43.4359512329102","38.9101104736328","35.8016204833984","35.3370704650879","36.6724815368652","38.2862701416016","40.5209693908691","42.7976112365723","43.7089309692383","44.805850982666","47.3707695007324","49.9936485290527","52.1501808166504","51.3617286682129","52.6605796813965","55.5909194946289","57.9526786804199","","","","63.7074317932129","","65.1563873291016","","","73.5768508911133","77.3898010253906","81.4071731567383","86.4254379272461","90.1274848597982","91.1215705602451","91.0297119561157","","","","","","","","","","","","",
"中国","CHN","中学教育，接受职业教育的学生","SE.SEC.ENRL.VO","","","","","","","","","","","","63976","217570","342503","482481","634284","707318","689877","689202","889209","1198676","1697008","1549904","1742981","2887861","3695400","4604200","5209300","5581300","6006500","6258000","6526000","6855000","7392000","8157000","9124841","10090627","10878677","","12752383","12327079","","","11298031","","","15306302","17228669","18906427","19777488","20419354","20299603","19696392","21140347","19233849","17555320","16569753","15992821","15927388","","","","","","",
"中国","CHN","中学教育，一般学生（女生所占百分比）","SE.SEC.ENRL.GC.FE.ZS","","","","","","","","","","","","","","","32.98805","38.13706","39.26706","40.38495","41.67303","41.46879","40.82195","39.57967","39.00321","39.2492","39.4549","40.00461","40.22835","40.65212","40.79578","40.97809","41.44203","41.86931","42.65272","43.10619","43.71454","44.3024","44.82412","45.29257","","46.09985","","","","46.67663","","","47.06344","47.13169","47.29416","47.46483","47.57551","47.6375","47.70984","47.85841","47.90135","47.8317","47.78119","47.83663","47.92337","","","","","","",
"中国","CHN","中学教育，年限（年）","SE.SEC.DURS","","","","","","","","","","","4","4","4","4","4","4","4","5","6","6","6","6","6","6","6","6","6","6","6","6","6","6","6","6","6","6","6","6","6","6","6","6","6","6","6","6","6","6","6","6","6","6","6","6","6","6","6","6","6","6","6","6","6","6","6",
"中国","CHN","Educational attainment, at least completed post-secondary, population 25+, total (%) (cumulative)","SE.SEC.CUAT.PO.ZS","","","","","","","","","","","","","","","","","","","","","","","1.01999998092651","","","","","","","","2","","","","","","","","","","4.26999998092651","","","","","","","","","","","","","","","","","","","","16.1200008392334","","","","",
"中国","CHN","Educational attainment, at least completed lower secondary, population 25+, male (%) (cumulative)","SE.SEC.CUAT.LO.MA.ZS","","","","","","","","","","","","","","","","","","","","","","","30.9799995422363","","","","","","","","","","","","","","","","","","60.7799987792969","","","","","","","","","","71.8600006103516","","","","","","","","","","77.3600006103516","","","","",
"中国","CHN","Lower secondary completion rate, female (% of relevant age group)","SE.SEC.CMPT.LO.FE.ZS","","","","","","","","","","","","","","","","","","","","","","","","","","","","","","","","","","","","58.3494491577148","58.8679389953613","61.9494400024414","","","","","","","","","","104.069091796875","103.78125","103.64087677002","103.576612018909","106.170298213381","105.968588013018","","","","","","","","","","","","",
"中国","CHN","失学男童，小学","SE.PRM.UNER.MA","","","","","","","","","","","","","","","","","","","","","","","","","","","","","","641096","2588523","3178295","4028119","4491961","4922003","4692913","4641645","4336219","","","","","","","","","","","","","","","","","","","","","","","","","","","",
"中国","CHN","小学男生总入学率（净比例）","SE.PRM.TENR.MA","","","","","","","","","","","","","","","","","","","","","","","","","","","","96.59585","","99.6142","","99.64831","98.42773","97.07896","95.18826","92.94238","91.32285","90.26422","","","","","","","","","","","","","","","","","","","","","","","","","","","",
"中国","CHN","初等教育，教师","SE.PRM.TCHR","","","","","","","","","","","3487000","3612000","4095000","4398000","4679000","4944000","5203000","5289000","5226000","5226000","5381800","5499400","5580100","5504600","5424600","5369600","5376800","5413600","5433800","5501300","5543800","5581810","5532300","5526500","5551600","5611324","5664057","5735790","5793561","","","5860316","","5778853","","","5967878","6073666","6035510","6018780","5997393","5939088","5907896","5866510","5859672","5889014","5933119","6045682","6201651","6363952","6526772","6683229","6703981","6719340","6739300",
"中国","CHN","小学复读生，总数（占入学学生总量的百分比）","SE.PRM.REPT.ZS","","","","","","","","","","","","","","","","","","","","","","","","","","","","","","7.48817","6.51575","6.14473","5.10434","4.57985","3.73956","2.83005","2.18098","1.6397","","","","","","","","","0.26887","0.24671","0.28671","0.27986","0.2768","0.2582","0.17111","0.15093","0.08044","0.01997","0.01355","0.01378","0.0075","","","","","","",
"中国","CHN","小学最高年级持续就学率，男童（占同龄人的百分比）","SE.PRM.PRSL.MA.ZS","","","","","","","","","","","","","","","","","","","","","","","","","","","","","","","","","","","","92.2371673583984","93.4191131591797","","","","","","","","","","","","","","","","","","","","","","","97.0106811523438","96.8560409545898","","","","",
"中国","CHN","五年级持续就学率，女童（占同龄人的百分比）","SE.PRM.PRS5.FE.ZS","","","","","","","","","","","","","","","","","","","","","","","","","","","","","","","","","","","","92.0542221069336","93.74169921875","","","","","","","","","","","","","","","","","","","","","","","99.7863998413086","99.7389678955078","","","","",
"中国","CHN","Over-age students, primary, female (% of female enrollment)","SE.PRM.OENR.FE.ZS","","","","","","","","","","","","","","","","","","","","","","","","","","","","20.82515","","19.0824","18.0592","16.98518","16.6226","15.08302","14.1598","13.75899","12.36985","11.07669","","","","","","","","","","","","","","","","","","","","","","","","","","","",
"中国","CHN","入学率，小学，男生（净百分比）","SE.PRM.NENR.MA","","","","","","","","","","","","","","","","","","","","","","","","","","","","96.59585","","99.6142","","99.64831","98.42773","97.07896","95.18826","92.94238","91.32285","90.26422","","","","","","","","","","","","","","","","","","","","","","","","","","","",
"中国","CHN","一年级新生总入学率，男性（占相关年龄组的百分比）","SE.PRM.GINT.MA.ZS","","","","","","","","","","","","","","","","","","","","","","","","","","","","","","","","","","","","","96.35337","94.08268","","","","","106.31854","110.46733","","","97.04209","101.53572","103.59232","102.3478","101.67331","103.06655","","103.1499","101.1664","98.2764","101.35947","102.01422","101.9667","","","","","","",
"中国","CHN","学校入学率，小学（占总数的百分比）","SE.PRM.ENRR","","","","","","","","","","","120.784461975098","112.423797607422","107.220802307129","108.24178314209","106.416976928711","112.456108093262","117.813407897949","115.725471496582","110.961303710938","109.98705291748","108.836517333984","110.797317504883","111.920051574707","115.190582275391","118.014060974121","125.350952148438","131.11882019043","133.966461181641","131.620742797852","127.484756469727","120.852439880371","117.760719299316","114.985740661621","112.701606750488","111.16951751709","111.644462585449","110.509910583496","110.200721740723","109.902359008789","","","115.730102539062","","","","","105.243812561035","105.438949584961","106.201782226562","105.59065246582","104.181700271","103.329573551865","103.181119624843","101.231978727477","96.8963827081444","96.340011477005","96.8787921899343","97.5379880463436","97.8103054615567","97.8174906065295","98.7860625918346","99.2294555866603","100.09807464465","99.1718634239571","99.644962886981",
"中国","CHN","初等教育年限（年）","SE.PRM.DURS","","","","","","","","","","","5","5","5","5","5","5","5","5","5","5","5","5","5","5","5","5","5","5","5","5","5","5","5","5","5","5","5","5","5","5","5","5","5","5","6","6","6","6","6","6","6","6","6","6","6","6","6","6","6","6","6","6","6","6","6",
"中国","CHN","小学总毕业率，（相关年龄群体所占比例）","SE.PRM.CMPT.ZS","","","","","","","","","","","","","","","","","","","","","","","","","","","","","","110.276969909668","106.013153076172","100.579772949219","94.8394393920898","93.711540222168","89.0635681152344","97.6482315063477","92.7914581298828","93.4646224975586","","","","","","","","","91.6803512573242","95.3847808837891","103.611198425293","104.349563598633","103.455256923166","","","","","","","","","","","","","","",
"中国","CHN","Trained teachers in preprimary education (% of total teachers)","SE.PRE.TCAQ.ZS","","","","","","","","","","","","","","","","","","","","","","","","","","","","","","","","","","","","","","","","","","","","","","","","","","","","","","","","","","","","","","","","","",
"中国","CHN","学校入学率，学前班，女生（占总数的百分比）","SE.PRE.ENRR.FE","","","","","","","","","","","","","","","","","","","","","","","","","14.2192296981812","16.1924705505371","18.9276599884033","20.5656394958496","21.6748104095459","21.118049621582","20.0603408813477","21.0911502838135","22.0645294189453","22.8696308135986","23.0020198822021","23.9050903320313","25.2971801757813","26.753210067749","40.1196594238281","44.3296585083008","44.0794982910156","44.0770416259766","38.8900108337402","37.9444885253906","","","41.1145515441895","43.1414604187012","45.4191284179688","48.6346206665039","52.2912101745605","58.9027900695801","68.2407073974609","73.0357894897461","76.0963897705078","78.8275604248047","82.54248046875","85.099479675293","88.3718719482422","89.1647415161133","90.7343292236328","93.5752716064453","","","",
"中国","CHN","Male primary school age children out-of-school (%)","SE.LPV.PRIM.SD.MA","","","","","","","","","","","","","","","","","","","","","","","","","","","","","","","","","","","","","","","","","","","","","","","","","","","","","","","","","","","","","","","","","",
"中国","CHN","Male pupils below minimum reading proficiency at end of primary (%). Low GAML threshold","SE.LPV.PRIM.LD.MA","","","","","","","","","","","","","","","","","","","","","","","","","","","","","","","","","","","","","","","","","","","","","","","","","","","","","","","","","","","","","","","","","",
"中国","CHN","Learning poverty: Share of Children at the End-of-Primary age below minimum reading proficiency adjusted by Out-of-School Children (%)","SE.LPV.PRIM","","","","","","","","","","","","","","","","","","","","","","","","","","","","","","","","","","","","","","","","","","","","","","","","","","","","","","","","","18.2000007629394","","","","","","","","",
"中国","CHN","小学女生与男生的入学比例 (%)","SE.ENR.PRIM.FM.ZS","","","","","","","","","","","","","","","0.725040018558502","0.816739976406097","0.864610016345978","0.87092000246048","0.866349995136261","0.851809978485107","0.851779997348785","0.845160007476807","0.828809976577759","0.821380019187927","0.825460016727448","0.828429996967316","0.861270010471344","0.873719990253448","0.881359994411469","0.889750003814697","0.899909973144531","0.911360025405884","0.922299981117249","0.927100002765656","0.93639999628067","0.946950018405914","0.957379996776581","0.96696001291275","0.974749982357025","","","0.991379976272583","","","","","0.991980016231537","0.988189995288849","0.984549999237061","0.98351001739502","0.982680022716522","0.984860002994537","0.988900005817413","0.997609972953796","1.00072002410889","1.00246000289917","1.00508999824524","1.00947999954224","1.01135003566742","1.0117199420929","1.00977003574371","1.00856995582581","","","",
"中国","CHN","识字率，成年女性（占 15 岁以上女性人口的百分比）","SE.ADT.LITR.FE.ZS","","","","","","","","","","","","","","","","","","","","","","","51.1399993896484","","","","","","","","68.0699996948242","","","","","","","","","","86.5299987792969","","","","","","","","","","92.7099990844727","","","","","","","","","","95.0500030517578","","","","",
"中国","CHN","识字率，青年女性（占 15-24 岁女性人口的百分比）","SE.ADT.1524.LT.FE.ZS","","","","","","","","","","","","","","","","","","","","","","","82.0999984741211","","","","","","","","91.4499969482422","","","","","","","","","","98.5","","","","","","","","","","99.5899963378906","","","","","","","","","","99.7600021362305","","","","",
"中国","CHN","Regulatory Quality: Percentile Rank","RQ.PER.RNK","","","","","","","","","","","","","","","","","","","","","","","","","","","","","","","","","","","","","45.1086959838867","","40.2173919677734","","36.9565200805664","","31.8918914794922","41.0810813903809","42.7860679626465","49.5098037719727","47.0588226318359","49.029125213623","48.5436897277832","43.5406684875488","40.6698570251465","42.6540298461914","42.6540298461914","41.2322273254395","41.3461532592773","41.9047622680664","40.9523811340332","45.238094329834","44.2857131958008","41.9047622680664","44.2857131958008","40","36.7924537658691","38.6792449951172","",
"中国","CHN","Rule of Law: Percentile Rank, Upper Bound of 90% Confidence Interval","RL.PER.RNK.UPPER","","","","","","","","","","","","","","","","","","","","","","","","","","","","","","","","","","","","","43.7185935974121","","46.5","","41.7910461425781","","45.7711448669434","44.2786064147949","42.788459777832","40.6698570251465","41.1483268737793","44.4976081848145","48.5576934814453","47.8672981262207","47.3933639526367","48.8262901306152","46.0093879699707","46.0093879699707","50.961540222168","52.3809509277344","52.3809509277344","52.8571434020996","55.7142868041992","52.8571434020996","55.7142868041992","58.0952377319336","57.0754699707031","57.0754699707031","",
"中国","CHN","Rule of Law: Estimate","RL.EST","","","","","","","","","","","","","","","","","","","","","","","","","","","","","","","","","","","","","-0.545589983463287","","-0.476805359125137","","-0.51611715555191","","-0.517029762268066","-0.553043842315674","-0.585468709468842","-0.650172889232635","-0.699893414974213","-0.597397744655609","-0.479174673557281","-0.46321377158165","-0.472601860761642","-0.453809976577759","-0.545384466648102","-0.52588939666748","-0.396053194999695","-0.408455699682236","-0.32396873831749","-0.255178093910217","-0.186479195952415","-0.261681526899338","-0.102505102753639","0.0102688856422901","-0.04217629134655","-0.0401299707591534","",
"中国","CHN","Political Stability and Absence of Violence/Terrorism: Percentile Rank, Lower Bound of 90% Confidence Interval","PV.PER.RNK.LOWER","","","","","","","","","","","","","","","","","","","","","","","","","","","","","","","","","","","","","22.8723411560059","","17.5531921386719","","24.8677253723145","","21.6931209564209","19.0954780578613","19.9029121398926","19.4174766540527","17.8743953704834","18.3574886322021","17.3076915740967","19.9052124023438","14.2180099487305","17.0616111755371","19.4312801361084","18.0094795227051","18.5714282989502","19.0476188659668","17.1428565979004","25.7142848968506","23.5849056243896","22.6415100097656","18.3962268829346","17.9245281219482","17.4528293609619","16.5876770019531","",
"中国","CHN","Coverage of social insurance programs in richest quintile (% of population)","per_si_allsi.cov_q5_tot","","","","","","","","","","","","","","","","","","","","","","","","","","","","","","","","","","","","","","","","","","","","","","","","","","","","","","40.7910736543671","","","","","","","","","","","",
"中国","CHN","Coverage of social insurance programs in poorest quintile (% of population)","per_si_allsi.cov_q1_tot","","","","","","","","","","","","","","","","","","","","","","","","","","","","","","","","","","","","","","","","","","","","","","","","","","","","","","33.8654455187889","","","","","","","","","","","",
"中国","CHN","Coverage of social safety net programs in richest quintile (% of population)","per_sa_allsa.cov_q5_tot","","","","","","","","","","","","","","","","","","","","","","","","","","","","","","","","","","","","","","","","","","","","","","","","","","","","","","29.2777758095244","","","","","","","","","","","",
"中国","CHN","Coverage of social safety net programs in poorest quintile (% of population)","per_sa_allsa.cov_q1_tot","","","","","","","","","","","","","","","","","","","","","","","","","","","","","","","","","","","","","","","","","","","","","","","","","","","","","","65.0397447878063","","","","","","","","","","","",
"中国","CHN","Coverage of unemployment benefits and ALMP in richest quintile (% of population)","per_lm_alllm.cov_q5_tot","","","","","","","","","","","","","","","","","","","","","","","","","","","","","","","","","","","","","","","","","","","","","","","","","","","","","","","","","","","","","","","","","",
"中国","CHN","Coverage of unemployment benefits and ALMP in poorest quintile (% of population)","per_lm_alllm.cov_q1_tot","","","","","","","","","","","","","","","","","","","","","","","","","","","","","","","","","","","","","","","","","","","","","","","","","","","","","","","","","","","","","","","","","",
"中国","CHN","Coverage (%) -All Social Protection and Labor","per_allsp.cov_pop_tot","","","","","","","","","","","","","","","","","","","","","","","","","","","","","","","","","","","","","","","","","","","","","","","","","","","","","","63.0530006633408","","","","","","","","","","","",
"中国","CHN","PPP转换因子与市场汇率的比率（GDP）","PA.NUS.PPPC.RF","","","","","","","","","","","","","","","","","","","","","","","","","","","","","","","0.321468517836908","0.30238242601438","0.288251119449681","0.257564681536194","0.283142444391745","0.32522324619073","0.341677966647861","0.342455029353351","0.336290741335863","0.327581873007563","0.327041984851679","0.326971914726602","0.324042165344374","0.326162866027435","0.339833798848172","0.345295623385973","0.358081779685056","0.394321886909133","0.456827866414559","0.461440876135365","0.491890078475216","0.545459874582591","0.560850761320426","0.58446326675057","0.601244675363256","0.607229484631717","0.583084124337483","0.597750978388835","0.618820525117349","0.587635085934986","0.581769612527374","0.618301183741458","0.563151535845866","0.514361844113022","0.490802871328148",
"中国","CHN","贸易条件调整（按本币不变价格计）","NY.TTF.GNFS.KN","","","","","","","","","","","","","","","","","","","","","","","","","","","","","","","","","","","","","","","","","","","","","","","","","","","","","","","","","","","","","","","","","",
"中国","CHN","净产品税（不变本币单位）","NY.TAX.NIND.KN","","","","","","","","","","","","","","","","","","","","","","","","","","","","","","","","","","","","","","","","","","","","","","","","","","","","","","","","","","","","","","","","","",
"中国","CHN","净国外收入（现价本币单位）","NY.GSR.NFCY.CN","","","","","","","","","","","","","","","","","","","","","","-220000000","710000000","2290000000","3570000000","2470000000","-80000000","-800000000","-600000000","870000000","5040000000","4470000000","1360000000","-7390000000","-8920000000","-98320000000","-103410000000","-91220000000","-137790000000","-119790000000","-121400000000","-158700000000","-123700000000","-84580000000","-42480000000","-131990000000","-41000000000","61170000000","198490000000","-58280000000","-176520000000","-454740000000","-125090000000","-482200000000","81710000000","-328700000000","-370100000000","-109020000000","-403760000000","-276400000000","-811570000000","-800620000000","-1032260000000","-949780000000","-926894627800",
"中国","CHN","总储蓄（现价本币）","NY.GNS.ICTR.CN","","","","","","","","","","","","","","","","","","","","","","","181643320000","199593710000","253987600000","321004420000","365757550000","453309040000","576536340000","616352140000","692523020000","848139940000","1106187350000","1489900963600","2030917278905","2427831276884.88","2785980878575","3172652818648","3277995661282","3325537668000","3604828196801.74","4158518861456","4767351693513.26","5876275540978.77","7451283750412.03","8648711467052.05","10636474483022.8","13651586830278.2","16626335825081","17681264071377.6","21296024196255.6","24111744218713","26387614670794.8","28393979454666","31001234121995.6","31684396446277.2","33391912826832.1","37556226448947.1","40970637625131.5","43546831192797","45016599184751.6","52446339693498.4","55325944790754.7","55099357992854.8","57785081296457.6",
"中国","CHN","人均GNI（不变价本币单位）","NY.GNP.PCAP.KN","","","","","","","","","","","","","","","","","","","","","","","","","","","","","","","","","","","","","","","","","","","","","","","","","","","","","","","","","","","","","","","","","",
"中国","CHN","按图表集法衡量的人均国民总收入（GNI）（现价美元）","NY.GNP.PCAP.CD","","","70","80","90","100","110","100","90","110","120","130","130","160","180","200","190","200","200","210","220","220","220","220","250","290","310","320","330","320","330","360","400","420","470","540","660","760","800","860","950","1020","1130","1300","1530","1790","2090","2550","3140","3740","4410","5130","6010","6860","7600","8040","8360","8830","9720","10510","10740","12220","13170","13750","13660",
"中国","CHN","GNI增长（年度百分比）","NY.GNP.MKTP.KD.ZG","","","","","","","","","","","","","","","","","","","","","","","","","","","","","","","","","","","","","","","","","","","","","","","","","","","","","","","","","","","","","","","","","",
"中国","CHN","国民总收入（GNI）（现价美元）","NY.GNP.MKTP.CD","59846235024.7318","50162299349.7871","47310737754.2287","50812227918.5753","59821862703.4023","70565994356.1828","76854053259.209","73011350596.2485","70980323818.7853","79847786729.1898","92752930873.1912","99959013879.6308","113871930713.841","138764340892","144418433058.472","163687619735.857","154196810058.643","175226595859.778","149788617886.179","178573913043.478","191425000000","196130952380.952","205751908396.947","232007662835.249","261717857142.857","310904761904.762","301286956521.739","273275784753.363","312765432098.765","348556680161.943","362523900573.614","385289198606.272","428715855572.998","445635994165.534","565894585788.206","726418043788.258","856086142040.551","956749708708.89","1020490742917.16","1089372753903.3","1209090434696.9","1335863134143.64","1474876576017.01","1673684677258.3","1979064133594.61","2301443793302.11","2786356399836.56","3612096538009.96","4695911654845.43","5181045920787.14","6166492055190.13","7601379935590.42","8653847951304.22","9665296804684.75","10687833547166","11228032678981.8","11400323697361.9","12521428872625.2","14086737564950.9","14520157750328","14878808399124.3","18077551859016.4","18163546112470.6","18136282647171.8","18615022929518.1",
"中国","CHN","国内总储蓄（现价本币）","NY.GDS.TOTL.CN","54550000000","23940000000","17600000000","23510000000","39380000000","57820000000","63930000000","51710000000","47350000000","60420000000","82310000000","90390000000","91160000000","100730000000","101990000000","115520000000","102140000000","119460000000","144510000000","152140000000","161990000000","165770000000","179660000000","195970000000","249180000000","317820000000","364530000000","453110000000","575100000000","613600000000","686050000000","838900000000","1097470000000","1487890000000","2036950000000","2514170000000","2871690000000","3221230000000","3380360000000","3404400000000","3673980000000","4246930000000","4783580000000","5816430000000","7304240000000","8585140000000","10453680000000","13308160000000","16127970000000","17523270000000","21197090000000","24408110000000","26491030000000","28930290000000","30910640000000","32091870000000","33825270000000","37745380000000","41390340000000","43752420000000","45769820000000","53144630000000","56222550000000","55967690000000","58604084627800",
"中国","CHN","按购买力平价 (PPP) 衡量的人均 GDP（2017年不变价国际元）","NY.GDP.PCAP.PP.KD","","","","","","","","","","","","","","","","","","","","","","","","","","","","","","","1666.92774090575","1798.27610528653","2030.38636999332","2286.75974444182","2556.64057218097","2808.03403089611","3055.96977919745","3305.79061082131","3533.56587021506","3774.13766362641","4066.03627019859","4372.15705579934","4744.39855079794","5192.00604608587","5684.16873050981","6298.32318474516","7057.09993331646","8013.71568302247","8743.74491232188","9518.43214737204","10476.3123630451","11405.0172845617","12217.8543175465","13080.8288162668","13968.581485524","14856.7807604461","15772.7647598696","16757.9736318662","17806.7902349725","18820.5131033646","19215.1541703465","20843.2978347377","21499.3822834427","22687.0758723942","23845.6197217259",
"中国","CHN","人均 GDP（2015年不变价美元）","NY.GDP.PCAP.KD","241.38865640518","177.353933927811","166.089290187301","178.749038517739","206.39971909742","235.704122134957","253.637443822626","232.936829969655","217.629498896299","247.617408237114","287.360990977917","299.312840926518","303.174293759294","319.325276730838","320.021423931396","341.835493900954","331.302441675199","351.558278512051","386.173258026462","409.983402451709","436.591787138212","453.072706510383","486.894420983869","531.391311022454","604.354027423819","676.279975098168","725.829362656239","797.34114295479","872.659353617186","895.53052635227","917.270661782581","989.548540519036","1117.27329480169","1258.34946089635","1406.85845705008","1545.19429404212","1681.62743528935","1819.09789302268","1944.43719705771","2076.81812919622","2237.44298500334","2405.89396743215","2610.72960252379","2857.0373538115","3127.86276523632","3465.81734409951","3883.35412942474","4409.75700836878","4811.47471804961","5237.76666540352","5764.86534987407","6275.90956436258","6723.19443752823","7198.06876478162","7686.57792954381","8175.33285077393","8679.37704460133","9221.51403820573","9798.6528523316","10356.4804194995","10573.6420059282","11469.5707134928","11830.5983703496","12484.1578844175","13121.6769905565",
"中国","CHN","按购买力平价 (PPP)衡量的 GDP（2017年不变价国际元）","NY.GDP.MKTP.PP.KD","","","","","","","","","","","","","","","","","","","","","","","","","","","","","","","1892271367560.09","2069420176441.64","2365339209451.12","2694809153240.02","3047093716345.3","3383273842295.33","3720796004661.86","4066370385606.02","4388459129025.54","4727994346043.03","5133960366384.9","5560727951418.39","6074727904441.69","6689380589777.04","7367108987395.51","8211249902415.96","9251999154576.55","10561155692920.1","11582445416831.7","12671507980510.5","14014215429607.2","15340147423340.5","16545296138278.3","17832309075487.5","19162938196730.9","20500277500109.2","21889285206099.4","23397734154416.1","24978653070010","26494483218696","27114504049776","29438240129870.1","30360890176120.6","32004884803945.3","33597882047418.8",
"中国","CHN","GDP（2015年不变价美元）","NY.GDP.MKTP.KD","161023131028.203","117112123190.551","110577266727.999","121966725197.001","144140275830.279","168572052589.089","186524976187.159","175762485053.603","168556223190.173","197109647391.948","235151809332.094","251753527067.499","261345336449.324","281625734559.996","288131289036.632","313256337433.365","308338212930.482","331679415653.587","369245353260.872","397275966892.718","428399142252.564","450302166910.072","491096319836.96","543778042482.387","626609364483.701","710797305027.178","774307505788.049","864345705902.996","961347723725.301","1001785223303.97","1041271896195.66","1138752669458.5","1301589870245.13","1482889338698.69","1676743149158.28","1861735071148.11","2047465483836.55","2237626840759.87","2414864610327.86","2601702759078.63","2825096197799.54","3059936242478.58","3342778183071.46","3681006926650.74","4053944733453.66","4518455387849.41","5091154930758.42","5811552614974.09","6373544042638.01","6972829250985.1","7711689202853.29","8441318020902.42","9104482675356.36","9812695262900.89","10544908798424","11280814787468.9","12045152668727.3","12875216222853.4","13745158275136.7","14579283528148.4","14920466234565.3","16199162892908.6","16706875253648.5","17611526369126.6","18488114837769.3",
"中国","CHN","矿产租金（占GDP的百分比）","NY.GDP.MINR.RT.ZS","","","","","","","","","","","0.190311947728461","0.142432078198573","0.111912039283719","0.175160226082526","0.31941707077155","0.22050058635815","0.421319811368948","0.423540650502366","0.280544558453324","0.354068171396976","0.404616392108178","0.532478138222438","0.465097625470962","0.407938801657631","0.287607377236682","0.254013353131154","0.175061500665316","0.258693727832562","1.11136888543569","0.395103473714275","0.376864557442531","0.742892477567943","0.68941916565197","0.523713114155201","0.444568832397725","0.317944090455996","0.238792079367953","0.23416085353456","0.4381486529878","0.337011065325236","0.143065124667862","0.124862064663083","0.127806840215127","0.137301920518456","0.263034043120524","0.719382293325194","1.17112949883967","2.15745853560002","2.36221058764274","0.996362930664087","2.02001128407646","2.33286209782444","0.783715365961303","0.604283761994796","0.358822126128755","0.203345375101355","0.185155152566946","0.235890375798972","0.178921788137024","0.272313304955158","0.168349189697692","0.510049245324858","","","",
"中国","CHN","按要素成本计算的增加值总额（现价本币）","NY.GDP.FCST.CN","","","","","","","","","","","","","","","","","","","","","","","","","","","","","","","","","","","","","","","","","","","","","","","","","","","","","","","","","","","","","","","","","",
"中国","CHN","GDP deflator: linked series (base year varies by country)","NY.GDP.DEFL.ZS.AD","","","","","","","","","","","","","","","","","","","","","","","","","","","","","","","26.1827825720915","27.943978536524","30.2354258143791","34.8265781540789","42.0149721973672","47.7428761287645","50.8489475465851","51.6915633385696","51.2643467494778","50.6390852981555","51.7023968973814","52.8460793308159","53.1857189718984","54.591247222725","58.4072803342226","60.5968043901448","63.0324672477231","68.0206420457973","73.3647426019232","73.3046077659186","78.383486223413","84.6667558048392","86.70314717652","88.6955802739216","89.6633300032879","89.7864029665505","91.1129442879544","94.8905073443862","98.1812131352963","99.4727933827719","100","104.473861320789","106.494672139028","105.956123748054","105.206802030529",
"中国","CHN","煤炭租金（占GDP的百分比）","NY.GDP.COAL.RT.ZS","","","","","","","","","","","","0.0745389208411057","0.0691535992826392","0.077074228180657","0.711009206486046","2.69280693403666","3.0311520485369","3.08113278502555","3.33590821868904","2.69650761840277","4.550303812533","7.95333965961777","8.72549855637581","4.38935293161726","2.98496212712962","3.04748440074638","1.58663620371161","0.196742361719575","0.914569028426778","1.47842452212878","1.7052386616778","1.34805201595044","0.699208657061324","0.142655939106701","0.0649779012544379","0.455735912219756","0.128660824709202","0.0847831389309089","0.14993960613722","0.0711870233211488","0.146386681969002","0.801896055646553","0.263542850237849","0.220007406138794","2.48180871668287","1.84458902608905","1.8434710833023","2.10209759333344","4.95292742699964","1.70995200685933","2.74101073299239","3.531173681463","1.77837319641686","1.08227721470867","0.795129720884853","0.404630230720423","0.413140466173888","0.53771676055273","0.582602393231466","0.448117054740137","0.359558405712834","0.607568894164746","","","",
"中国","CHN","调整后的净储蓄，包括颗粒物排放损害（占 GNI 的百分比）","NY.ADJ.SVNG.GN.ZS","","","","","","","","","","","","","","","","","","","","","","","","","","","","","","","14.5351473040784","17.8619761952532","20.8437755219783","20.7972610439375","22.4238427520693","21.0483185198882","20.7749065588483","22.0878984828243","20.3948384609413","17.8237880308954","16.1064251269739","18.0724650369592","19.9354657879082","22.7922323697699","23.9736637993536","23.5529903984806","25.0113584696373","26.6723759421226","26.024893221091","27.0603588201009","25.8105341184614","21.5920739466282","22.48111410951","20.9105905906959","20.8916579866823","19.1745492533054","18.1872101088565","18.8142009283903","17.3607243693633","15.9885908384031","15.2973701078229","16.329722100979","","","",
"中国","CHN","人均调整国民收入净额（美元现值）","NY.ADJ.NNTY.PC.CD","","","","","","","","","","","103.359630151508","108.43535935457","119.813329244004","142.478290687263","141.627050236211","154.992737217371","140.863496236937","157.515403567518","131.670513476278","147.38523923725","150.780898211074","153.119721802725","162.39617324972","185.574223803147","210.705380800948","250.561519363794","244.980598292462","216.845561840354","247.823980559652","268.556964270147","270.421448030313","289.24436566096","321.187927975785","327.682055205722","411.631753571812","520.405931989244","604.911142155492","666.803369420804","699.729787940221","733.232738780013","798.025383405993","876.871248555301","965.113619143611","1084.07773555835","1246.47151698684","1428.78714461232","1700.97400565712","2168.19688996975","2703.09678898876","3041.78213898148","3487.25899295549","4132.67220088012","4770.26318228205","5239.78513400738","5753.40866780212","6012.71864865345","6078.48522150407","6658.94373473479","7331.85980601051","7470.11381485915","7510.44265569393","9015.34800413676","","","",
"中国","CHN","调整后的储蓄：国民储蓄净额（占 GNI 的百分比）","NY.ADJ.NNAT.GN.ZS","","","","","","","","","","","","","","","","","","","","","","","22.9306962073211","22.3416331972655","24.5778422306017","25.8936699843701","25.2662112265012","27.3123234962906","29.000327603701","26.4608847306632","26.8439863330834","28.5019887866055","31.209675351839","31.2865382847169","30.6692980008839","28.6753657285742","27.4912611348561","27.805938898503","25.5577810254339","23.201640990427","22.2345795555607","23.8991439068737","25.4438412802617","28.6185339208826","31.4790017691575","31.5917474043386","33.0938366673193","34.3883508926823","34.6134469722846","32.2585739779127","32.4068538998035","28.8998039305877","27.1356013693491","24.8568084717583","24.2184626360242","21.7054339545859","20.6740091357278","21.3095528389753","19.8621376090038","18.4670858886862","17.4941115807029","18.7739531100038","","","",
"中国","CHN","调整后的储蓄：颗粒物排放损害（占 GNI 的百分比）","NY.ADJ.DPEM.GN.ZS","","","","","","","","","","","","","","","","","","","","","","","","","","","","","","","1.41088401903432","1.31790149364945","1.25920100917172","1.14753277448783","1.0496778345428","1.04416161917744","1.02427395877264","0.97599917855522","0.950865206187708","0.916346614851538","0.871772616912361","0.814735219056603","0.756686993473829","0.69694513689019","0.649323440418388","0.611745172755078","0.562603905266107","0.519505786150323","0.508565234125563","0.507955490617069","0.496085246850567","0.494834143927279","0.492124679809125","0.495311963110969","0.490697072513939","0.500565977360377","0.501558644542396","0.490208812083643","0.482527671487323","0.479989619129634","0.495243202337745","0.47686411532002","","","",
"中国","CHN","调整后的储蓄： 矿产资源损耗（占 GNI 的百分比）","NY.ADJ.DMIN.GN.ZS","","","","","","","","","","","0.107793075243857","0.0760107992459553","0.063725076447039","0.119009964984786","0.191324481463849","0.0946926338003724","0.164943812900843","0.171510674313799","0.137295826828617","0.203305106571272","0.227120516009603","0.329130180504541","0.254298636713593","0.252590006066778","0.179136127361247","0.143118005868593","0.120460193370569","0.20909470035597","0.673926949148652","0.27838625686994","0.247298295415138","0.346651778665633","0.316815160589934","0.222644565784496","0.262908561794723","0.210630867197921","0.0881995121860655","0.0864227824483252","0.127998352806791","0.105943579952859","0.0582956116005923","0.0431226555083932","0.0616790224926204","0.0728579842761619","0.158652687825434","0.383016251544418","0.761922956392621","1.38688787780089","1.46487799725124","0.619168126003913","1.41784036822642","1.74030261597691","0.48631109464461","0.368340762606615","0.239363780117767","0.154076783774296","0.134217482511088","0.139512753063575","0.13006358851604","0.167573944053785","0.113235177048367","0.322136443591558","","","",
"中国","CHN","调整后的储蓄：森林资源净损耗（占 GNI 的百分比）","NY.ADJ.DFOR.GN.ZS","","","","","","","","","","","0","0","0","0","0","0","0","0","0","0","0","0","0","0","0","0","0","0","0","0","0","0","0","0","0","0","0","0","0","0","0","0","0","0","0","0","0","0","0","0","0","0","0","0","0","0","0","0","0","0","0","0","","","",
"中国","CHN","调整后的储蓄： 教育支出（占 GNI 的百分比）","NY.ADJ.AEDU.GN.ZS","","","","","","","","","","","1.6102769","1.4","1.5","1.5","1.6","1.6","1.7","1.7","1.8","1.9","1.7","1.7","1.8","1.8","1.7","1.7","1.8","1.6","1.6","1.6","1.7861795","1.7861795","1.5","1.5","1.8","1.7","1.7","2.0359013","2.0030148","1.79","1.79","1.79","1.79","1.79","1.79","1.79","1.79","1.79","1.79","1.79","1.79","1.79","1.79","1.79","1.79","1.79","1.79","1.79","1.79","1.79","1.79","1.79","","","",
"中国","CHN","Services, value added (annual % growth)","NV.SRV.TOTL.KD.ZG","","","","","","","","","","","","","","","","","","","","7.90000000000042","6.00891762743217","9.63107976108977","12.6066340590108","14.6334966850759","19.3834650201691","18.0342519157838","12.275317843051","14.6817649355724","13.1426625808648","5.83809810412251","2.67273244242259","9.55414012612701","12.8412537930597","12.3207885306242","11.5277223776172","10.3004291846284","9.38715953249547","10.6121239075818","8.64263700810631","9.45979279713558","10.0056338028972","10.191539486518","10.6990146863425","9.73213535974892","10.1851851856013","12.4730884087664","13.9796233403741","15.8242591692239","10.4957904583533","9.59617338315095","9.597929782416","9.2930645614255","7.99664656758176","8.3062132387749","8.38869745005178","8.58131135846467","7.90546238191196","8.1142683480911","7.95703242653767","7.59187620897272","2.37856525491793","9.0146219565804","3.54061798181127","6.27814094034855","4.95580452657485",
"中国","CHN","服务业，每个工人的增加值（2015年不变价美元）","NV.SRV.EMPL.KD","","","","","","","","","","","","","","","","","","","","","","","","","","","","","","","","4527.83007371814","4837.14481267755","5046.34239048674","5149.80647533854","5221.18717988713","5397.12160740947","5816.64470511938","6181.08968633233","6654.65322600099","7709.49429753555","7707.74086868994","8187.461766667","8684.07606676724","9039.92815605222","9786.49076065909","10760.1930590986","12302.5717051473","13242.7807888388","14106.4787911237","15172.7247897578","15984.0703032203","17060.1959748025","17324.0049501029","17786.3579007453","18479.4499851455","19677.6696456377","21099.7372676803","22527.954442944","23984.4254760087","24740.3907339924","25957.0844825117","27756.1793227469","28731.4821744597","30133.4813367065",
"中国","CHN","机械和运输设备（占制造业增加值的百分比）","NV.MNF.MTRN.ZS.UN","","","","","","","","","","","","","","","","","","","","","18.5493899268214","16.6976549352186","17.2835149628092","18.2836897222048","18.9933415483062","19.2335427146593","17.568220574199","17.3476046175553","17.0641147599186","16.4546036563678","15.5483285153065","16.1274392672242","18.0610405051671","16.1378596735972","15.7898354627085","15.562312980186","14.8353989855496","14.9360905917533","15.0006198822423","14.7186038067631","14.0787814420375","14.6781797101397","15.7830676945233","27.2113540937524","26.1688779434877","25.4390729136076","25.3865577364589","24.4865977891551","24.4865977891447","24.486597789109","24.4865977891889","24.5269352900609","24.526935289441","24.5269352900843","24.526935289998","24.5269352899176","24.526935289718","24.5269352896935","24.5269352899071","24.52693529006","24.5269352899844","24.5269352899648","24.5269352909638","","",
"中国","CHN","工业增加值（不变价格本币单位）","NV.IND.TOTL.KN","209406985858.8","121665458756.851","108768920164.694","124540413575.165","156298219061.988","193809791670.137","236835565390.87","202968079552.129","184295016178.602","245112371584.306","329921252111.909","370831487363.219","395677197078.316","428518404450.224","434517662121.282","502736935001.852","490671248590.022","555439853438.737","640400013412.017","693070994147.635","786563548485.187","801376851758.945","846057334633.497","933911030319.673","1068613350495.89","1265240100066.44","1394525025492.4","1584115874560.55","1811264969960.74","1879166325557.77","1938823645021.99","2206097667100","2670129257800","3197336130300","3777386095100","4299615756800","4819533819400","5324526051800","5798571462000","6274236859100","6868648110300","7451883603400","8189228764900","9226577739600","10254964928300","11498727203800","13045385990800","15008809759700","16485525037100","18182347979600","20488523485700","22678475214000","24575221330300","26538096920600","28437047807600","30122444452500","31939274586900","33813563686500","35772182857900","37400641583300","38198580000000","41334618865700","42285612885600","44134447724300","46482154173500",
"中国","CHN","工业增加值（现价美元）","NV.IND.TOTL.CD","26508961499.4502","15984180738.6357","14781812886.3775","16768157074.7365","21094244110.7332","24717595881.7276","29059931131.944","24697285613.953","22040702589.0311","28231272206.739","37293713687.78","41835089562.1878","48622178590.7408","59328968903.437","61179731651.5621","74130710288.022","69330874645.5549","81697772069.7827","71346073861.7886","83710091404.3478","91861887879.1667","90040464154.7619","91512266652.6718","102029573153.257","111597607692.857","132189524047.619","130873170301.449","118247369383.408","135950488279.835","147787569514.17","148070534143.403","159051605609.756","184066130784.929","205361498360.615","260508242791.321","343375643845.829","406862577694.119","452905359298.04","471285497643.544","496238663727.237","551593230818.032","599963366713.914","653671223470.172","757466220411.966","897508305660.605","1074917875730.22","1308836011266.41","1664541695519.65","2158013850478.98","2344591704077.16","2830412139429.02","3513680559814.57","3875572922800.49","4227918745809.63","4513482520281","4517694479123.13","4446215389771.78","4905939884031.9","5514473724406.01","5498535475367.98","5535410773903.83","6933477025418.77","6941051404761.47","6718467452983.47","6836925811689.1",
"中国","CHN","制造业，增加值（2015年不变价美元）","NV.IND.MANF.KD","","","","","","","","","","","","","","","","","","","","","","","","","","","","","","","","","","","","","","","","","","","","","","","","","","","","","","","","3202510065357","","","","","","","","","",
"中国","CHN","Financial intermediary services indirectly Measured (FISIM) (constant LCU)","NV.FSM.TOTL.KN","","","","","","","","","","","","","","","","","","","","","","","","","","","","","","","","","","","","","","","","","","","","","","","","","","","","","","","","","","","","","","","","","",
"中国","CHN","农业，增加值（年增长率）","NV.AGR.TOTL.KD.ZG","","1.40000000553681","4.49999999533451","11.3000000000367","12.900000008736","9.6999999952989","7.20000000622063","1.89999999446148","-1.59999999121118","0.799999988864613","7.70000000471256","1.90000000670261","-0.900000011097944","9.00000000171084","4.09999999749866","2.00000000872909","-1.80000000691038","-2.19999999611453","-1.1131208789691","6.13443148000033","-1.48246964539173","6.98253440682855","11.5288242668225","8.32589346997339","12.8806134509973","1.84387944640537","3.31868728497309","4.70418469097578","2.54393309464676","3.07499973297942","7.32773214075519","2.35353019323333","4.65100301947299","4.64917940795404","3.94554573626711","4.94264253650559","5.03989390247359","3.43664044194065","3.43299456910928","2.7313733037405","2.32851803530596","2.63807123900949","2.69994655216779","2.37205636817417","6.10501996678501","5.07391440020622","4.7552782996593","3.52364990159508","5.15600466411712","4.00242578281791","4.25106968434066","4.17428925322372","4.46654195520715","3.80719982855142","4.05046823730937","3.89852146567351","3.27781355688161","3.96129100098636","3.48291750057849","3.07679355873209","3.13212764989927","7.0727580362757","4.20353982367878","4.04913557723414","3.48345722232347",
"中国","CHN","农业，林业、和渔业，每个工人的增加值（2015年不变价美元）","NV.AGR.EMPL.KD","","","","","","","","","","","","","","","","","","","","","","","","","","","","","","","","961.614748010504","1016.03159393514","1096.75440571254","1175.54954109203","1271.84066416061","1368.0916855833","1416.81359908501","1452.62214550083","1469.93529710193","1492.44414119053","1522.06264753774","1548.69289907272","1598.7868535599","1752.25485295457","1903.71542077656","2074.62579977593","2227.39486234349","2408.95142180989","2599.5763782296","2801.51193347822","3061.1131509416","3309.85112779863","3676.32449925576","4067.00566336607","4401.62565437564","4687.98868688864","5015.18626677604","5384.64979721353","5803.63663500628","6423.59603293542","6880.72965131322","6938.42522506275","7555.47487148633","8084.84161650746",
"中国","CHN","货物和服务对外贸易差额（现价本币单位）","NE.RSB.GNFS.CN","-18537421.7699995","240075613.68","929702168.85","1121797125.12","1126917687.84","812840095.62","456173207.7","581036160.18","663408289.32","1189546108.8","178875041.940001","1174994355.801","1393647170.16","1395551451.008","-986693726.017","-707625455.040001","176263009.264999","391391287.056002","-3592977600","-3617078900","-5848776000","5418554400","12607440000","6710310000","151200000","-36752940000","-25495499999.9995","1297860000","-19736460000","-24344320000","55793640000","66589740000.0001","31837259999.9999","-94587169600","63408092251","99866244485.9999","145913771250.01","354996657150.74","362922111063.96","253653488763.39","238303787436.18","232471555270.61","309414762597.43","296492810663.54","423560180581.13","1021231485550.83","1665802091532.22","2343393946122.25","2423916925662.73","1503802345983.44","1505713876100","1168848066700","1463602916300","1455210805200","1361075381400","2234649467300","1697559938900","1457844079300","605275811900.002","917349237099.998","2450787473300","2971877174800","3893046236400","2717648378000","3841398208000",
"中国","CHN","货物和服务进口（年增长率）","NE.IMP.GNFS.KD.ZG","","","","","","","","","","","","","","","","","","","","","","","","","","","","","","","","","","","","","","","","","","","","","","","","","","","","","","","","","","","","","","","","","",
"中国","CHN","资本形成总额（占 GDP 的百分比）","NE.GDI.TOTL.ZS","39.4986681327632","22.7572483035064","15.7035408173779","21.7166309297306","24.3011524546751","27.0515096880037","30.4013318657505","23.8201111605653","24.888290626073","24.9642038256092","32.8162153192607","33.5845171488947","31.1982006102093","32.9034962037238","33.1534340901066","34.9804771441711","33.1642759720738","33.8227621398292","37.5415882273122","36.2372832294507","34.544058348021","32.8896636883936","31.9192153428932","31.8645996336511","34.3128885510943","38.9914630864753","37.6578802293366","37.2550720459819","39.0114582938763","37.1432672399768","34.0914985430681","35.5377442696039","39.3081668840399","43.4763551900211","40.2783746945492","39.092189056179","37.7768637845413","35.7413524462449","34.9859486932226","34.2336141056633","33.6326827140045","35.523858010134","36.0687816828708","39.4280130265115","41.6343741627493","40.178086700104","39.6897003482818","40.2220879226288","41.9607249432501","44.9282638913962","46.1023443345586","46.2703012824496","45.8169211701107","45.9224093546636","45.3115352657107","42.7349872564364","42.1386166189127","42.5497375507577","43.313827489682","42.6695374085222","42.5723735094229","42.6822612949312","42.3554333470499","41.1297102455381","40.6111616668625",
"中国","CHN","资本形成总额（不变价本币单位）","NE.GDI.TOTL.CN","58193387760","28102925930","18289913990","27165333630","35788307220","46993882630","57519319890","42814267800","43489799040","49072135460","74932546060","82644779800","79758199860","90833391620","93897156030","106491066570","99280576550","110106619870","138333244300","148833769680","158754128950","162629520040","171840287720","192223197290","250223308470","355442278350","391461196560","454366584180","593223839400","639235629200","644656600850","784350000000","1072940000000","1557310000000","1968090000000","2410010000000","2727890000000","2867350000000","3004030000000","3128230000000","3407280000000","3984260000000","4447710000000","5495370000000","6837530000000","7630120000000","8834070000000","11028080000000","13608610000000","15928040000000","19328560000000","22936540000000","25085250000000","27721540000000","29714530000000","30021820000000","32075620000000","36055920000000","40542180000000","42920110000000","44056770000000","50101420000000","52267850000000","53233020000000","54787850000000",
"中国","CHN","库存变化（现价美元）","NE.GDI.STKB.CD","4143294626.02501","1909165170.81544","121861606.647794","2031026777.46324","2437232132.95589","4549499981.51766","6621147294.53016","4143294626.02501","5361910692.50295","3209022308.39192","8083486574.30369","8774035678.64119","7527618341.73249","12013575843.3631","9586422362.47181","9785877473.28644","6438602771.68972","10065544457.1415","12357723577.2358","14165217391.3043","11554166666.6667","11146825396.8254","7671755725.19084","8647509578.54406","13146428571.4286","26717687074.8299","20353623188.4058","18459641255.6054","25067901234.5679","40350202429.1498","36695984703.6329","36545296167.2474","37246467817.8964","27532943537.8305","31656588437.5483","47717650789.0817","50958754175.8503","43462961848.2531","19872066025.7003","17204119228.0977","12060149998.1156","27967632983.0805","16103744407.516","22620413561.0364","45315817065.0714","21038477215.3677","32608494227.9604","91943614197.0878","147379374080.308","78804027569.1013","159901392529.603","211349612788.81","168547657371.688","179942446073.588","206145534126.353","126154844287.963","121208804333.463","141830658738.185","132063323053.641","61035972951.7101","108418383057.999","242108242007.451","205605984006.906","123376658209.107","138977596498.558",
"中国","CHN","固定资本形成总额（2015年不变价美元）","NE.GDI.FTOT.KD","","","","","","","","","","","","","","","","","","","","","","","","","","","","","","","","","","","","","","","","","","","","","","","","","","","","","","","","4694699581163.45","","","","","","","","","",
"中国","CHN","固定资本形成总额（现价本币单位）","NE.GDI.FPRV.CN","","","","","","","","","","","","","","","","","","","","","","","","","","","","","","","","","779429622900","1244572942200","1567428006700","1863942052800","2132788062100","2292169968500","2581615225200","2723518674700","3018258001300","3413040919200","3916404696600","4670592273700","5680486405400","6634841518900","7684352694300","9403964239800","11264405121400","13878294245200","16417981122900","19472462210100","21723055019200","24078724711600","25688038588100","26129393107000","27916634794500","30796180745800","35269814353600","38109380850500","37713558173600","42426480074100","44532722520000","43335768897200","",
"中国","CHN","货物和服务出口（2015年不变价美元）","NE.EXP.GNFS.KD","","","","","","","","","","","","","","","","","","","","","","","","","","","","","","","","","","","","","","","","","","","","","","","","","","","","","","","","2362097053274.6","","","","","","","","","",
"中国","CHN","国民总支出（不变价本币单位）","NE.DAB.TOTL.KN","","","","","","","","","","","","","","","","","","","","","","","","","","","","","","","","","","","","10930400340700","12169654804000","12932001464300","14080169753800","15501760471300","17058940664600","18901142264700","20825630283300","23284152804200","25994969120800","28901029365300","32317106619800","36928969697900","40721638570600","46632292756000","52300159749600","57694788710400","62184036573700","67253310209100","72397886289700","77083510063300","82973327575800","88465727041200","95024494976600","100098293981000","101773710000000","108851094938700","111893617975800","118883481717300","123121188732300",
"中国","CHN","国民总支出平减指数（各国基准年有所不同）","NE.DAB.DEFL.ZS","","","","","","","","","","","","","","","","","","","","","","","","","","","","","","","","","","","","55.4488382043275","58.1549773924056","59.2995602511332","58.3093822273289","57.1658942634716","57.823989155843","57.9491961205756","57.5988329612238","58.4804184824961","61.3814539492284","62.4051474846588","63.8616267316313","68.0709215709029","73.455835889659","72.6040432477851","76.5902058268691","83.3683441349178","85.7861324855867","87.9619007838747","88.9282592344959","88.4509539640976","89.6307912106573","93.8768410972565","97.6094111553454","99.6569731937038","100","105.041745390242","106.751611182895","106.568631882156","106.474053207065",
"中国","CHN","最终消费支出（2015年不变价美元）","NE.CON.TOTL.KD","","","","","","","","","","","","","","","","","","","","","","","","","","","","","","","","","","","","1071810939727.82","1184731472002.5","1264401693862.68","1377684870438.88","1539155849490.39","1711323756551.09","1827788705285.86","1990105854397.66","2112367355928.37","2270793993504.7","2532388621596.97","2779023452163.18","3120148712817.98","3366005009351.43","3704083410185.22","4051071420610.75","4520974987475.46","4877644305965.16","5224730172793.08","5630664073930.02","6127554781710.57","6629493368827.34","7084822087974.91","7645091725401.88","8122153560082.93","8107859329985.75","8856627381166.38","9100503884384.91","9855005529265.93","10235073320942.2",
"中国","CHN","按购买力平价 (PPP) 衡量的居民最终消费支出（2017年不变价国际元）","NE.CON.PRVT.PP.KD","","","","","","","","","","","","","","","","","","","","","","","","","","","","","","","","","","","","1170544778515.9","1307552454039.69","1386785446599.06","1482193455797.09","1622323947260.66","1812327768568.87","1942957524528.73","2124339814504.51","2259314076789.23","2446018040662.76","2719627480586.75","3001618827555.21","3418902736743.96","3723543139230.14","4100585483560.63","4580987271137.6","5270184758756.5","5757630770139.45","6271365780809.08","6849817383149.08","7452359943163.16","8159358826295.24","8907994698585.38","9649357050504.79","10198099705593.1","9921570048309.59","11225064075261","11392772489695.4","12492677290257.8","13114755364613.1",
"中国","CHN","居民最终消费支出（不变价本币单位）","NE.CON.PRVT.KN","","","","","","","","","","","","","","","","","","","","","","","","","","","","","","","","","","","","4660123948800","5205573180300","5521012258700","5900846637300","6458728293100","7215163565200","7735221289900","8457332881800","8994686773500","9737984791100","10827267257700","11949919422300","13611192681000","14824014318800","16325079541400","18237635059500","20981439291900","22922038979400","24967299332100","27270206674700","29669023931100","32483698335300","35464136180500","38415616990400","40600248313900","39499340000000","44688755940000","45356429670100","49735324691100","52211915920700",
"中国","CHN","居民最终消费支出（现价本币单位）","NE.CON.PRVT.CN","74170000000","81670000000","83870000000","84420000000","88960000000","95150000000","102110000000","108150000000","107660000000","112770000000","120680000000","126200000000","133420000000","143250000000","146700000000","152850000000","158850000000","164780000000","175910000000","201396422440","233688298020","262753101890","286711923420","322093733130","368954715800","462744290500","529351961000","604760008340","753214335640","877797015920","943503816260","1055540000000","1233790000000","1574400000000","2153310000000","2821300000000","3385690000000","3685650000000","3909730000000","4224630000000","4736310000000","5110850000000","5547080000000","5966090000000","6691790000000","7560780000000","8458150000000","10039990000000","11526960000000","12613480000000","14507450000000","17473460000000","19552000000000","21809610000000","24254930000000","26737980000000","29810110000000","33009600000000","36451500000000","39583090000000","39499340000000","45044250000000","46618120000000","51212060000000","53864610000000",
"中国","CHN","一般政府最终消费支出（年增长率）","NE.CON.GOVT.KD.ZG","","","","","","","","","","","","","","","","","","","","","","","","","","","","","","","","","","","","","","","","","","","","","","","","","","","","","","","","","","","","","","","","","",
"中国","CHN","Arms exports (SIPRI trend indicator values)","MS.MIL.XPRT.KD","285000000","35000000","47000000","12000000","75000000","387000000","619000000","426000000","746000000","669000000","905000000","1308000000","1246000000","658000000","508000000","661000000","580000000","224000000","611000000","553000000","943000000","707000000","1557000000","1763000000","1931000000","1292000000","1862000000","2600000000","1425000000","1056000000","954000000","1321000000","670000000","1435000000","1063000000","981000000","764000000","427000000","347000000","332000000","306000000","510000000","524000000","701000000","408000000","341000000","770000000","505000000","586000000","1125000000","1501000000","1258000000","1534000000","2076000000","1323000000","1819000000","2449000000","1624000000","1365000000","1604000000","635000000","1358000000","2280000000","2982000000","1131000000",
"中国","CHN","Military expenditure (current USD)","MS.MIL.XPND.CD","","","","","","","","","","","","","","","","","","","","","","","","","","","","","","11251332630.388","9926349250.81692","9802375366.07312","12244267842.2149","12360225860.6446","9867120066.27418","12385129474.9875","14275400819.9732","15699586768.5755","17031780199.6918","20473915094.7667","22237140151.2145","26561462998.2924","30284127409.9972","33144000481.4458","37904571826.996","42789953650.9024","51453373233.8486","62136590754.5887","78840802819.8629","96601666752.9542","105522648101.838","125286373164.011","145127609596.207","164070469321.744","182109204619.08","196538827230.79","198538361427.554","210443034740.968","232530595985.266","240332555458.151","257973429833.565","285930518056.053","291958428460.21","296821377591.502","313658330217.176",
"中国","CHN","物流绩效指数：追踪查询货物的能力（1=低，5=高）","LP.LPI.TRAC.XQ","","","","","","","","","","","","","","","","","","","","","","","","","","","","","","","","","","","","","","","","","","","","","","","","3.37","","","3.55","","3.52","","3.503259","","3.676702","","3.65","","","","3.8","","",
"中国","CHN","物流绩效指数：安排价格具有竞争力的货运的难易度（1=很低 至 5=很高）","LP.LPI.ITRN.XQ","","","","","","","","","","","","","","","","","","","","","","","","","","","","","","","","","","","","","","","","","","","","","","","","3.31","","","3.31","","3.46","","3.503218","","3.704961","","3.54","","","","3.6","","",
"中国","CHN","出口周转时间，中值（天数）","LP.EXP.DURS.MD","","","","","","","","","","","","","","","","","","","","","","","","","","","","","","","","","","","","","","","","","","","","","","","","2.6","","","2.77","","3","","2","","3","","2","","","","","","",
"中国","CHN","安全互联网服务器（每百万人）","IT.NET.SECR.P6","","","","","","","","","","","","","","","","","","","","","","","","","","","","","","","","","","","","","","","","","","","","","","","","","","","1.19906855397864","1.95608292721007","3.76608895354419","5.13409230949796","9.70507194611695","19.5592306465873","47.5965383811672","207.64925172699","443.51278907297","729.738695573417","948.458649280703","1083.91132572432","1317.31265600935","1508.37096213963","1413.32103124612",
"中国","CHN","Fixed telephone subscriptions (per 100 people)","IT.MLT.MAIN.P2","","","","","","","","","","","","","","","","0.184892843","0.18948199","0.194465977","0.201541359","0.209955816","0.217911238","0.22270031","0.231133587","0.243678044","0.265664994","0.294273001","0.32511559","0.356201253","0.423608137","0.500733981","0.594","0.722","0.968","1.45","2.26","3.34","4.46","5.66","6.99","8.63","11.4","14.1","16.6","20.3","23.9","26.8","27.9","27.6","25.5","23.4","21.8","21","20.3","19.4","18","16.5","14.7","13.7","13.5","13.4","12.8","12.7","12.6","12.2","",
"中国","CHN","货柜码头吞吐量（TEU： 20 英尺当量单位）","IS.SHP.GOOD.TU","","","","","","","","","","","","","","","","","","","","","","","","","","","","","","","","","","","","","","","","","41000000","44726084","55717488","61898336","74725444","67245263","84810503","103823024","115941970","108799933.7248","135917800","151800937","165939400","176607144","187291913","195509165","202830580","218712874","229127700","237570000","240480000","256945700","268990000","","",
"中国","CHN","铁路货运量（百万吨-公里）","IS.RRS.GOOD.MT.K6","","","","","","","","","","","","","","","","","","","","","","","","","","","","","","","","","","","","1304950","1310620","1326990","1256010","1291030","1377050","1469410","1565840","1724670","1928880","2072600","2195441","2379700","2510628","2523917","2764413","2946579","2918709","2917390","2753020","2375430","2379230","2696220","2882100","3018200","","","","","",
"中国","CHN","Statistical performance indicators (SPI): Pillar 5 data infrastructure score (scale 0-100)","IQ.SPI.PIL5","","","","","","","","","","","","","","","","","","","","","","","","","","","","","","","","","","","","","","","","","","","","","","","","","","","","","","","","","45","50","55","65","55","50","50","60","55",
"中国","CHN","Statistical performance indicators (SPI): Pillar 1 data use score (scale 0-100)","IQ.SPI.PIL1","","","","","","","","","","","","","","","","","","","","","","","","","","","","","","","","","","","","","","","","","","","","","40","40","40","40","40","40","50","50","50","50","50","70","83.4","83.4","83.4","83.4","83.4","83.4","73.4","73.4","73.4",
"中国","CHN","国家政策和制度评估 (CPIA) 结构政策集群平均值 （1=低至 6=高）","IQ.CPA.STRC.XQ","","","","","","","","","","","","","","","","","","","","","","","","","","","","","","","","","","","","","","","","","","","","","","","","","","","","","","","","","","","","","","","","","",
"中国","CHN","国家政策和制度评估 (CPIA) 社会保障评级（1=低至 6=高）","IQ.CPA.PROT.XQ","","","","","","","","","","","","","","","","","","","","","","","","","","","","","","","","","","","","","","","","","","","","","","","","","","","","","","","","","","","","","","","","","",
"中国","CHN","国家政策和制度评估 (CPIA) 宏观经济管理评级（1=低至 6=高）","IQ.CPA.MACR.XQ","","","","","","","","","","","","","","","","","","","","","","","","","","","","","","","","","","","","","","","","","","","","","","","","","","","","","","","","","","","","","","","","","",
"中国","CHN","国家政策和制度评估 (CPIA) 财政政策评级（1=低至 6=高）","IQ.CPA.FISP.XQ","","","","","","","","","","","","","","","","","","","","","","","","","","","","","","","","","","","","","","","","","","","","","","","","","","","","","","","","","","","","","","","","","",
"中国","CHN","国家政策和制度评估 (CPIA) 经济管理集群均值（1=低至 6=高）","IQ.CPA.ECON.XQ","","","","","","","","","","","","","","","","","","","","","","","","","","","","","","","","","","","","","","","","","","","","","","","","","","","","","","","","","","","","","","","","","",
"中国","CHN","来自DAC捐助国的双边援助净流量，英国（现价美元）","DC.DAC.GBRL.CD","","","","","","","","","","","","","","","","","","","","","90000.0035762787","270000.010728836","250000","289999.99165535","750000","1559999.94277954","3210000.03814697","4789999.96185303","42540000.9155273","26780000.6866455","33270000.4577637","35650001.5258789","58650001.5258789","42310001.373291","47040000.9155273","47770000.4577637","57080001.8310547","46159999.8474121","55430000.3051758","59250000","83440002.4414063","50720001.2207031","36130001.0681152","47389999.3896484","72150001.5258789","55479999.5422363","52279998.7792969","162429992.675781","174899993.896484","116000000","86720001.2207031","64860000.6103516","43159999.8474121","-28097282.409668","-55318817.1386719","68206291.1987305","63295513.1530762","56543071.7468262","74228675.8422852","87119201.6601563","82236999.5117188","71162864.6850586","18409387.588501","8784802.43682861","",
"中国","CHN","来自DAC捐助国的双边援助净流量，西班牙（现价美元）","DC.DAC.ESPL.CD","","","","","","","","","","","","","","","","","","","","","","","","","","","","","18700000.7629395","2500000","95349998.4741211","84559997.5585938","191830001.831055","140100006.103516","153119995.117188","55959999.0844727","37009998.3215332","33639999.3896484","20010000.2288818","34840000.1525879","31979999.5422363","14329999.9237061","12979999.5422363","4019999.98092651","12670000.0762939","8350000.38146973","21530000.6866455","67449996.9482422","43000000","45779998.7792969","1440000.05722046","-22110000.6103516","-819999.992847443","-17290000.9155273","-1833912.96863556","-23442083.3587646","-23026115.4174805","-31753387.4511719","-28339719.7723389","-26419258.1176758","-26850536.3464355","-28235511.7797852","-27118118.2861328","-27283769.6075439","",
"中国","CHN","来自DAC捐助国的双边援助净流量，瑞士（现价美元）","DC.DAC.CHEL.CD","","","","","","","","","","","","","","","","","","","","59999.9986588955","","150000.005960464","100000.001490116","59999.9986588955","79999.9982118607","140000.000596046","289999.99165535","5630000.11444092","11289999.961853","7869999.88555908","8390000.34332275","19770000.4577637","7670000.07629395","10250000","7269999.98092651","10140000.3433228","8779999.73297119","4070000.17166138","4320000.17166138","6119999.88555908","9899999.61853027","3799999.95231628","10689999.5803833","12479999.5422363","7230000.01907349","5489999.77111816","1200000.04768372","2990000.00953674","3380000.11444092","3890000.10490417","8079999.92370605","10750000","9789999.96185303","12010000.2288818","18100000.3814697","13623894.6914673","9838049.88861084","8115813.25531006","6386117.93518066","5043282.98568726","4354986.1907959","2662096.97723389","2990370.98884583","1998275.0415802","",
"中国","CHN","来自DAC捐助国的双边援助净流量，澳大利亚（现价美元）","DC.DAC.AUTL.CD","","","","","","","","","","","","","","","","","","","","109999.999403954","79999.9982118607","280000.001192093","150000.005960464","280000.001192093","170000.001788139","270000.010728836","460000.00834465","2380000.11444092","17520000.4577637","50169998.1689453","56569999.6948242","50060001.373291","-23969999.3133545","-40979999.5422363","-50000000","11500000","5940000.05722046","4420000.07629395","5809999.94277954","2900000.09536743","3710000.03814697","5849999.90463257","2589999.91416931","3750000","6619999.88555908","10000000","10970000.2670288","18069999.6948242","20479999.5422363","12930000.3051758","17180000.3051758","20909999.8474121","16144327.1636963","20245483.3984375","12230667.1142578","6836526.87072754","5527491.09268188","5730083.94241333","7095070.83892822","6237331.86721802","5729917.04940796","6424199.10430908","6737945.07980347","8634181.02264404","",
"中国","CHN","股票交易总额（按现值美元计）","CM.MKT.TRAD.CD","","","","","","","","","","","","","","","","","","","","","","","","","","","","","","","","","","39965300000","68172600000","77528800000","307739100000","371054900000","284389900000","","752583100000","462779500000","338208200000","388001840000","511495930000","392366700000","1158991130000","6305448050000","3905057640000","7830776640000","8257742340000","6673984990000","5027199160000","7695981020000","11959329140000","39326016590000","18295058830306.6","17223330026369.8","13070642240000","18249424550000","31583538490000","40359993540000","32462598490000","29815012950000","34873674380000",
"中国","CHN","S&P全球股票指数（年变化率）","CM.MKT.INDX.ZG","","","","","","","","","","","","","","","","","","","","","","","","","","","","","","","","","","","","","36.2999992371","-25","-52.6497001648","102.1999969482","-9.8035507202","-19.4764404297","-14.5100002289","77.6699981689","-2.1099998951","13.3111771908","80.7193578265","66.6097206799351","-52.7044347603","66.2637916011","6.91468273403615","-21.6726736051879","17.1711747606138","7.26434807444456","3.02638337253336","-6.00718204917274","-2.02499777737666","46.0300246028568","-20.5154802260354","19.2613536982916","27.8722333876836","-20.6476211849016","-23.624843569482","","",
"中国","CHN","Control of Corruption: Percentile Rank","CC.PER.RNK","","","","","","","","","","","","","","","","","","","","","","","","","","","","","","","","","","","","","48.3870964050293","","45.9893035888672","","49.4680862426758","","35.9788360595703","43.9153442382812","33.4975357055664","32.1951217651367","37.073169708252","32.5242729187012","36.4077682495117","36.8421058654785","33.8095245361328","36.9668235778809","41.2322273254395","45.0236968994141","45.6730766296387","47.1428565979004","47.1428565979004","46.1904754638672","45.238094329834","43.8095245361328","52.8571434020996","56.1904754638672","55.1886787414551","54.2452812194824","",
"中国","CHN","私人转移和雇员报酬，收讫（现价美元，单位：百万美元）","BX.TRF.PWKR.CD.DT","","","","","","","","","","","","","","","","","","","","","","","617320000","542000000","403000000","271000000","445280000","228040000","326340000","188860000","195940000","389820000","619380000","631380000","857000000","350000000","1672000000","4589000000","344000000","530000000","758082000","1209000000","2353070421.5742","4625331810","6641220178.7534","3337061829.2962","4319492608.79338","6833129702.14478","9136546899.82745","9209489821","13636040942","16568371453","17065623287","17790105219","29910500593.04","33104675861.87","26883278893.8","28675983092.3","24305605210.61","18294313104.25","18876250770.21","22479899032.72","26093633202.03","29484299914.89","31410598200.12",
"中国","CHN","外国直接投资净流入（占 GDP 的百分比）","BX.KLT.DINV.WD.GD.ZS","","","","","","","","","","","","","","","","","","","","4.47993767043241E-05","0.0297669560676284","0.135053693854026","0.20926517571885","0.275169498549523","0.483023421644452","0.535049748242083","0.622282399569032","0.846208214101229","1.02080965909091","0.973934921557234","0.964431294157465","1.13546978147697","2.60348627617638","6.16158341638819","5.95964712479176","4.85635899646063","4.62623979720429","4.69530688267996","4.40097362165008","3.71556393762674","3.43984725315719","3.47245235578959","3.56241418263928","3.43849537731211","3.43299015092913","4.49218509012467","4.44499743873593","4.33537500236917","3.67520717506325","2.52538984334254","3.93541996731512","3.65069190228423","2.78099138181613","2.98598708261986","2.51155883670463","2.14957284731563","1.52539470315394","1.32468971748482","1.66361992284408","1.28549226847992","1.68770756292082","1.8903454142588","1.03841365474349","0.280991103634816","0.0989988051182737",
"中国","CHN","商品与服务的出口和初次收入（国际收支平衡，现价美元）","BX.GSR.TOTL.CD","","","","","","","","","","","","","","","","","","","","","","","24729000000","24735000000","28724000000","29641000000","30683000000","40147000000","47381000000","49717000000","60391000000","69617000000","84412000000","91242000000","124918000000","152431250000","178996000000","146243000000","146948000000","158214000000","202589270000","217960000000","255970416344.366","462070899008.669","625332175040.451","812611838954.089","1046294573489.58","1341532967443.54","1609656029354.83","1370915037313.71","1798836133342.28","2153120036894.12","2342129055768.52","2539567897419.1","2702274321141.03","2583968396725.28","2424576042121.24","2718975576076.01","2919505938716.79","2904513533412.15","2984400475536.29","3882547012607.56","3989644346998.2","3808170912649.63","4102204607329.46",
"中国","CHN","保险与金融服务（占服务出口的百分比，BoP）","BX.GSR.INSF.ZS","","","","","","","","","","","","","","","","","","","","","","","8.04140127388535","8.1887858007261","7.968694414799","6.41571194762684","5.98379932061667","5.67951318458418","7.10168793742281","7.21268737779709","3.87702818104184","4.90041553231122","5.25462212131041","4.03823818457965","10.2286401925391","9.68170912113244","0.597058395223533","0.349261511728931","0.658875583128938","0.476622787108488","0.235816835042194","0.361784061525486","0.254441771392028","0.850951245426788","0.599710594125423","0.885255716771713","0.744521219856629","0.838150180198657","1.03937912482536","1.36476926297006","1.71472924025644","1.92347133753756","2.58722024064519","3.46910465732217","4.15489219694488","3.36280314445166","3.47305230709092","3.51658243453619","3.53732875652834","3.56328777784953","3.41872589574592","2.82346212196985","2.4513429838461","2.33757375198611","1.6976790318677",
"中国","CHN","信息和通信技术 (ICT) 服务出口（占服务出口的百分比，BoP）","BX.GSR.CCIS.ZS","","","","","","","","","","","","","","","","","","","","","","","1.07484076433121","0.887454618797902","1.13838491639986","0.425531914893617","0.391951920564411","0.270453008789723","0.494030465212021","2.56354551379535","2.71562766865927","3.16664278549936","3.7733809060439","4.2079871348164","4.24789410348977","3.95043465078959","1.52905198776758","0.618592528236316","1.52775773898267","1.29369042215161","2.16166533242613","0.812349487842502","1.16307922890652","3.01773406224249","2.76429823931052","2.96349273888181","3.92850336173259","4.0787141301682","4.78939094868269","5.37005274181505","5.87444082138679","6.91800088794242","8.05993843655599","8.25988435006095","9.20546024522586","11.2921105625466","12.2034646075309","12.6067554934971","12.8542282709365","14.301697198836","17.0321611541755","14.9436992366028","15.0052134014711","17.6348809089749","16.9375279540385",
"中国","CHN","净资本账户（BoP，现价美元）","BN.TRF.KOGT.CD","","","","","","","","","","","","","","","","","","","","","","","","","","","","","","","","","","","","","","","","","","","","-48082509.1579","-69345308.409","4101792453.7078","4020114665.73219","3099074940.16295","3051447677.19204","3939300397.56","4630451540.24785","5446287974.59","4272276974.35","3052011938.48","-32747983.92","316093566.28","-344407427.2","-91496073.44","-568607666.62","-327297478.87","-75764996.64","93691732.16","-310478990.71","-296888888.08","-109090721.11",
"中国","CHN","对外投资净额（国际收支，现价美元)","BN.KLT.DINV.CD","","","","","","","","","","","","","","","","","","","","","","","-386000000","-543000000","-1124000000","-1030000000","-1425000000","-1669000000","-2344000000","-2613000000","-2657000000","-3453000000","-7156000000","-23115000000","-31787000000","-33849200000","-38066000000","-41674000000","-41117000000","-36978000000","-37483300000","-37357000000","-46789569178.7806","-49444853743.8231","-60144670467.5079","-90379127564.2216","-100149837150.967","-139094535501.613","-114792373681.871","-87167067369.5","-185749835191.82","-231651578090.287","-176250481637.42","-217957551783.693","-144967626758.575","-68098649764.7788","41674876169.524","-27790987919.509","-92338473352.4803","-50259822364.755","-99374807720.47","-165277237079.6","19846371666.52","174330476009.69","153687573951.41",
"中国","CHN","净初次收入（国际收支平衡，现价美元）","BN.GSR.FCTY.CD","","","","","","","","","","","","","","","","","","","","","","","451000000","1254000000","1620000000","932000000","176000000","-215000000","-161000000","229000000","1055000000","840000000","248000000","-1284000000","-1038000000","-11773840000","-12437000000","-11005000000","-16644000000","-14470000000","-14666461000","-19175000000","-14945534754.3729","-10218488499.0169","-5131610464.6017","-16113803102.6241","-5143384935.88257","8044362156.87557","28580030495.0639","-8532580532.33006","-25899339085.6492","-70317566923.6075","-19886831333.6923","-78442129019.7736","13301214308.9047","-52199118804.8788","-54879790036.0704","-16477514627.0485","-61364553885.7314","-39184456991.735","-118192427906.73","-124476128477.97","-154369996461.37","-133690579556.55","-130028929455.66",
"中国","CHN","已付劳工汇款和职工报酬（按现值美元计）","BM.TRF.PWKR.CD.DT","","","","","","","","","","","","","","","","","","","","","","","3000000","2000000","2000000","3000000","3000000","3000000","4000000","3000000","5000000","18000000","15000000","15000000","19000000","85666664.12","152333328.2","198000000","272000000","593000000","754290000","936000000","1172943240.3348","1597068954.4748","1997994275.7942","1817413689.7668","2329992812.5743","2493058145.24102","2736390791.37784","2051656434","1455455375","1618147148","1788058506","1714202599","4155302052.29","5718191072.59","6210890955.57","16253286877.31","16548078395.86","15135300288.47","18295889482.74","22957840161.89","22156035784.91","20248297399.32","20018921502.97",
"中国","CHN","旅行服务（占国际收支统计口径的服务进口比例）","BM.GSR.TRVL.ZS","","","","","","","","","","","","","","","","","","","","","","","3.26086956521739","2.6579739217653","5.25026251312566","12.4405705229794","13.5325131810193","15.5734406438632","17.5686927560366","10.9718670076726","10.7996323529412","12.3999029361805","26.627093491626","23.2386174808907","18.6269096263574","14.6202129658777","19.8096081470002","28.7502652238489","33.8369357447434","33.8368580060423","36.1571328882785","35.2510327698507","32.9279220529794","27.3414930781394","27.0818281092334","25.9126992907338","24.1195395126944","22.8894657947888","22.747596392707","27.4991987863954","28.3762186850248","29.286586573623","36.2518342481736","38.8909445924151","52.5185018825682","57.3374919839881","56.6441154077113","54.6351238729364","52.7384385529013","50.3692294551619","34.3590870969079","24.8269304215337","24.9617599151313","36.1914302190347","40.8898647182678",
"中国","CHN","服务进口（BoP，按当值美元计）","BM.GSR.NFSV.CD","","","","","","","","","","","","","","","","","","","","","","","2024000000","1994000000","2857000000","2524000000","2276000000","2485000000","3603000000","3910000000","4352000000","4121000000","9434000000","12036000000","16299000000","25222820000","22585000000","28278000000","27204000000","32107000000","36268639000","39457000000","46762744321.4466","55546608067.8046","72880614891.9861","83970681426.1564","100838178503.363","130129934047.862","158948661545.587","158919803858.505","193401495136.356","247844018720.071","281300475959.055","330607538824.429","432883126518.75","435719343941.24","441549741324.524","471995071370.672","525735166743.267","505508186201.574","381413736078.785","440604863617.54","459935422447.3","537173519456.66","612978060795.57",
"中国","CHN","初次收入的支付（国际收支平衡，现价美元）","BM.GSR.FCTY.CD","","","","","","","","","","","","","","","","","","","","","","","641000000","295000000","388000000","546000000","924000000","1191000000","1630000000","1665000000","1962000000","2879000000","5347000000","5674000000","6775000000","16965100000","19755000000","16715000000","22228000000","22800000000","27216347000","28563000000","23289494553.2909","26313181247.0728","25689072425.3352","55386636659.7285","59706570664.9701","75431809345.9818","83207215920.1839","116783456826.33","168323813645.358","214585155330.27","186923874725.846","262415288640.773","226071076171.015","276015063221.056","281533363027.764","306175734497.683","329860890433.619","312698753468.938","363694916742.04","451791663045.36","424694499179.93","434018610572","439282819517.04",
"中国","CHN","国土面积（平方千米）","AG.SRF.TOTL.K2","","9562950","9562950","9562950","9562950","9562950","9562950","9562950","9562950","9562950","9562950","9562950","9562950","9562950","9562950","9562950","9562950","9562950","9562950","9562950","9562950","9562950","9562950","9562950","9562950","9562950","9562950","9562950","9562950","9562950","9562950","9562950","9562950","9562950","9562950","9562940","9562930","9562930","9562930","9562930","9562920","9562914.2","9562913.2","9562912.7","9562912.5","9562911.8","9562911.4","9562910.8","9562910.8","9562911","9562911","9562911","9562911","9562911","9562911","9562911","9562910","9562910","9562910","9562910","9562910","9562910","9562910","9562910","",
"中国","CHN","谷物产量（公吨）","AG.PRD.CREL.MT","","107000000","117640008","134720016","149430000","159090000","174500000","178020016","173855008","173470016","197635008","209130016","203340016","218890016","231390016","241191200","246655325","239825142","269820586","289520560","277190199","283330308","312085310","342270058","362820018","336761042","349163856","356365875","348996930","364819680","403001409.64","396095011","401702616","405173951","393891055","416113700","451045054.41","443493425","456246878","453040320","405223840","396483180","396676265","374819300","411570400","427760500","451108151.94","456668100","479263400","482657000","497807900","521255500","541643200","555365200","560519000","618165313.27","614697468.76","614070169.03","609946694.21","613438323.23","616632008.31","632772813.74","633134294.88","641731705.88","",
"中国","CHN","平均降水深度（年毫米）","AG.LND.PRCP.MM","","","645","645","645","645","645","645","645","645","645","645","645","645","645","645","645","645","645","645","645","645","645","645","645","645","645","645","645","645","645","645","645","645","645","645","645","645","645","645","645","645","645","645","645","645","645","645","645","645","645","645","645","645","645","645","645","645","645","645","645","645","645","","",
"中国","CHN","海拔低于5米的土地面积(占土地总面积的比例)","AG.LND.EL5M.ZS","","","","","","","","","","","","","","","","","","","","","","","","","","","","","","","0.817966493194841","","","","","","","","","","0.817966493194428","","","","","","","","","","","","","","","0.817966493195581","","","","","","","","","",
"中国","CHN","Rural land area where elevation is below 5 meters (sq. km)","AG.LND.EL5M.RU.K2","","","","","","","","","","","","","","","","","","","","","","","","","","","","","","","54045.8307946","","","","","","","","","","48616.0362295","","","","","","","","","","","","","","","42639.9398719","","","","","","","","","",
"中国","CHN","耕地（人均公顷数）","AG.LND.ARBL.HA.PC","","0.155376857026032","0.153656668218754","0.149633244667209","0.145914327240444","0.142131056999238","0.137612183845526","0.133483533231728","0.129423764702844","0.125322697151471","0.121322473619572","0.117523971442329","0.114137559017668","0.111027961085788","0.109357472094186","0.105838639451328","0.104012993977554","0.102407286728037","0.100850794580433","0.0993797761621457","0.0980142371603133","0.0973855124083772","0.100829838493799","0.104855811044552","0.109951052491983","0.114267772872583","0.112955689498402","0.110882028716785","0.109746466599493","0.10923881464265","0.109057114038681","0.108513356158432","0.105496278874134","0.102932690675809","0.101272407673881","0.0992484572832416","0.0980156872407704","0.0967739771965124","0.0958500243571523","0.0950238877336388","0.0942782809103113","0.0940628567834257","0.0937423374726648","0.0933107212822105","0.0929077235499489","0.0925499510631117","0.0922968884532654","0.0917734939695042","0.0914885427526412","0.0911802352658384","0.0898047775854916","0.0882356221213574","0.0866405009636757","0.0853667732754321","0.0842674179581007","0.0832481556099894","0.0817501206954943","0.0799547347650612","0.0787632952179988","0.0773881633392411","0.077106229182907","0.0771510096575944","0.0768751040062315","0.0768599499542783","",
"中国","CHN","化肥消费量（每公顷耕地千克数）","AG.CON.FERT.ZS","","7.09551656920078","9.67350928641251","12.2135161606268","16.4573110893032","25.6173143138219","36.7490118577075","26.7772041302621","26.8954509177973","34.8235765838011","44.3896051571313","46.1952453211937","53.3306230307958","65.8067810457516","56.6290879544993","70.6423342612641","66.3200303248235","94.5313092652988","112.630923986311","135.844942081735","159.445801923577","156.550263456969","161.214355948869","173.656104380242","175.985964912281","143.871773522065","143.760995850622","188.750133111481","209.445037220844","208.086710310966","220.304523424879","237.51031031031","237.607811228641","206.754328112119","238.956089478045","297.543067402576","301.527581092518","299.453331569209","300.992527690388","306.107833727809","287.448487903226","295.448526102869","333.508929205084","328.658260424965","352.264351737972","375.104995496979","374.765138080587","385.314635786511","372.65810231486","383.967587321621","425.239340293993","444.64980620155","457.333238442414","458.516155476157","477.579277718331","465.6126796366","480.055071748405","460.457754805883","442.553246565176","427.750847233594","414.491446133711","406.234332124994","395.13903230531","394.019742296898","",
"中国","CHN","Women who believe a husband is justified in beating his wife when she argues with him (%)","SG.VAW.ARGU.ZS","","","","","","","","","","","","","","","","","","","","","","","","","","","","","","","","","","","","","","","","","","","","","","","","","","","","","","","","","","","","","","","","","",
"中国","CHN","Women Business and the Law Index Score (scale 1-100)","SG.LAW.INDX","","","","","","","","","","","56.875","56.875","56.875","56.875","56.875","56.875","56.875","56.875","56.875","56.875","56.875","56.875","56.875","56.875","56.875","56.875","56.875","56.875","56.875","59.375","59.375","59.375","59.375","59.375","59.375","62.5","62.5","62.5","62.5","62.5","62.5","62.5","65","65","70","70","72.5","72.5","69.375","69.375","69.375","69.375","75.625","75.625","75.625","75.625","75.625","75.625","75.625","75.625","75.625","75.625","78.125","78.125","",
"中国","CHN","教育公共开支总额，总数（占GDP的比例）","SE.XPD.TOTL.GD.ZS","","","","","","","","","","","","1.38873994350433","1.60476005077362","1.65082001686096","1.76115000247955","1.70850002765655","1.81657004356384","1.74953997135162","1.95884001255035","2.14805006980896","1.91190004348755","1.94880998134613","2.03448009490967","2.07692003250122","1.99863004684448","2.00814008712769","2.06154990196228","1.80425000190735","1.76417994499206","","","","1.65455996990204","1.65785002708435","1.98571002483368","1.84192001819611","1.85338997840881","","1.84432995319366","1.88803994655609","","","","","","","","","","","","","","","","","","","","","","","","4.00127983093262","",
"中国","CHN","Expenditure on secondary as % of government expenditure on education (%)","SE.XPD.SECO.ZS","","","","","","","","","","","","","","","","","","","","","38.80972","37.06206","36.90084","35.28189","34.80442","34.82925","35.01005","35.56861","36.5595","","","","38.10646","40.20054","36.08304","28.34763","38.49465","","32.23013","37.41242","","","","","","","","","","","","","","","","","","","","","","","","","",
"中国","CHN","Current education expenditure, total (% of total expenditure in public institutions)","SE.XPD.CTOT.ZS","","","","","","","","","","","","","","","","","","","","","","","","","","","","","","","","","","","","","","","","88.5242462158203","","","","","","","","","","","","","","","","","","","","","","","82.9075164794922","83.9914932250977","",
"中国","CHN","高等教育，教师 （女性所占百分比）","SE.TER.TCHR.FE.ZS","","","","","","","","","","","","","","","21.5934505462646","21.2599601745606","24.3945999145508","24.68922996521","26.760290145874","25.3997497558594","26.2217197418213","","","","","","","31.8544902801514","","","","","","","30.1942596435547","","","","","","","45.372989654541","45.3729095458984","44.3989715576172","43.5764198303223","42.5156707763672","41.6107406616211","42.5077514648438","43.144359588623","44.4198913574219","44.6595406589652","45.1257785296977","","","","","","","","","","","","","",
"中国","CHN","Pupil-teacher ratio, tertiary","SE.TER.ENRL.TC.ZS","","","","","","","","","","","0.79125","","","1.48814","2.25756","2.89743","3.21721","3.37327","3.35311","4.15178","4.40629","5.90136","","","","7.33916","8.57496","8.15753","","","","","","","8.62926","","","11.41202","11.76455","12.63359","14.07175","15.96658","17.86136","20.45389","22.47211","14.67141","17.53158","17.14973","16.73773","19.61024","19.94105","19.48791","","","","","","","","","","","","","",
"中国","CHN","Educational attainment, at least Master's or equivalent, population 25+, total (%) (cumulative)","SE.TER.CUAT.MS.ZS","","","","","","","","","","","","","","","","","","","","","","","","","","","","","","","","","","","","","","","","","0.108588072439577","","","","","","","","","","0.379999995231628","","","","","","","","","","0.910000026226044","","","","",
"中国","CHN","Educational attainment, Doctoral or equivalent, population 25+, male (%) (cumulative)","SE.TER.CUAT.DO.MA.ZS","","","","","","","","","","","","","","","","","","","","","","","","","","","","","","","","","","","","","","","","","","","","","","","","","","","","","","","","","","","","","0.140000000596046","","","","",
"中国","CHN","Educational attainment, at least Bachelor's or equivalent, population 25+, female (%) (cumulative)","SE.TER.CUAT.BA.FE.ZS","","","","","","","","","","","","","","","","","","","","","","","","","","","","","","","","","","","","","","","","","0.928183791658099","","","","","","","","","","3","","","","","","","","","","7.40000009536743","","","","",
"中国","CHN","中学教育，教师 （女性所占百分比）","SE.SEC.TCHR.FE.ZS","","","","","","","","","","","","","","","","","","","","24.457649230957","24.5522899627686","24.8363304138184","25.3125095367432","26.1561298370361","26.2650508880615","27.7436695098877","28.1267509460449","28.4164199829102","28.8133602142334","29.3802700042725","30.3705406188965","31.0863304138184","31.8039207458496","32.5690116882324","33.1821403503418","33.8005485534668","34.9253005981445","36.4538688659668","","","40.7346000671387","42.6430511474609","42.6213607788086","43.3655014038086","","","44.990161895752","45.0833702087402","","47.432731628418","48.3689826988713","48.9782583985668","49.6193748912303","50.2846154512961","51.0346848449623","51.9058010395687","52.6628968515559","53.6242806313881","54.712410781899","55.7001791380954","56.402273399094","57.5576530292213","58.185199969064","59.1709131908097","60.3249521809522",
"中国","CHN","Trained teachers in upper secondary education (% of total teachers)","SE.SEC.TCAQ.UP.ZS","","","","","","","","","","","","","","","","","","","","","","","","","","","","","","","","","","","","","","","","","","","","","","","","","","","","","","","","","","","","","","","","","",
"中国","CHN","Trained teachers in lower secondary education (% of total teachers)","SE.SEC.TCAQ.LO.ZS","","","","","","","","","","","","","","","","","","","","","","","","","","","","","","","","","","","","","","","","","","","","","","","","","","","","","","","","","","","","","","","","","",
"中国","CHN","Effective transition rate from primary to lower secondary general education, both sexes (%)","SE.SEC.PROG.ZS","","","","","","","","","","","","","","","","","","","","","","","","","","","","","","63.73277","69.39356","71.80501","76.83837","75.36194","79.78688","88.35925","88.44244","","","","","","","","","","","","99.35749","","","","","","","","","","","","","","","","",
"中国","CHN","入学率，中学，男生（净百分比）","SE.SEC.NENR.MA","","","","","","","","","","","","","","","","","","","","","","","","","","","","","","","","","","","","","","","","","","","","","","","","","","","","","","","","","","","","","","","","","",
"中国","CHN","入学率，中学，女生（占总人数的百分比）","SE.SEC.ENRR.FE","","","","","","","","","","","","","","","","","46.7077598571777","47.2591209411621","45.3736991882324","40.3494300842285","33.5343208312988","29.6061191558838","26.0233993530273","24.2075996398926","24.1978797912598","25.6957206726074","26.6893692016602","29.4742908477783","31.3243904113769","32.3602485656738","32.8725700378418","35.4336318969727","38.5758781433105","41.0461883544922","42.6948699951172","45.0352096557617","48.8119888305664","51.3040390014648","","","","60.5879211425781","","62.8477210998535","","","74.5925979614258","79.0239715576172","84.1128692626953","90.3999099731445","91.5306159985424","93.0778922934558","93.6776786470658","","","","","","","","","","","","",
"中国","CHN","Pupil-teacher ratio, upper secondary","SE.SEC.ENRL.UP.TC.ZS","","","","","","","","","","","","","","","","","","","","","","","","","","","","","","","","","","","","","14.20779","14.52137","","","16.06467","19.90202","19.90201","16.67206","","","18.41153","16.3188","16.19805","16.05899","16.19732","16.05266","15.33779","17.50026","16.52553","15.63285","15.08454","14.67719","14.49161","","","","","","",
"中国","CHN","中学教育，一般学生","SE.SEC.ENRL.GC","","","","","","","","","","","20214900","26418500","31276100","35824400","34464300","36503600","44661100","58365800","67799000","65482500","59049600","55080800","48596000","45285000","43977300","45541500","47059600","48899300","49481100","47615200","45541200","45859600","46835000","47708000","47391100","49816643","53709790","57396761","","64683886","69160881","","","84326729","","","85888817","84602299","82541838","80614978","78798728","77152865","75307817","73184068","69457941","68571877","67386565","67415104","68394471","","","","","","",
"中国","CHN","Educational attainment, at least completed upper secondary, population 25+, total (%) (cumulative)","SE.SEC.CUAT.UP.ZS","","","","","","","","","","","","","","","","","","","","","","","6.65000009536743","","","","","","","","","","","","","","","","","","13.8146864870906","","","","","","","","","","22.3199996948242","","","","","","","","","","31.7700004577637","","","","",
"中国","CHN","Educational attainment, at least completed post-secondary, population 25+, male (%) (cumulative)","SE.SEC.CUAT.PO.MA.ZS","","","","","","","","","","","","","","","","","","","","","","","1.48000001907349","","","","","","","","","","","","","","","","","","5.40000009536743","","","","","","","","","","","","","","","","","","","","16.8199996948242","","","","",
"中国","CHN","Educational attainment, at least completed lower secondary, population 25+, female (%) (cumulative)","SE.SEC.CUAT.LO.FE.ZS","","","","","","","","","","","","","","","","","","","","","","","14.170000076294","","","","","","","","","","","","","","","","","","43.3800010681152","","","","","","","","","","58.6500015258789","","","","","","","","","","67.370002746582","","","","",
"中国","CHN","中学入学年龄（年）","SE.SEC.AGES","","","","","","","","","","","12","12","12","12","12","12","12","12","12","12","12","12","12","12","12","12","12","12","12","12","12","12","12","12","12","12","12","12","12","12","12","12","12","12","12","12","12","12","12","12","12","12","12","12","12","12","12","12","12","12","12","12","12","12","12",
"中国","CHN","Children out of school, female (% of female primary school age)","SE.PRM.UNER.FE.ZS","","","","","","","","","","","","","","","","","","","","","","","","","","","","","","8.15960025787354","10.6657695770264","10.8926200866699","11.6542701721191","11.7322702407837","11.5185604095459","9.80679035186768","8.43012046813965","6.62691020965576","","","","","","","","","","","","","","","","","","","","","","","","","","","",
"中国","CHN","小学女生总入学率（净比例）","SE.PRM.TENR.FE","","","","","","","","","","","","","","","","","","","","","","","","","","","","88.86181","","92.44208","","93.82729","93.15314","92.24111","90.89306","89.55309","88.67978","88.3706","","","","","","","","","","","","","","","","","","","","","","","","","","","",
"中国","CHN","经过培训的初等教育教师（占教师总数的比例）","SE.PRM.TCAQ.ZS","","","","","","","","","","","","","","","","","","","","","","","","","","","","","","","","","","","","","","","","","","","","","","","","","","","","","","","","","","","","","","","","","",
"中国","CHN","小学复读生，男生（占入学男生总量的百分比）","SE.PRM.REPT.MA.ZS","","","","","","","","","","","","","","","","","","","","","","","","","","","","","","","","","","","","","2.38424","1.79433","","","","","","","","","0.29661","0.27134","0.31232","0.30761","0.30328","0.27998","0.19447","0.1684","0.08758","0.02053","0.01434","0.0149","0.00905","","","","","","",
"中国","CHN","小学最高年级持续就学率，女童（占同龄人的百分比）","SE.PRM.PRSL.FE.ZS","","","","","","","","","","","","","","","","","","","","","","","","","","","","","","","","","","","","92.0542221069336","93.74169921875","","","","","","","","","","","","","","","","","","","","","","","96.6628570556641","96.711051940918","","","","",
"中国","CHN","入学率，小学，私立（占总小学人数的百分比）","SE.PRM.PRIV.ZS","","","","","","","","","","","","","","0","0","0","0","0","0","0","0","0","0","0","0","0","0","0","0","0","0","0","0","0","0","","","","","","","","","","","","3.5707700252533","3.83716011047363","4.23585987091065","4.63632011413574","4.97805976867676","5.39201021194458","5.70447015762329","6.04681015014648","6.60940980911255","7.02539014816284","7.269859790802","7.53909015655518","7.99203014373779","8.47976016998291","8.89317989349365","8.9671802520752","8.8208703994751","7.20534992218018","6.3698902130127",
"中国","CHN","一年级学生净入学率（占官方学龄人口的百分比）","SE.PRM.NINT.ZS","","","","","","","","","","","","","","","","","","","","","","","","","","","","","","","","","","","","","","","","","","","","","","","","","","","","","","","","76.77472","80.36587","81.4031","82.37967","","","","","","",
"中国","CHN","入学率，小学，女生（净百分比）","SE.PRM.NENR.FE","","","","","","","","","","","","","","","","","","","","","","","","","","","","88.86181","","92.44208","","93.82729","93.15314","92.24111","90.89306","89.55309","88.67978","88.3706","","","","","","","","","","","","","","","","","","","","","","","","","","","",
"中国","CHN","一年级新生总入学率，女性（占相关年龄组的百分比）","SE.PRM.GINT.FE.ZS","","","","","","","","","","","","","","","","","","","","","","","","","","","","","","","","","","","","","95.12923","93.12264","","","","","107.83846","110.63167","","","95.59041","99.97687","101.49513","100.96838","99.81012","103.11318","","104.43849","102.26367","98.88078","102.60545","103.20738","103.25703","","","","","","",
"中国","CHN","小学师生比例","SE.PRM.ENRL.TC.ZS","","","","","","","","","","","28.86952","29.14729","27.37778","28.53388","29.00278","29.29086","29.01038","28.37115","27.97091","27.98316","27.24542","26.59745","25.68556","25.38248","25.03049","25.24791","24.86643","24.35071","23.62223","22.78694","22.31881","21.93084","21.98751","22.07777","22.37416","22.85133","23.29628","23.73693","24.15677","","","22.20572","","","","","18.25192","17.68203","17.55452","17.21563","16.84376","16.78841","16.84872","16.85343","16.23079","16.29441","16.54936","16.59383","16.42675","","","","","","",
"中国","CHN","Educational attainment, at least completed primary, population 25+ years, total (%) (cumulative)","SE.PRM.CUAT.ZS","","","","","","","","","","","","","","","","","","","","","","","55.5299987792969","","","","","","","","","","","","","","","","","","85.1184491930383","","","","","","","","","","","","","","","","","","","","95.8399963378906","","","","",
"中国","CHN","小学男生毕业率（相关年龄群体所占比例）","SE.PRM.CMPT.MA.ZS","","","","","","","","","","","","","","","","","","","","","","","","","","","","","","","","","","","","","94.9952697753906","95.0691909790039","","","","","","","","","91.1826019287109","94.7937164306641","102.995468139648","103.772613525391","103.038399540957","","","","","","","","","","","","","","",
"中国","CHN","Trained teachers in preprimary education, male (% of male teachers)","SE.PRE.TCAQ.MA.ZS","","","","","","","","","","","","","","","","","","","","","","","","","","","","","","","","","","","","","","","","","","","","","","","","","","","","","","","","","","","","","","","","","",
"中国","CHN","学校入学率，学前班（占总数的百分比）","SE.PRE.ENRR","","","","","","","","","","","","","","","2.2548201084137","2.40794992446899","5.67296981811523","12.9770202636719","8.59494018554688","7.85397005081177","9.10389995574951","12.4063196182251","11.9947500228882","13.4005098342896","14.4916801452637","16.8903503417969","19.4787902832031","21.0229301452637","22.4330291748047","21.9203300476074","20.9172401428223","21.4807300567627","22.6873893737793","23.4931907653809","23.6288604736328","24.5862007141113","25.9679508209229","27.4684391021729","40.8107109069824","44.9083213806152","44.8582191467285","44.702449798584","40.0532989501953","39.1993598937988","","","42.5563697814941","44.7893218994141","47.0922698974609","50.1515808105469","53.6667785644531","59.9223289489746","68.350700378418","72.7794570922852","76.0712738037109","78.6560516357422","82.3611831665039","84.7978210449219","88.0934066772461","89.1185531616211","90.4898223876953","93.0686721801758","","","",
"中国","CHN","Female primary school age children out-of-school (%)","SE.LPV.PRIM.SD.FE","","","","","","","","","","","","","","","","","","","","","","","","","","","","","","","","","","","","","","","","","","","","","","","","","","","","","","","","","","","","","","","","","",
"中国","CHN","Female pupils below minimum reading proficiency at end of primary (%). Low GAML threshold","SE.LPV.PRIM.LD.FE","","","","","","","","","","","","","","","","","","","","","","","","","","","","","","","","","","","","","","","","","","","","","","","","","","","","","","","","","","","","","","","","","",
"中国","CHN","高等学院女生与男生的入学比例 (%)","SE.ENR.TERT.FM.ZS","","","","","","","","","","","","","","","0.463649988174438","0.532630026340485","0.50586998462677","0.515470027923584","0.427740007638931","0.332159996032715","0.331779986619949","","","","","","","","","","","","","","0.525160014629364","","","","","","","","","0.832210004329681","0.893389999866486","0.914160013198853","0.958930015563965","0.996240019798279","1.03719997406006","1.05967998504639","1.08206829180002","1.10398126422865","1.11711584281422","1.13443128792078","1.15364738483168","1.17067411309783","1.18430566766842","1.18820279927691","1.1960048214145","1.19905063014652","1.180701443531","1.16475767399807","1.14580167626919","1.14204975030976","1.13814000492912",
"中国","CHN","Duration of compulsory education (years)","SE.COM.DURS","","","","","","","","","","","","","","","","","","","","","","","","","","","","","","","","","","","","","","","9","9","9","9","9","9","9","9","9","9","9","9","9","9","9","9","9","9","9","9","9","9","9","9","9","9","9",
"中国","CHN","识字率，青年总体（占 15-24 岁人口的百分比）","SE.ADT.1524.LT.ZS","","","","","","","","","","","","","","","","","","","","","","","88.7699966430664","","","","","","","","94.2799987792969","","","","","","","","","","98.8600006103516","","","","","","","","","","99.6399993896484","","","","","","","","","","99.7600021362305","","","","",
"中国","CHN","Regulatory Quality: Standard Error","RQ.STD.ERR","","","","","","","","","","","","","","","","","","","","","","","","","","","","","","","","","","","","","0.277094334363937","","0.271897494792938","","0.234316274523735","","0.208488583564758","0.181478023529053","0.188767731189728","0.162090942263603","0.18980598449707","0.197246730327606","0.193827494978905","0.185040712356567","0.186796233057976","0.177598774433136","0.192174211144447","0.190107151865959","0.198224082589149","0.192346945405006","0.197488069534302","0.191479876637459","0.19148088991642","0.192433178424835","0.205475300550461","0.206776097416878","0.212983131408691","0.215120673179626","",
"中国","CHN","Regulatory Quality: Number of Sources","RQ.NO.SRC","","","","","","","","","","","","","","","","","","","","","","","","","","","","","","","","","","","","","6","","6","","6","","7","7","8","8","9","9","9","9","9","10","10","10","10","10","10","10","10","9","8","8","8","8","",
"中国","CHN","Rule of Law: Percentile Rank, Lower Bound of 90% Confidence Interval","RL.PER.RNK.LOWER","","","","","","","","","","","","","","","","","","","","","","","","","","","","","","","","","","","","","22.1105518341064","","24.5","","27.8606967926025","","25.3731346130371","23.3830852508545","20.6730766296387","21.0526313781738","19.1387557983398","22.0095691680908","25.9615383148193","28.9099521636963","28.9099521636963","29.577465057373","26.2910804748535","25.8215961456299","29.8076915740967","29.0476188659668","30.4761905670166","31.9047622680664","36.1904754638672","31.9047622680664","40.476188659668","45.238094329834","41.0377349853516","41.0377349853516","",
"中国","CHN","实际有效汇率指数（2010 = 100）","PX.REX.REER","","","","","","","","","","","","","","","","","","","","","269.899177993694","242.213971864498","231.074171413939","227.128215533246","202.443347730031","171.841319609341","124.134608814774","107.226932317236","117.199119086776","136.363390835623","100.579014871075","88.3424455971878","84.5808339975086","89.9994478263039","70.5540759786647","78.6372037649688","86.3607395892141","93.0043051671104","98.0122607080295","92.6828352660188","92.7578315228036","96.7667351019651","94.5604928140543","88.3829810668078","85.8505397612065","84.9196015607044","86.2585855257986","89.3277051084816","97.0082592467144","101.106933215014","100","102.693708865588","108.669456884143","114.653227661175","118.357691761294","130.042747774101","123.889834793888","120.253713848496","121.797879387687","121.177385977621","123.642567649708","127.324127802355","126.202788815116","116.041112096811","113.119132990628",
"中国","CHN","Political Stability and Absence of Violence/Terrorism: Percentile Rank","PV.PER.RNK","","","","","","","","","","","","","","","","","","","","","","","","","","","","","","","","","","","","","44.1489372253418","","32.9787216186523","","38.0952377319336","","32.2751312255859","28.6432151794434","31.5533981323242","30.0970878601074","27.5362319946289","28.019323348999","29.3269233703613","30.8056869506836","25.5924167633057","27.962085723877","27.962085723877","26.5402851104736","28.5714282989502","26.1904754638672","26.6666660308838","38.5714302062988","36.3207550048828","38.2075462341309","27.8301887512207","28.301887512207","29.7169818878174","25.1184825897217","",
"中国","CHN","Coverage of social insurance programs in 4th quintile (% of population)","per_si_allsi.cov_q4_tot","","","","","","","","","","","","","","","","","","","","","","","","","","","","","","","","","","","","","","","","","","","","","","","","","","","","","","38.7833381609648","","","","","","","","","","","",
"中国","CHN","Coverage (%) - All Social Insurance","per_si_allsi.cov_pop_tot","","","","","","","","","","","","","","","","","","","","","","","","","","","","","","","","","","","","","","","","","","","","","","","","","","","","","","35.579580610497","","","","","","","","","","","",
"中国","CHN","Coverage of social safety net programs in 4th quintile (% of population)","per_sa_allsa.cov_q4_tot","","","","","","","","","","","","","","","","","","","","","","","","","","","","","","","","","","","","","","","","","","","","","","","","","","","","","","31.1923872736939","","","","","","","","","","","",
"中国","CHN","Coverage (%) - All Social Assistance","per_sa_allsa.cov_pop_tot","","","","","","","","","","","","","","","","","","","","","","","","","","","","","","","","","","","","","","","","","","","","","","","","","","","","","","43.8131763544363","","","","","","","","","","","",
"中国","CHN","Coverage of unemployment benefits and ALMP in 4th quintile (% of population)","per_lm_alllm.cov_q4_tot","","","","","","","","","","","","","","","","","","","","","","","","","","","","","","","","","","","","","","","","","","","","","","","","","","","","","","","","","","","","","","","","","",
"中国","CHN","Coverage (%) - All Labor Market","per_lm_alllm.cov_pop_tot","","","","","","","","","","","","","","","","","","","","","","","","","","","","","","","","","","","","","","","","","","","","","","","","","","","","","","","","","","","","","","","","","",
"中国","CHN","Benefits incidence in poorest quintile (%) -All Social Protection and Labor","per_allsp.ben_q1_tot","","","","","","","","","","","","","","","","","","","","","","","","","","","","","","","","","","","","","","","","","","","","","","","","","","","","","","2.99868231455658","","","","","","","","","","","",
"中国","CHN","PPP转换因子，GDP（每一国际元的本币单位）","PA.NUS.PPP","","","","","","","","","","","","","","","","","","","","","","","","","","","","","","","1.68128034828703","1.73567512532254","1.83615963089447","2.06600358000627","2.44033196060424","2.71607494703245","2.84077040835448","2.83888952406891","2.78413692330847","2.71180464022486","2.70741837976256","2.70636877228229","2.68208306874227","2.69966211013512","2.81273672614035","2.82946179673728","2.85514286924845","2.99981637296161","3.17433923810086","3.15229458428515","3.33022814970832","3.5244677066803","3.54027676875805","3.62119296067598","3.69370698094559","3.78151493601969","3.87428963630967","4.04005241394043","4.0940899848938","4.05960941314697","4.01465654373169","3.98740887641907","3.79404087493626","3.64373827497296","3.5325492491585",
"中国","CHN","来自国外的经常转移净额（不变本币单位）","NY.TRF.NCTR.KN","","","","","","","","","","","","","","","","","","","","","","","2986342979.59297","3191428953.07758","2981472717.80093","1904769128.59949","3477601889.80248","2054997201.88329","3438304921.3924","3116249162.37767","2696610227.2731","8088559233.6","10300924701.6646","9506267929.25578","13552609766.5415","12626388662.9063","17682929086.7178","42229589256.1326","35879384182.9762","42070177860.7304","52247507312","68877116080.3163","104685600135.37","137126337334.555","168288183577.955","167045148685.906","184171371610.093","215745374579.134","212689069600.069","154399170652.134","184396252429.442","98315061346.1676","13197719783.7922","-32381982924.593","","","","","","","","","","","",
"中国","CHN","净产品税（现价本币单位）","NY.TAX.NIND.CN","","","","","","","","","","","","","","","","","","","","","","","","","","","","","","","","","","","","","","","","","","","","","","","","","","","","","","","","","","","","","","","","","",
"中国","CHN","净国外收入（现价美元）","NY.GSR.NFCY.CD","","","","","","","","","","","","","","","","","","","","","","-87301587.3015873","270992366.412214","877394636.015326","1275000000","840136054.421769","-23188405.7971014","-179372197.309417","-123456790.123457","176113360.323887","963671128.107074","778745644.599303","213500784.929356","-921297046.613392","-1034953704.96603","-11772852439.2926","-12437794489.5314","-11003861725.7775","-16643398843.1878","-14470449672.3341","-14664485274.151","-19173456107.8875","-14945106033.5338","-10218632585.5496","-5132417705.8262","-16107504749.9383","-5142072967.77124","8040715438.33138","28565240323.4871","-8531174210.44188","-26072819263.1637","-70377272260.871","-19816761885.0273","-77827442582.4895","13300378908.6039","-52782108487.0644","-55700387600.0492","-16130189657.7106","-61028208012.8393","-40009350955.397","-117605767590.762","-124146860547.606","-153218909219.585","-134074007361.38","-128780241309.09",
"中国","CHN","总储蓄（现价美元）","NY.GNS.ICTR.CD","","","","","","","","","","","","","","","","","","","","","","","69329511450.3817","76472685823.7548","90709857142.8571","109185176870.748","106016681159.42","101638798206.278","118628876543.21","124767639676.113","132413579349.904","147759571428.571","173655784929.356","185743079500.829","235639614605.633","290708903277.717","335088072908.617","382716870426.452","395943023419.372","401719888623.803","435444398746.65","502414485595.141","575978791905.438","709949169126.437","900261314777.536","1055452390608.28","1333988485647.32","1794482997939.18","2392741591729.77","2588228278204.34","3145521130143.51","3731624197486.14","4180326777879.87","4582809634376.61","5046238654471.69","5087828568830.43","5025513340074.58","5556678182438.5","6192700107502.44","6303474863198.42","6523419669835.49","8132507831631.9","8212059861258.22","7778003041905.82","8028503446056.08",
"中国","CHN","人均GNI增长（年增长率）","NY.GNP.PCAP.KD.ZG","","","","","","","","","","","","","","","","","","","","","","","","","","","","","","","","","","","","","","","","","","","","","","","","","","","","","","","","","","","","","","","","","",
"中国","CHN","按购买力平价 (PPP) 衡量的国民总收入（GNI）（2017年不变价国际元）","NY.GNP.MKTP.PP.KD","","","","","","","","","","","","","","","","","","","","","","","","","","","","","","","","","","","","","","","","","","","","","","","","","","","","","","","","","","","","","","29237453096281.7","","","",
"中国","CHN","国民总收入（GNI）（2015年不变价美元）","NY.GNP.MKTP.KD","","","","","","","","","","","","","","","","","","","","","","","","","","","","","","","","","","","","","","","","","","","","","","","","","","","","","","","","11228032678981.8","","","","","","","","","",
"中国","CHN","按图表集法衡量的 GNI（现价美元）","NY.GNP.ATLS.CD","","","45883869793.7238","52569674568.6336","61459615898.7685","71904329314.0605","79804419002.6654","75310570176.8828","73168469209.7589","85502590553.2055","100387336115.592","105942991947.268","114906518561.71","140741524472.218","162325441938.186","187651908422.784","173942903219.984","183974428008.014","188021807623.402","203365158879.665","215266104135.852","223495687965.996","222775376405.629","229670509693.082","259986641308.652","302132335039.573","331933325802.225","350893782408.89","366104790478.874","359369374194.228","374893953358.05","408957641767.684","461614895625.848","495442015215.122","559085515280.492","653095680504.241","799939182646.065","932642885265.038","998440504297.239","1081960029448.99","1193318743705.32","1301151817901.89","1440783374345.64","1671259009007.3","1987884704420.99","2329075631206.62","2745071812175.06","3355722114408.17","4164991975973.08","4980508435388.77","5898415123961.65","6894451017125.12","8136728541251.14","9350381774152.13","10432016395411.7","11087246938146.4","11604134912471.2","12332590581343.7","13636874565685.7","14797204989129.2","15153114476656.1","17253947261998.4","18595279821527.8","19392367650326.3","19253311945258.2",
"中国","CHN","国内总储蓄（现价美元）","NY.GDS.TOTL.CD","22158502142.1239","9724556210.49399","7149214256.6706","9549887907.63215","15996366899.3005","23486793654.5849","25968708376.645","21004878932.5248","19233823582.5769","24542927578.8658","33434762810.5998","36716902082.9804","40604596924.9902","50632949569.1198","52006341316.4096","62113437676.5961","52611110968.0311","64301066355.6216","58743902439.0244","66147826086.9565","67495833333.3333","65781746031.746","68572519083.9695","75084291187.7395","88992857142.8571","108102040816.327","105660869565.217","101594170403.587","118333333333.333","124210526315.789","131175908221.797","146149825783.972","172287284144.427","185492376547.442","236339568310.599","301047115717.009","345396867398.148","388576732152.23","408307422262.56","411246338296.137","443797575020.801","513095941703.028","577939452868.971","702718859417.929","882495543870.15","1047694396006.4","1311063057115.39","1749339996203.76","2321020398911.73","2565100705329.61","3130908092425.87","3777490880158.53","4196709837709.77","4669370559663.56","5031492158945.63","5153260005758.34","5090733989938.71","5584664631281.94","6256138000896.92","6333234178465.73","6632569973743.5","8240787101826.26","8345143456632.6","7900579587967.13","8142293561436.89",
"中国","CHN","按购买力平价 (PPP)计算的人均 GDP（现价国际元）","NY.GDP.PCAP.PP.CD","","","","","","","","","","","","","","","","","","","","","","","","","","","","","","","990.776190880307","1104.99241812151","1276.04934407809","1471.23957676652","1679.99494201668","1883.87603000345","2087.74769649351","2297.36310194242","2483.25405950859","2689.85156589718","2963.53238602023","3258.40210660305","3590.7659594167","4007.11604605423","4504.92937237596","5148.18273933805","5946.28682830185","6935.26580584434","7712.84608425069","8447.98281469227","9411.13821903204","10456.7916826113","11420.2527051141","12228.3736084197","12941.5964809146","13463.3331511105","14157.2514988004","15022.4371883124","16298.2050619109","17600.8907568493","18267.4783455827","20843.2978347377","23032.1766271143","25179.1193066383","27104.8702677463",
"中国","CHN","GDP per capita (current LCU)","NY.GDP.PCAP.CN","220.861378865786","187.012554328896","174.940294696367","183.3263719434","210.881285306184","242.90218614764","257.274952406853","238.208203565039","225.613613768705","246.939480543953","279.036801231799","292.567515351829","296.567404846699","313.014490781686","314.566557449881","332.203907703556","321.655554779544","345.050903328723","385.372817453055","423.8574620358","468.358751980922","497.512287638912","533.753705521351","589.508555569671","703.339522098715","867.321890698737","974.43733068364","1125.06515011047","1380.35456550748","1538.46153846154","1665.77253927774","1917.90785380351","2343.03029262556","3039.58623264655","4099.74535065676","5116.74848840732","5930.81187630898","6521.9600430868","6913.7193170335","7294.35195791608","8023.52205093276","8818.43770884931","9630.73258356763","10817.8593604471","12671.1802943502","14566.5863835793","16977.498436332","20804.5239152126","24483.1899626695","26630.5304748885","31341.2374178163","36854.6246008468","40430.8553452617","44281.3004313254","47802.465266135","50911.7953995333","54849.2927604321","60691.4336259101","66726.3181157147","71452.741796277","73337.6514775707","83110.7508000793","87385.0195620231","91746.1207477086","95749.2891128657",
"中国","CHN","按购买力平价 (PPP) 衡量的 GDP（现价国际元）","NY.GDP.MKTP.PP.CD","","","","","","","","","","","","","","","","","","","","","","","","","","","","","","","1124714270244.46","1271603174925.87","1486559204370.66","1733767566844.74","2002276771718.44","2269797454129.8","2541937207865.67","2825928917621.83","3084040130395.79","3369671201404.2","3741889349546.51","4144198719283.08","4597616734437.15","5162768313736.27","5838726336302.17","6711788800929.8","7795700957640.29","9139882776535.16","10216860129733.1","11246461601887.2","12589326651290.3","14064750800821.1","15465192010738.5","16670208037942.1","17754058548307.5","18577514881891.3","19647292057520.3","20974552138879.6","22862470132646.1","24777565958500.9","25777238693451.8","29438240129870.1","32525464028395.1","35520435397067.7","38190084585497.8",
"中国","CHN","GDP: linked series (current LCU)","NY.GDP.MKTP.CN.AD","","","","","","","","","","","","","","","","","","","","","","","","","","","","","","","1890960000000","2207090000000","2729560000000","3581970000000","4886220000000","6164940000000","7221060000000","8022500000000","8586390000000","9137890000000","10130860000000","11215730000000","12331190000000","13937730000000","16422800000000","18990750000000","22257840000000","27417970000000","32431780000000","35452160000000","41925330000000","49570760000000","54751060000000","60366040000000","65578290000000","70251150000000","76119300000000","84738290000000","93601010000000","100587240000000","103486760000000","117382300000000","123402940000000","129427170000000","134908354627800",
"中国","CHN","森林租金（占GDP的百分比）","NY.GDP.FRST.RT.ZS","","","","","","","","","","","0.626111743241725","0.518878176238872","0.594565234253629","1.19276631329841","1.10998528129084","1.13009658474739","1.46097550713814","1.57352559456317","1.73764807175116","2.07580717721684","2.18419198263213","1.45195653850677","1.46374240288752","1.20561328231074","0.828553538987272","0.798553972451932","1.00700377219943","1.11437578068756","0.967324648776293","0.920649328313558","0.874344087262402","0.851311240630354","0.879295497667318","0.840486804945048","0.731759807335262","0.769146303142478","0.676546953026173","0.505691581859289","0.406925471070931","0.253557625273027","0.222728103385288","0.210789669455107","0.20640257959759","0.240689050804823","0.188707218726145","0.143362505187732","0.138537980548949","0.182953176504025","0.225378563420553","0.199418441148153","0.188631846924808","0.164685773754062","0.141421178461122","0.126224407607297","0.142383969781314","0.0967515179176365","0.103468084376343","0.120213781350851","0.0973259924176176","0.0873021038880976","0.0860228439754596","0.0708433815950244","","","",
"中国","CHN","按要素成本计算的增加值总额（现价美元）","NY.GDP.FCST.CD","","","","","","","","","","","","","","","","","","","","","","","","","","","","","","","","","","","","","","","","","","","","","","","","","","","","","","","","","","","","","","","","","",
"中国","CHN","GDP 平减指数（各国基准年有所不同）","NY.GDP.DEFL.ZS","13.191692699082","15.2029385493306","15.1860850834633","14.7869577981703","14.730807087135","14.8580511734686","14.6245241136303","14.7440283439946","14.9466940166403","14.3782807933519","14.0001044588827","14.0928347159038","14.1035566186157","14.1328174790369","14.1719985862528","14.0115178967086","13.9979366345923","14.1508798515652","14.3878693660909","14.9056583312538","15.4668075716155","15.8319173818976","15.8053351299071","15.9945957326491","16.7791982539494","18.4906161858823","19.3560610999384","20.3437542956987","22.8057055129688","24.7687365012737","26.1827825720915","27.943978536524","30.235425814379","34.8265781540788","42.0149721973672","47.7428761287645","50.8489475465851","51.6915633385696","51.2643467494778","50.6390852981555","51.7023968973814","52.8460793308159","53.1857189718984","54.591247222725","58.4072803342226","60.5968043901448","63.0324672477231","68.0206420457973","73.3647426019232","73.3046077659186","78.383486223413","84.6667558048392","86.70314717652","88.6955802739216","89.6633300032879","89.7864029665505","91.1129442879544","94.8905073443862","98.1812131352963","99.4727933827719","100","104.473861320789","106.494672139028","105.956123748054","105.206802030529",
"中国","CHN","出口抵消进口的能力（不变价本币单位）","NY.EXP.CAPM.KN","","","","","","","","","","","","","","","","","","","","","","","","","","","","","","","","","","","","","","","","","","","","","","","","","","","","","","","","","","","","","","","","","",
"中国","CHN","调整后的净储蓄，包括颗粒物排放损害（现价美元）","NY.ADJ.SVNG.CD","","","","","","","","","","","","","","","","","","","","","","","","","","","","","","","52591474589.6506","68617199094.8739","89030103816.0742","92300103201.8583","126310965602.349","152131663245.361","176858798337.807","209967625475.732","206477220487.121","192412601591.042","192742582168.652","238596784441.718","290181610260.228","376087669497.963","467538082040.446","534619248861.841","687059371091.335","949105397424.496","1203097568460.31","1378230345800.91","1564400212758.28","1615329717463.85","1913685144664.13","1984954336278.5","2191322353615.25","2110882231324.55","2032889276908.18","2313070272155.02","2401645909054.04","2276763862040.94","2228837332119.71","2869513259074.11","","","",
"中国","CHN","调整后的国民净收入（年增长率）","NY.ADJ.NNTY.KD.ZG","","","","","","","","","","","","","","","","","","","","","","","","","","","","","","","","","","","","","11.4977024888411","8.89606561270145","7.6077671005162","7.80431073821717","8.45240494669255","10.4228748475648","11.4757216529287","11.3254454372613","10.1950962460906","12.2810264493615","13.8330649821642","14.6953342182079","6.06703640861174","12.4869367340619","8.227176142521","4.47607654041151","10.3317887618717","5.85000536459239","8.37292187621001","7.12971096648486","7.05486321276321","7.03926656980659","4.14360940267872","4.57347638266063","0.323029452410452","6.88972962154818","","","",
"中国","CHN","调整后的储蓄：国民储蓄净额（现价美元）","NY.ADJ.NNAT.CD","","","","","","","","","","","","","","","","","","","","","","","47090774747.7614","51735028042.0428","64202577304.2414","80355329979.412","75984360908.9672","74506255808.9006","90547817728.9917","92068686960.6609","97127658604.819","109491056185.043","133306014244.414","138852453042.131","172756680809.33","207257937413.623","234035777505.373","264323333846.446","258746819596.36","250467975517.387","266077061991.611","315521921078.753","370361792017.438","472225693040.432","613908338536.748","717087553715.901","909084192098.164","1223669369072.89","1600135437045.21","1642984332328.85","1964209221823.78","2162030022375.26","2309894295233.52","2359552187111.07","2540270311640.47","2389501534176.91","2310853134217.47","2619855787251.2","2747686128691.28","2629699778643.3","2548904073609.26","3299021688260.2","","","",
"中国","CHN","调整后的储蓄：颗粒物排放损害（现价美元）","NY.ADJ.DPEM.CD","","","","","","","","","","","","","","","","","","","","","","","","","","","","","","","5104899832.36479","5062749395.06458","5378430431.36092","5092853010.25817","5912716313.54302","7546923222.03022","8719743744.89226","9277850952.94865","9626553561.94913","9892208985.94086","10432340132.7716","10756319242.6036","11014372704.6694","11500078976.4069","12663205695.1305","13885741862.0727","15454669757.1388","18486007646.9546","23510321113.7887","25871041701.2135","30068183097.5428","37019153411.4461","41891682257.6388","47017879515.3299","51469130144.616","55106162510.364","56062099911.3174","60267636913.9911","66751858020.2767","68350177325.4642","72157274751.7171","83796153616.4421","","","",
"中国","CHN","调整后的储蓄： 矿产资源损耗现价美元（现价美元）","NY.ADJ.DMIN.CD","","","","","","","","","","","99819592.8318391","75859506.3235793","72447501.2798637","164881504.720552","275855719.067574","154757640.841075","253915256.6372","300037512.929189","205313213.042682","362453552.467335","434139075.677428","644381102.89751","522230974.230922","584905809.330175","467941854.1703","444135365.690071","362266060.636461","570396847.969494","2104204317.5533","968624344.907393","894781576.499046","1331670911.06151","1353213893.9074","988116481.099439","1480934141.06518","1522384038.77036","750851018.030915","821535214.488199","1295854545.01591","1143689534.75341","697612699.306043","569315083.462558","897802853.296835","1202207360.21821","3094069141.75819","8693921970.76447","20929943004.6815","49350787995.0298","67719438524.1781","31535291386.3575","85936608809.8186","130194187918.969","41396805913.3269","34965037969.298","25106825047.2161","16961960400.3328","15002261442.921","17152086497.1154","17992721883.637","23862409382.8793","16498443074.5727","56606890821.586","","","",
"中国","CHN","调整后的储蓄：森林资源净损耗（现价美元）","NY.ADJ.DFOR.CD","","","","","","","","","","","0","0","0","0","0","0","0","0","0","0","0","0","0","0","0","0","0","0","0","0","0","0","0","0","0","0","0","0","0","0","0","0","0","0","0","0","0","0","0","0","0","0","0","0","0","0","0","0","0","0","0","0","","","",
"中国","CHN","调整后的储蓄： 教育支出（现价美元）","NY.ADJ.AEDU.CD","","","","","","","","","","","1491164289.92201","1397213421.07401","1705313794.48576","2078164270.63435","2306914134.20355","2614904828.47618","2616987740.8056","2973947680.05167","2691733550.92682","3387331293.84782","3249536596.775","3328311834.6865","3696503315.01527","4168139797.72413","4440763366.98571","5275577430.60204","5413231465.93044","4364696738.83408","4995685233.15226","5567081397.18219","6462804388.67287","6861650302.90731","6406956147.81004","6657134057.71509","10139196060.1065","12287149079.0461","14472265197.5644","19353283518.41","20278509647.9494","19323533036.3532","21420595778.5188","23631986188.7826","26055327118.6101","29536243641.2433","34908855561.5335","40630443916.9827","49171110627.4558","63695062827.4118","82749413388.5123","91167760759.7377","108493546394.082","133912110592.406","152372181924.015","169917164535.727","187752787044.079","197057002183.224","200078614800.498","220067586336.324","247624815977.905","254894715503.291","260804229509.622","314544773143.122","","","",
"中国","CHN","服务业，增加值（2015年不变价美元）","NV.SRV.TOTL.KD","","","","","","","","","","","","","","","","","","","136685656630.571","147483823504.387","156346004972.553","171403813414.737","193012064935.122","221256479059.2","264143651282.497","311779982774.332","350051966630.892","401445773523.987","454206436983.388","480723454369.717","493571906092.991","540728457624.312","610164771199.147","685341882346.961","764346191881.454","843077130101.607","922218125286.23","1020085055439.78","1108247303955.38","1213085202589.4","1334462065677.63","1470464294033.77","1627789484809.87","1786208160843.32","1968136769825.54","2213624209131.32","2523080535739.21","2922339338762.83","3229061952241.4","3538928335827.84","3878592192550.62","4239032269078.76","4578012697522.73","4958272194277.16","5374206647405.11","5835384052866.25","6296698144005.68","6807629128479.58","7349314385711.12","7907265236082.53","8095344699602.19","8825109420353.4","9137572831404.96","9711242532287.56","10192512729289.3",
"中国","CHN","纺织品与服装行业（占制造业增加值比例）","NV.MNF.TXTL.ZS.UN","","","","","","","","","","","","","","","","","","","","","18.2735569640287","19.4741058108515","17.0108977685522","14.8554587069668","13.7481894632164","14.0993562175828","14.491555544906","14.1211920371427","13.9577049100355","14.3895383302113","14.792963827737","13.5555555555556","12.9128724565803","13.1919198451596","13.7041307395136","11.7040841083704","12.0377851735332","11.9131186021357","11.7511109814625","11.4430951030611","11.2231067340794","11.1704831956075","10.6442579181144","10.6048457546787","10.4322226937844","10.6146714363303","10.385464156103","9.97548343266855","9.97548343253088","9.97548343257491","9.97548343261758","9.99191634304166","9.99191634306323","9.99191634302499","9.99191634329362","9.99191634333821","9.99191634321979","9.99191634306995","9.99191634334516","9.99191634312839","9.99191634323983","9.99191634340604","9.99191634371728","","",
"中国","CHN","食品、饮料和烟草（占制造业增加值的百分比）","NV.MNF.FBTO.ZS.UN","","","","","","","","","","","","","","","","","","","","","10.0422793147887","11.640075547684","12.7576543850545","12.4418385903305","12.3121905873706","11.6445556511238","12.3897268780875","12.8947179622082","13.5267860772564","13.4882507765632","14.5395541472092","14.6714456391876","13.2977631848964","12.7735921397259","14.0503570689171","13.5387788111605","15.1171377199209","16.0039319072106","16.1518108185694","15.5093638690589","14.3888876638032","14.1801845932082","14.3360897741981","12.84190647462","11.9673165936114","12.1492588685416","11.8458981568915","11.8056349843713","11.8056349843719","11.8056349843124","11.8056349842074","11.8250827576686","11.8250827579729","11.8250827577504","11.8250827574643","11.8250827577268","11.825082757248","11.8250827575237","11.8250827570592","11.8250827576024","11.8250827574584","11.8250827573942","11.8250827577952","","",
"中国","CHN","工业增加值（年增长率）","NV.IND.TOTL.KD.ZG","","-41.9000000129469","-10.5999999703538","14.4999999876715","25.500000020199","24.0000000212874","22.1999999845016","-14.2999999948684","-9.2000000269654","33.0000000362274","34.5999999834497","12.3999999967972","6.70000001665481","8.3000000036413","1.40000000204306","15.6999999833214","-2.39999999438784","13.2000000070989","15.2960144014316","8.22470012999996","13.4896071437145","1.88329389307277","5.57546462397593","10.3838938674568","14.4234638850029","18.4001771528781","10.2182127660332","13.5953708683863","14.3391717138876","3.74883612961949","3.17466946128427","13.7853704623547","21.0340456644418","19.7446198890904","18.141663596238","13.8251597414792","12.0921982802238","10.4780306835334","8.90305363497555","8.20314796872293","9.47384143360608","8.49127053437778","9.89474877417005","12.6672364941886","11.1459223313777","12.1283913128524","13.4506955386234","15.0507142547155","9.83898990688196","10.2928049830465","12.6835956978023","10.6886751982322","8.36364040528214","7.98721429165674","7.1555654223493","5.92676376360546","6.03148305996532","5.86828950826812","5.79240682691477","4.55230459899197","2.13348857912719","8.20983100863958","2.3007204275667","4.37225503554095","5.31944222768053",
"中国","CHN","制造业，增加值（占GDP的百分比）","NV.IND.MANF.ZS","","","","","","","","","","","","","","","","","","","","","","","","","","","","","","","","","","","","","","","","","","","","","31.5101594673259","31.6564574964127","31.9945213596647","31.9005932714931","31.6169791482305","31.0611528606438","31.0748956423241","31.5623565182378","31.0143036500115","30.1275021518721","29.8300397890826","28.3889960582852","27.5237594259275","27.5998559245177","27.34341880328","26.2594662949297","25.7441402732098","26.9701216685139","26.4237655920515","25.4991668287269","24.8692407436614",
"中国","CHN","制造业，增加值（现价本币单位）","NV.IND.MANF.CN","","","","","","","","","","","","","","","","","","","","","","","","","","","","","","","","","","","","","","","","","","","","","5174850469000","6011798702000","7121289373000","8746495093000","10253949120000","11011849610000","13028252545200","15645700000000","16980660000000","18186780000000","19562030000000","19943596204400","20950893008700","23387645952900","25593716168400","26413672384800","26641776658600","31658149127300","32607703599300","33002850000000","33550683495700",
"中国","CHN","Financial intermediary services indirectly Measured (FISIM) (current LCU)","NV.FSM.TOTL.CN","","","","","","","","","","","","","","","","","","","","","","","","","","","","","","","","","","","","","","","","","","","","","","","","","","","","","","","","","","","","","","","","","",
"中国","CHN","农业，林业、和渔业，增加值（2015年不变价美元）","NV.AGR.TOTL.KD","98001904439.7608","99373931107.3436","103845758002.538","115580328656.863","130490191063.695","143147739590.739","153454376850.177","156370010001.831","153868089855.545","155099034557.256","167041660225.473","170215451780.953","168683512696.034","183865028841.564","191403495019.469","195231564936.566","191717396754.216","187499614033.073","185412516681.284","196786520472.442","193869220040.215","207406205033.773","231317701930.602","250576967370.535","282852817934.765","288068282908.243","297628368385.159","311629356526.735","319556998860.053","329383375721.717","353519707210.781","361839900259.017","378669084945.722","396274090067.307","411909265531.888","432268468101.875","454054340268.058","469658555354.097","485781908052.76","499050425403.714","510670904564.511","524142766823.817","538294341385.113","551062986589.46","584705491950.308","614372948105.172","643588091585.394","666265882741.22","700618582730.779","728660321525.209","759636179555.386","791345590962.166","826691373793.173","858165166358.876","892924873845.896","927735741725.116","958145189639.418","996100108812.988","1030793453826.12","1062508840417.27","1095787973590.6","1173290405553.28","1222610134998.11","1272115276945.19","1316428868436.22",
"中国","CHN","贸易额（占国民生产总值（GDP）比例）","NE.TRD.GNFS.ZS","6.30557627967827","5.80854553672362","5.56552301863999","5.66206229848909","5.71690657135873","5.89947047155192","5.92798922996829","5.58233749508179","5.57889818889779","4.94137678904207","4.82548633004292","4.94556999727203","5.66747218523763","8.08353927809897","10.3375065660458","9.97608739521729","9.59190335673938","9.32019932240708","15.3969242292662","16.5186070559018","21.5410562047131","23.7438255910369","19.6554747616457","17.886713506127","18.9963398130909","20.6743372843961","19.8450541369327","24.8138336744697","30.0133389183239","25.061554891412","24.2259824799678","25.8729814947102","30.0340940533808","35.9086416582146","35.605463524878","34.1049521589323","33.6287512313005","34.3135763220021","32.1717399357488","33.2255380760054","39.0109424774998","38.0826469518334","42.1944423387413","51.0774801301803","58.6403340408439","61.3600749408237","63.5695798621627","61.2664640006176","56.7111330003209","44.4197644331119","49.8540722338977","49.9458272253643","47.4802130784317","45.9160413795571","44.0684564812532","38.6971848362625","36.177170692978","36.95085261586","36.8943843914718","35.1994202738836","34.0389507864581","36.5206911762676","37.440719876366","36.1051923691138","37.1984201388065",
"中国","CHN","货物和服务对外贸易差额现价美元）（现价美元）","NE.RSB.GNFS.CD","-7529999.9999998","97519999.9999999","377650000","455680000","457760000","330180000","185300000","236020000","269480000","483200000","72660000.0000002","477289000","620760000","701488000.000001","-503131000","-380480000","90790999.9999997","210672000.000001","-1460560000","-1572643000","-2436990000","2150220000","4812000000","2571000000","54000000","-12501000000","-7389999999.99986","291000000","-4060999999.99999","-4928000000","10668000000","11601000000","4997999999.99999","-11792000000","7357000000","11958000000","17550000000.0012","42823220000","43836689479.9998","30640955366.5799","28785851578.5195","28086220298.1309","37382671264.0201","35821129066.2999","51174382539.9608","124626797517.21","208918924500.601","308036028783.349","348832533153.931","220130401366.78","222400893686.794","180895321770.107","231864021796.695","234872118181.504","221549605871.895","358836357205.93","255484319294.909","215697133466.149","91487265092.5636","132787798754.701","355147112386.203","460829383708.264","577846955110.745","383632008083.571","533713513222.872",
"中国","CHN","货物和服务进口（2015年不变价美元）","NE.IMP.GNFS.KD","","","","","","","","","","","","","","","","","","","","","","","","","","","","","","","","","","","","","","","","","","","","","","","","","","","","","","","","2003260696068.67","","","","","","","","","",
"中国","CHN","资本形成总额（不变价本币单位）","NE.GDI.TOTL.KN","","","","","","","","","","","","","","","","","","","","","","","","","","","","","","","","","","","","3300563020900","3735976751300","3931179702300","4272925724300","4545062507000","4876641175000","5889770613800","6658781116700","8246967897800","9830001853700","10873863848400","12534236281400","14717751086500","16760257242000","20264252655700","23462036565300","25511590720200","27461837742800","30060331689600","32315210050700","33463647250100","35780344147500","38031421915800","40601831428700","42279598488300","44056770000000","45803943976100","47110397733900","48729235117500","50261375960800",
"中国","CHN","资本形成总额（现价美元）","NE.GDI.TOTL.CD","23638465762.3723","11415559017.7792","7429461014.2379","11034704004.2505","14537402056.7802","19089166799.6989","23364655783.6128","17391384871.8564","17665789279.347","19933364229.3127","30438001510.2715","33570752158.2706","35525993382.8226","45658319637.5218","47879670018.0051","57258710409.539","51138255627.9827","59266474723.3725","56233026138.2114","64710334643.4783","66147553729.1667","64535523825.3968","65587896076.3359","73648734593.8697","89365467310.7143","120898734132.653","113467013495.652","101875915735.426","122062518395.062","129399924939.271","123261300353.728","136646341463.415","168436420722.135","194146834054.33","228350004171.142","288574980748.776","328101104439.105","345888214420.174","362851218716.172","377885422643.675","411581609430.883","481361274306.312","537360529962.884","663929616359.091","826107816292.792","931147769850.739","1107937379082.9","1449626501735.39","1958452391146.2","2331586892087.97","2854917581561.38","3549745173730.83","3974006124201.62","4474277400763.55","4836794860984.92","4820854761847.03","4827410068932.43","5334698476272.63","6127938860545.8","6212755948025.48","6384329452073.95","7768896607600.43","7758145200097.73","7514544752835.9","7612076208223.12",
"中国","CHN","固定资本形成总额（占 GDP 的百分比）","NE.GDI.FTOT.ZS","32.5754345754429","18.9512721111021","15.4459637589079","17.7195088576225","20.2270029333877","20.6043533444624","21.7861098784355","18.1452474685657","17.3342102781275","20.9452792694714","24.1011413068232","24.8068838589077","24.5876001799335","24.245957987394","26.5154847927406","29.0020913083467","28.9887014130144","28.0784603643177","29.2914796732523","28.3048718543046","28.5101570924995","27.2088337088195","28.1856541570696","28.1231988876917","29.2651676361692","30.3746507037155","30.9028394412806","30.5045534375743","30.9997000868056","25.5610476002324","23.9421564099717","26.0333742620373","30.615923445537","37.3107535797341","34.6945082292652","32.6280547742557","31.9095811418268","31.2502337176691","33.0698931681417","32.675048616256","32.6471790154044","33.4598817910203","34.9878641071948","38.0846809344133","39.3505370582361","39.2703289759488","38.5215726233992","37.6709873123357","38.8030814219879","43.4097668520056","43.5201821905755","43.515390928039","43.8737076505916","44.0755431365052","43.3803473680085","41.6166710438192","41.0805800894123","41.4184897995936","42.3803760237203","42.2503490502374","41.8494114609444","41.3521203793076","41.2329317275585","40.4544347218594","39.8697027685165",
"中国","CHN","固定资本形成总额（按现价本币）","NE.GDI.FTOT.CN","47993387760","23402925930","17989913990","22165333630","29788307220","35793882630","41219319890","32614267800","30289799040","41172135460","55032546060","61044779800","62858199860","66933391620","75097156030","88291066570","86780576550","91406619870","107933244300","116253769680","131024128950","134539520040","151740287720","169653197290","213413308470","276892278350","321241196560","372036584180","471393839400","439905629200","452736600850","574580000000","835680000000","1336460000000","1695250000000","2011500000000","2304210000000","2507050000000","2839510000000","2985810000000","3307440000000","3752770000000","4314420000000","5308140000000","6462460000000","7457730000000","8574070000000","10328620000000","12584530000000","15389700000000","18245980000000","21570910000000","24021320000000","26606660000000","28448090000000","29236190000000","31270250000000","35097320000000","39668460000000","42498460000000","43308600000000","48540070000000","50882650000000","52359030000000","53787560000000",
"中国","CHN","货物和服务出口（占 GDP 的百分比）","NE.EXP.GNFS.ZS","3.14649701726736","3.00147724389829","3.18187809249592","3.279427154169","3.24105588221634","3.18368644911352","3.08454778826638","2.95280114994993","2.97927634903285","2.77326409498398","2.45191173862661","2.71152734986346","3.10630545897125","4.29453198256321","4.99456118394499","4.87182232405151","4.8253916518573","4.72021382337347","7.2109217325228","7.8189696143358","10.1341967491351","12.4198281796671","10.9986490384497","9.49953661216008","9.50853686392573","8.32129856902917","8.69621588638232","12.4601248299538","14.3577170443892","11.8235049297269","13.5882641172526","14.4450323111337","15.6002410213269","16.6339975209836","18.4515778259707","17.8624291729756","17.8247104643429","19.3692945938508","18.1992267514817","18.0006905864312","20.681599363293","20.0776873829946","22.3518233715808","26.6023738514511","30.6097162464404","33.3687977498922","35.5268468681701","34.9066956194649","32.092513602143","24.3307718125403","26.7227451502469","26.1518828948759","25.07670432956","24.1633430905854","23.0719766947263","20.9390642234326","19.2036507365412","19.3356301657728","18.770519802938","18.0557069597496","18.2035821684822","19.5262422245091","20.2977316914005","19.102471716101","20.0229166362049",
"中国","CHN","货物和服务出口（现价本币单位）","NE.EXP.GNFS.CN","4635734055.54","3706524248.49","3705933414.33","4102235427.15","4773102997.74","5530700099.4","5835964415.4","5307364786.92","5205987492.3","5451405231.51","5598695263.98","6672526502.544","7941269905.86","11855484991.064","14145596185.169","14831288701.11","14445292449","15366184080.61","26570804400","32114072000","46573728000","61412324400","59212326963.3978","57305954612.8557","69340054226.492","75856125625.413","90398903382.1215","151964928438.6","218329188463.8","203482519840.6","256948639151.6","318814863635.8","425817938821.73","595824801002.375","901584686048.146","1101208041056.44","1287133037456.48","1553901658791.68","1562656585866.55","1644883305028.44","2095223877256.11","2251859207120.74","2756245808414.03","3707767041005.86","5026972479720.42","6336984958687.65","7907508732962.31","9570707332936.19","10408173407917.1","8625784152216.69","11203599089300","12963687105300","13729761433500","14586453355400","15130207785600","14709933416200","14617684515100","16384682363200","17569396117800","18161737293300","18838297390100","22920352226700","25047997660500","24723788542200","27012587382400",
"中国","CHN","国民总支出（2015年不变价美元）","NE.DAB.TOTL.KD","","","","","","","","","","","","","","","","","","","","","","","","","","","","","","","","","","","","1547298110542.24","1722945408368.94","1830737044156.95","1993252987418.38","2193928656112.59","2413864596006.3","2676283446385.54","2949386126946.09","3300445695499.97","3686928071514.77","4098904008322.45","4584736147246.72","5240423884222.7","5780528606585.3","6623401145648.46","7431069717064.15","8196237061767.17","8833863730046.39","9555294981985.43","10286072167635","10948409543557.6","11784097144525.6","12563721625503.7","13494290735894.5","14213055791330.1","14454785230164.3","15455255432025.3","15887342854763.5","16875058167331.6","17475849911332.6",
"中国","CHN","Final consumption expenditure (% of GDP)","NE.CON.TOTL.ZS","62.9742754360958","80.6138148837963","84.8888125697604","81.2055320169478","73.2599986419502","66.7165553764679","66.2103594080338","71.2306665183042","72.9025981458166","69.2628580149565","63.9528772882544","63.2680429128739","64.3418736553882","63.5115554589582","63.9891250617894","62.0536740794271","65.8805451630144","63.304048657615","60.7821320017369","62.957732761979","64.7518332354157","66.4752158877182","66.6282784753696","67.5142975549109","65.8301793648182","65.1356421198126","64.9328536247499","62.8479595936406","62.1803977272727","64.3463102847182","63.7194863984431","61.9906755048503","59.7931534752854","58.4616844920533","58.3123559725104","59.2182567875762","60.2317388305872","59.8475537550639","60.6311849333655","62.7441345868685","63.7347668411171","62.1341633580694","61.2074747043878","58.2684554801966","55.5237840075992","54.7930439819386","53.0337175574988","51.4619061878031","50.2710921201365","50.5720666949489","49.4408511513207","50.761073665201","51.6154938370143","52.0752230890083","52.8645226949346","54.3183705889512","55.5628204673453","55.4565238453596","55.7800284420008","56.5030117140106","55.7722939630152","54.7251757718157","54.4398618055615","56.7573871853955","56.560077550806",
"中国","CHN","最终消费支出（现价本币单位）","NE.CON.TOTL.CN","92780000000","99550000000","98870000000","101580000000","107890000000","115900000000","125270000000","128030000000","127390000000","136150000000","146030000000","155690000000","164490000000","175330000000","181230000000","188910000000","197220000000","206080000000","223970000000","258580000000","297580000000","328700000000","358700000000","407280000000","480060000000","593770000000","674990000000","766500000000","945540000000","1107400000000","1204910000000","1368190000000","1632090000000","2094080000000","2849270000000","3650770000000","4349370000000","4801270000000","5206030000000","5733490000000","6456880000000","6968800000000","7547610000000","8121300000000","9118560000000","10405610000000","11804160000000","14109810000000","16303810000000","17928890000000","20728240000000","25162650000000","28260030000000","31435750000000","34667650000000","38159280000000","42294030000000","46992910000000","52210670000000","56834820000000","57716940000000","64237670000000","67180390000000","73459480000000","76304270000000",
"中国","CHN","按购买力平价 (PPP) 衡量的居民最终消费支出（现价国际元）","NE.CON.PRVT.PP.CD","","","","","","","","","","","","","","","","","","","","","","","","","","","","","","","386870641408.726","435644350414.351","493291473492.319","565441883207.997","638612597610.7","736522449862.223","839942849127.382","910366601146.951","988347389405.75","1106830499928.78","1278344715264.25","1408292002540.7","1564186752469.21","1701347073421.8","1887205399534.1","2166139373307.91","2460815703992.58","2866301064115.06","3226002681517.2","3543332787290.66","4014736994206.99","4725727598614.23","5374362728650.69","5769207337888.89","6288944729704.98","6842222291432.21","7543718846081.12","8328101502768.81","9067520147577.28","9785678761115.19","9773375422287.64","11225064075261","12304149253495.2","14040070201222.7","15169756551868.9",
"中国","CHN","居民最终消费支出（年增长率）","NE.CON.PRVT.KD.ZG","","","","","","","","","","","","","","","","","","","","","","","","","","","","","","","","","","","","","11.704607806418","6.05964160860806","6.8797959649783","9.45426461812377","11.7118299109767","7.2078438693799","9.33537082956984","6.3537039301879","8.26374543458137","11.1859125883576","10.3687489915944","13.9019620132322","8.91047291904839","10.1259024061811","11.7154437946217","15.0447370146863","9.24912567008298","8.92268072023641","9.22369420884539","8.79647626075936","9.48691271656419","9.17518016093987","8.32243818058333","5.6868312802211","-2.71158024795403","13.1379813941195","1.49405307007524","9.65440854328679","4.97954169392038",
"中国","CHN","居民最终消费支出（现价美元）","NE.CON.PRVT.CD","30128251216.8897","33174791383.0846","34068443165.1684","34291856110.6893","36136028424.626","38650439575.1254","41477628849.3543","43931109196.5299","43732068572.3385","45807777938.9059","49020862300.8527","51263115863.1722","59428096991.3579","72006056048.6092","74804689392.2667","82185240208.3424","81821764022.633","88695209392.9292","71508130081.3008","87563661930.4348","97370124175","104267103924.603","109432031839.695","123407560586.207","131769541357.143","157396017176.871","153435351014.493","135596414426.009","154982373588.477","177691703627.53","180402259323.136","183891986062.718","193687598116.17","196277411392.168","249840376955.201","337822910770.711","407218996472.891","444599681754.133","472249043901.419","510328873856.189","572121484751.351","617471065841.189","670183498597.371","720800209060.32","808499564022.38","922685807737.24","1060790840789.13","1319743380639.08","1658876430042.94","1846393192860.75","2142817368113.44","2704258371287.86","3097428478503.91","3520087453383.43","3948106222025.01","4293541104608.94","4486448747365.86","4883976412815.67","5509633753665.57","5729716858571.14","5723905762939.11","6984714625192.38","6919552725347.99","7229259522659.38","7483803731050.17",
"中国","CHN","一般政府最终消费支出（2015年不变价美元）","NE.CON.GOVT.KD","","","","","","","","","","","","","","","","","","","","","","","","","","","","","","","","","","","","","","","","","","","","","","","","","","","","","","","","1834013677101.64","","","","","","","","","",
"中国","CHN","军费支出（占中央政府支出的百分比）","MS.MIL.XPND.ZS","","","","","","","","","","","","","","","","","","","","","","","","","","","","","","13.206339977679","13.7473617006492","14.2536409948237","16.8676255164799","14.7961048080659","14.0883852274478","15.1579223649271","14.9527564537426","14.0949696959647","13.0582586141406","12.5206707139387","11.3387431703261","11.4198984467392","11.1891274367617","10.9738296106415","10.8797945926996","10.2287613100585","10.187304699294","9.62773653825956","7.64650934992803","7.3992884936945","6.96911584511205","6.16618115195222","6.03539585943168","5.96763314725654","5.98954300363993","5.60489058683456","5.47672564157421","5.26286728762665","5.0485016286582","4.9067643013678","4.90369102148903","4.92808068468468","4.87909161227628","5.02931605436206","5.0647422151023",
"中国","CHN","武装部队人员（占劳动力总数的百分比）","MS.MIL.TOTL.TF.ZS","","","","","","","","","","","","","","","","","","","","","","","","","","","","","","","0.546950121890022","0.495167815126917","0.484256253753072","0.46025617871059","0.44088932028563","0.615280913562665","0.609558412196716","0.53024644364475","0.55042338819177","0.54537824701183","0.553167808830864","0.53217598586621","0.519327553194707","0.50973109071064","0.504069546079266","0.49770341485831","0.473122398210689","0.376392584066729","0.374782622506495","0.381407001570308","0.380553283226746","0.378400668336015","0.384199399329078","0.384086617211992","0.383535873912637","0.363984596555959","0.345100080816164","0.345882346134508","0.346905339462463","0.326705381567985","0.333167806104506","","","","",
"中国","CHN","物流绩效指数：货物在预定或预期的时间内到达收货人的频率（1=很低 至 5=很高）","LP.LPI.TIME.XQ","","","","","","","","","","","","","","","","","","","","","","","","","","","","","","","","","","","","","","","","","","","","","","","","3.68","","","3.91","","3.8","","3.866815","","3.896284","","3.84","","","","3.7","","",
"中国","CHN","Proportion of women subjected to physical and/or sexual violence in the last 12 months ( % of women age 15-49)","SG.VAW.1549.ZS","","","","","","","","","","","","","","","","","","","","","","","","","","","","","","","","","","","","","","","","","","","","","","","","","","","","","","","","","","","","","","","","","",
"中国","CHN","国家议会中妇女席位的比例（%）","SG.GEN.PARL.ZS","","","","","","","","","","","","","","","","","","","","","","","","","","","","","","","","","","","","","","","21.8194024840551","21.8194024840551","21.7828418230563","21.7828418230563","21.7828418230563","20.2345058626466","20.2345058626466","20.2684563758389","20.2684563758389","20.620992237597","21.325744894543","21.325744894543","21.325744894543","21.3230355943586","21.3230355943586","23.40140609307","23.40140609307","23.6228455559311","23.6228455559311","24.2476060191518","24.8993288590604","24.9411764705882","24.9411764705882","24.9411764705882","24.9411764705882","26.5367819952973","26.5367819952973",
"中国","CHN","公共教育支出，总数（占政府支出的比例）","SE.XPD.TOTL.GB.ZS","","","","","","","","","","","","","","","","","","","","","","","","9.5632495880127","9.76224040985107","10.6873798370361","10.4390096664429","9.46158027648926","10.7439403533935","","","","12.2905302047729","14.7739496231079","20.0649394989014","18.717170715332","19.5053405761719","","14.5514097213745","12.6315603256226","","","","","","","","","","","","","","","","","","","","","","","","11.9055795669556","",
"中国","CHN","中学人均的支出（占人均 GDP 的百分比）","SE.XPD.SECO.PC.ZS","","","","","","","","","","","","","","","","","","","","","","","","","","","","","","","","","","","","","","","","11.42726","","","","","","","","","","","","","","","","","","","","","","","","","",
"中国","CHN","Current education expenditure, tertiary (% of total expenditure in tertiary public institutions)","SE.XPD.CTER.ZS","","","","","","","","","","","","","","","","","","","","","","","","","","","","","","","","","","","","","","","","77.5629577636719","","","","","","","","","","","","","","","","","","","","","","","78.7394104003906","80.2345275878906","",
"中国","CHN","入学率，高等院校，男生（占总人数的百分比）","SE.TER.ENRR.MA","","","","","","","","","","","","","","","0.441610008478165","0.582409977912903","0.728209972381592","0.817600011825562","0.961210012435913","1.49913001060486","1.90418004989624","","","","","","","","","","","","","","4.90477991104126","","","","","","","","","15.7967300415039","17.818359375","19.4622001647949","20.981330871582","21.5103702545166","21.4697704315186","22.6042194366455","24.2567755579831","25.3903070213135","27.5789197081467","30.4883823145959","40.2785031870508","42.9801772251285","44.6067370363147","46.0947672269951","47.968717350264","50.7593317080927","55.9085794095667","61.238801665763","66.3548282426557","69.3047384730343","71.5916750583503",
"中国","CHN","Educational attainment, at least completed short-cycle tertiary, population 25+, total (%) (cumulative)","SE.TER.CUAT.ST.ZS","","","","","","","","","","","","","","","","","","","","","","","","","","","","","","","","","","","","","","","","","4.5972264453284","","","","","","","","","","8.8100004196167","","","","","","","","","","16.1200008392334","","","","",
"中国","CHN","Educational attainment, at least Master's or equivalent, population 25+, male (%) (cumulative)","SE.TER.CUAT.MS.MA.ZS","","","","","","","","","","","","","","","","","","","","","","","","","","","","","","","","","","","","","","","","","0.1540149980533","","","","","","","","","","0.439999997615814","","","","","","","","","","0.949999988079071","","","","",
"中国","CHN","Educational attainment, Doctoral or equivalent, population 25+, female (%) (cumulative)","SE.TER.CUAT.DO.FE.ZS","","","","","","","","","","","","","","","","","","","","","","","","","","","","","","","","","","","","","","","","","","","","","","","","","","","","","","","","","","","","","0.0900000035762787","","","","",
"中国","CHN","Adolescents out of school (% of lower secondary school age)","SE.SEC.UNER.LO.ZS","","","","","","","","","","","","","","","","","","","","","","","","","","","","","","","","","","","","","","","","","","","","","","","","","","","","","","","","","","","","","","","","","",
"中国","CHN","中学教育，教师，女性","SE.SEC.TCHR.FE","","","","","","","","","","","","","","","","","","","","802600","783435","787700","761600","750800","749700","799850","854800","909851","969800","1028750","1077000","1128900","1175600","1230050","1272900","1321680","1431683","1537605","","","1940197","1949668","2042744","2228135","","","2594248","2804702","","3030146","3103856","3149854","3250337","3132459","3169800","3235872","3275411","3360609","3479543","3606527","3716885","3936502","4107725","4290848","4468639",
"中国","CHN","Trained teachers in upper secondary education, male (% of male teachers)","SE.SEC.TCAQ.UP.MA.ZS","","","","","","","","","","","","","","","","","","","","","","","","","","","","","","","","","","","","","","","","","","","","","","","","","","","","","","","","","","","","","","","","","",
"中国","CHN","Trained teachers in lower secondary education, male (% of male teachers)","SE.SEC.TCAQ.LO.MA.ZS","","","","","","","","","","","","","","","","","","","","","","","","","","","","","","","","","","","","","","","","","","","","","","","","","","","","","","","","","","","","","","","","","",
"中国","CHN","Progression to secondary school, male (%)","SE.SEC.PROG.MA.ZS","","","","","","","","","","","","","","","","","","","","","","","","","","","","","","","","","","","","89.82696","89.90686","","","","","","","","","","","","98.79232","","","","","","","","","","","","","","","","",
"中国","CHN","入学率，中学，女生（净百分比）","SE.SEC.NENR.FE","","","","","","","","","","","","","","","","","","","","","","","","","","","","","","","","","","","","","","","","","","","","","","","","","","","","","","","","","","","","","","","","","",
"中国","CHN","入学率，中学（占总人数的百分比）","SE.SEC.ENRR","","","","","","","","","","","25.6986503601074","34.3487205505371","43.8977890014648","53.8520202636719","58.2484588623047","57.590461730957","58.1372909545898","57.1651306152344","53.2011489868164","47.5873718261719","40.256160736084","36.6918296813965","32.6269607543945","30.1499004364014","29.9084606170654","31.3245601654053","32.6376609802246","35.1423110961914","37.2133903503418","38.1876487731934","39.0024795532227","41.5681610107422","44.4469909667969","46.7595100402832","47.1572189331055","48.9643783569336","52.3077697753906","54.7360382080078","","58.6365814208984","59.4924812316895","62.2098388671875","62.8378982543945","64.0541305541992","","","74.0575637817383","78.1607131958008","82.6792526245117","88.2874984741211","90.7829173331445","92.0329425203903","92.2603063015232","","","","","","","","","","","","",
"中国","CHN","中学师生比例","SE.SEC.ENRL.TC.ZS","","","","","","","","","","","20.59747","21.83943","23.00333","21.2371","19.93684","20.09417","20.95925","21.02231","20.9199","20.22543","18.88137","17.90215","16.66647","16.38346","16.41878","17.07836","16.9997","16.89917","16.35938","15.31392","14.60696","14.42533","14.52494","14.58926","14.48036","15.07365","15.56384","16.18689","","","17.10846","18.9229","18.92909","18.61115","","","17.54954","16.36853","15.99176","15.71505","15.46166","15.15325","14.50326","15.14167","14.27963","13.81544","13.49871","13.30917","13.25879","","","","","","",
"中国","CHN","中学教育，学生（女生所占百分比）","SE.SEC.ENRL.FE.ZS","","","","","","","","","","","","","","","","","39.19246","40.32805","41.60571","41.35626","40.62659","39.34779","38.88868","39.13928","39.42926","39.96555","39.83079","40.83713","40.96952","41.22715","40.98847","41.43601","42.16223","42.61543","43.92193","44.58275","45.19489","45.34682","","","","46.75559","","46.84521","","","47.66759","47.69544","47.83003","47.97153","47.09686","47.11494","47.18714","47.3384","47.35246","47.34064","47.11396","47.05148","46.94867","","","","","","",
"中国","CHN","Educational attainment, at least completed upper secondary, population 25+, male (%) (cumulative)","SE.SEC.CUAT.UP.MA.ZS","","","","","","","","","","","","","","","","","","","","","","","8.92000007629395","","","","","","","","","","","","","","","","","","16.9898376621544","","","","","","","","","","25.3700008392334","","","","","","","","","","33.9900016784668","","","","",
"中国","CHN","Educational attainment, at least completed post-secondary, population 25+, female (%) (cumulative)","SE.SEC.CUAT.PO.FE.ZS","","","","","","","","","","","","","","","","","","","","","","","0.529999971389771","","","","","","","","","","","","","","","","","","3.07999992370606","","","","","","","","","","","","","","","","","","","","15.420000076294","","","","",
"中国","CHN","Lower secondary completion rate, total (% of relevant age group)","SE.SEC.CMPT.LO.ZS","","","","","","","","","","","","","","","","","","","","","","","","","","","","","","","56.4986190795898","57.7820091247559","62.6557693481445","64.5955123901367","61.6983108520508","62.7302398681641","62.8211708068848","64.8763809204102","","","","","","","","","","103.009658813477","102.322113037109","101.653022766113","101.241209458339","103.88858653411","103.606581205367","","","","","","","","","","","","",
"中国","CHN","Children out of school (% of primary school age)","SE.PRM.UNER.ZS","","","","","","","","","","","","","","","","","","","","","","","","","","","","3.90201997756958","2.81986999511719","4.60491991043091","7.6913800239563","8.32581996917725","9.4379997253418","9.80873012542725","9.95102977752686","8.79646968841553","7.92662000656128","6.67631006240845","","","","","","","","","","","","","","","","","","","","","","","","","","","",
"中国","CHN","失学女童，小学","SE.PRM.UNER.FE","","","","","","","","","","","","","","","","","","","","","","","","","","","","","","3886997","5286056","5476505","5956182","6127147","6196526","5410040","4822923","3912182","","","","","","","","","","","","","","","","","","","","","","","","","","","",
"中国","CHN","小学总入学率（净比例）","SE.PRM.TENR","","","","","","","","","","","","","","","","","","","","","","","","","","","","92.8452","94.5802","96.13547","96.87553","96.82433","95.8694","94.73328","93.10675","91.30103","90.04399","89.34889","","","","","","","","","","","","","","","","","","","","","","","","","","","",
"中国","CHN","经过培训的男性初等教育教师（占男性教师总数比例）","SE.PRM.TCAQ.MA.ZS","","","","","","","","","","","","","","","","","","","","","","","","","","","","","","","","","","","","","","","","","","","","","","","","","","","","","","","","","","","","","","","","","",
"中国","CHN","小学复读生，女生（占入学女生总量的百分比）","SE.PRM.REPT.FE.ZS","","","","","","","","","","","","","","","","","","","","","","","","","","","","","","","","","","","","","1.95451","1.46879","","","","","","","","","0.23732","0.21852","0.25719","0.24775","0.24602","0.23282","0.14391","0.13062","0.07213","0.01932","0.01264","0.01249","0.00571","","","","","","",
"中国","CHN","五年级持续就学率，总计（占同龄人的百分比）","SE.PRM.PRS5.ZS","","","","","","","","","","","","","","","","","","","","","","","","","","","","","80.0233306884766","80.6173782348633","85.0645370483398","86.0028991699219","88.0308380126953","88.056022644043","90.6457901000977","92.1500930786133","93.5709381103516","","","","","","","","","","","","","","","","","","","","","","","99.9003295898438","99.7857437133789","","","","",
"中国","CHN","Over-age students, primary (% of enrollment)","SE.PRM.OENR.ZS","","","","","","","","","","","","","","","","","","","","","","","","","","","","22.80683","22.26646","20.81602","19.6692","18.33993","17.66851","16.10864","15.00953","14.52665","12.99222","11.60312","","","","","","","","","","","","","","","","","","","","","","","","","","","",
"中国","CHN","一年级净入学率，男童（占官方定义的学龄人口的百分比）","SE.PRM.NINT.MA.ZS","","","","","","","","","","","","","","","","","","","","","","","","","","","","","","","","","","","","","","","","","","","","","","","","","","","","","","","","76.51212","79.85987","80.91079","81.86279","","","","","","",
"中国","CHN","入学率，小学（净百分比）","SE.PRM.NENR","","","","","","","","","","","","","","","","","","","","","","","","","","","","92.8452","94.5802","96.13547","96.87553","96.82433","95.8694","94.73328","93.10675","91.30103","90.04399","89.34889","","","","","","","","","","","","","","","","","","","","","","","","","","","",
"中国","CHN","入学率，小学，男生（占总数的百分比）","SE.PRM.ENRR.MA","","","","","","","","","","","","","","","122.926818847656","123.34349822998","125.772186279297","122.935592651367","118.07103729248","117.951019287109","116.839447021484","119.558258056641","122.026977539062","126.240409851074","129.137283325195","136.946304321289","140.696075439453","142.734405517578","139.594635009766","134.53532409668","126.770980834961","122.700897216797","119.045097351074","116.274482727051","114.010177612305","113.717102050781","111.816520690918","110.800033569336","109.92546081543","","","114.869331359863","","","","","104.572540283203","104.879692077637","105.799911499023","105.267021179199","103.974723242436","103.122435193659","102.88610884188","100.833057925839","96.4675078131609","95.9384417979412","96.3700418739904","96.9972776605988","97.1394273388879","97.1266797256074","98.1016594213877","98.4810417938553","99.3675022136586","98.3545369445796","98.7425594135002",
"中国","CHN","初等教育，小学生（女生所占百分比）","SE.PRM.ENRL.FE.ZS","","","","","","","","","","","","","","","40.72982","43.71677","45.21171","45.47199","45.37065","44.92888","44.85731","44.55733","43.9635","43.65776","43.72664","43.7978","44.77292","45.13537","45.35547","45.59413","45.88131","46.20002","46.48611","46.59839","46.82222","47.06759","47.29827","47.49917","47.62998","","","47.60193","","","","","46.7876","46.63158","46.46546","46.35395","46.23675","46.18944","46.19911","46.33465","46.33884","46.31926","46.33798","46.42197","46.47985","","","","","","",
"中国","CHN","Educational attainment, at least completed primary, population 25+ years, male (%) (cumulative)","SE.PRM.CUAT.MA.ZS","","","","","","","","","","","","","","","","","","","","","","","72.379997253418","","","","","","","","","","","","","","","","","","92.0880472624885","","","","","","","","","","","","","","","","","","","","97.9000015258789","","","","",
"中国","CHN","小学女生毕业率（相关年龄群体所占比例）","SE.PRM.CMPT.FE.ZS","","","","","","","","","","","","","","","","","","","","","","","","","","","","","","","","","","","","","90.4219436645508","91.7318801879883","","","","","","","","","92.2478713989258","96.0622711181641","104.320190429688","105.016670227051","103.93893921564","","","","","","","","","","","","","","",
"中国","CHN","Trained teachers in preprimary education, female (% of female teachers)","SE.PRE.TCAQ.FE.ZS","","","","","","","","","","","","","","","","","","","","","","","","","","","","","","","","","","","","","","","","","","","","","","","","","","","","","","","","","","","","","","","","","",
"中国","CHN","Pupil-teacher ratio in pre-primary education (headcount basis)","SE.PRE.ENRL.TC.ZS","","","","","","","","","","","","","","","28.65497","25.0999","26.21564","27.13397","26.78614","28.43682","29.85501","28.01972","26.33308","26.80853","26.33372","26.36408","26.90835","26.92974","27.75315","27.66304","26.05641","26.31043","28.73313","29.79399","30.53278","30.52224","30.98329","30.00607","28.48124","27.44985","26.66438","26.20314","","","","","22.88608","22.42936","22.38452","22.71068","24.03674","23.15033","23.01143","22.26595","21.03872","19.93141","19.07577","18.06286","17.37685","","","","","","",
"中国","CHN","Primary school age children out-of-school (%)","SE.LPV.PRIM.SD","","","","","","","","","","","","","","","","","","","","","","","","","","","","","","","","","","","","","","","","","","","","","","","","","","","","","","","","","0","","","","","","","","",
"中国","CHN","Pupils below minimum reading proficiency at end of primary (%). Low GAML threshold","SE.LPV.PRIM.LD","","","","","","","","","","","","","","","","","","","","","","","","","","","","","","","","","","","","","","","","","","","","","","","","","","","","","","","","","18.2000007629394","","","","","","","","",
"中国","CHN","中学女生与男生的入学比例(%)","SE.ENR.SECO.FM.ZS","","","","","","","","","","","","","","","","","0.683080017566681","0.715179979801178","0.752780020236969","0.743570029735565","0.719389975070953","0.679610013961792","0.665149986743927","0.671490013599396","0.679870009422302","0.696460008621216","0.694779992103577","0.727090001106262","0.733410000801086","0.742990016937256","0.736810028553009","0.750880002975464","0.773620009422302","0.787810027599335","0.830609977245331","0.85291999578476","0.87415999174118","0.879559993743896","","","","0.934689998626709","","0.94293999671936","","","0.990369975566864","0.999440014362335","1.0129200220108","1.02603995800018","0.996550023555756","","","","","","","","","","","","","","",
"中国","CHN","识字率，成人总体（占 15 岁以上人口的百分比）","SE.ADT.LITR.ZS","","","","","","","","","","","","","","","","","","","","","","","65.5100021362305","","","","","","","","77.7900009155273","","","","","","","","","","90.9199981689453","","","","","","","","","","95.120002746582","","","","","","","","","","96.7399978637695","","","","",
"中国","CHN","识字率，青年男性（占 15-24 岁男性人口的百分比）","SE.ADT.1524.LT.MA.ZS","","","","","","","","","","","","","","","","","","","","","","","95.2099990844727","","","","","","","","96.9800033569336","","","","","","","","","","99.1999969482422","","","","","","","","","","99.6900024414062","","","","","","","","","","99.75","","","","",
"中国","CHN","Regulatory Quality: Percentile Rank, Upper Bound of 90% Confidence Interval","RQ.PER.RNK.UPPER","","","","","","","","","","","","","","","","","","","","","","","","","","","","","","","","","","","","","61.9565200805664","","58.6956520080566","","56.5217399597168","","44.8648643493652","52.972972869873","52.7363166809082","55.3921585083008","54.4117660522461","57.2815551757812","54.8543701171875","53.1100463867188","52.6315803527832","54.028434753418","53.0805702209473","53.0805702209473","51.9230766296387","51.4285697937012","53.3333320617676","59.523811340332","58.5714302062988","55.238094329834","57.1428565979004","52.8571434020996","50","51.4150924682617","",
"中国","CHN","Regulatory Quality: Estimate","RQ.EST","","","","","","","","","","","","","","","","","","","","","","","","","","","","","","","","","","","","","-0.266652703285217","","-0.267708390951157","","-0.324955195188522","","-0.582765877246857","-0.392048835754395","-0.346228837966919","-0.183769479393959","-0.258387207984924","-0.233363419771194","-0.21839340031147","-0.298093944787979","-0.320954978466034","-0.259136259555817","-0.28433284163475","-0.331608176231384","-0.331334412097931","-0.354117453098297","-0.314001739025116","-0.179426416754723","-0.22858552634716","-0.304319977760315","-0.202643379569054","-0.332243531942368","-0.418417632579803","-0.356507807970047","",
"中国","CHN","Rule of Law: Percentile Rank","RL.PER.RNK","","","","","","","","","","","","","","","","","","","","","","","","","","","","","","","","","","","","","33.668342590332","","36","","35.3233833312988","","37.8109436035156","35.3233833312988","35.5769233703613","32.0574150085449","28.7081336975098","34.4497604370117","37.980770111084","41.2322273254395","38.8625602722168","40.8450698852539","35.6807518005371","37.5586853027344","40.3846168518066","40.9523811340332","41.4285697937012","45.238094329834","48.5714302062988","44.761905670166","51.4285697937012","52.8571434020996","52.8301887512207","52.8301887512207","",
"中国","CHN","Political Stability and Absence of Violence/Terrorism: Standard Error","PV.STD.ERR","","","","","","","","","","","","","","","","","","","","","","","","","","","","","","","","","","","","","0.373912304639816","","0.345668405294418","","0.313380271196365","","0.286041706800461","0.282846570014954","0.278957605361938","0.270123898983002","0.245767414569855","0.239249795675278","0.241307944059372","0.241539120674133","0.239330947399139","0.238522350788116","0.21966552734375","0.225787356495857","0.192247405648232","0.196433380246162","0.203295975923538","0.209813266992569","0.2083390802145","0.223986834287643","0.208623453974724","0.212362676858902","0.214086413383484","0.208098113536835","",
"中国","CHN","Political Stability and Absence of Violence/Terrorism: Number of Sources","PV.NO.SRC","","","","","","","","","","","","","","","","","","","","","","","","","","","","","","","","","","","","","4","","4","","5","","6","6","7","7","8","8","8","8","8","9","9","9","9","9","9","9","9","8","8","8","8","8","",
"中国","CHN","Coverage of social insurance programs in 3rd quintile (% of population)","per_si_allsi.cov_q3_tot","","","","","","","","","","","","","","","","","","","","","","","","","","","","","","","","","","","","","","","","","","","","","","","","","","","","","","32.914157612068","","","","","","","","","","","",
"中国","CHN","Benefits incidence in poorest quintile (%) - All Social Insurance","per_si_allsi.ben_q1_tot","","","","","","","","","","","","","","","","","","","","","","","","","","","","","","","","","","","","","","","","","","","","","","","","","","","","","","2.16297882642963","","","","","","","","","","","",
"中国","CHN","Coverage of social safety net programs in 3rd quintile (% of population)","per_sa_allsa.cov_q3_tot","","","","","","","","","","","","","","","","","","","","","","","","","","","","","","","","","","","","","","","","","","","","","","","","","","","","","","40.2291237887759","","","","","","","","","","","",
"中国","CHN","Benefits incidence in poorest quintile (%) - All Social Assistance","per_sa_allsa.ben_q1_tot","","","","","","","","","","","","","","","","","","","","","","","","","","","","","","","","","","","","","","","","","","","","","","","","","","","","","","24.242173251856","","","","","","","","","","","",
"中国","CHN","Coverage of unemployment benefits and ALMP in 3rd quintile (% of population)","per_lm_alllm.cov_q3_tot","","","","","","","","","","","","","","","","","","","","","","","","","","","","","","","","","","","","","","","","","","","","","","","","","","","","","","","","","","","","","","","","","",
"中国","CHN","Benefits incidence in poorest quintile (%) - All Labor Market","per_lm_alllm.ben_q1_tot","","","","","","","","","","","","","","","","","","","","","","","","","","","","","","","","","","","","","","","","","","","","","","","","","","","","","","","","","","","","","","","","","",
"中国","CHN","Adequacy of social protection and labor programs (% of total welfare of beneficiary households)","per_allsp.adq_pop_tot","","","","","","","","","","","","","","","","","","","","","","","","","","","","","","","","","","","","","","","","","","","","","","","","","","","","","","36.8299628620352","","","","","","","","","","","",
"中国","CHN","官方汇率（相当于1美元的本币单位，时期平均值）","PA.NUS.FCRF","2.46180889882528","2.46180889882528","2.46180889882528","2.46180889882528","2.46180889882528","2.46180889882528","2.46180889882528","2.46180889882528","2.46180889882528","2.46180889882528","2.46180889882528","2.46180889882528","2.24506644860066","1.98941552463247","1.96110708887637","1.85982338938658","1.94141535102099","1.85782338223958","1.68358941885647","1.55493895401486","1.49838605814132","1.70454166583333","1.89254166583333","1.97567499916667","2.32004166625","2.93665833325","3.45279166658333","3.7221","3.7221","3.76510833333333","4.78320833333333","5.32339166666667","5.51459166666667","5.76195833333334","8.61874266666666","8.35141666666667","8.314175","8.28981666666667","8.27895833333333","8.27825","8.27850416666666","8.27706833333333","8.2769575","8.27703666666667","8.27680083333333","8.19431666666667","7.97343833333333","7.6075325","6.948655","6.83141605176666","6.77026902870939","6.46146132655007","6.31233282683186","6.19575834608231","6.14343409448867","6.22748867298455","6.6444778294468","6.75875508633597","6.61595717735439","6.90838500992901","6.90076726944925","6.44897518024316","6.73715811237119","7.08399842343631","7.19749110789917",
"中国","CHN","来自国外的净经常转移（现价本币单位）","NY.TRF.NCTR.CN","","","","","","","","","","","","","","","","","","","","","","1446555600","1273320000","1333710000","1237600000","714420000","1304100000","999040000","2036340000","1882140000","1433020000","4764200000","7357350000","9400963600","11523259391","11975931978","17700878575","42635855201.72","35421074739.268","40923239136.25","52248163687.72","70291452842.4359","107471693513.252","144425540978.8","189523750412.005","195561467052.026","223794483022.765","282256830278.274","299875825081.017","216274071377.584","275129666300","159464197900","21682797000","-53979920400","8819502500","-79376652200","-63680387300","-80360168000","-13334056400","70647161700","57108313900","102183229700","135591647500","81378054900","106815206500",
"中国","CHN","净产品税（现价美元）","NY.TAX.NIND.CD","","","","","","","","","","","","","","","","","","","","","","","","","","","","","","","","","","","","","","","","","","","","","","","","","","","","","","","","","","","","","","","","","",
"中国","CHN","总储蓄（占 GDP 的百分比）","NY.GNS.ICTR.ZS","","","","","","","","","","","","","","","","","","","","","","","33.7401218515491","33.0864003315375","34.8290823322912","35.2136837832798","35.1852345313221","37.1683603774977","37.9140585542929","35.8136048808832","36.6228275584888","38.4279725792786","40.5262148478143","41.5944567821618","41.5641800595348","39.3812636762869","38.5813284832836","39.5469344798754","38.1766453804451","36.3928397912428","35.5826474435708","37.0775585847377","38.6609215616113","42.1609224814857","45.3715794530289","45.5417056569754","47.7875413024031","49.7906549255041","51.2655667529843","49.8735875934712","50.7951259924622","48.6410622284448","48.1956233738576","47.0363460228068","47.2736238197056","45.1016053776732","43.8678663976574","44.3202552812278","43.7715764233009","43.2925997301417","43.4998633494291","44.679938707538","44.8335710565362","42.5717088559186","42.8328411949589",
"中国","CHN","按购买力平价 (PPP) 衡量的人均国民总收入（GNI）（2017年不变价国际元）","NY.GNP.PCAP.PP.KD","","","","","","","","","","","","","","","","","","","","","","","","","","","","","","","","","","","","","","","","","","","","","","","","","","","","","","","","","","","","","","20701.1336318515","","","",
"中国","CHN","人均国民总收入（GNI）（2015年不变价美元）","NY.GNP.PCAP.KD","","","","","","","","","","","","","","","","","","","","","","","","","","","","","","","","","","","","","","","","","","","","","","","","","","","","","","","","8137.08106545726","","","","","","","","","",
"中国","CHN","按购买力平价 (PPP) 衡量的国民总收入（GNI）（现价国际元）","NY.GNP.MKTP.PP.CD","","","","","","","","","","","","","","","","","","","","","","","","","","","","","","","1127711985649.35","1274178541672.09","1487299880713.34","1730190612733.18","1998621531306.89","2233598158485.4","2505535110851.46","2793796635183","3034549029995.37","3325497665367.31","3697049585988.93","4085559260527.37","4551495866130.85","5131438467055.66","5823623607488.19","6665140353457.5","7781340905664.75","9160274024663.33","10279389678439.7","11227973482061.6","12536321273861.3","13935727062246.9","15429858615026.6","16537047500727.9","17776179956535.4","18490592046582.9","19551764868088.8","20947567340458.7","22763849926082.5","24709480590705.4","25575086905083.5","29237453096281.7","32253389995977.8","35259774523995.8","37927697690815.3",
"中国","CHN","GNI: linked series (current LCU)","NY.GNP.MKTP.CN.AD","","","","","","","","","","","","","","","","","","","","","","","","","","","","","","","1896000000000","2211560000000","2730920000000","3574580000000","4877300000000","6066620000000","7117650000000","7931280000000","8448600000000","9018100000000","10009460000000","11057030000000","12207490000000","13853150000000","16380320000000","18858760000000","22216840000000","27479140000000","32630270000000","35393880000000","41748810000000","49116020000000","54625970000000","59883840000000","65660000000000","69922450000000","75749200000000","84629270000000","93197250000000","100310840000000","102675190000000","116581680000000","122370680000000","128477390000000","133981460000000",
"中国","CHN","国内总收入（不变价本币单位）","NY.GDY.TOTL.KN","","","","","","","","","","","","","","","","","","","","","","","","","","","","","","","","","","","","","","","","","","","","","","","","","","","","","","","","","","","","","","","","","",
"中国","CHN","自然资源租金总额（占GDP的百分比）","NY.GDP.TOTL.RT.ZS","","","","","","","","","","","0.840416943708215","0.773897108383394","0.895123275339724","1.79558411793063","5.00070904496983","7.33042405539159","9.22371412496225","9.60235224195703","11.2104687263013","17.0999242275286","19.741557918563","19.467446076565","16.7508523318146","12.6162173602657","10.3999047481946","9.78977585019452","5.75920686839352","6.49280601379339","6.28565315693549","7.05998093097386","8.63870038140403","6.08171887067132","5.33846886521972","4.4490741652727","3.28088501510221","3.26699888521005","3.00480163840847","2.39155664717565","1.71539063096113","1.84532736658367","2.6977401923859","2.59237672666031","1.95629636692387","2.01790669504299","4.72487591845752","5.10277288536313","5.52119781017524","6.32787936346715","9.6484135442271","3.91782120825988","6.2867264165298","7.68520289897261","4.0884931932087","2.98307168349706","2.31013480472694","1.17476659078236","1.0524740832802","1.31423766724865","1.42518421392494","1.26691367576973","0.863774740928771","1.70756488252672","","","",
"中国","CHN","人均 GDP（不变价本币单位）","NY.GDP.PCAP.KN","1674.2459357104","1230.10794079103","1151.97757509515","1239.78423720181","1431.56640405912","1634.81861323361","1759.20221682338","1615.62497037699","1509.45495718001","1717.44789306195","1993.10513754601","2076.0018920939","2102.78451646197","2214.80600910596","2219.63441172664","2370.93447085839","2297.87834576029","2438.37066633392","2678.45646667668","2843.60108501257","3028.15399889275","3142.46389516771","3377.04769392312","3685.6733700767","4191.73497716536","4690.60566711098","5034.27492635236","5530.27299562077","6052.67205929023","6211.30407028403","6362.09132734923","6863.40297354838","7749.28822570538","8727.77744399375","9757.81997759757","10717.3025659519","11663.5882598661","12617.0686701217","13486.4086941748","14404.5886985675","15518.6655405122","16687.0235607186","18107.741645189","19816.1058975473","21694.5220216423","24038.5388803577","26934.5294221293","30585.6035601741","33371.8746830684","36328.5900934453","39984.4902642959","43529.0383462884","46631.3584476329","49925.0360554268","53313.2834397096","56703.2353646022","60199.2320510308","63959.436327643","67962.4094925005","71831.4419112836","73337.6514775707","79551.7172902093","82055.7665532246","86588.7855296269","91010.5499500701",
"中国","CHN","人均 GDP（现价美元）","NY.GDP.PCAP.CD","89.7150749167731","75.9655011127574","71.0616845971262","74.4681540864463","85.6611074645449","98.6681688740435","104.50646350178","96.7614480104016","91.6454581848979","100.308139479526","113.346243039894","118.84249157909","132.097410431007","157.339888078555","160.402546852304","178.621249282085","165.680987722637","185.728620718294","156.655616850835","184.285853059043","195.149479992051","197.425510967822","203.722788366928","225.86534696156","251.192686463827","295.007445815897","282.445603096707","252.256760114454","284.023573149686","311.429461227032","318.50335359039","334.130288119078","367.822651903542","378.939353053314","475.677874448369","612.680277898627","713.337387811657","786.743548510999","835.095348597432","881.146614068925","969.199513696287","1065.40597574519","1163.55957673426","1306.97245408557","1530.92726215723","1777.64496828464","2129.25696999613","2734.72709877693","3523.44302065213","3898.24459158811","4629.24551710077","5703.76027973346","6405.0574241349","7147.03518622344","7781.06597484974","8175.33285077393","8254.86859320357","8979.67652709856","10085.6638148819","10342.9009524335","10627.4637989619","12887.4357242941","12970.6056414327","12951.1782397043","13303.1481543868",
"中国","CHN","GDP（不变价本币单位）","NY.GDP.MKTP.KN","1116839236334.34","812277176542.54","766952110171.096","845948177491.1","999741556106.705","1169197749905.48","1293717310251.91","1219069821397.96","1169087958885.49","1367131459074.64","1630987830630.96","1746135571449.64","1812663336725.71","1953326011670.91","1998447842598.08","2172712494422.27","2138600908223.92","2300492997006.07","2561046327459.91","2755463669382.61","2971330689103.53","3123247728448.76","3406191615521.68","3771586416333.19","4346095617699.47","4930014180360.32","5370514148683.43","5995009486807.76","6667805120675.9","6948275298223.23","7222150643436.94","7898266873900","9027688304300","10285162051100","11629711373000","12912795583100","14201001885800","15519940744400","16749242981600","18045132423300","19594565451400","21223390915700","23185152402500","25531070838400","28117727629200","31339523909100","35311706763000","40308308147900","44206220658300","48362798847800","53487452549000","58548080092100","63147719296200","68059806152200","73138361019600","78242526350200","83543892248100","89301124392200","95334949539700","101120353193400","103486760000000","112355663432000","115877102132300","122151665634500","128231589615900",
"中国","CHN","GDP（现价本币单位）","NY.GDP.MKTP.CN","147330000000","123490000000","116470000000","125090000000","147270000000","173720000000","189200000000","179740000000","174740000000","196570000000","228340000000","246080000000","255650000000","276060000000","283220000000","304430000000","299360000000","325540000000","368480000000","410720000000","459570000000","494470000000","538360000000","603250000000","729240000000","911590000000","1039520000000","1219610000000","1520640000000","1721000000000","1890960000000","2207090000000","2729560000000","3581970000000","4886220000000","6164940000000","7221060000000","8022500000000","8586390000000","9137890000000","10130860000000","11215730000000","12331190000000","13937730000000","16422800000000","18990750000000","22257840000000","27417970000000","32431780000000","35452160000000","41925330000000","49570760000000","54751060000000","60366040000000","65578290000000","70251150000000","76119300000000","84738290000000","93601010000000","100587240000000","103486760000000","117382300000000","123402940000000","129427170000000","134908354627800",
"中国","CHN","按要素成本计算的增加值总额（不变价本币单位）","NY.GDP.FCST.KN","","","","","","","","","","","","","","","","","","","","","","","","","","","","","","","","","","","","","","","","","","","","","","","","","","","","","","","","","","","","","","","","","",
"中国","CHN","GDP 支出估计误差（不变价本币单位）","NY.GDP.DISC.KN","","","","","","","","","","","","","","","","","","","","","","","","","","","","","","","","","","","","","","","","","","","","","","","","","","","","","","","","","","","","","","","","","",
"中国","CHN","Inflation, GDP deflator: linked series (annual %)","NY.GDP.DEFL.KD.ZG.AD","","","","","","","","","","","","","","","","","","","","","","","","","","","","","","","5.70899557490583","6.72654237410879","8.20014685761386","15.1846789520536","20.6405407142948","13.6330065970059","6.50583221975029","1.65709583509586","-0.826472564378889","-1.21968091074658","2.09978437202267","2.21204915451887","0.642696005802719","2.64267979825424","6.99019221145223","3.74871769990521","4.01945759696591","7.91365944548899","7.85658646463206","-0.0819669419831399","6.92845731295996","8.0160629287619","2.40518412725621","2.29799397401945","1.09109126562731","0.137261200602396","1.47744121334065","4.14602237470578","3.46789777292169","1.31550650702985","0.53000081660457","4.47386132078888","1.93427407840763","-0.50570453916356","-0.707200009795585",
"中国","CHN","调整后的净储蓄，不包括颗粒物排放损害（占 GNI 的百分比）","NY.ADJ.SVNX.GN.ZS","","","","","","","","","","","","","","","","","","","","","","","","","","","","","","","15.9460313231128","19.1798776889027","22.10297653115","21.9447938184253","23.4735205866121","22.0924801390657","21.7991805176209","23.0638976613795","21.345703667129","18.7401346457469","16.9781977438863","18.8872002560158","20.692152781382","23.48917750666","24.622987239772","24.1647355712356","25.5739623749034","27.191881728273","26.5334584552166","27.568314310718","26.306619365312","22.0869080905554","22.9732387893191","21.4059025538069","21.3823550591963","19.6751152306658","18.6887687533989","19.304409740474","17.8432520408507","16.4685804575328","15.7926133101607","16.806586216299","","","",
"中国","CHN","人均调整国民收入净额（每年％的增长）","NY.ADJ.NNTY.PC.KD.ZG","","","","","","","","","","","","","","","","","","","","","","","","","","","","","","","","","","","","","10.3351520119852","7.78725255512438","6.58015444944181","6.87491501128947","7.60120501874628","9.62369053890275","10.7313312904384","10.6341977164463","9.54255116676357","11.6226117228823","13.1992215820866","14.0978742961297","5.52495274419624","11.9288367257026","7.70574267980794","3.90671615868075","9.58589082575128","5.14730991217786","7.69196712384976","6.50860615314738","6.44313876938401","6.39337333642158","3.657695972341","4.20316870636445","0.0845036471430518","6.79437074751952","","","",
"中国","CHN","调整后的国民净收入（2015年不变价美元）","NY.ADJ.NNTY.KD","","","","","","","","","","","","","","","","","","","","","","","","","","","","","","","","","","","","1341325845814.35","1495547500972.02","1628592387927.61","1752491903817.88","1889261817653.92","2048949876985.27","2262509358352.78","2522148634688.81","2807793202157.12","3094050421508.23","3474031572130.24","3954596617003.91","4535737806854.58","4810922670995.61","5411659541247.48","5856886303939.45","6119045017788.66","6751251823270.42","7146200417108.88","7744546195150.8","8296709954530.95","8882031492982.82","9507261366588.05","9901205142511.23","10354034421302.8","10387481001996.3","11103150357523.5","","","",
"中国","CHN","调整后的储蓄： 总储蓄（占 GNI 的百分比）","NY.ADJ.ICTR.GN.ZS","","","","","","","","","","","","","","","","","","","","","","","33.7583412664268","33.0245317982891","34.726006873943","35.1836016178549","35.2528778164983","37.2582550222205","37.9941914940916","35.858594461164","36.596337531729","38.4230935141279","40.5851422417868","41.7939126159333","41.7734151739378","40.1740522471088","39.3253668355615","40.2022772478009","38.9775129668988","37.0479474426092","36.1775414512362","37.8105458460361","39.282451655835","42.6761563782838","45.7925450972327","46.2809133903626","48.3508440216193","50.1616179779017","51.4675923710228","50.4574255553733","51.547499440628","49.6964793253869","48.7786601229451","47.7668341531069","47.5554434494332","45.6353457392674","44.6018196332528","44.9639648811866","44.6820005730233","43.8960151442058","44.2809805544853","45.3023643320634","","","",
"中国","CHN","调整后的储蓄： 能源损耗（占 GNI 的百分比）","NY.ADJ.DNGY.GN.ZS","","","","","","","","","","","0.0106317471383388","0.0589088646586492","0.101562925258633","0.24713778001073","2.20951167235793","3.6843921331235","4.67140819461532","4.91589509477874","6.11280900588723","10.3089965368166","11.7006896794377","11.229629416419","9.15733410838886","7.05672309496559","6.0407197087823","5.70509197265991","2.99152096982066","3.67424799086387","2.8934474411486","3.98171451768568","5.15816109261442","3.08520310393128","2.70583060506867","2.26099845623016","1.53782090211513","1.53961735410029","1.56281706540075","1.23300675191605","0.614711778014426","0.959898756356619","1.79731506923284","1.57118904898667","1.20500421564366","1.22303807236777","2.68974538115873","2.86369608647405","2.80089024515973","2.53837556070754","4.22543644483576","1.67546271504232","2.47644230809394","3.16149821272887","1.98329766843015","1.47248716740963","1.17449560810056","0.55146891809536","0.468471119066501","0.582954445963903","0.704281724834458","0.554702096120324","0.361833602387154","0.689430074246557","","","",
"中国","CHN","调整后的储蓄： 固定资本消耗（占 GNI 的百分比）","NY.ADJ.DKAP.GN.ZS","","","","","","","","","","","8.54462063841267","8.47765864661208","8.98690040299166","8.93555751646961","9.15969379251091","9.31323561089543","10.0011462287737","9.96329155206609","9.55964325529543","9.37968984492246","10.6711409395973","10.7106118302282","10.8276450591057","10.6828986010236","10.1481646433413","9.28993163348495","9.98666658999703","9.94593152592994","8.99386389039053","9.39770973050077","9.75235119864537","9.92110472752242","9.37546688994781","10.5073743312164","11.1041171730539","11.4986865185345","11.8341057007055","12.3963383492979","13.4197319414648","13.8463064521822","13.9429618956756","13.9114019391625","13.8386103755733","14.0576224574012","14.3135433280752","14.6891659860242","15.2570073542999","15.7732670852194","16.8541453987383","18.1988515774606","19.1406455408245","20.7966753947993","21.6430587535961","22.9100256813485","23.3369808134091","23.9299117846814","23.927810497525","23.6544120422112","24.8198629640195","25.4289292555197","26.7868689737824","26.5284112220597","","","",
"中国","CHN","调整后的储蓄： 二氧化碳损害（占 GNI 的百分比）","NY.ADJ.DCO2.GN.ZS","","","","","","","","","","","","","","","","","","","","","","","","","","","","","","","7.27867512194113","7.67643571510596","7.58405305503037","8.3581014442769","7.1950479503619","6.53263736821032","5.74106403964839","5.45851300275916","5.47238202748363","5.18566400837056","5.19077113084093","5.18763194636287","5.2750052607434","5.62346035757858","5.79761646040143","5.97029949508452","5.74706109086362","5.06120572590087","4.17967407498105","4.18562882614847","3.99595185817118","3.70109501132644","3.48275381695519","3.40007798793518","3.21224818860961","3.11477302205045","3.17255178075131","3.0726758994738","2.97454025480266","3.0662293909793","3.01642949110669","2.74580037586664","","","",
"中国","CHN","Services, value added (% of GDP)","NV.SRV.TOTL.ZS","32.5799226226838","32.4155802089238","29.8445951747231","27.2283955552003","26.7807428532627","27.4925166935298","25.0739957716702","26.4326249026371","27.3835412613025","27.1913313323498","25.0503634930367","24.5692457737321","24.9364365343243","24.3715134391074","24.2638231763294","22.8131261702198","22.7351683591662","24.4363211894084","24.7286148501954","22.470296065446","22.4470700872555","22.8527514308249","22.7394308641058","23.3501864898467","25.6719324227963","29.4847464320583","29.9753732491919","30.4835152220792","31.355876473064","33.0104590354445","32.5141726953505","34.6723513766996","35.7944137516669","34.7839317470554","34.6646282811662","33.9860566363987","33.9354609988007","35.4188843876597","37.5334686637807","39.1228171930281","40.398939477991","41.9013296504106","42.9947150275034","42.8414813603076","42.0383247680055","42.1355659992365","42.6376503739806","43.7213258311976","43.7535960098397","45.3481536809041","45.126871988843","45.1659405665759","46.3528742639869","47.8217057140074","49.2348611102851","51.72839163487","53.2881936644189","53.541663396795","54.1051640361573","55.2295599322538","55.5482556415912","54.8181795722183","54.9575804271762","56.3379775668432","56.7483417417827",
"中国","CHN","Services, value added (current LCU)","NV.SRV.TOTL.CN","48000000000","40030000000","34760000000","34060000000","39440000000","47760000000","47440000000","47510000000","47850000000","53450000000","57200000000","60460000000","63750000000","67280000000","68720000000","69450000000","68060000000","79550000000","91120000000","92290000000","103160000000","113000000000","122420000000","140860000000","187210000000","268780000000","311600000000","371780000000","476810000000","568110000000","614830000000","765250000000","977030000000","1245950000000","1693790000000","2095220000000","2450500000000","2841480000000","3222770000000","3575000000000","4092760000000","4699540000000","5301760000000","5971130000000","6903870000000","8001860000000","9490220000000","11987500000000","14190070000000","16076900000000","18919590000000","22389100000000","25378690000000","28868070000000","32287380000000","36339790000000","40562600000000","45370290000000","50642980000000","55553890000000","57485090000000","64346840000000","67819270000000","72916650000000","76558254122400",
"中国","CHN","Medium and high-tech manufacturing value added (% manufacturing value added)","NV.MNF.TECH.ZS.UN","","","","","","","","","","","","","","","","","","","","","","","","","","","","","","","37.8386516937217","38.3534448426922","39.5508511614865","35.2256318106439","35.5199082185178","37.9784067933684","37.2624704505024","38.3739755618215","40.7901741703357","41.8170797211695","42.8772749627303","42.7341833355441","43.8812616781535","42.9526007649669","42.396957207939","41.6107437021342","41.2949432058537","40.6961113783077","41.3830969141648","41.3830969146874","41.3830969145511","41.4512685209591","41.4512685203049","41.4512685209806","41.4512685204961","41.4512685200766","41.4512685204304","41.451268520095","41.4512685204808","41.4512685203911","41.4512685204217","41.4512685204284","41.4512685217902","","",
"中国","CHN","化学品（占制造业增加值的百分比）","NV.MNF.CHEM.ZS.UN","","","","","","","","","","","","","","","","","","","","","11.3445726473182","11.4534110367229","11.5889984431759","11.8285570953784","11.9965626824048","10.0490004430891","10.1812692441324","11.2596469531173","12.0161309993252","12.1812534085789","13.1073493440071","12.8259657506969","11.9765713238393","9.77536134810907","9.95014046265526","11.4062272543469","11.867664616356","11.5288408831766","11.4096122189066","11.9087529144874","12.0281931530474","11.5254178971296","11.3085596547335","10.9455976568021","11.1238096738042","10.9899536599251","10.4352318848741","10.7936022080641","10.7936022079296","10.7936022085299","10.7936022082782","10.8113828302765","10.8113828302316","10.8113828302756","10.8113828299006","10.8113828295794","10.8113828300373","10.8113828298269","10.8113828298504","10.8113828297999","10.811382829901","10.8113828300138","10.8113828301934","","",
"中国","CHN","工业（包括建筑业），增加值（2015年不变价美元）","NV.IND.TOTL.KD","31406374917.4114","18247103822.9499","16312910823.1268","18678282890.469","23441245031.3114","29067143843.8162","35520049772.6385","30440682656.9739","27640139844.3239","36761386002.964","49480825553.9055","55616447921.005","59342749940.9751","64268198188.2369","65167952964.1853","75399321568.6933","73589737855.2762","83303583257.3967","96045711349.3567","103945183095.567","117966979939.973","120188644869.025","126889720245.734","140065814124.763","160268156240.284","189757780908.148","209147634701.445","237582031301.565","271649326731.238","281833014837.607","290780281491.473","330865420526.551","400459804167.953","479529070309.511","566523621091.23","644846416680.305","722822523988.206","798560089839.18","869656322945.072","940995517935.611","1030143941202.17","1117616250143.15","1228201570354.11","1383780767896.21","1538015897522.46","1724552484027.86","1956516788058.22","2250986539174.4","2472460877569.04","2726946453979.34","3072821317097.64","3401265207104.24","3685734798256.42","3980122334815.32","4264922592372.57","4517694479123.13","4790178456332.43","5071279996112.7","5365029164819.5","5609261634226.83","5728934590566.43","6199270439047.43","6341898320398.7","6619182289061.22","6971285866872.69",
"中国","CHN","制造业，增加值（不变价本币单位）","NV.IND.MANF.KN","","","","","","","","","","","","","","","","","","","","","","","","","","","","","","","","","","","","","","","","","","","","","","","","","","","","","","","","","","","","","","","","","",
"中国","CHN","制造业，增加值（现价美元）","NV.IND.MANF.CD","","","","","","","","","","","","","","","","","","","","","","","","","","","","","","","","","","","","","","","","","","","","","625223497459.948","733654641625.409","893126575136.096","1149715189236.14","1475673942655.09","1611942474298.15","1924333072319.58","2421387361155.63","2690076711732.41","2935359967255.02","3184217491389.99","3202510065357","3153128508921.24","3460348237641.4","3868482846608.59","3823422172446.96","3860697899030.64","4909020290402.74","4839979053378.29","4658788723542.83","4661441535071.04",
"中国","CHN","农业，林业、和渔业，每个工人的增加值（占 GDP 的百分比）","NV.AGR.TOTL.ZS","23.1249575782258","35.7194914567981","38.9027217309178","39.7713646174754","37.9574930399946","37.4798526364264","37.1141649048626","39.7351730277067","41.5646102781275","37.4523070661851","34.7420513269686","33.578511053316","32.3645609231371","32.8732884155618","33.3733493397359","31.9022435371021","32.3055852485302","28.9426798550101","27.6396049419236","30.6528466741332","29.58158601954","31.2594240378587","32.7232822349357","32.5056266837961","31.4795879134441","27.8824106473305","26.5896908592427","26.2744881224326","25.1945125302504","24.5682804386984","26.5326691193891","23.962990054778","21.2498856848723","19.2285186084752","19.384707585823","19.49813596726","19.2192456606094","17.7815242281084","17.0254631760262","15.921591740544","14.5272519499825","13.8221069560341","13.1294938258189","12.1757600914927","12.7288429360401","11.4828123533826","10.4758623658001","10.0934194559262","10.0099770734138","9.47299581661597","9.16649906130733","9.0338458593332","8.96505673533992","8.78442131602471","8.48242940933654","8.22401359479525","7.90065017505416","7.32839239286042","6.91714289236836","7.00621575788341","7.54018198521241","7.08935251618004","7.14788692830171","6.88951941080068","6.77599881291286",
"中国","CHN","农业，增加值（现价本币单位）","NV.AGR.TOTL.CN","34070000000","44110000000","45310000000","49750000000","55900000000","65110000000","70220000000","71420000000","72630000000","73620000000","79330000000","82630000000","82740000000","90750000000","94520000000","97120000000","96710000000","94220000000","101846416290","125897371860","135948094870","154568474040","176169062240","196090192970","229561746900","254173267220","276405154420","320446284590","383117835340","422820106350","501722159980","528884757200","580028379700","688759768000","947179459000","1202048383500","1387833260700","1426522781200","1461872667600","1454897539500","1471735556900","1550250196500","1619022829700","1697024567000","2090432417700","2180672187000","2331700684000","2767410718400","3246413742500","3358381633700","3843084980900","4478146049700","4908463592200","5302807285400","5562632157100","5777464126500","6013919608700","6209954398200","6474515610400","7047359059300","7803090034600","8321645038600","8820702617400","8916910000000","9141388508100",
"中国","CHN","货物和服务对外贸易差额（占 GDP 的百分比）","NE.RSB.GNFS.ZS","-0.0125822451435549","0.194408951072961","0.79823316635185","0.896792009848908","0.765205193073946","0.467902426675109","0.241106346564482","0.323264804818071","0.379654509167906","0.605151400925879","0.0783371472103007","0.477484702454893","0.54513873270487","0.505524687027458","-0.348384198155851","-0.232442747114279","0.0588799469752136","0.120228324339867","-0.975080764220582","-0.88066782723023","-1.27266270644298","1.09583076829737","2.34182331525373","1.11235971819312","0.0207339147605727","-4.03174014633772","-2.45262236416803","0.106415985437968","-1.29790482954545","-1.41454503195816","2.95054575453738","3.0170831275571","1.16638798927299","-2.64064661624748","1.29769212706346","1.61990618701885","2.02066969738529","4.42501286569947","4.22671356721463","2.77584309685704","2.35225624908626","2.07272781415574","2.50920440442025","2.12726757272195","2.57909845203698","5.3775205589607","7.48411387417746","8.54692723831214","7.47389420396515","4.24177919196867","3.59141806659602","2.35793856438755","2.6731955806883","2.41064480161362","2.07549690819934","3.18094361060282","2.23013078010439","1.72040771568555","0.646655214404206","0.911993645615486","2.36821355050636","2.53179327275066","3.1547435064351","2.09975106308822","2.84741313360323",
"中国","CHN","货物和服务进口（占 GDP 的百分比）","NE.IMP.GNFS.ZS","3.15907926241091","2.80706829282533","2.38364492614407","2.38263514432009","2.47585068914239","2.71578402243841","2.8434414417019","2.62953634513186","2.59962183986494","2.1681126940581","2.37357459141631","2.23404264740857","2.56116672626638","3.78900729553575","5.34294538210084","5.10426507116579","4.76651170488208","4.59998549903361","8.18600249674338","8.69963744156603","11.406859455578","11.3239974113697","8.65682572319597","8.38717689396696","9.48780294916516","12.3530387153669","11.1488382505503","12.3537088445159","15.6556218739347","13.2380499616851","10.6377183627152","11.4279491835766","14.4338530320539","19.274644137231","17.1538856989073","16.2425229859567","15.8040407669576","14.9442817281513","13.9725131842671","15.2248474895742","18.3293431142068","18.0049595688389","19.8426189671605","24.4751062787292","28.0306177944035","27.9912771909315","28.0427329939926","26.3597683811527","24.6186193981779","20.0889926205716","23.1313270836509","23.7939443304884","22.4035087488717","21.7526982889717","20.9964797865269","17.7581206128298","16.9735199564368","17.6152224500872","18.1238645885338","17.1437133141341","15.8353686179759","16.9944489517585","17.1429881849654","17.0027206530128","17.1755035026016",
"中国","CHN","货物和服务进口（现价本币单位）","NE.IMP.GNFS.CN","4654271477.31","3466448634.81","2776231245.48","2980438302.03","3646185309.9","4717860003.78","5379791207.7","4726328626.74","4542579202.98","4261859122.71","5419820222.04","5497532146.743","6547622735.7","10459933540.056","15132289911.186","15538914156.15","14269029439.735","14974792793.554","30163782000","35731150900","52422504000","55993770000","46604886963.3978","50595644612.8557","69188854226.492","112609065625.413","115894403382.121","150667068438.6","238065648463.8","227826839840.6","201154999151.6","252225123635.8","393980678821.73","690411970602.375","838176593797.146","1001341796570.44","1141219266206.47","1198905001640.94","1199734474802.59","1391229816265.05","1856920089819.93","2019387651850.13","2446831045816.6","3411274230342.32","4603412299139.29","5315753473136.82","6241706641430.09","7227313386813.94","7984256482254.37","7121981806233.25","9697885213200","11794839038600","12266158517200","13131242550200","13769132404200","12475283948900","12920124576200","14926838283900","16964120305900","17244388056200","16387509916800","19948475051900","21154951424100","22006140164200","23171189174400",
"中国","CHN","资本形成总额（年增长率）","NE.GDI.TOTL.KD.ZG","","","","","","","","","","","","","","","","","","","","","","","","","","","","","","","","","","","","","13.1921047300976","5.22495090292185","8.69321801290477","6.36886293511647","7.29535990955735","20.7751483540308","13.0567139762315","23.8510134702713","19.1953451925319","10.6191434166118","15.2693877369479","17.4204056480106","13.8778414140562","20.906572990534","15.7804186709077","8.73561913176479","7.64455279950771","9.46219976658801","7.50117591643249","3.55385961470836","6.92302569437669","6.29138098566133","6.75864688570094","4.13224477951515","4.20337840292358","3.96573324848826","2.85227350396222","3.43626346086887","3.14419226898508",
"中国","CHN","库存变化（不变价本币单位）","NE.GDI.STKB.KN","","","","","","","","","","","","","","","","","","","","","","","","","","","","","","","","","","","","","","","","","","","","","","","","","","","","","","","","","","","","","","","","","",
"中国","CHN","固定资本形成总额（不变价本币单位）","NE.GDI.FTOT.KN","","","","","","","","","","","","","","","","","","","","","","","","","","","","","","","","","","","","","","","","","","","","","","","","","","","","","","","","","","","","","","","","","",
"中国","CHN","固定资本形成总额现价美元）（现价美元）","NE.GDI.FTOT.CD","19495171136.3473","9506393846.96376","7307599407.59011","9003677226.78729","12100169923.8243","14539666818.1813","16743508489.0826","13248090245.8314","12303878586.8441","16724341920.9208","22354514935.9678","24796716479.6294","27998375041.0901","33644743794.1587","38293247655.5333","47472832936.2525","44699652856.293","49200930266.231","43875302560.9756","50545117252.1739","54593387062.5","53388698428.5714","57916140351.145","65001225015.3257","76219038739.2857","94181047057.8231","93113390307.2464","83416274479.8206","96994617160.4938","89049722510.1214","86565315650.0956","100101045296.167","131189952904.239","166613890516.5","196693415733.594","240857329959.694","277142350263.255","302425252571.92","342979152690.471","360681303415.577","399521459432.767","453393641323.232","521256785555.368","641309202798.054","780791999227.721","910110018931.413","1075329111482.4","1357683411650.45","1811074229473.19","2252783317543.54","2695015515631.65","3338395140046.5","3805458298857.17","4294334930447.57","4630649568303.33","4694699581163.45","4706201149285.17","5192867621329.67","5995876333537.23","6151721422590.08","6275911069015.95","7526788365592.98","7552539216090.82","7391169506259.04","7473098611724.56",
"中国","CHN","货物和服务出口（按不变价本币单位）","NE.EXP.GNFS.KN","","","","","","","","","","","","","","","","","","","","","","","","","","","","","","","","","","","","","","","","","","","","","","","","","","","","","","","","","","","","","","","","","",
"中国","CHN","货物和服务出口（现价美元）","NE.EXP.GNFS.CD","1883060000","1505610000","1505370000","1666350000","1938860000","2246600000","2370600000","2155880000","2114700000","2214390000","2274220000","2710416000","3537210000","5959279000","7213067000","7974570000","7440600000","8271070000","10801140000","13962640000","19405720000","24369970000","22600124795.19","21956304449.37","24764305080.89","25801403273.95","26202580690.47","34072853910","44923701330","41190793490","49129758920","55542659170","66847400129","74280328750","104607445198","131858826000","154811877000.001","187447040000","188750394176","198699399635","253092089737","272060010515.89","333002310923.451","447958253781.62","607356934124.72","773339005396.99","991731387760.501","1258056795940.68","1497868782939.59","1262664161019.72","1654823329663.86","2006308960976.47","2175069254663.85","2354264539609.2","2462825804851.16","2362097053274.6","2199974853570.14","2424216052098.35","2655609176087.45","2628941104657.6","2729884575163.89","3554107780957.44","3717887818646.97","3490089712362.99","3753056083349.04",
"中国","CHN","国民总支出（现价本币单位）","NE.DAB.TOTL.CN","150973387760","127652925930","117159913990","128745333630","143678307220","162893882630","182789319890","170844267800","170879799040","185222135460","220962546060","238334779800","244248199860","266163391620","275127156030","295401066570","296500576550","316186619870","362303244300","407413769680","456334128950","491329520040","530540287720","599503197290","730283308470","949212278350","1066451196560","1220866584180","1538763839400","1746635629200","1849566600850","2152540000000","2705030000000","3651390000000","4817360000000","6060780000000","7077260000000","7668620000000","8210060000000","8861720000000","9864160000000","10953060000000","11995320000000","13616670000000","15956090000000","18035730000000","20638230000000","25137890000000","29912420000000","33856930000000","40056800000000","48099190000000","53345280000000","59157290000000","64382180000000","68181100000000","74369650000000","83048830000000","92752850000000","99754930000000","101773710000000","114339090000000","119448240000000","126692500000000","131092120000000",
"中国","CHN","最终消费支出（不变价本币单位）","NE.CON.TOTL.KN","","","","","","","","","","","","","","","","","","","","","","","","","","","","","","","","","","","","7629837319800","8433678052700","9000821762000","9807244029500","10956697964300","12182299489600","13011371650900","14166849166600","15037184906400","16164967267100","18027165516900","19782870338400","22211218611400","23961381328600","26368040100300","28838123184300","32183197990200","34722198830900","37192978519500","40082676239000","43619862813200","47192983428300","50434305125400","54422663547900","57818695492700","57716940000000","63047150962600","64783220241900","70154246599800","72859812771500",
"中国","CHN","最终消费支出（现价美元）","NE.CON.TOTL.CD","37687732882.6079","40437743139.2931","40161523497.5581","41262340010.9432","43825495804.1018","47079200701.5979","50885344882.564","52006471663.7237","51746500236.2084","55304859150.324","59318168062.5914","63242111796.6503","73267333788.8508","88131391322.8807","92412091742.062","101574182059.26","101585699090.612","110925529504.156","91044715447.1545","112426086956.522","123991666666.667","130436507936.508","136908396946.565","156045977011.494","171450000000","201962585034.014","195649275362.319","171860986547.085","194555555555.556","224170040485.83","230384321223.709","238360627177.7","256215070643.642","261064914664.705","330589971182.573","437143780510.541","523127069131.934","579176838282.437","628826719497.792","692596865279.497","779957344950.247","841940648548.496","911882229181.57","981184450425.919","1101701007430.29","1269856902045.65","1480435415688.94","1854715826367.87","2346326015610.22","2624476389667.97","3061656782027.42","3894266327692.76","4476954875479.48","5073753687603.68","5643041009311.73","6127554781710.57","6365290095023.27","6952894431000.98","7891627772066.84","8226932922817.71","8363844192971.59","9960911617737.7","9971621565057.55","10369777066566.1","10601509609390.3",
"中国","CHN","人均居民最终消费支出（年增长率）","NE.CON.PRVT.PC.KD.ZG","","","","","","","","","","","","","","","","","","","","","","","","","","","","","","","","","","","","","10.539899994745","4.97970988806433","5.85913515733165","8.51064441283233","10.8350480487606","6.43192831108476","8.60527287534238","5.693327004201","7.62263728404193","10.5339195977323","9.75419553883347","13.3086348494654","8.35385711971801","9.57951658718794","11.1772040218344","14.4177808965796","8.51054707659932","8.19958701661993","8.53739367957836","8.16570805957512","8.86129124801181","8.51639845980078","7.81702716380789","5.31258107586454","-2.94289103263839","13.0370483058441","1.50734915577139","9.7682829104607","5.10881262125334",
"中国","CHN","居民最终消费支出（2015年不变价美元）","NE.CON.PRVT.KD","","","","","","","","","","","","","","","","","","","","","","","","","","","","","","","","","","","","674388000535.867","753322471092.134","798971112997.427","853938695390.767","934672319329.564","1044139551594.42","1119399500251.79","1223899594664.65","1301662551312.41","1409228630970.14","1566863713800.57","1729327879324.93","1969738384192.91","2145251389492.52","2362477451559.78","2639252169557.88","3036320717622.26","3317153836541.91","3613132882375.62","3946397210805.19","4293541104608.94","4700865601652.99","5132178489728.3","5559300871853.14","5875448932795.29","5716131420054.98","6467115702485.23","6563737843183.53","7197427910274.78","7555826833956.78",
"中国","CHN","一般政府最终消费支出（占 GDP 的百分比）","NE.CON.GOVT.ZS","12.6315075001697","14.4789051745081","12.8788529234996","13.7181229514749","12.8539417396618","11.9445084043288","12.2410147991543","11.0604206075442","11.2910610049216","11.8939817876583","11.1018656389594","11.9839076723017","12.1533346371993","11.6206621748895","12.1919355977685","11.8450875406497","12.8173436664885","12.6866130122258","13.0427702996092","13.9218932606155","13.9021259002981","13.3375128925921","13.3720930232558","14.1218400331538","15.2350392189128","14.3726894766287","14.0093504694474","13.2616164183632","12.6479640151515","13.3410807669959","13.8241951178238","14.1652583265748","14.5924617887132","14.5079383691097","14.2435256701499","13.4546321618702","13.3454091227604","13.9060143346837","15.0970314649113","16.5121269789853","16.9834545142268","16.56557352932","16.2233328656845","15.4631349581316","14.7768955354751","14.9800297513263","15.0329501874396","14.8435861590045","14.7289171300496","14.9931908239159","14.837784222569","15.511543498627","15.9047696976095","15.9462837052091","15.8783188765672","16.2578121496943","16.4004661104345","16.501760892272","16.8365384091475","17.1510123948127","17.6037978191606","16.3512045683208","16.6626986358672","17.1891419707315","16.6332619368971",
"中国","CHN","一般政府最终消费支出（现价本币）","NE.CON.GOVT.CN","18610000000","17880000000","15000000000","17160000000","18930000000","20750000000","23160000000","19880000000","19730000000","23380000000","25350000000","29490000000","31070000000","32080000000","34530000000","36060000000","38370000000","41300000000","48060000000","57180000000","63890000000","65950000000","71990000000","85190000000","111100000000","131020000000","145630000000","161740000000","192330000000","229600000000","261410000000","312640000000","398310000000","519670000000","695970000000","829470000000","963680000000","1115610000000","1296290000000","1508860000000","1720570000000","1857950000000","2000530000000","2155210000000","2426780000000","2844820000000","3346010000000","4069810000000","4776850000000","5315410000000","6220790000000","7689190000000","8708030000000","9626140000000","10412730000000","11421300000000","12483920000000","13983310000000","15759170000000","17251730000000","18217600000000","19193420000000","20562260000000","22247420000000","22439660000000",
"中国","CHN","军费支出（占GDP的百分比）","MS.MIL.XPND.GD.ZS","","","","","","","","","","","","","","","","","","","","","","","","","","","","","","2.44710131532583","2.45401611552735","2.31124341155315","2.44954206753443","1.92806687404062","1.69347959870483","1.68623388691537","1.65272667000964","1.63265067284541","1.65508069090551","1.87146591412577","1.83575968454189","1.98308624365796","2.05936465293746","1.99628893565843","1.93850823279804","1.87185802294835","1.8695916362794","1.75016458545192","1.71604254580499","1.89352379603523","1.73351986212832","1.65908251595704","1.70094267160117","1.7143409229625","1.73840928794394","1.77677106896806","1.7688865902507","1.71124264388853","1.67357820944542","1.68291101151296","1.75669947098837","1.60525971842503","1.63053389156959","1.66484889659813","1.71129740345228",
"中国","CHN","武装部队人员，总数","MS.MIL.TOTL.P1","","","","","","","","","","","","","","","","","","","","","","","","","","3900000","","","","3900000","3500000","3200000","3160000","3030000","2930000","4130000","4135000","3640000","3820000","3820000","3910000","3810000","3770000","3750000","3755000","3755000","3605000","2885000","2885000","2945000","2945000","2945000","2993000","2993000","2993000","2843000","2695000","2695000","2695000","2535000","2535000","","","","",
"中国","CHN","物流绩效指数：综合分数（1=很低 至 5=很高）","LP.LPI.OVRL.XQ","","","","","","","","","","","","","","","","","","","","","","","","","","","","","","","","","","","","","","","","","","","","","","","","3.32","","","3.49","","3.52","","3.531463","","3.661104","","3.61","","","","3.7","","",
"中国","CHN","物流绩效指数：清关程序的效率（1=很低 至 5=很高）","LP.LPI.CUST.XQ","","","","","","","","","","","","","","","","","","","","","","","","","","","","","","","","","","","","","","","","","","","","","","","","2.99","","","3.16","","3.25","","3.205138","","3.318883","","3.29","","","","3.3","","",
"中国","CHN","Individuals using the Internet, male (% of male population)","IT.NET.USER.MA.ZS","","","","","","","","","","","","","","","","","","","","","","","","","","","","","","","","","","","","","","","","","","","","","","","","","","","","","","","","","","","","65.0694","69.6681","73.4646","75.9624","","",
"中国","CHN","Fixed broadband subscriptions (per 100 people)","IT.NET.BBND.P2","","","","","","","","","","","","","","","","","","","","","","","","","","","","","","","","","","","","","","","","","0.00178484","0.0262981","0.256319","0.866656","1.91534","2.85109","3.85819","5.0093","6.21365","7.74497","9.34748","11.5043","12.7916","13.6989","14.4445","19.8438","22.9761","27.9101","28.7089","31.5611","33.907","37.5612","41.3736","44.7289","",
"中国","CHN","Mobile cellular subscriptions (per 100 people)","IT.CEL.SETS.P2","0","","","","","0","","","","","0","","","","","0","0","0","0","0","0","0","0","0","0","0","0","6.38E-05","0.000289186","0.000864322","0.001587842","0.004061416","0.014946866","0.053350925","0.129878018","0.29791213","0.557926117","1.069072913","1.913884263","3.448689963","6.7156","11.3253","16.0083","20.8536","25.7141","30.0304","34.9802","41.2808","48.0758","55.6575","63.5563","72.5052","81.2076","89.1302","92.6612","92.5401","97.2139","104.073","116.229","122.67","120.497","121.492","124.195","128.247","",
"中国","CHN","铁路（总公里数）","IS.RRS.TOTL.KM","","","","","","","","","","","","","","","","","","","","","","","","","","","","","","","","","","","","54616","56678","57566","57583","57394","58656","59079","59530","60446","61015","62200","63411.7","63636.5","60809","65491","66239","72487","85843","79306","85320","89966","91675","93742","96353","102462","106235","109767","","","",
"中国","CHN","物流绩效指数：贸易和运输相关基础设施的质量（1=很低 至 5=很高）","LP.LPI.INFR.XQ","","","","","","","","","","","","","","","","","","","","","","","","","","","","","","","","","","","","","","","","","","","","","","","","3.2","","","3.54","","3.61","","3.669272","","3.752359","","3.75","","","","4","","",
"中国","CHN","使用网络人数（占人口的百分比）","IT.NET.USER.ZS","","","","","","","","","","","","","","","","","","","","","","","","","","","","","","","0","","","0.000169","0.00117","0.00495","0.0131","0.0324","0.169","0.708","1.77591","2.63965","4.5957","6.2","7.3","8.52326","10.5232","16","22.6","28.9","34.3","38.3","42.3001","45.8","47.9","50.3","53.2","54.3","59.2","64.0809","70.0528","73.0532","75.6113","90.6","92",
"中国","CHN","安全的互联网服务器","IT.NET.SECR","","","","","","","","","","","","","","","","","","","","","","","","","","","","","","","","","","","","","","","","","","","","","","","","","","","1604","2631","5100","6999","13314","26989","66054","289923","622142","1027286","1338370","1530873","1860276","2127874","1991334",
"中国","CHN","Fixed telephone subscriptions","IT.MLT.MAIN","","","","","","","","","","","","","","","","1692000","1761000","1833000","1925000","2033000","2140700","2220900","2342500","2508000","2774000","3120000","3504000","3907000","4727000","5680400","6850300","8450600","11469100","17332000","27295300","40705700","54947000","70310000","87420937","108715763","144829000","180368000","214222000","262747000","311756000","350445000","367786000","365637000","340359000","313732000","294383000","285115000","278153000","266985000","249430000","230996000","206624000","193757000","192085000","191033000","181908000","180701000","179414000","179414000","",
"中国","CHN","班轮运输相关指数（2004 年的最大值 = 100）","IS.SHP.GCNW.XQ","","","","","","","","","","","","","","","","","","","","","","","","","","","","","","","","","","","","","","","","","","","","","","","106.7126567958","117.9017761774","118.4558760366","118.6376554664","129.556949515","132.4579758986","133.8154206143","136.0112695419","137.1612175342","141.2827640334","138.8543553807","148.6562163354","153.3767454106","158.6153205517","162.3664733057","171.1774765271","","","",
"中国","CHN","航空运输，客运量","IS.AIR.PSGR","","","","","","","","","","","","","","","710000","1000000","1050000","1110000","1540000","2519000","2568000","3236000","3942000","3836000","5000000","7300000","10000000","12500000","17000000","11080000","16596100","19520000","27345000","31312500","37601000","47564500","51770100","52277000","53234000","55853100","61891807","72660653","83671798","86040642","119789024","136721623","158013351","183613132","191001220","229062099","266293020","292160158","318475924","352795296","390878784","436183969","487960477","551234509","611439830","659629070","417255845","440301216","250754113","619215886","",
"中国","CHN","Statistical performance indicators (SPI): Pillar 4 data sources score (scale 0-100)","IQ.SPI.PIL4","","","","","","","","","","","","","","","","","","","","","","","","","","","","","","","","","","","","","","","","","","","","","","","","","","","","","","","","45.8416666666667","32.3416666666667","35.9166666666667","34.9666666666667","43.3","41.625","39.925","38.275","38.275","40.7",
"中国","CHN","Statistical performance indicators (SPI): Overall score (scale 0-100)","IQ.SPI.OVRL","","","","","","","","","","","","","","","","","","","","","","","","","","","","","","","","","","","","","","","","","","","","","","","","","","","","","","","","","53.63625","55.1675","56.0395833333333","59.555","57.4775","58.64875","55.8675","58.84375","57.9266666666667",
"中国","CHN","国家政策和制度评估 (CPIA) 社会包容性/公平政策集群平均值（1=低至 6=高）","IQ.CPA.SOCI.XQ","","","","","","","","","","","","","","","","","","","","","","","","","","","","","","","","","","","","","","","","","","","","","","","","","","","","","","","","","","","","","","","","","",
"中国","CHN","国家政策和制度评估 (CPIA) 财产权和基于规则的治理评级（1=低至 6=高）","IQ.CPA.PROP.XQ","","","","","","","","","","","","","","","","","","","","","","","","","","","","","","","","","","","","","","","","","","","","","","","","","","","","","","","","","","","","","","","","","",
"中国","CHN","国际开发协会（IDA ）资源分配指数（1=低，6=高）","IQ.CPA.IRAI.XQ","","","","","","","","","","","","","","","","","","","","","","","","","","","","","","","","","","","","","","","","","","","","","","","","","","","","","","","","","","","","","","","","","",
"中国","CHN","国家政策和制度评估 (CPIA) 金融部门评级（1=低至 6=高）","IQ.CPA.FINS.XQ","","","","","","","","","","","","","","","","","","","","","","","","","","","","","","","","","","","","","","","","","","","","","","","","","","","","","","","","","","","","","","","","","",
"中国","CHN","国家政策和制度评估 (CPIA) 债务政策评级（1=低至 6=高）","IQ.CPA.DEBT.XQ","","","","","","","","","","","","","","","","","","","","","","","","","","","","","","","","","","","","","","","","","","","","","","","","","","","","","","","","","","","","","","","","","",
"中国","CHN","专利申请量，居民","IP.PAT.RESD","","","","","","","","","","","","","","","","","","","","","","","","","","4065","3494","3975","4780","4749","5832","7372","10022","12084","11191","10011","11628","12672","13751","15626","25346","30038","39806","56769","65786","93485","122318","153060","194579","229096","293066","415829","535313","704936","801135","968252","1204981","1245709","1393815","1243568","1344817","1426644","","","",
"中国","CHN","Industrial design applications, nonresident, by count","IP.IDS.NRCT","","","","","","","","","","","","","","","","","","","","","","","","","","371","221","229","347","454","452","469","789","1342","1729","2235","3219","2957","3345","2905","3588","4187","5688","7427","9276","11784","13295","13993","14284","11688","12149","13930","15181","15165","16127","17578","18395","17841","19702","19846","18023","19853","","","",
"中国","CHN","Public private partnerships investment in energy (current US$)","IE.PPN.ENGY.CD","","","","","","","","","","","","","","","","","","","","","","","","","62000000","","4000000000","","","542600000","","","1881000000","1529700000","272000000","914470000","2512900000","5080700000","2982800000","3965000000","43300000","508930000","1329770000","2810590000","788690000","1678120000","1197580000","1529040000","678770000","722000000","421470000","2671140000","3174900000","3682930000","1647500000","3186650000","3386891000","2950270000","265510000","9710000","838180000","264410000","327400000","38416240000","",
"中国","CHN","私营部门参与的能源投资（现价美元）","IE.PPI.ENGY.CD","","","","","","","","","","","","","","","","","","","","","","","","","62000000","","4000000000","","","542600000","","","1881000000","2197000000","1048100000","987370000","2859100000","5946335000","3026000000","4347800000","846800000","997130000","1351330000","4678850000","1390490000","1678120000","1197580000","2214040000","678770000","2992000000","421470000","2671140000","3182820000","3691600000","1647500000","3186650000","3386891000","2950270000","265510000","9710000","838180000","264410000","563400000","38416240000","",
"中国","CHN","用于应付官员的管理时间（占管理时间的百分比）","IC.GOV.DURS.ZS","","","","","","","","","","","","","","","","","","","","","","","","","","","","","","","","","","","","","","","","","","","","","","","","","","","","","0.9416835308","","","","","","","","","","","","0.8229996562",
"中国","CHN","Firms that introduced a new product/service and process, and spent on R&D","IC.FRM.NPRD.ZS","","","","","","","","","","","","","","","","","","","","","","","","","","","","","","","","","","","","","","","","","","","","","","","","","","","","","25.37968636","","","","","","","","","","","","18.1577816",
"中国","CHN","Firms with at least 10% foreign ownership","IC.FRM.FO.ZS","","","","","","","","","","","","","","","","","","","","","","","","","","","","","","","","","","","","","","","","","","","","","","","","","","","","","4.288764477","","","","","","","","","","","","1.493154764",
"中国","CHN","Firms adopting energy management measures to reduce emissions (% of firms)","IC.FRM.ENGM.ZS","","","","","","","","","","","","","","","","","","","","","","","","","","","","","","","","","","","","","","","","","","","","","","","","","","","","","","","","","","","","","","","","","27.96221733",
"中国","CHN","对公职人员的非正常支付（占公司的百分比）","IC.FRM.CORR.ZS","","","","","","","","","","","","","","","","","","","","","","","","","","","","","","","","","","","","","","","","","","","","","","","","","","","","","10.65500832","","","","","","","","","","","","0.2877615392",
"中国","CHN","Bribery incidence (% of firms experiencing at least one bribe payment request)","IC.FRM.BRIB.ZS","","","","","","","","","","","","","","","","","","","","","","","","","","","","","","","","","","","","","","","","","","","","","","","","","","","","","11.59248257","","","","","","","","","","","","0.1434471458",
"中国","CHN","Firms experiencing electrical outages (% of firms)","IC.ELC.OUTG.ZS","","","","","","","","","","","","","","","","","","","","","","","","","","","","","","","","","","","","","","","","","","","","","","","","","","","","","33.69294739","","","","","","","","","","","","3.657439232",
"中国","CHN","新注册企业（数量）","IC.BUS.NREG","","","","","","","","","","","","","","","","","","","","","","","","","","","","","","","","","","","","","","","","","","","","","","","","","","","95252","102893","103532","117997","188558","210086","245321","229299","228559","211960","232064","","","","",
"中国","CHN","B-READY: Utility Services Pillar 1: Quality of Regulations on Utility Services","IC.BRE.US.P1","","","","","","","","","","","","","","","","","","","","","","","","","","","","","","","","","","","","","","","","","","","","","","","","","","","","","","","","","","","","","","","","","",
"中国","CHN","B-READY: Taxation Pillar 1: Quality of Regulations on Taxation","IC.BRE.TX.P1","","","","","","","","","","","","","","","","","","","","","","","","","","","","","","","","","","","","","","","","","","","","","","","","","","","","","","","","","","","","","","","","","",
"中国","CHN","B-READY: Pillar 1: Regulatory Framework","IC.BRE.P1.RF","","","","","","","","","","","","","","","","","","","","","","","","","","","","","","","","","","","","","","","","","","","","","","","","","","","","","","","","","","","","","","","","","",
"中国","CHN","B-READY: Market Competition: Overall Score","IC.BRE.MC.OS","","","","","","","","","","","","","","","","","","","","","","","","","","","","","","","","","","","","","","","","","","","","","","","","","","","","","","","","","","","","","","","","","",
"中国","CHN","B-READY: Labor: Overall Score","IC.BRE.LB.OS","","","","","","","","","","","","","","","","","","","","","","","","","","","","","","","","","","","","","","","","","","","","","","","","","","","","","","","","","","","","","","","","","",
"中国","CHN","B-READY: International Trade: Overall Score","IC.BRE.IT.OS","","","","","","","","","","","","","","","","","","","","","","","","","","","","","","","","","","","","","","","","","","","","","","","","","","","","","","","","","","","","","","","","","",
"中国","CHN","B-READY: Financial Services: Overall Score","IC.BRE.FS.OS","","","","","","","","","","","","","","","","","","","","","","","","","","","","","","","","","","","","","","","","","","","","","","","","","","","","","","","","","","","","","","","","","",
"中国","CHN","B-READY: Dispute Resolution: Overall Score","IC.BRE.DR.OS","","","","","","","","","","","","","","","","","","","","","","","","","","","","","","","","","","","","","","","","","","","","","","","","","","","","","","","","","","","","","","","","","",
"中国","CHN","B-READY: Business Location: Overall Score","IC.BRE.BL.OS","","","","","","","","","","","","","","","","","","","","","","","","","","","","","","","","","","","","","","","","","","","","","","","","","","","","","","","","","","","","","","","","","",
"中国","CHN","B-READY: Business Insolvency: Overall Score","IC.BRE.BI.OS","","","","","","","","","","","","","","","","","","","","","","","","","","","","","","","","","","","","","","","","","","","","","","","","","","","","","","","","","","","","","","","","","",
"中国","CHN","B-READY: Business Entry: Overall Score","IC.BRE.BE.OS","","","","","","","","","","","","","","","","","","","","","","","","","","","","","","","","","","","","","","","","","","","","","","","","","","","","","","","","","","","","","","","","","",
"中国","CHN","人力资本指数，男性 (数值范围 0-1)","HD.HCI.OVRL.MA","","","","","","","","","","","","","","","","","","","","","","","","","","","","","","","","","","","","","","","","","","","","","","","","","","","","","","","","","","0.657","0.640095114707947","","0.646641552448273","","","","",
"中国","CHN","人力资本指数，女性 (数值范围 0-1)","HD.HCI.OVRL.FE","","","","","","","","","","","","","","","","","","","","","","","","","","","","","","","","","","","","","","","","","","","","","","","","","","","","","","","","","","0.674","0.65461403131485","","0.659177899360657","","","","",
"中国","CHN","Government Effectiveness: Percentile Rank, Upper Bound of 90% Confidence Interval","GE.PER.RNK.UPPER","","","","","","","","","","","","","","","","","","","","","","","","","","","","","","","","","","","","","55.7377052307129","","59.0163917541504","","59.5628433227539","","58.9189186096191","60.5405387878418","60.6965179443359","59.3137245178223","64.3902435302734","69.4174728393555","68.4466018676758","66.9856491088867","66.5071792602539","66.3507080078125","63.9810409545898","63.5071105957031","73.5576934814453","74.2857131958008","72.8571395874023","74.2857131958008","76.1904754638672","77.6190490722656","82.3809509277344","84.2857131958008","77.3584899902344","82.0754699707031","",
"中国","CHN","Government Effectiveness: Estimate","GE.EST","","","","","","","","","","","","","","","","","","","","","","","","","","","","","","","","","","","","","-0.348653882741928","","-0.198783293366432","","-0.158842876553535","","-0.123097203671932","-0.147587299346924","-0.109930388629436","-0.140640497207642","0.0357880145311356","0.165997371077538","0.165779024362564","0.0932420492172241","0.0918448567390442","0.0836087092757225","0.0153677640482783","-0.00512068951502442","0.354851633310318","0.417423009872437","0.356383770704269","0.416875630617142","0.496678441762924","0.544862508773804","0.643971681594849","0.80791163444519","0.494212538003922","0.679014027118683","",
"中国","CHN","支出（现价本币单位）","GC.XPN.TOTL.CN","","","","","","","","","","","","","","","","","","","","","","","","","","","","","","","","","","","","","","","","","","","","","","","","","","","","","","","","","","","","","","","","","",
"中国","CHN","利息支付（占收入的百分比）","GC.XPN.INTP.RV.ZS","","","","","","","","","","","","","","","","","","","","","","","","","","","","","","","","","","","","","","","","","","","","","","4.34870323920915","4.35064201201436","2.19738712829215","3.43066332280543","3.2487080659407","3.25995431736937","3.31877780221327","3.43446314687576","3.5640025905739","2.55756756818138","3.23796955212862","2.92095458198829","3.40209957358349","2.76221448260219","2.90342194803221","3.91615191754211","3.4419404251668","","","",
"中国","CHN","雇员报酬（占支出的百分比）","GC.XPN.COMP.ZS","","","","","","","","","","","","","","","","","","","","","","","","","","","","","","","","","","","","","","","","","","","","","","","","","","","","","","","","","","","","","","","","","",
"中国","CHN","所得税、利润税和资本收益税（现值本币）","GC.TAX.YPKG.CN","","","","","","","","","","","","","","","","","","","","","","","","","","","","","","","","","","","","","","","","","","","","","","446096510000","565270000000","755876560000","940778000000","998589954400","1069814500000","1365643000000","1557560000000","1836283740000","2023958310000","2281059960000","2476984030000","2760352731000","3056652617000","3002020930000","3019852280000","3500133630000","3682138490000","3527450810000","",
"中国","CHN","其他税收（现价本币单位）","GC.TAX.OTHR.CN","","","","","","","","","","","","","","","","","","","","","","","","","","","","","","","","","","","","","","","","","","","","","","","","5800000","10000000","3653300","2210000","299000000","4861000000","4534470000","4444040000","15233450000","13597810000","21167886900","14143643900","11008890000","8316910000","6380030000","8322030000","6059350000","",
"中国","CHN","关税及其他进口税（现价本币单位）","GC.TAX.IMPT.CN","","","","","","","","","","","","","","","","","","","","","","","","","","","","","","","","","","","","","","","","","","","","","","107998070000","115750000000","145076890000","179010000000","150759765600","205446000000","258888000000","282491000000","267415890000","288863910000","260781080000","265177350000","304824768400","289756341800","293939020000","261797220000","286186390000","291330940000","264846350000","",
"中国","CHN","出口产品税收（占总税收比例）","GC.TAX.EXPT.ZS","","","","","","","","","","","","","","","","","","","","","","","","","","","","","","","","","","","","","","","","","","","","","","-25.2242438200254","","","","","","","","","","","","","","","","","","","",
"中国","CHN","社会缴款（占收入比例）","GC.REV.SOCL.ZS","","","","","","","","","","","","","","","","","","","","","","","","","","","","","","","","","","","","","","","","","","","","","","","","","","","","","","","29.507824765538","30.597698269811","31.2694220328747","32.0972168125701","37.8557216213236","37.7697803838233","34.4778211340833","40.2542071896761","41.4590189764005","42.7678191131633","",
"中国","CHN","Net lending (+) / net borrowing (-) (% of GDP)","GC.NLD.TOTL.GD.ZS","","","","","","","","","","","","","","","","","","","","","","","","","","","","","","","","","","","","","","","","","","","","","","","","","","","","","","","","","","","","","","","","","",
"中国","CHN","Net incurrence of liabilities, total (% of GDP)","GC.LBL.TOTL.GD.ZS","","","","","","","","","","","","","","","","","","","","","","","","","","","","","","","","","","","","","","","","","","","","","","","","","","","","","","","","","","","","","","","","","",
"中国","CHN","Net acquisition of financial assets (% of GDP)","GC.AST.TOTL.GD.ZS","","","","","","","","","","","","","","","","","","","","","","","","","","","","","","","","","","","","","","","","","","","","","","","","","","","","","","","","","","","","","","","","","",
"中国","CHN","Account ownership at a financial institution or with a mobile-money-service provider, young adults (% of population ages 15-24)","FX.OWN.TOTL.YG.ZS","","","","","","","","","","","","","","","","","","","","","","","","","","","","","","","","","","","","","","","","","","","","","","","","","","","","65.2909654430242","","","74.2828836132499","","","86.5750931091022","","","","88.4684252410524","","","88.558719237412",
"中国","CHN","Account ownership at a financial institution or with a mobile-money-service provider, male (% of population ages 15+)","FX.OWN.TOTL.MA.ZS","","","","","","","","","","","","","","","","","","","","","","","","","","","","","","","","","","","","","","","","","","","","","","","","","","","","67.5847964414684","","","81.444677603225","","","83.361786363876","","","","89.9227937995507","","","89.5550580073499",
"中国","CHN","私营部门的国内信贷（占 GDP 的百分比）","FS.AST.PRVT.GD.ZS","","","","","","","","","","","","","","","","","","51.0935676107391","50.2062527138515","49.6591351772497","52.5338903757861","55.9123910449572","56.6962627238279","56.8769167012018","60.605561954912","66.0691758356279","75.835000769586","77.8994924607046","73.8570601851852","76.9976757699012","86.033020264839","88.101074265209","86.0530634974135","96.5063917341575","85.4875547969596","83.7832971610429","88.9638086375131","96.1109753817389","104.374364546684","109.399598813293","109.994877039067","108.774792189184","115.979390472452","123.908441331551","116.911160094503","110.318412911549","107.618484093695","104.210464888538","100.407960956815","122.30114770831","124.425608463989","121.167093127879","126.819734509975","131.939045697462","137.623726308462","149.628832038708","153.192761827313","152.089747458443","154.991560224764","162.207566232758","179.104100221958","173.554518720488","181.785162429715","189.606708989308","194.165996844811",
"中国","CHN","贷款的风险溢价（基本利率减去国库券利率，%）","FR.INR.RISK","","","","","","","","","","","","","","","","","","","","","","","","","","","","","","","","","","","","","","","","","","","","","","","","","","","","","","","","","","","","","","","","","",
"中国","CHN","存款利率 (百分比)","FR.INR.DPST","","","","","","","","","","","","","","","","","","","","","5.4","5.4","5.76","5.76","5.759999999","7.2","7.2","7.2","8.64","11.34","8.64","7.56","7.56","10.98","10.98","10.98","7.47","5.67","3.78","2.25","2.25","2.25","1.98","1.98","2.25","2.25","2.52","4.14","2.25","2.25","2.75","3.5","3","3","2.75","1.5","1.5","1.5","1.5","1.5","1.5","1.5","1.5","1.5","1.5",
"中国","CHN","广义货币增长（年度百分比）","FM.LBL.BMNY.ZG","","","","","","","","","","","","","","","","","","","3.64631873252563","49.2413172979656","25.8547974092484","18.3471964574233","14.5623704302978","19.7334157214106","32.6489236213506","35.470334861748","30.2303636997682","25.3410200674164","20.6688114208158","18.652169837848","28.8665946932793","26.679108289799","30.7996709482819","46.6697907289342","31.5001345261317","29.4610222014778","25.2731567986698","20.7273116736513","14.9043500655997","14.6664777063988","12.3247819807429","15.042413505773","13.1404362825777","19.2397666568681","14.8869201406815","16.741652395309","22.1161188523734","16.7355345835518","17.778107551017","28.4232778726154","18.9483146133247","17.3229697862854","14.3916520166902","13.5889022146314","11.0119361361336","13.343101694296","11.3331189514331","8.10977796183974","6.99106169351358","8.8822790596896","10.0135623141248","9.0757457335677","11.6633002240566","9.84883453512065","6.8107070839647",
"中国","CHN","对私营部门的债权（年增长率占广义货币的百分比）","FM.AST.PRVT.ZG.M3","","","","","","","","","","","","","","","","","","","21.7497670083877","21.3105541193661","28.2196113872571","20.9682245227694","14.5421449158113","16.7188948227921","36.438366263639","44.5518966235932","38.1628341094176","25.4780581545538","21.7445396737628","21.0401891252955","26.4826956666754","21.6334398136481","21.743221373307","45.5438951301624","20.186767112845","21.0586888830634","20.7255097253204","16.9047628434345","13.6226933024745","9.80318228164029","9.47283944110006","7.77036049438869","13.4372870407008","16.7738403167991","9.14665753483603","7.2195517867649","10.6117519215686","13.3645714338624","9.89409362991542","22.7168945952563","14.4331275663176","10.8804609116073","11.0049324370088","10.4822050572847","9.58397616031297","12.101101827716","8.25501920303329","7.91513910690649","9.66444046894449","10.0876600372437","11.3662195612332","8.55499644536599","8.79626189199113","8.05655763834945","5.75742685864844",
"中国","CHN","对国内经济其他部门的债权（年增长率占广义货币的百分比）","FM.AST.DOMO.ZG.M3","","","","","","","","","","","","","","","","","","","","","","","","","","","","","","","","","","","","","","","","","","","","","","","","","","","","","","","","","","","","","","","","","",
"中国","CHN","总储备（占外债总额比例）","FI.RES.TOTL.DT.ZS","","","","","","","","","","","","","","","","","","","","","","174.306921709639","205.162267972859","206.328840704897","176.040677769512","101.08886065368","69.2154412790343","63.5351375936359","55.9662988208573","51.3049176967183","62.3413783151308","79.9297533528531","34.2611184412349","31.7658609678923","57.3982850273413","67.8599791892689","86.5866890253679","99.6891756523615","105.983119794166","108.458543224852","117.721046974955","119.391393823767","160.536099662391","200.887343913492","251.839641153722","290.848050701713","331.094072844704","409.362840457539","508.778446517509","539.696971805164","392.29361722598","308.731219860373","295.03728433131","262.102630204063","219.302852538992","255.31058222747","219.085442069193","189.13045865071","161.514934701141","152.443123731408","144.320949030117","125.825492388705","130.679171851976","140.939390642577","142.820654521431",
"中国","CHN","商业银行的存款人 (每10万成年人)","FB.CBK.DPTR.P3","","","","","","","","","","","","","","","","","","","","","","","","","","","","","","","","","","","","","","","","","","","","","","","6.50106099469698","7.34639110739579","8.13247094034976","9.08289456961551","10.3216137063479","11.7892242525751","13.251339077237","14.9499390486328","17.001514406451","19.2835255135057","22.2015104861433","25.5132030529133","29.1527163326123","33.1586256801891","36.3520527091683","39.8278082193259","44.399461674818","48.5069708907054","",
"中国","CHN","自动取款机（ATM）(每10万成年人)","FB.ATM.TOTL.P5","","","","","","","","","","","","","","","","","","","","","","","","","","","","","","","","","","","","","","","","","","","","","","","9.59944332538528","11.9691125182551","15.5757919698158","19.8323729956495","24.8510025708894","30.388763987833","37.5635161295462","46.7036389467806","54.9009694244368","76.9339502751273","81.5570276641094","84.3158473423323","97.0313446175447","95.3966370602301","87.6509331627919","81.5085206223716","76.6714803948581","72.0260546598632","",
"中国","CHN","陆地保护区面积（占土地总面积的比例）","ER.LND.PTLD.ZS","","","","","","","","","","","","","","","","","","","","","","","","","","","","","","","","","","","","","","","","","","","","","","","","","","","","","","17","17.1","17.1","17.1","17.1","15.6","15.6","15.6","15.6","15.6","15.6","15.6",
"中国","CHN","年度淡水抽取量，总量（10亿立方米）","ER.H2O.FWTL.K3","","","","","","","","","","","","","","","","","","","","","443.7","452.0825","460.465","468.8475","477.23","481.06","484.848","488.636","492.424","496.212","500","508.4666667","516.9333333","525.4","529.0428571","532.6857143","536.3285714","539.9714286","543.6142857","547.2571429","550.9","551.54","552.18","552.82","553.46","554.1","568","568.7","576.1","583.2","586.83","595","598.8","602.8","593.4","591.8","604.02","596.22","592.91","591.67","568.48","568.48","568.48","","",
"中国","CHN","年度淡水抽取量，农业（占淡水抽取总量的百分比）","ER.H2O.FWAG.ZS","","","","","","","","","","","","","","","","","","","","","88.16787958","87.86021555","87.56375356","87.27789275","87.00207447","86.30940007","85.62683563","84.95485392","84.29321073","83.64166929","83","81.13884136","79.33867244","77.59654365","76.29393938","75.00838555","73.73954956","72.48710743","71.25074346","70.03015002","68.82502728","67.97586922","67.12937781","66.2855405","65.44434483","64.60577843","64.25815503","63.01417819","63.28151986","63.51074719","62.50423585","62.44162775","64.31294547","64.52674355","64.5694259","64.40394583","62.38204033","62.32253367","61.39306791","61.1555836","62.14454059","62.14454059","62.14454059","","",
"中国","CHN","Aquaculture production (metric tons)","ER.FSH.AQUA.MT","958506","777762","741121","856931","1017083","1159540","1320775","1315911","1306208","1513849","1480670","1790968","1987611","1823366","1975622","2157727","2106125","2788044","2987334","2901626","3105342","3033775","3258008","3657489","4271240","5026016","5606227","6325967","7376299","8101298","8392965","9695110","12185159","15221669","18213586","21152498","23465787","23747399","25671893","28000956","29749708","31102502","33160273","34891716","37172411","38943267","40911091.487","42530160.303","44072886.736","46062875.713","47789756.781","49147606.101","52082585.663","55029057.764","57320503.727","59368941.586","62318377.873","64358480.813","66135059.342","68423859","70483538.48","72805297","75434999","78276940.6","",
"中国","CHN","最大城市中的人口","EN.URB.LCTY","6865312","6752117","6640636","6530995","6423017","6428131","6387638","6302144","6217680","6134575","6052468","5971461","5891428","5812684","5734886","5658129","5582296","5507683","5558902","5740309","5927898","6121076","6320829","6569409","6828127","7096280","7375356","7665406","7967288","8280178","8605812","9050404","9518933","10010327","10527819","11072063","11645251","12246411","12879499","13545316","14246541","14829537","15357256","15903755","16470495","17055788","17662731","18291272","18943092","19616251","20314309","20947904","21555451","22178874","22821226","23482181","24163230","24862075","25582138","26317104","27058479","27795702","28516903","29210808","29867918",
"中国","CHN","Rural population living in areas where elevation is below 5 meters (% of total population)","EN.POP.EL5M.RU.ZS","","","","","","","","","","","","","","","","","","","","","","","","","","","","","","","0.873821910899052","","","","","","","","","","0.674956513746236","","","","","","","","","","","","","","","0.525493494671787","","","","","","","","","",
"中国","CHN","Total greenhouse gas emissions excluding LULUCF (% change from 1990)","EN.GHG.TOT.ZG.AR5","","","","","","","","","","","","","","","","","","","","","","","","","","","","","","","","3.57592957467008","6.79640504137142","12.3626120488737","17.2879506872505","28.2697833410909","28.5034676646276","29.1398864941849","31.9296239059001","30.6417246092155","36.3921834949178","41.5415370578906","50.4232866922648","69.4941910479843","92.0825911037166","114.784446338162","135.926301618935","152.006175379141","157.930432957169","174.645195681027","197.947973085242","224.741134164472","234.511832852884","248.761160109167","252.70943695898","248.288022143839","247.804428299212","254.470832446635","270.101763286273","278.503428609952","283.280688079815","300.417987376829","300.173087627891","315.104964018928","318.453923980802",
"中国","CHN","Nitrous oxide (N2O) emissions from Power Industry (Energy) (Mt CO2e)","EN.GHG.N2O.PI.MT.CE.AR5","","","","","","","","","","","1.159","1.1475","1.1531","1.1471","1.1057","1.2281","1.1677","1.3546","1.7588","1.8285","1.8776","1.8562","1.9294","2.0201","2.191","2.3067","2.4321","2.6674","2.8987","3.1271","3.633","3.9073","4.2339","4.6818","5.1441","6.619","7.73","7.6237","8.5555","8.9377","10.3108","10.5704","12.2632","17.7417","21.1911","23.2531","25.5788","29.5103","28.1871","28.6671","31.1779","34.2577","35.1379","36.6364","37.5322","37.1451","37.9144","41.2882","44.997","49.3304","51.5168","58.853","59.938","64.2478","64.7943",
"中国","CHN","Nitrous oxide (N2O) emissions from Fugitive Emissions (Energy) (Mt CO2e)","EN.GHG.N2O.FE.MT.CE.AR5","","","","","","","","","","","0.1258","0.1258","0.1274","0.1294","0.1322","0.1416","0.1433","0.1461","0.1918","0.1949","0.2339","0.223","0.2276","0.2261","0.2408","0.2757","0.2812","0.291","0.3228","0.4396","0.3947","0.4036","0.4213","0.4508","0.4827","0.5191","0.5357","0.5524","0.6057","0.5496","0.5711","0.5869","0.5786","0.6801","0.6326","0.6654","0.7952","0.8992","0.9045","1.1742","1.2588","1.2755","1.2883","1.3278","0.9342","1.0143","0.8366","0.9472","0.8247","0.8904","0.7348","0.7661","0.9065","0.9276","0.9269",
"中国","CHN","Carbon dioxide (CO2) emissions (total) excluding LULUCF (% change from 1990)","EN.GHG.CO2.ZG.AR5","","","","","","","","","","","","","","","","","","","","","","","","","","","","","","","","5.6299399381065","10.5833748433589","19.7121273862535","26.2042884737049","39.4113482127687","38.3543647574375","42.3747374057699","45.8836151389804","42.8076414786345","51.0961049112774","58.4349752526244","71.1930474234887","97.7034856243871","127.656719641274","158.283836787191","186.747394519318","211.563490540146","221.099288474119","244.58210705138","277.173295250974","312.369893718043","325.416984187642","345.700040451047","350.698399793694","345.263744057122","346.250756230791","355.59902383994","377.472780454863","389.300196887166","395.557571250547","419.901761861381","418.527432776747","439.343510075608","443.629929334514",
"中国","CHN","Carbon intensity of GDP (kg CO2e per constant 2015 US$ of GDP)","EN.GHG.CO2.RT.GDP.KD","","","","","","","","","","","3.87622490589783","3.63427043369561","3.73234477129895","3.6047213568252","3.58423482382957","3.78003334170975","3.9960875698459","4.17584822763486","4.22738373337685","4.02459129986024","3.65252085186834","3.44351862803642","3.30046252543311","3.13656853854161","2.96603403227362","2.6427674763457","2.57614744153858","2.46808052082741","2.3857955278785","2.36786393412418","2.31858384810027","2.23946653948366","2.05117461424097","1.94902028396554","1.81716567712207","1.80787000909015","1.63141040782822","1.53614505215388","1.45848068870487","1.32519784897373","1.29124003028333","1.2500449672447","1.23641856373563","1.29668547088091","1.35578118632061","1.38004797320084","1.35978460568449","1.29431903973798","1.21631287838271","1.19308296540098","1.18080550972293","1.17940683852303","1.12809715458083","1.0965825098719","1.0318822483914","0.952936184356233","0.894444935344965","0.854309443011614","0.838659800727931","0.810263287437438","0.801860230901059","0.774846489474757","0.749313334177565","0.739359083766105","0.709900826296661",
"中国","CHN","Carbon dioxide (CO2) net fluxes from LULUCF - Organic Soil (Mt CO2e)","EN.GHG.CO2.LU.OS.MT.CE.AR5","","","","","","","","","","","","","","","","","","","","","","","","","","","","","","","","","","","","","","","","","0","0","0","0","0","0","0","0","0","0","0","0","0","0","0","0","0","0","0","0","0","","","","",
"中国","CHN","Carbon dioxide (CO2) net fluxes from LULUCF - Deforestation (Mt CO2e)","EN.GHG.CO2.LU.DF.MT.CE.AR5","","","","","","","","","","","","","","","","","","","","","","","","","","","","","","","","","","","","","","","","","1.5428","1.5428","1.5428","1.5428","1.5428","1.5428","1.8853","2.2277","2.5702","2.9126","3.2551","3.5975","3.94","4.2824","4.6249","4.9673","5.3098","5.6522","5.9946","6.3371","6.6795","3.2532","3.2532","3.2532","",
"中国","CHN","Carbon dioxide (CO2) emissions from Building (Energy) (Mt CO2e)","EN.GHG.CO2.BU.MT.CE.AR5","","","","","","","","","","","218.8873","218.8873","232.0184","238.0108","238.7838","277.6192","282.0094","318.6167","350.927","358.6673","334.7992","353.2285","366.0809","384.5453","415.4207","435.3299","460.0512","478.0637","511.4119","506.716","525.0124","528.063","500.1959","516.9846","497.9662","518.0256","403.902","491.479","448.2664","460.7216","371.3473","381.0208","397.1562","439.181","496.4614","523.5905","546.993","561.2781","546.5671","560.3861","590.2142","624.9722","649.9575","681.7431","690.1844","722.0913","729.7829","728.2851","671.0431","624.4747","618.1586","597.5237","575.4959","574.5494","586.644",
"中国","CHN","Methane (CH4) emissions from Transport (Energy) (Mt CO2e)","EN.GHG.CH4.TR.MT.CE.AR5","","","","","","","","","","","0.1366","0.1395","0.1611","0.1843","0.2214","0.2408","0.2418","0.2626","0.289","0.3024","0.2972","0.3006","0.3223","0.3593","0.4003","0.4211","0.4607","0.5024","0.5513","0.5857","0.609","0.7177","0.8358","1.0075","0.9648","1.0653","1.3576","1.3388","1.3851","1.6324","2.1138","2.2862","2.5156","3.0242","3.2019","3.5353","3.6938","3.6789","4.5446","4.6913","4.5562","4.901","4.8816","4.7895","5.0426","5.0979","4.84","4.7765","4.8556","5.2837","5.2121","5.5462","5.1804","5.4186","5.542",
"中国","CHN","Methane (CH4) emissions from Industrial Combustion (Energy) (Mt CO2e)","EN.GHG.CH4.IC.MT.CE.AR5","","","","","","","","","","","1.0213","1.0213","1.0769","1.0965","1.1025","1.2925","1.3345","1.5145","1.6487","1.6512","1.5977","1.5538","1.6454","1.7404","1.9307","1.7742","1.844","1.9791","2.0883","2.0655","2.0038","2.0945","2.1801","2.3101","2.4232","2.7349","2.5491","2.4494","2.6576","2.2258","2.0779","2.164","2.247","2.6304","3.5235","4.6202","4.8915","5.1579","5.5428","5.8842","6.3411","6.6609","6.7732","6.5562","6.5156","6.3022","5.78","5.1267","4.6407","4.3715","4.294","4.1232","3.8605","3.8382","3.8999",
"中国","CHN","Total greenhouse gas emissions excluding LULUCF per capita (t CO2e/capita)","EN.GHG.ALL.PC.CE.AR5","","","","","","","","","","","2.09506290364957","2.07703699300325","2.11728385323017","2.1327230877384","2.11214694285556","2.27985246536701","2.3121943514723","2.47765224626506","2.66518226456731","2.68998199183699","2.63437759558108","2.58010685340859","2.64021355700306","2.71845100702622","2.8673836954163","2.84536183209012","2.9360617366117","3.06238165741881","3.18692165246045","3.24931712331829","3.27060672929963","3.34165418238065","3.40358704515996","3.54004938732562","3.65369451308277","3.95261529395653","3.91852852038931","3.89783793671118","3.94401381714824","3.87184232898418","4.01054310594031","4.13183512206628","4.36178623867541","4.88426334989134","5.50240865690643","6.11664774644862","6.68131599823039","7.09951429752975","7.2292754717266","7.65956477322236","8.26942008888357","8.96393476749676","9.17121452676508","9.49840673689152","9.54557855757876","9.37127070862261","9.3047845855641","9.42590754289275","9.7956385269041","9.98253391061591","10.0844940826306","10.5259945056501","10.5209347991573","10.9248416754684","11.0265417768236",
"中国","CHN","干旱、洪水和极端气温 （占总人口的百分比，1990年-2009年平均值）","EN.CLC.MDAT.ZS","","","","","","","","","","","","","","","","","","","","","","","","","","","","","","","","","","","","","","","","","","","","","","","","","","7.95097147464036","","","","","","","","","","","","","","","",
"中国","CHN","PM2.5 pollution, population exposed to levels exceeding WHO Interim Target-3 value (% of total)","EN.ATM.PM25.MC.T3.ZS","","","","","","","","","","","","","","","","","","","","","","","","","","","","","","","99.9795406500176","","","","","99.9765662234224","","","","","99.9832380736288","","","","","99.9888189456023","","","","","99.9852966777226","99.987803292945","99.9791742057402","99.9726312338643","99.962154535884","99.9630307864801","99.9418675096877","99.9382823977342","","","","","","","",
"中国","CHN","能源使用量(人均千克石油当量）","EG.USE.PCAP.KG.OE","","","","","","","","","","","","","","","","","","","","","","","","","","","","","","","773.250116673841","740.586120549437","756.63514647117","792.633509359554","821.273750333988","872.82633002387","884.894160616361","876.489344673065","872.405987083978","880.738578841902","898.07500446721","921.506436459842","976.159336791292","1105.13742396493","1249.04415339994","1369.79197119649","1490.18647938836","1595.46606847798","1629.97754209383","1728.61645229501","1899.79996108685","2027.46525356855","2085.21872095825","2137.32572690907","2177.55011435267","2175.1544486832","2149.2047500244","2215.91139022057","2310.87757050979","2397.96868908473","2465.96954605987","2623.79959356116","2676.48200976111","2850.94152906511","",
"中国","CHN","化石燃料能耗（占总量的百分比）","EG.USE.COMM.FO.ZS","","","","","","","","","","","","","","","","","","","","","","","","","","","","","","","75.0967524729209","74.4546361271812","75.0325612005259","76.0341910929516","76.565581923963","77.8894508666135","78.6966346202617","78.5088664982454","78.7181037732634","79.2004088067724","79.922462606017","80.8331458521972","81.9217928499847","84.2309775025242","86.0923723329147","87.3709947582302","88.2842653796328","89.3091739828854","89.5211571180054","90.1612712655318","90.8066275814595","91.4247318781345","91.1492191796216","91.0001219143645","89.5548400213043","71.0695588904552","0","0","0","0","0","0","0","0","",
"中国","CHN","GDP单位能源使用量（购买力平价美元/千克石油当量）","EG.GDP.PUSE.KO.PP","","","","","","","","","","","","","","","","","","","","","","","","","","","","","","","1.28131398821142","1.49205121114304","1.68647907783479","1.85614102784436","2.04559678345189","2.1583629700446","2.35931910211648","2.62109644105183","2.84644316553681","3.05408623002993","3.29987180500405","3.53595154377963","3.67846295587339","3.62589842598741","3.60670146056357","3.75836831255566","3.99029712760679","4.34685885388985","4.73187260871273","4.88713549120525","4.95375219065068","5.15756887286049","5.47676490256428","5.72134301031597","5.94319110986881","6.18959870149034","6.58720463866447","6.77934923508702","7.05282065562453","7.33991683751605","7.4078280385784","7.94393668094446","8.60539190740537","8.83186100098487","",
"中国","CHN","Renewable electricity output (% of total electricity output)","EG.ELC.RNEW.ZS","","","","","","","","","","","","","","","","","","","","","","","","","","","","","","","20.4079398906752","18.4711307876776","17.5846836703706","18.1252601684878","18.0884357039359","19.2141393015674","17.5522106198623","17.5124660177764","18.0611563169165","16.6814659250101","16.6391375029689","18.9581214478014","17.6186164128829","15.0371010412115","16.2232487195383","16.1592699120884","15.5566024437238","15.2657979334449","17.6408195697663","17.8108790138305","18.7929868229344","16.836073329416","20.0980373624987","20.1334892653115","22.0557011175979","23.8649488788885","25.0520357144816","25.0386725537724","25.8127409492271","26.8897023697607","28.111907967469","28.427997926748","","","",
"中国","CHN","输配电损耗（占电产量的比例）","EG.ELC.LOSS.ZS","","","","","","","","","","","","","","","","","","","","","","","","","","","","","","","6.99537075786939","7.19424460431655","7.24069749400255","7.38431224273884","6.42147277927702","7.38674132912133","7.12295415833518","7.02868592678151","6.77456102783726","6.95145762613444","6.90922582386862","6.97843072246242","7.0649584926283","6.59781081300324","6.44701025912388","6.82460789308873","6.48590312335788","6.28227278405992","6.16603959696411","6.07855429560914","6.10324209189511","5.72696538268161","5.79922687921314","5.7656831056128","5.32872821712073","5.10375821947701","4.94033876369028","4.75939076557592","4.69240329095852","4.43746316383222","4.16389640609799","3.78659226465804","3.42196644419848","3.42898799062376","",
"中国","CHN","通电率（占人口的百分比）","EG.ELC.ACCS.ZS","","","","","","","","","","","","","","","","","","","","","","","","","","","","","","","","","","","","","","","","","96.7","97","97.2","97.4","97.7","97.9","98.2","98.5","98.8","99.1","99.7","99.9","99.9","100","100","100","100","100","100","100","100","100","100","100","",
"中国","CHN","Access to clean fuels and technologies for cooking  (% of population)","EG.CFT.ACCS.ZS","","","","","","","","","","","","","","","","","","","","","","","","","","","","","","","","","","","","","","","","","40.3","41.6","42.8","44.1","45.7","47.4","49.1","51.2","53.2","55.3","57.9","60.3","63.1","65.9","69","71.6","74.2","76.9","79.5","81.6","83.8","85.6","87.2","88.7","",
"中国","CHN","多边债务还本付息（TDS，现价美元）","DT.TDS.MLAT.CD","","","","","","","","","","","","","","","","","","","","","","","","3338498","9300367.2","30003716","77749632.8","224637363.1","183870523.4","242323274","445799380.8","403686028.7","535269556.9","649623333.2","839931264.6","1040826294.1","1100263623.3","1286121563.7","1391747927.4","1660359048.4","2918562848.1","2990041576.7","4271748631","5318503649","2419803259.7","1882592749.6","2275614339.2","2508749323.2","2539021404.7","2345984874.4","2329161976.3","3954686111.4","3280853933.9","3422290610.3","3534919261.8","3422121782.3","3573949538.2","3813578796.1","3848590845.1","3842734247.3","3378742490.1","3000969587.7","3268286195.3","4677743484.5","5975220341.6",
"中国","CHN","债务还本付息（仅针对PPG和IMG，在商品与服务的出口和初次收入中所占%）","DT.TDS.DPPF.XP.ZS","","","","","","","","","","","","","","","","","","","","","","","7.58958385984067","9.76105095896503","6.61442691129369","6.36970960224014","8.34258792034677","7.99967191272075","8.5067382015998","10.1016352161233","10.61087782865","10.8471167581194","9.38499580272947","10.2438423904561","8.13551420499848","8.98416222815204","8.32007878237502","11.5007594228784","8.70614978223589","9.17518947476203","7.10365634221398","6.09499146981097","5.08765834133732","3.02695463642206","1.27949109885197","1.09628764086999","0.850106942984024","0.645147457761912","0.585786185578993","0.63504326598963","0.768929630666259","0.657141959874656","0.446124159147646","0.480039992306932","0.544490697183815","1.34005981208142","0.763737304766045","0.691453049447116","0.734223632345877","1.01216063370734","1.13417715479413","1.29780022208048","1.84229534811799","1.4933153636037","",
"中国","CHN","长期外债还本付息总额（TDS，现价美元）","DT.TDS.DECT.CD","","","","","","","","","","","","","","","","","","","","","","1743635917.8","2124828192.7","2691395954.7","2286227986","2481745623.2","2976756251.6","3851628282.8","4564677627.3","5650229980.4","7056975229.5","8305074273.5","8618762657","10167405673.9","11136934634.6","15067444786.4","15757292217.3","18446260602.8","18434865982","26581795275.6","26609930527","24999393407.6","31091925238.5","37519535501.1","23301697517.9","27504276158.7","27549722813.3","31886365834.5","33344543655.3","39904389626.9","52102047006.4","62799034208.9","72246426556.2","77195293539.4","81601049291","126685482041.4","167750486716.1","206298461725.5","240938620316.8","275788460562.3","274409068255.5","337298000067.6","452169297298.3","450534050731.3","352496730598.7",
"中国","CHN","收到的净官方发展援助（2020年不变价美元）","DT.ODA.ODAT.KD","","","","","","","","","","","","","","","","","","","","43801471.7102051","160119873.046875","1219036376.95313","1141128662.10938","1528382934.57031","1846963256.83594","2260237304.6875","1976320678.71094","2201737548.82813","2903669921.875","3083130371.09375","2844567138.67188","2629095947.26563","3726551269.53125","3894742919.92188","3527023681.64063","3603033447.26563","3059992187.5","2676002441.40625","2988327392.57813","2760991943.35938","2181594726.5625","1968374023.4375","1850868286.13281","1486064208.98438","1698302001.95313","1760867065.42969","1326110107.42188","1465881713.86719","1265865112.30469","1147342529.29688","1123446899.41406","-482662536.621094","189162658.691406","-468757324.21875","-788099548.339844","-137774200.439453","-560518249.511719","-829194152.832031","-517751953.125","-400154785.15625","-355317047.119141","-403866333.007813","-230167083.740234","-267158996.582031","",
"中国","CHN","收到的净官方援助（2020年不变价美元）","DT.ODA.OATL.KD","","","","","","","","","","","","","","","","","","","","","","","","","","","","","","","","","","","","","","","","","","","","","","","","","","","","","","","","","","","","","","","","","",
"中国","CHN","Net official flows from UN agencies, WTO-ITC (current US$)","DT.NFL.WITC.CD","","","","","","","","","","","","","","","","","","","","","","","","","","","","","","","","","","","","","","","","","","","","","","","","","","","","","","","","","","","","","","","","","",
"中国","CHN","Net official flows from UN agencies, UNWOMEN (current US$)","DT.NFL.UNWN.CD","","","","","","","","","","","","","","","","","","","","","","","","","","","","","","","","","","","","","","","","","","","","","","","","","","","","","","","","","","","","","","1082059.97943878","1170323.01425934","1450163.96045685","",
"中国","CHN","Net official flows from UN agencies, UNIDO (current US$)","DT.NFL.UNIDO.CD","","","","","","","","","","","","","","","","","","","","","","","","","","","","","","","","","","","","","","","","","","","","","","","","","","","","","","","","","","","","","7373.0000294745","37071.0007846355","7.99999997980194","1174.99998304993","",
"中国","CHN","来自联合国机构的净官方流动，UNECE（现价美元）","DT.NFL.UNEC.CD","","","","","","","","","","","","","","","","","","","","","","","","","","","","","","","","","","","","","","","","","","","","","","","","","","","","","","","","","","","","","","","","","",
"中国","CHN","来自联合国机构的净官方流动，UNHCR（现价美元）","DT.NFL.UNCR.CD","","","","","","","","","","","","","","","","","","","","6159999.84741211","11609999.6566772","9489999.77111816","10930000.3051758","6530000.20980835","4130000.11444092","3599999.90463257","4750000","4639999.8664856","4000000","4110000.1335144","4079999.92370605","7579999.92370605","4070000.17166138","3230000.01907349","2519999.98092651","2650000.09536743","3000000","3029999.97138977","2809999.94277954","2069999.9332428","1649999.97615814","2089999.91416931","2720000.02861023","2809999.94277954","","1480000.01907349","259999.990463257","2240000.00953674","2349999.90463257","1710000.03814697","1090000.0333786","2190000.05722046","","","","","603047.013282776","222660.005092621","2949826.00212097","2732331.99119568","3028481.00662231","3915129.89997864","4085700.03509521","4043399.81079102","",
"中国","CHN","Net official flows from UN agencies, SPRP (current US$)","DT.NFL.SPRP.CD","","","","","","","","","","","","","","","","","","","","","","","","","","","","","","","","","","","","","","","","","","","","","","","","","","","","","","","","","","","","","","","","","",
"中国","CHN","PPG，私人债权人（NFL，现价美元）","DT.NFL.PRVT.CD","","","","","","","","","","","","","","","","","","","","","","89820000","-120509000","363886000","245598000","2863510000","3689745000","5461928000","5424993000","3801065000","4619780000","2492774000","8751335000","7885352000","6690731000","4468927000","6324732000","6823283000","209418000","-1914695000","168071000","-2721690000","-4061635000","-2794158000","1646242000","2360240000","-1145666000","1333985000","-2384386000","-707248000","2718001000","24975998000","24819762000","20675577000","28820372000","-1679813000","7976749000","39224797000","66140148000","59557717000","71472946000","169202582000","-7877495000","-48929817000","22453072000",
"中国","CHN","商业银行和其他贷款（公共和公共担保贷款(PPG) + 私人无担保贷款(PNG)）（NFL，现价美元）","DT.NFL.PCBO.CD","","","","","","","","","","","","","","","","","","","","","","106519000","-144089000","359428000","161298000","1892092000","2356755000","4397640000","4654316000","3384451000","4667616000","2468905000","8952102000","5979429000","3814393000","4696140000","5263514000","4804615000","-3935672000","-1725694000","-2138296000","-5651338000","-3395153000","-2932125000","4148865000","2625096000","5794863000","13851610000","14238099000","-10477226000","24119960000","28416365000","15942605000","18895291000","45056776000","19772777000","12345786000","3768480000","-5419975000","52980687000","19255793000","68209819000","-20930471000","-1795326000","-19393209000",
"中国","CHN","国际金融公司（IFC），私人无担保贷款（NFL，现价美元）","DT.NFL.NIFC.CD","","","","","","","","","","","","","","","","","","","","","","0","0","0","0","0","0","0","0","0","0","0","0","0","0","0","0","0","0","0","0","42082500","-16502600","-58948500","59251800","235441306.48","237218924.93","104987617.79","65840628.67","-34191620.09","40013967.75","-21443783.51","-62351565.49","-57956187","390186602","-84623030","80979521","114962949","106687792","159406753","392048453","269360364","208891650","5840006.88999999","319081919.13",
"中国","CHN","净金融流动，IBRD，（NFL，现价美元）","DT.NFL.MIBR.CD","","","","","","","","","","","","","","","","","","","","","","","","4013000","72927000","353551000","324312000","206076000","513926000","542203000","375589000","537876000","356702000","731895000","1065485000","1107099000","943023000","1210761000","1077974000","788340000","949726000","663126000","-576913000","-837387000","306268000","273697000","233230000","285308000","632871000","298519000","195621000","53804000","-96004000","-74989000","81380000","176614000","90344000","765075000","476575000","715661000","328679000","720985000","-237055000","-486465000","-596314000",
"中国","CHN","来自联合国机构的净官方流量，IFAD（现价美元）","DT.NFL.IFAD.CD","","","","","","","","","","","","","","","","","","","","","","400000.005960464","3450000.04768372","2980000.01907349","10329999.9237061","19709999.0844727","22959999.0844727","32979999.5422363","10710000.038147","6730000.01907349","17489999.7711182","13699999.8092651","12479999.5422363","14210000.038147","10810000.4196167","10319999.6948242","17940000.5340576","26469999.3133545","12670000.0762939","12689999.5803833","6550000.19073486","11229999.5422363","3829999.92370605","4360000.1335144","5500000","11750000","14670000.0762939","26790000.9155273","11390000.3433228","15720000.2670288","13710000.038147","22920000.0762939","34750000","12159999.8474121","26209999.0844727","32838554.3823242","21832637.7868652","15020209.312439","33433708.190918","8506978.03497314","-10159957.8857422","-18464000.7019043","-17701969.1467285","-7847390.17486572","",
"中国","CHN","Net official flows from UN agencies, CERF (current US$)","DT.NFL.CERF.CD","","","","","","","","","","","","","","","","","","","","","","","","","","","","","","","","","","","","","","","","","","","","","","","","","","","","","","","","","","","","","","","","","",
"中国","CHN","外债的现值（占出口货物、服务和收入的百分比）","DT.DOD.PVLX.EX.ZS","","","","","","","","","","","","","","","","","","","","","","","","","","","","","","","","","","","","","","","","","","","","","","","","","","","","","","","","","","","","","","","","","11.5053470773135",
"中国","CHN","PPG，IBRD（DOS，现价美元）","DT.DOD.MIBR.CD","","","","","","","","","","","","","","","","","","","","","","0","0","4013000","73287000","498208000","965355000","1427332000","1831486000","2329622000","2865140000","3493654000","3751945000","4549049000","5933288000","7209433000","7615907000","8238641000","9644393000","10400447000","11118246000","11549545000","11254207000","10656808000","11034761000","11139798000","11415040000","11761514000","12464003000","12756051000","12961701000","13021286000","12913033000","12824491000","12897877000","13069721000","13145616000","13906782000","14371236000","15067104000","15408995000","16085112000","15797876000","15339644000","14685262000",
"中国","CHN","短期外债（DOD，现价美元）","DT.DOD.DSTC.CD","","","","","","","","","","","","","","","","","","","","","","","2300000000","3984000000","5600000000","6419000000","6076000000","8221000000","8806000000","6907000000","9317000000","10780000000","13765000000","15296000000","17483000000","22325450000","25407080000","31464000000","17340000000","15180000000","13080000000","56300000000","65680000000","88093000000","115770000000","148267000000","173377000000","203698000000","187188000000","240509000071.4","512323000066.2","771361000064.1","792108000065.4","1077031000068.4","1239452085974.1","822244079544.5","801396077737.5","1030633085053.2","1218901082134.2","1205312080771.4","1236232086566","1367100081763.8","1265190078358.7","1287403080192.3","1305871555000",
"中国","CHN","国际货币基金信贷利用额（已支付未偿还债务，债务余额按现值美元计）","DT.DOD.DIMF.CD","","","","","","","","","","","0","0","0","0","0","0","0","0","0","0","0","884059046.9","837842329","324059292.7","303401460.7","339990647.3","1071881716.8","1155346773.4","1012623101.6","907536555.3","469216030.6","0","","","","","","","","325010365.9","308529088","297593664","321934336","351877696","367752768","338451136","356241920","374203200","364735936","10957633395.1","10764299164.7","10731028342.6","10742560523.9","10764083662","10126666125.8","9685796677.3","9396432681.2","9954225477.5","9721171324.7","9665491725.9","10066998408.5","50673914230.1","48184738416","48576699224.5","47217703105.9",
"中国","CHN","Net ODA provided, total (% of GNI)","DC.ODA.TOTL.GN.ZS","","","","","","","","","","","","","","","","","","","","","","","","","","","","","","","","","","","","","","","","","","","","","","","","","","","","","","","","","","","","","","","","","",
"中国","CHN","来自DAC捐助国的双边援助净流量，美国（现价美元）","DC.DAC.USAL.CD","","","","","","","","","","","","","","","","","","","","","","","","","","","","","","","","","","","","","","","400000.005960464","38250000","1570000.05245209","4840000.15258789","16989999.7711182","25629999.1607666","21489999.7711182","23170000.0762939","18870000.8392334","40799999.2370605","65220001.2207031","52880001.0681152","85720001.2207031","48979999.5422363","49380001.0681152","42459999.0844727","32139999.3896484","33415340.423584","46086158.7524414","38867099.7619629","31325439.453125","35124298.0957031","21824890.1367188","14058520.3170776","7247227.19192505","10176299.0951538","",
"中国","CHN","Net bilateral aid flows from DAC donors, Slovak Republic (current US$)","DC.DAC.SVKL.CD","","","","","","","","","","","","","","","","","","","","","","","","","","","","","","","","","","","","","","","","","","","","","","","","","1440000.05722046","90000.0035762787","","","","100000.001490116","140000.000596046","79999.9982118607","90000.0035762787","93919.99989748","","","","","","","",
"中国","CHN","来自DAC捐助国的双边援助净流量，挪威（现价美元）","DC.DAC.NORL.CD","","","","","","","","","","","","","","","","","","","","","519999.980926514","1200000.04768372","779999.971389771","5840000.15258789","11859999.6566772","3589999.91416931","4449999.80926514","8289999.96185303","10109999.6566772","6280000.20980835","5820000.17166138","10600000.3814697","15659999.8474121","11369999.8855591","22549999.2370605","10489999.7711182","9100000.38146973","15029999.7329712","11909999.8474121","14069999.6948242","9899999.61853027","9649999.61853027","12189999.5803833","11939999.5803833","14750000","13810000.4196167","14369999.8855591","16969999.3133545","24520000.4577637","21670000.0762939","22549999.2370605","23489999.7711182","24320365.9057617","21157707.2143555","19923194.8852539","11444812.7746582","10374356.2698364","10076980.5908203","11584326.7440796","11257512.0925903","9068307.87658691","8877655.98297119","10112911.2243652","5092784.8815918","",
"中国","CHN","来自DAC捐助国的双边援助净流量，韩国（现价美元）","DC.DAC.KORL.CD","","","","","","","","","","","","","","","","","","","","","","","","","","","","","19999.9995529652","29999.9993294477","29999.9993294477","319999.992847443","209999.993443489","699999.988079071","2890000.10490417","5880000.11444092","40720001.2207031","14000000","18020000.4577637","23180000.3051758","14619999.8855591","16180000.3051758","26500000","16399999.6185303","25250000","19719999.3133545","10149999.6185303","6309999.94277954","15689999.5803833","629999.995231628","3089999.91416931","-1019999.98092651","-1610000.01430511","-14410900.1159668","-6755829.81109619","-7349873.06594849","-5269248.00872803","-7698763.84735107","-6671389.10293579","-4349946.97570801","-624809.02671814","-4990923.88153076","-4498256.20651245","-5327192.78335571","",
"中国","CHN","航空运输，货运量（百万吨-公里）","IS.AIR.GOOD.MT.K1","","","","","","","","","","","","","","","29.2000007629","46.2000007629","49","60","86","123","120.9000015259","155.3999938965","184.1999969482","216","302","403","467.5","647.5","731.799987793","683.0999755859","818.299987793","1009.5","1316","1547","1717.1999511719","1501","1688.5999755859","2083.6000976563","2474.1999511719","3295.3999023438","3900.08","4232.312","5013.505","5650.63","7024.25","7579.401","7692.205","11189.538","11386.055","11976.438","17193.8774","16764.869","15568.753","16053.7331","17822.581","19805.63","21304.5851","23323.6147","25256.2071","25394.5878","19264.2436","20961.2116","18964.4442","26170.3716","",
"中国","CHN","Statistical performance indicators (SPI): Pillar 3 data products score  (scale 0-100)","IQ.SPI.PIL3","","","","","","","","","","","","","","","","","","","","","","","","","","","","","","","","","","","","","","","","","","","","","","47.30625","47.45","48.34375","51.20625","51.20625","51.65","52.275","53.05625","51.3625","50.73125","56.79375","58.90625","59.9875","60.43125","59.675","64.9625","77.51875","73.8625","78.74375","76.6",
"中国","CHN","国家政策和制度评估 (CPIA) 公共部门透明度、问责性和腐败评级（1=低至 6=高）","IQ.CPA.TRAN.XQ","","","","","","","","","","","","","","","","","","","","","","","","","","","","","","","","","","","","","","","","","","","","","","","","","","","","","","","","","","","","","","","","","",
"中国","CHN","国家政策和制度评估 (CPIA)收入动员效率评级（1=低至 6=高）","IQ.CPA.REVN.XQ","","","","","","","","","","","","","","","","","","","","","","","","","","","","","","","","","","","","","","","","","","","","","","","","","","","","","","","","","","","","","","","","","",
"中国","CHN","国家政策和制度评估 (CPIA) 公共资源使用公平性评级（1=低至 6=高）","IQ.CPA.PRES.XQ","","","","","","","","","","","","","","","","","","","","","","","","","","","","","","","","","","","","","","","","","","","","","","","","","","","","","","","","","","","","","","","","","",
"中国","CHN","国家政策和制度评估 (CPIA) 人力资源建设评级（1=低至 6=高）","IQ.CPA.HRES.XQ","","","","","","","","","","","","","","","","","","","","","","","","","","","","","","","","","","","","","","","","","","","","","","","","","","","","","","","","","","","","","","","","","",
"中国","CHN","国家政策和制度评估 (CPIA) 预算和金融管理质量评级（1=低至 6=高）","IQ.CPA.FINQ.XQ","","","","","","","","","","","","","","","","","","","","","","","","","","","","","","","","","","","","","","","","","","","","","","","","","","","","","","","","","","","","","","","","","",
"中国","CHN","国家政策和制度评估 (CPIA) 企业监管环境评级（1=低至 6=高）","IQ.CPA.BREG.XQ","","","","","","","","","","","","","","","","","","","","","","","","","","","","","","","","","","","","","","","","","","","","","","","","","","","","","","","","","","","","","","","","","",
"中国","CHN","专利申请，非居民","IP.PAT.NRES","","","","","","","","","","","","","","","","","","","","","","","","","","4493","4515","4084","4872","4910","4305","4051","4387","7534","7876","8688","11114","12102","33645","34418","26560","33412","40426","48548","64598","79842","88183","92101","95259","85508","98111","110583","117464","120200","127042","133612","133522","135885","148187","157093","152342","159019","","","",
"中国","CHN","Public private partnerships investment in water and sanitation (current US$)","IE.PPN.WATR.CD","","","","","","","","","","","","","","","","","","","","","","","","","","","","","","","","","","","30800000","150000000","149300000","211400000","272000000","119200000","72400000","242260000","916210000","618720000","603380000","1007319000","604261030","1822808170","683556780","506710000","123700000","368140000","273960000","169340000","308870000","774050000","950170000","1426080000","1627080000","3326340000","2312270000","3654630000","937080000","286060000","",
"中国","CHN","私营部门参与的供水及卫生投资（现价美元）","IE.PPI.WATR.CD","","","","","","","","","","","","","","","","","","","","","","","","","","","","","","","","","","","30800000","150000000","149300000","211400000","272000000","203200000","72400000","242260000","917650000","662200000","603380000","1007319000","604261030","1901875470","973613580","512430000","639700000","591630000","273960000","169340000","352820000","774050000","950170000","1426080000","1627080000","3326340000","2312270000","3654630000","937080000","286060000","",
"中国","CHN","企业与税务官员见面的平均次数","IC.TAX.METG","","","","","","","","","","","","","","","","","","","","","","","","","","","","","","","","","","","","","","","","","","","","","","","","","","","","","2.105326414","","","","","","","","","","","","1.866165161",
"中国","CHN","提供正式培训的公司（占公司数的百分比）","IC.FRM.TRNG.ZS","","","","","","","","","","","","","","","","","","","","","","","","","","","","","","","","","","","","","","","","","","","","","","","","","","","","","79.16427612","","","","","","","","","","","","79.11882782",
"中国","CHN","Firms visited or required meetings with tax officials (% of firms)","IC.FRM.METG.ZS","","","","","","","","","","","","","","","","","","","","","","","","","","","","","","","","","","","","","","","","","","","","","","","","","","","","","59.40280914","","","","","","","","","","","","28.00981712",
"中国","CHN","女性参与股权的公司（占公司数的百分比）","IC.FRM.FEMO.ZS","","","","","","","","","","","","","","","","","","","","","","","","","","","","","","","","","","","","","","","","","","","","","","","","","","","","","64.22044373","","","","","","","","","","","","43.99720764",
"中国","CHN","取得营业执照所需时间（天）","IC.FRM.DURS","","","","","","","","","","","","","","","","","","","","","","","","","","","","","","","","","","","","","","","","","","","","","","","","","","","","","27.47535896","","","","","","","","","","","","6.481730461",
"中国","CHN","Firms monitoring own CO2 emissions (% of firms)","IC.FRM.CO2.ZS","","","","","","","","","","","","","","","","","","","","","","","","","","","","","","","","","","","","","","","","","","","","","","","","","","","","","","","","","","","","","","","","","13.80229664",
"中国","CHN","利用银行筹措投资资金的公司（占公司数的百分比）","IC.FRM.BNKS.ZS","","","","","","","","","","","","","","","","","","","","","","","","","","","","","","","","","","","","","","","","","","","","","","","","","","","","","14.66676807","","","","","","","","","","","","12.66063404",
"中国","CHN","通电延误（天数）","IC.ELC.DURS","","","","","","","","","","","","","","","","","","","","","","","","","","","","","","","","","","","","","","","","","","","","","","","","","","","","","6.91380024","","","","","","","","","","","","6.083430767",
"中国","CHN","新企业密度（15至64岁间每1000人中的新注册）","IC.BUS.NDNS.ZS","","","","","","","","","","","","","","","","","","","","","","","","","","","","","","","","","","","","","","","","","","","","","","","","","","","3.57916649444442","3.82491905415101","3.81285584862301","4.30268432703376","6.8906064426538","7.70635403904422","9.08159034538926","8.57801803149901","8.66926108411754","8.15325597869537","8.58374051702774","","","","",
"中国","CHN","B-READY: Utility Services: Overall Score","IC.BRE.US.OS","","","","","","","","","","","","","","","","","","","","","","","","","","","","","","","","","","","","","","","","","","","","","","","","","","","","","","","","","","","","","","","","","",
"中国","CHN","B-READY: Taxation: Overall Score","IC.BRE.TX.OS","","","","","","","","","","","","","","","","","","","","","","","","","","","","","","","","","","","","","","","","","","","","","","","","","","","","","","","","","","","","","","","","","",
"中国","CHN","B-READY: Market Competition Pillar 3:  Implementation of Key Services Promoting Market Competition","IC.BRE.MC.P3","","","","","","","","","","","","","","","","","","","","","","","","","","","","","","","","","","","","","","","","","","","","","","","","","","","","","","","","","","","","","","","","","",
"中国","CHN","B-READY: Labor Pillar 3: Operational Efficiency of Labor Regulations and Public Services in Practice","IC.BRE.LB.P3","","","","","","","","","","","","","","","","","","","","","","","","","","","","","","","","","","","","","","","","","","","","","","","","","","","","","","","","","","","","","","","","","",
"中国","CHN","B-READY: International Trade Pillar 3: Efficiency of Importing Goods, Exporting Goods, and Engaging in Digital Trade","IC.BRE.IT.P3","","","","","","","","","","","","","","","","","","","","","","","","","","","","","","","","","","","","","","","","","","","","","","","","","","","","","","","","","","","","","","","","","",
"中国","CHN","B-READY: Financial Services Pillar 3: Operational Efficiency of Receiving Financial Services","IC.BRE.FS.P3","","","","","","","","","","","","","","","","","","","","","","","","","","","","","","","","","","","","","","","","","","","","","","","","","","","","","","","","","","","","","","","","","",
"中国","CHN","B-READY: Dispute Resolution Pillar 3:  Ease of Resolving a Commercial Dispute","IC.BRE.DR.P3","","","","","","","","","","","","","","","","","","","","","","","","","","","","","","","","","","","","","","","","","","","","","","","","","","","","","","","","","","","","","","","","","",
"中国","CHN","B-READY: Business Location Pillar 3: Operational Efficiency of Establishing a Business Location","IC.BRE.BL.P3","","","","","","","","","","","","","","","","","","","","","","","","","","","","","","","","","","","","","","","","","","","","","","","","","","","","","","","","","","","","","","","","","",
"中国","CHN","B-READY: Business Insolvency Pillar 3: Operational Efficiency of Resolving Judicial Insolvency Proceedings","IC.BRE.BI.P3","","","","","","","","","","","","","","","","","","","","","","","","","","","","","","","","","","","","","","","","","","","","","","","","","","","","","","","","","","","","","","","","","",
"中国","CHN","B-READY: Business Entry Pillar 3: Operational Efficiency of Business Entry","IC.BRE.BE.P3","","","","","","","","","","","","","","","","","","","","","","","","","","","","","","","","","","","","","","","","","","","","","","","","","","","","","","","","","","","","","","","","","",
"中国","CHN","人力资本指数，男性，上界 (数值范围 0-1)","HD.HCI.OVRL.UB.MA","","","","","","","","","","","","","","","","","","","","","","","","","","","","","","","","","","","","","","","","","","","","","","","","","","","","","","","","","","0.666","0.652821958065033","","0.659694254398346","","","","",
"中国","CHN","人力资本指数，男性，下界 (数值范围 0-1)","HD.HCI.OVRL.LB.MA","","","","","","","","","","","","","","","","","","","","","","","","","","","","","","","","","","","","","","","","","","","","","","","","","","","","","","","","","","0.648","0.626458466053009","","0.632632613182068","","","","",
"中国","CHN","人力资本指数 (数值范围 0-1)","HD.HCI.OVRL","","","","","","","","","","","","","","","","","","","","","","","","","","","","","","","","","","","","","","","","","","","","","","","","","","","","","","","","","","0.673","0.64709883928299","","0.65310263633728","","","","",
"中国","CHN","Government Effectiveness: Percentile Rank, Lower Bound of 90% Confidence Interval","GE.PER.RNK.LOWER","","","","","","","","","","","","","","","","","","","","","","","","","","","","","","","","","","","","","30.6010932922363","","32.2404365539551","","37.7049179077148","","42.7027015686035","40.5405387878418","43.7810935974121","40.6862754821777","44.8780479431152","50.970874786377","49.5145645141602","49.2822952270508","45.4545440673828","45.497631072998","44.0758285522461","43.6018943786621","55.769229888916","55.238094329834","54.2857131958008","56.6666679382324","59.0476188659668","60","60.9523811340332","67.1428604125977","57.0754699707031","60.3773574829102","",
"中国","CHN","补贴和其它拨款占支出比例","GC.XPN.TRFT.ZS","","","","","","","","","","","","","","","","","","","","","","","","","","","","","","","","","","","","","","","","","","","","","","","","","","","","","","","","","","","","","","","","","",
"中国","CHN","其他支出（占支出的百分比）","GC.XPN.OTHR.ZS","","","","","","","","","","","","","","","","","","","","","","","","","","","","","","","","","","","","","","","","","","","","","","","","","","","","","","","","","","","","","","","","","",
"中国","CHN","利息支付（现价本币单位）","GC.XPN.INTP.CN","","","","","","","","","","","","","","","","","","","","","","","","","","","","","","","","","","","","","","","","","","","","","","81501130000","100090000000","101214720000","127000000000","132070250000","150888430000","181996000000","206041000000","231540610000","260360270000","357839940000","340761478400","449600050500","419888000000","461163790000","559116560000","590847580000","","","",
"中国","CHN","雇员报酬（现值本币）","GC.XPN.COMP.CN","","","","","","","","","","","","","","","","","","","","","","","","","","","","","","","","","","","","","","","","","","","","","","","","","","","","","","","","","","","","","","","","","",
"中国","CHN","税收（占国民生产总值（GDP）比例）","GC.TAX.TOTL.GD.ZS","","","","","","","","","","","","","","","","","","","","","","","","","","","","","","","","","","","","","","","","","","","","","","8.45243795005463E-09","8.9294828249282E-09","9.62573731753299E-09","9.94341352833548E-09","1.01348503814718E-08","1.00382796581446E-08","1.01512000219484E-08","1.00894667610088E-08","9.7321625039509E-09","9.49826837509792E-09","9.19468038601503E-09","8.94556190479944E-09","9.24872439365958E-09","8.89089034402513E-09","8.32942550168391E-09","7.92409749807608E-09","7.79829641266188E-09","7.51799464421188E-09","7.6382330077989E-09","",
"中国","CHN","国际贸易税占总税收比例","GC.TAX.INTT.RV.ZS","","","","","","","","","","","","","","","","","","","","","","","","","","","","","","","","","","","","","","","","","","","","","","-15.8416948621915","5.03133992297594","3.14964158077656","4.83561449933386","3.70843900518133","4.43867415603878","4.7209375352172","4.70879547674531","4.11621496859936","2.83756414845501","2.35971757879016","2.27305914729244","2.30659274490301","1.90614917250741","1.85059846535453","1.83367433279063","1.66715839789604","1.61081926788766","1.3582101434115","",
"中国","CHN","货物和服务税收（占工业和服务业增加值比例）","GC.TAX.GSRV.VA.ZS","","","","","","","","","","","","","","","","","","","","","","","","","","","","","","","","","","","","","","","","","","","","","","8.66136168646329","6.55666284187625","7.05145411705509","7.21261526604699","7.61415421457219","7.70259061039966","7.55599865981682","7.38159773404308","6.84065739465368","6.51752491162581","6.05253811811126","5.78206678760786","6.04987418666964","5.69449076787671","5.42161251205235","5.13193667216151","4.91572271798098","4.62168955866891","5.05151371343818","",
"中国","CHN","出口产品税收（现值本币）","GC.TAX.EXPT.CN","","","","","","","","","","","","","","","","","","","","","","","","","","","","","","","","","","","","","","","","","","","","","","-404894860000","","","","","","","","","","","","","","","","","","","",
"中国","CHN","社会缴款（现值本币）","GC.REV.SOCL.CN","","","","","","","","","","","","","","","","","","","","","","","","","","","","","","","","","","","","","","","","","","","","","","","","","","","","","","","3003895310000","3381464321000","3647922000000","4241766000000","5754500000000","5999147000000","4922465000000","6910085000000","7498231000000","8339579000000","",
"中国","CHN","Net lending (+) / net borrowing (-) (current LCU)","GC.NLD.TOTL.CN","","","","","","","","","","","","","","","","","","","","","","","","","","","","","","","","","","","","","","","","","","","","","","","","","","","","","","","","","","","","","","","","","",
"中国","CHN","Net incurrence of liabilities, total (current LCU)","GC.LBL.TOTL.CN","","","","","","","","","","","","","","","","","","","","","","","","","","","","","","","","","","","","","","","","","","","","","","","","","","","","","","","","","","","","","","","","","",
"中国","CHN","Net acquisition of financial assets (current LCU)","GC.AST.TOTL.CN","","","","","","","","","","","","","","","","","","","","","","","","","","","","","","","","","","","","","","","","","","","","","","","","","","","","","","","","","","","","","","","","","",
"中国","CHN","Account ownership at a financial institution or with a mobile-money-service provider, secondary education or more (% of population ages 15+)","FX.OWN.TOTL.SO.ZS","","","","","","","","","","","","","","","","","","","","","","","","","","","","","","","","","","","","","","","","","","","","","","","","","","","","81.8726449250129","","","90.0206819695057","","","94.1404015505187","","","","97.2123467815806","","","94.4530338656865",
"中国","CHN","Account ownership at a financial institution or with a mobile-money-service provider, female (% of population ages 15+)","FX.OWN.TOTL.FE.ZS","","","","","","","","","","","","","","","","","","","","","","","","","","","","","","","","","","","","","","","","","","","","","","","","","","","","60.008675441337","","","76.4173378243648","","","75.6557719927572","","","","87.3449018911007","","","89.2021200745424",
"中国","CHN","Domestic credit provided by financial sector (% of GDP)","FS.AST.DOMS.GD.ZS","","","","","","","","","","","","","","","","","","","","","","","","","","","","","","","","","","","","","","","","","","","","","","","","","","","","","","","","","","","","","","","","","",
"中国","CHN","实际利率 （%）","FR.INR.RINR","","","","","","","","","","","","","","","","","","","","","1.22905737660605","2.61760645395072","7.38029465203481","5.93152551218763","2.18728192930244","-2.06864620704208","3.09469930257532","2.68046318014202","-2.76690993093089","2.51581673063437","3.45382567040575","1.79286012956736","0.406518064125153","-3.65038040675863","-8.00770674360062","-1.38428669988859","3.35584231000161","6.86907697641839","7.27661176422659","7.15697314599555","3.67308868578273","3.55921916796861","4.6374989735253","2.59864630092319","-1.31805746144017","1.76511318953532","2.01937450123308","-0.411124456133464","-2.36108572327859","5.39639019800592","-1.04598657931298","-1.34800592549109","3.51038465814056","3.61884518177429","4.46024340812095","4.20696426973205","2.83073632160298","0.19585733630837","0.852537111572747","2.99509285161556","3.79985989492251","-0.118557234530241","2.36988583421333","4.88038486696444","5.09321925687914",
"中国","CHN","批发物价指数（2010年该指数为100）","FP.WPI.TOTL","","","","","","","","","","","","","","","","","","35.0903611818616","36.4911740033413","44.5458477279236","47.7326968973747","50.5343225408115","51.6467780429594","53.9379474940334","56.0859188544153","60.9069212405728","64.8210023866348","72.5536992840095","89.2601431980907","102.673031026253","100","97.9952267303103","","","","","","","","","","","","","","","","","","","","","","","","","","","","","","","","","",
"中国","CHN","广义货币与总储备的比率","FM.LBL.BMNY.IR.ZS","","","","","","","","","","","","","","","","","","10.368241548965","8.12770611413247","6.62989053041122","6.90027605787577","7.76543893861082","5.04195533043686","5.24103746832488","6.03896327596169","9.82243123444699","11.2086605814865","7.94623907031076","8.31837817535576","10.0045067183452","8.14269127720104","6.72734391301499","15.3667492074604","16.2653195192833","9.42169966336409","9.0591341058509","8.19168321056633","7.56719545605418","8.34216407712413","9.0585030613134","9.56159099440525","8.58733889893133","7.18092855357686","6.12537219863554","4.70180636698265","4.15410489679399","4.01056083368323","3.42945911927568","3.47819057890342","3.64165875098704","3.67955624022524","4.04941947135621","4.55569310972581","4.60250046516739","5.12685138018407","6.56543645307633","7.53105784624782","7.66271845571442","8.55372626690545","8.76793699791273","9.27014259140349","10.596724819437","11.7412704843365","11.7587244450638","12.3383530366558",
"中国","CHN","Monetary Sector credit to private sector (% GDP)","FM.AST.PRVT.GD.ZS","","","","","","","","","","","","","","","","","","51.0935676107391","50.2062527138515","49.6591351772497","52.5338903757861","55.9123910449572","56.6962627238279","56.8769167012018","60.605561954912","66.0691758356279","75.835000769586","77.8994924607046","73.8570601851852","76.9976757699012","86.033020264839","88.101074265209","86.0530634974135","96.5063917341575","85.4875547969596","83.7832971610429","88.9638086375131","96.1109753817389","104.374364546684","109.399598813293","109.994877039067","108.774792189184","115.979390472452","123.908441331551","116.911160094503","110.318412911549","107.618484093695","104.210464888538","100.407960956815","122.30114770831","124.425608463989","121.167093127879","126.819734509975","131.939045697462","137.623726308462","149.628832038708","153.192761827313","152.089747458443","154.991560224764","162.207566232758","179.104100221958","173.554518720488","181.785162429715","189.606708989308","194.165996844811",
"中国","CHN","对中央政府的债权（年增长率占广义货币的百分比）","FM.AST.CGOV.ZG.M3","","","","","","","","","","","","","","","","","","","-6.5237651444548","44.77913903563","5.02334688959181","-1.97474717252109","0.970824695353188","0.50756940459902","3.28074314361545","-5.22995692649715","3.1159613530534","2.35327473773745","1.22401789529243","-0.612366044927672","1.52811789591946","1.09863164849236","2.3038996929926","0.712368409153502","0.417031008273357","0.712058533300086","0.845687192868373","-0.740742200898084","3.51367905689708","0.977689394222874","-0.000983129335373175","3.78078207134542","1.48071825467533","-0.0866837389555932","1.16424205884742","-0.180648843422943","0.0540753939749679","3.72029689505549","0.304083204382605","0.642685635476778","0.346730235994117","1.0690364463985","0.976977502526392","-0.168363820433223","0.54254484903025","3.52091587029722","4.60069971714064","2.74443457978616","2.77401366646342","2.16056895482866","2.56522793178343","2.09429205643049","2.76142119476711","2.79212009080233","3.37964362047404",
"中国","CHN","总储备（包括黄金，按现值美元计）","FI.RES.TOTL.CD","","","","","","","","","","","","","","","","","","4456360000","4449800000","8707600000","10090779859.0455","10106339042.8511","17151500473.3587","19831702777.5854","21281443729.6592","16881047188.0492","16417429180.4582","22453016927.8895","23751513805.8296","23052566323.2318","34475661158.6121","48165019103.1198","24852636915.1072","27348104116.5518","57781337884.3961","80288427869.5104","111728900039.4","146448007873.157","152842955596.126","161414049491.999","171763098225.843","220056777617.14","297739475705.212","416199411548.593","622948544349.601","831409619695.566","1080755682869.9","1546364660543.37","1966037431070.11","2452899062067.79","2913711711315.38","3254674063563.49","3387512973773.81","3880368265252.93","3900039302991.09","3405253363888.14","3097658421378.4","3235681607213.04","3168216331199.08","3222894578036.36","3357240875433.71","3427931394628.85","3306839412813.78","3449544415518.98","3456024808739.12",
"中国","CHN","商业银行的借款人 (每10万成年人)","FB.CBK.BRWR.P3","","","","","","","","","","","","","","","","","","","","","","","","","","","","","","","","","","","","","","","","","","","","","","","","","","","","","272.077218529383","292.383195552602","317.150004627917","345.096803712683","384.200760839166","427.387902650853","470.505933459298","504.110001637108","534.545340825346","566.755110750003","607.980879693602","640.720951996723","",
"中国","CHN","银行不良贷款与贷款总额的比率（百分比）","FB.AST.NPER.ZS","","","","","","","","","","","","","","","","","","","","","","","","","","","","","","","","","","","","","","","","","","","","","","","","","","","1.13237045139299","0.961585528954036","0.953674330051852","0.999702805112438","1.24873335628106","1.67388016445151","1.74447934478824","1.74435460635256","1.83294883223349","1.86175485330958","1.83961969163289","1.72739169215062","","","",
"中国","CHN","人均可再生内陆淡水资源（立方米）","ER.H2O.INTR.PC","","4259.83977708116","4225.03266893972","4122.4618405915","4027.89412261672","3933.10821675511","3824.99320097906","3727.917301703","3631.84465016591","3533.68298734336","3437.42935177774","3344.29114082071","3263.11149263947","3189.44599405855","3124.22946631865","3069.5278782621","3022.39748142497","2981.48825328182","2941.8562695769","2902.87459817029","2866.69350359496","2830.20671405645","2788.83237659003","2748.82489177278","2712.99399609384","2676.30156797077","2636.78887128676","2594.84241744962","2553.39814638309","2514.54878648371","2477.92210080295","2444.34209840282","2414.56861550083","2386.96921353654","2360.14213376852","2334.63777798988","2310.29526508152","2286.77113184155","2264.93334997403","2245.40704937597","2227.7837396893","2211.66018005268","2196.89159637613","2183.25054330953","2170.32193353008","2157.59518915104","2145.5813031075","2134.40474699993","2123.49630658549","2112.96065381668","2102.78050840806","2091.32104369031","2077.18267008322","2063.39309292568","2050.42788622746","2038.54014175351","2026.8916766946","2014.66106581007","2005.26105677379","1998.16017815727","1993.40939692439","1991.63102891614","1991.89193973835","","",
"中国","CHN","Level of water stress: freshwater withdrawal as a proportion of available freshwater resources","ER.H2O.FWST.ZS","","","","","","","","","","","","","","","","","","","","","32.40531105","33.01752092","33.6297308","34.24194067","34.85415054","35.13387184","35.4105257","35.68717956","35.96383342","36.24048728","36.51714115","37.13549807","37.75385499","38.37221192","38.63826537","38.90431883","39.17037229","39.43642574","39.7024792","39.96853266","40.23458611","40.28132806","40.32807","40.37481194","40.42155388","40.46829582","41.48347234","41.53459634","42.07505003","42.59359343","42.85870788","43.45539796","43.73292824","44.02506537","43.33854311","43.22168826","44.11416719","43.54449979","43.30275631","43.2121938","41.5185288","41.5185288","41.5185288","","",
"中国","CHN","水的生产率，总（2015年不价变美元GDP每立方米的总的淡水撤出）","ER.GDP.FWTL.M3.KD","","","","","","","","","","","","","","","","","","","","","0.965515308209519","0.996061928763162","1.06652258008092","1.15981858169743","1.31301335725688","1.47756476328769","1.59701082769868","1.76889485404881","1.95227633853204","2.01886537065602","2.08254379239132","2.23958175439329","2.51790663592157","2.82240072078167","3.16939001567757","3.49499718346044","3.8175581034066","4.14397266640835","4.44223905414534","4.7540772977248","5.12814702813495","5.54798607984657","6.05378351818512","6.65859941147342","7.32472939951155","8.15458471006932","8.96330093443384","10.2190128626237","11.0632599247318","11.9561544084107","13.1412661296343","14.1870891107604","15.2045468860327","16.2785256517931","17.77032153425","19.0618702052533","19.9416454235411","21.5947405703489","23.1825374426754","24.640903760793","26.2462465426494","28.4955722152207","29.3886772685908","","",
"中国","CHN","人口超过100万的城市群中的人口（占总人口的百分比）","EN.URB.MCTY.TL.ZS","8.12274019218373","8.44078566777217","8.52879733241209","8.47429781558912","8.44938161823142","8.44599411341122","8.36082458525972","8.24952912331853","8.13405275593601","8.00692968185673","7.87981131960187","7.78964885478032","7.75438650627008","7.73455620563757","7.73407919142556","7.75914218213762","7.800977344644","7.87504788251692","7.96958432906454","8.08101083069747","8.20299948534245","8.33698445997273","8.46203791281243","8.6582333799142","8.87601678200275","9.09980124448166","9.32456331611657","9.54976306115577","9.78715521545347","10.0457983283422","10.3288791694746","10.7738245364014","11.2657590324214","11.7997874308408","12.3764950685288","13.0027277971208","13.6846326639563","14.4231628965713","15.2348891045022","16.1326560685221","17.1269473209018","17.7922191296143","18.2966462043112","18.8280167649798","19.3852683679571","19.9622812413708","20.5677715061555","21.2019417475728","21.8633839754502","22.5512588074456","23.2701013302634","23.8570343522659","24.356355016652","24.870916419706","25.4053428921318","25.9626321510878","26.5254622817573","27.0795983426621","27.68816041233","28.3415047469535","29.0349980865991","29.7699843524314","30.5230098252695","31.2803562036138","32.0103496513423",
"中国","CHN","Population living in slums (% of urban population)","EN.POP.SLUM.UR.ZS","","","","","","","","","","","","","","","","","","","","","","","","","","","","","","","","","","","","","","","","","","","","","","","","","","","","","","","","","","","","","","","26.32091","","",
"中国","CHN","人口密度（每公里土地面积人数）","EN.POP.DNST","","70.3357920805262","70.9152397944239","72.6796793864671","74.3860676909967","76.1787340558677","78.3319575000666","80.3717412723351","82.497803104945","84.7894975101856","87.1637419114318","89.5912443746172","91.8200942667696","93.9408302931856","95.9017921337843","97.6108433414108","99.132958751631","100.493169653556","101.846989588049","103.214656618646","104.517348813677","105.864777780737","107.435358027321","108.999014725854","110.438580140069","111.952706840998","113.630335792081","115.467206348361","117.341357547999","119.154261976407","120.915506084734","122.576625036615","124.088088834447","125.522861023087","126.949644502437","128.336621134526","129.688982907321","131.023100200996","132.286384121395","133.436760709953","134.492481002789","135.473048750848","136.383779609948","137.235919250104","138.053436689892","138.867766063821","139.645342881819","140.376588050196","141.097705219827","141.801244134798","142.487743405","143.268509836432","144.243669001474","145.207643927049","146.125816729087","146.977949259981","147.822641376791","148.720043543977","149.417194545073","149.948179684945","150.305542803154","150.439753691066","150.42004812419","150.264001337848","",
"中国","CHN","Nitrous oxide (N2O) emissions (total) excluding LULUCF (% change from 1990)","EN.GHG.N2O.ZG.AR5","","","","","","","","","","","","","","","","","","","","","","","","","","","","","","","","2.17220719372955","4.38543493883214","2.79819309848428","6.80845130902801","22.7661755595099","28.6203613265309","19.9968658455131","23.7457524716995","27.8758844096171","26.6772623621462","25.8063438205881","33.4342075294221","35.3650925094092","43.8292300619187","48.9741597412479","57.7849747251181","57.6964041338576","54.2092347708322","52.1906241922159","47.2311319866967","54.9287844051233","57.3230710258556","58.7243376698099","51.1065370550394","54.060477658971","48.3782094836596","42.5348165770654","45.2137120795153","48.6538307164808","48.7135947407658","51.6806711392383","55.8454477750384","61.3880233048968","62.7062118096938",
"中国","CHN","Nitrous oxide (N2O) emissions (total) excluding LULUCF (Mt CO2e)","EN.GHG.N2O.MT.CE.AR5","","","","","","","","","","","118.0129","120.5282","123.8388","126.7622","121.8314","129.8321","135.8205","149.9141","162.2947","172.1841","184.4609","178.8851","185.0254","196.2917","208.273","201.967","204.9437","230.9137","243.0512","250.2946","260.3573","266.0128","271.7751","267.6426","278.0836","319.6307","334.8725","312.4206","322.1811","332.9342","329.8135","327.546","347.4057","352.4329","374.4699","387.8651","410.8047","410.5741","401.495","396.2394","383.327","403.3684","409.6021","413.2504","393.4169","401.1077","386.3135","371.0998","378.0745","387.0311","387.1867","394.9117","405.755","420.1855","423.6175",
"中国","CHN","Nitrous oxide (N2O) emissions from Building (Energy) (Mt CO2e)","EN.GHG.N2O.BU.MT.CE.AR5","","","","","","","","","","","9.2753","9.2753","9.7363","10.1952","10.5413","10.8742","11.0931","11.5072","12.0363","12.2217","11.8927","11.9383","11.9302","12.1205","12.4294","12.1736","12.502","12.8561","13.2136","13.5029","15.1353","15.3896","15.4459","15.8862","15.7413","16.2805","13.8914","16.3481","16.8359","17.5105","12.3441","12.1511","12.3284","12.5194","12.8346","13.2036","13.3741","12.3154","11.3547","11.1616","11.0748","11.182","11.1004","11.1018","11.0971","10.9413","10.6419","10.6951","10.1599","9.7437","9.4588","9.8455","9.6304","9.3756","9.3066",
"中国","CHN","Carbon dioxide (CO2) emissions from Waste (Mt CO2e)","EN.GHG.CO2.WA.MT.CE.AR5","","","","","","","","","","","0.1595","0.1595","0.1634","0.167","0.1705","0.1738","0.1808","0.1877","0.1946","0.2015","0.2086","0.2193","0.2302","0.2414","0.2532","0.2656","0.2789","0.2929","0.3073","0.3219","0.3362","0.3527","0.3689","0.3848","0.4006","0.4163","0.433","0.4496","0.4661","0.4826","0.4993","0.5209","0.5427","0.5647","0.587","0.6247","0.9318","1.2389","1.546","1.8531","2.1602","2.4673","2.7744","2.8574","2.9405","3.0235","3.1024","3.1809","3.2588","3.336","3.4124","3.4822","3.5489","3.6225","3.6976",
"中国","CHN","Carbon dioxide (CO2) emissions from Power Industry (Energy) (Mt CO2e)","EN.GHG.CO2.PI.MT.CE.AR5","","","","","","","","","","","129.8272","129.8272","140.1618","150.9129","147.7156","176.1276","181.8306","205.1542","269.5869","294.748","310.0849","309.5043","319.3383","334.544","364.6878","393.0314","424.4443","473.5896","529.4545","577.6832","639.2037","704.1067","780.4039","890.4797","966.3726","1058.4988","1208.3556","1189.0226","1259.2519","1295.1792","1426.8505","1506.5746","1686.0073","1996.1011","2203.9197","2373.2391","2686.1872","2930.6144","2961.79","3143.7416","3477.5069","3954.7109","4076.1597","4347.3977","4389.7637","4266.2715","4410.4652","4705.7338","5071.1848","5238.1309","5376.5779","5943.0808","6071.9047","6486.1297","6577.9459",
"中国","CHN","Carbon dioxide (CO2) net fluxes from LULUCF - Other Land (Mt CO2e)","EN.GHG.CO2.LU.OL.MT.CE.AR5","","","","","","","","","","","","","","","","","","","","","","","","","","","","","","","","","","","","","","","","","-117.7908","-117.7908","-117.7908","-117.7908","-117.7908","-117.7908","-133.2616","-148.7325","-164.2033","-179.6741","-195.145","-210.6158","-226.0866","-241.5575","-257.0283","-272.4992","-287.97","-303.4408","-318.9117","-334.3825","-349.8533","-369.1057","-369.1057","-369.1057","",
"中国","CHN","Carbon dioxide (CO2) emissions from Industrial Processes (Mt CO2e)","EN.GHG.CO2.IP.MT.CE.AR5","","","","","","","","","","","83.8986","87.3455","95.0961","100.5742","99.904","100.0958","105.3384","112.8425","122.9749","132.4877","132.1215","129.5332","140.8896","150.5157","161.4158","176.6545","191.9905","204.5942","223.6778","226.9658","234.3597","255.5621","288.4774","318.2049","350.0458","376.839","386.5636","403.6476","418.4541","438.8754","453.4665","484.5903","528.6179","587.7229","643.0167","725.9438","834.7844","928.2875","958.0825","1039.2606","1108.0515","1209.1967","1252.678","1330.0961","1403.9762","1341.4602","1389.0479","1397.0865","1440.3517","1510.9485","1553.0991","1557.6839","1477.6859","1456.092","1396.1707",
"中国","CHN","Carbon dioxide (CO2) emissions from Agriculture (Mt CO2e)","EN.GHG.CO2.AG.MT.CE.AR5","","","","","","","","","","","4.6383","4.6383","4.6383","4.6383","4.1737","5.6849","5.7357","6.8326","7.8257","9.8047","10.8146","10.3484","10.8586","11.9497","13.2849","12.4064","11.9214","14.4164","16.3946","16.5917","17.7969","18.2139","19.0504","15.8091","17.8813","23.6123","24.6342","23.2467","23.794","25.4477","24.1277","24.6966","31.1269","29.2422","29.9781","21.1181","23.5031","21.4833","20.4613","24.6089","21.3701","24.6059","25.3131","26.51","22.5878","24.6508","18.2058","15.1617","15.3779","17.1319","16.2812","15.9153","16.3139","16.6374","16.9691",
"中国","CHN","Methane (CH4) emissions from Power Industry (Energy) (Mt CO2e)","EN.GHG.CH4.PI.MT.CE.AR5","","","","","","","","","","","0.0341","0.0341","0.0423","0.0491","0.0454","0.0553","0.0589","0.0632","0.0753","0.0861","0.0939","0.0934","0.0925","0.0932","0.0988","0.1055","0.1118","0.1237","0.1356","0.1467","0.1577","0.1721","0.192","0.2256","0.2487","0.2968","0.3119","0.3291","0.3507","0.3574","0.3868","0.4038","0.4409","0.5102","0.5613","0.6215","0.7106","0.796","0.8619","0.9843","1.2585","1.4122","1.4737","1.636","1.7522","1.8257","2.0272","2.2843","2.5005","2.7542","3.041","3.5453","3.7985","4.1075","4.135",
"中国","CHN","Methane (CH4) emissions from Fugitive Emissions (Energy) (Mt CO2e)","EN.GHG.CH4.FE.MT.CE.AR5","","","","","","","","","","","124.2901","123.1717","127.6951","129.3267","128.2818","146.5044","147.0491","164.2239","181.7369","185.265","181.7463","179.3928","188.6071","198.7648","215.7349","222.0288","226.0986","232.398","243.0549","258.3984","266.7001","260.8603","263.5868","265.3235","278.511","301.7043","310.0424","297.3747","284.4677","277.1675","288.2829","305.0331","314.6531","363.6071","409.1649","448.9647","480.5561","497.3883","497.4678","509.1903","542.6801","615.3887","606.1264","608.9799","604.3223","592.8648","543.3215","562.9439","595.8551","617.1896","625.9765","664.2464","703.1352","727.9522","736.7607",
"中国","CHN","Total greenhouse gas emissions excluding LULUCF (Mt CO2e)","EN.GHG.ALL.MT.CE.AR5","","","","","","","","","","","1714.4214","1747.0062","1825.1622","1880.9338","1901.6715","2089.2454","2151.9246","2337.5534","2548.354","2606.606","2584.9435","2564.3295","2662.9986","2781.8181","2972.9751","2990.5891","3132.1613","3319.7289","3510.8085","3634.8486","3712.7437","3845.5088","3965.0768","4171.7358","4354.601","4762.3283","4771.0044","4794.633","4898.2088","4850.3924","5063.8922","5255.0745","5584.8311","6292.8849","7131.5343","7974.396","8759.3389","9356.3434","9576.2959","10196.8722","11062.0446","12056.806","12419.567","12948.608","13095.1974","12931.0416","12913.087","13160.5935","13740.9299","14052.8622","14230.2296","14866.4936","14857.4011","15411.7834","15536.1217",
"中国","CHN","减少灾害风险进展评分 （1-5分；5为最佳）","EN.CLC.DRSK.XQ","","","","","","","","","","","","","","","","","","","","","","","","","","","","","","","","","","","","","","","","","","","","","","","","","","","","","","","","","","","","","","","","","",
"中国","CHN","PM2.5 pollution, population exposed to levels exceeding WHO Interim Target-2 value (% of total)","EN.ATM.PM25.MC.T2.ZS","","","","","","","","","","","","","","","","","","","","","","","","","","","","","","","98.7887191349441","","","","","98.7817045295855","","","","","98.9188408794683","","","","","98.9457816829331","","","","","98.9795652083124","99.1951885317321","98.7806680279361","98.7429528896444","98.1719550704895","97.9791966245288","97.181663084537","97.1618884510276","","","","","","","",
"中国","CHN","耗电量（人均千瓦时）","EG.USE.ELEC.KH.PC","","","","","","","","","","","","","","","","","","","","","","","","","","","","","","","510.619854913516","548.953753106589","604.694541490339","662.63704558569","727.107359659684","770.280241190849","821.080859102296","852.740686543503","870.617222318398","913.963447975829","992.943384720171","1076.54912135865","1194.85629490784","1379.48463210183","1585.83878247787","1782.31215291627","2039.0146603408","2325.92676902765","2446.36905458402","2612.45662004417","2943.58995443689","3295.78486805176","3466.02027780444","3757.18508846571","4006.16826789906","4017.07781948893","4237.54530584599","4571.04242541442","4842.2067923237","5082.38779040238","5261.94103890582","5847.80226004701","6112.13553560996","6523.71926193193","",
"中国","CHN","可替代能源和核能（占能源使用总量的百分比）","EG.USE.COMM.CL.ZS","","","","","","","","","","","","","","","","","","","","","","","","","","","","","","","1.25","1.27","1.3","1.46","1.89","1.97","1.95","2.03","2.13","2.1","2.26","2.63","2.73","2.74","2.92","2.94","2.93","3.07","3.56","3.6","3.74","3.73","4.42","4.94","5.57","6.25","7.09","7.54","8.05","8.62","8.94","9.3","9.73","9.76","",
"中国","CHN","Renewable energy consumption (% of total final energy consumption)","EG.FEC.RNEW.ZS","","","","","","","","","","","","","","","","","","","","","","","","","","","","","","","33.9","33.1","32.8","31.5","31.1","29.4","30.5","30","29.5","30.3","29.6","28.4","27","23.9","20.2","17.4","16.4","14.9","14.1","13.4","12.3","11.3","11.5","11.5","11.9","12.2","12.6","13.1","13.5","14.3","14.9","15.2","","","",
"中国","CHN","石油发电量（占总发电量的比例）","EG.ELC.PETR.ZS","","","","","","","","","","","","","","","","","","","","","","","","","","","","","","","8.10696832928784","7.66249769415237","7.05636471897209","7.80702267059002","5.19248689731698","5.46614096043908","4.66109383100052","4.14785612666037","4.57319057815846","4.053545087735","3.48651435601864","3.27607500325805","3.065234160579","2.86928465449521","2.97408398086319","2.0201434452618","1.3230149541828","0.856057212679666","0.542486195573643","0.326347265899537","0.353042412380439","0.257222535238745","0.219000829988516","0.183817623838243","0.163598289102604","0.165333301447585","0.167214046560571","0.146959218965662","0.152054301067516","0.140288916815788","0.147691428063689","0.132642543927231","0.0974119959873274","0.0956372007867995","",
"中国","CHN","水力发电量（占总发电电量的比例）","EG.ELC.HYRO.ZS","","","","","","","","","","","","","","","","","","","","","","","","","","","","","","","20.39699453376","18.4600627190555","17.5673113009252","18.108203850434","18.0340319635441","18.9080616004937","17.4003925053692","17.2537257194371","17.8158458244111","16.4370160501384","16.40538216086","18.7333932498688","17.4090356216191","14.8465397185929","16.0446416658573","15.8777203929188","15.2056173965109","14.7865646491701","16.8778706645304","16.5714641024737","17.1619106780834","14.8214678394431","17.4629383595863","16.894607496227","18.4429609760408","19.3068778414259","19.0980474005934","17.8392080286079","17.2450521452032","17.382047309399","17.4516307031794","15.5714741080149","15.107238664306","13.4678671155083","",
"中国","CHN","Access to electricity, urban (% of urban population)","EG.ELC.ACCS.UR.ZS","","","","","","","","","","","","","","","","","","","","","","","","","","","","","","","","","","","","","","","","","100","99.7","99.7","99.7","99.7","99.8","99.8","99.9","100","100","100","100","100","100","100","100","100","100","100","100","100","100","100","100","",
"中国","CHN","Access to clean fuels and technologies for cooking, urban (% of urban population)","EG.CFT.ACCS.UR.ZS","","","","","","","","","","","","","","","","","","","","","","","","","","","","","","","","","","","","","","","","","68.7","69.6","70.6","71.9","72.9","74.3","75.3","76.7","78.1","79.1","81","82.1","83.5","85.3","86.6","87.9","88.9","90.4","91.3","92.3","93.3","94.1","94.7","95.2","",
"中国","CHN","公共和政府担保的债务还本付息（在商品与服务的出口和初次收入中所占%）","DT.TDS.DPPG.XP.ZS","","","","","","","","","","","","","","","","","","","","","","","7.45355614299001","7.72992123832626","6.6089015175463","6.36440258020984","8.21826892057491","7.67400518345082","8.22324957936726","9.80705199770702","9.69138757530096","10.1644962664292","9.38499580272947","10.2438423904561","8.13551420499848","8.98416222815204","8.32007878237502","11.5007594228784","8.70614978223589","9.16726008785569","7.09696518196645","6.09190707671132","5.08525613178208","3.02582918084562","1.27824522014767","1.09502565219244","0.84872119115396","0.644193493169875","0.585600379751824","0.63320489117325","0.767014739328381","0.65659442101022","0.445987025513096","0.47949624118242","0.544294154843223","1.33987019155796","0.763398759162301","0.691262403071124","0.73390322556828","1.00885716780862","1.1331542933903","1.29709504763414","2.41196232435611","3.11897083690655","1.93247806900367",
"中国","CHN","国际货币基金组织（IMF）回购和收费（TDS，现价美元）","DT.TDS.DIMF.CD","","","","","","","","","","","0","0","0","0","0","0","0","0","0","0","0","21210401.1","33638294.1","502399936.4","1587114.1","1573054.4","38144798.7","130745421.8","134319744.1","146457938.7","555289358.9","475219907.7","","","","","","","","12545400.2","13555572.7","6722743.2","6148945.8","5200402.7","7790880.4","10255069.4","14499046.2","12797749.5","2990834.7","25202556.8","34445757.3","11789169","3211846.7","13808929","5311113.2","4899734.4","8208295.6","5183628.4","9354294.9","95949614.1","30526280.6","27378729.4","637803378.6","1846952243.8","1849963120.8",
"中国","CHN","获得的净官方发展援助（ODA）净额（占中央政府支出的百分比）","DT.ODA.ODAT.XP.ZS","","","","","","","","","","","","","","","","","","","","","","","","","","","","","","","","","","","","","","","","","","","","","","","","","","","","","","","","","","","","","","","","","",
"中国","CHN","已收到的官方发展援助（ODA）净额（占GNI的百分比）","DT.ODA.ODAT.GN.ZS","","","","","","","","","","","","","","","","","","","","0.00943586893196833","0.0342170562883636","0.242644002957843","0.254374313687085","0.288266335525258","0.30470980817845","0.301941338642977","0.363487363439652","0.503992712089559","0.612638034279989","0.593088618769129","0.560128579763421","0.498002541192642","0.697025773812747","0.718608892625257","0.553511222359495","0.476819096220235","0.310237459984248","0.215399514602066","0.24075472077764","0.220952612406479","0.144655958902127","0.112111577023389","0.102484409832411","0.0813502331245053","0.086402169423247","0.0781395263923949","0.0455261572485185","0.0402321303813357","0.0278017221677568","0.022030053863291","0.0155302232507397","-0.00794079001780275","-0.00208612452600876","-0.00679282367724074","-0.00886123774889293","-0.00272790884728656","-0.00694219532942694","-0.00790600135182456","-0.00500663161982718","-0.00418045336207073","-0.00383509922382811","-0.00310837290907349","-0.00154418150046106","-0.0014730637020795","",
"中国","CHN","已收到的净官方援助（现价美元）","DT.ODA.OATL.CD","","","","","","","","","","","","","","","","","","","","","","","","","","","","","","","","","","","","","","","","","","","","","","","","","","","","","","","","","","","","","","","","","",
"中国","CHN","来自联合国机构的净官方流动，WHO（现价美元）","DT.NFL.WHOL.CD","","","","","","","","","","","","","","","","","","","","","","","","","","","","","","","","","","","","","","","","","","","","","","","","","","","","5579999.92370605","829320.013523102","6063879.96673584","4302967.0715332","4612257.00378418","3736466.88461304","4412112.23602295","2195560.93215942","","","6167600.15487671","3785202.02636719","4590758.80050659","",
"中国","CHN","来自联合国机构的净官方流动，UNTA（现价美元）","DT.NFL.UNTA.CD","","","","","","","","","","","","","","","","","","","","1740000.00953674","189999.997615814","1230000.01907349","800000.011920929","3000000","1620000.00476837","4539999.96185303","3180000.0667572","5420000.07629395","2579999.92370605","5510000.22888184","6590000.15258789","4730000.01907349","3990000.00953674","6750000","3190000.05722046","10829999.9237061","4110000.1335144","6329999.92370605","3890000.10490417","6320000.17166138","5460000.03814697","7039999.96185303","5699999.80926514","6800000.19073486","6099999.90463257","8909999.84741211","4380000.11444092","7789999.96185303","2170000.07629395","","","","","","","","","","","","","","","","",
"中国","CHN","Net official flows from UN agencies, UNIDIR (current US$)","DT.NFL.UNID.CD","","","","","","","","","","","","","","","","","","","","","","","","","","","","","","","","","","","","","","","","","","","","","","","","","","","","","","","","","","","","","","","","","",
"中国","CHN","来自联合国机构的净官方流动，UNDP（现价美元）","DT.NFL.UNDP.CD","","","","","","","","","","","","","","","","","","","","1159999.9666214","11600000.3814697","15539999.961853","18299999.2370605","20659999.8474121","15369999.8855591","14420000.0762939","17329999.9237061","27719999.3133545","31239999.7711182","30559999.4659424","39830001.8310547","35759998.3215332","35479999.5422363","30760000.2288818","25170000.0762939","28860000.6103516","22430000.3051758","26760000.2288818","14380000.1144409","15539999.961853","12729999.5422363","8880000.11444092","9649999.61853027","8600000.38146973","8960000.03814697","9350000.38146973","8460000.03814697","9819999.69482422","7739999.77111816","7679999.82833862","6260000.22888184","5820000.17166138","4658360.00442505","3655304.90875244","3485529.89959717","2182770.0138092","2048054.93354797","1295326.94816589","767552.971839905","579316.973686218","-138634.994626045","412066.996097565","392129.004001617","","",
"中国","CHN","来自联合国机构的净官方流动，UNICEF（现价美元）","DT.NFL.UNCF.CD","","","","","","","","","","","","","","","","","","","","","180000.007152557","2480000.01907349","4070000.17166138","6130000.11444092","5159999.84741211","6659999.84741211","16729999.5422363","16959999.0844727","14489999.7711182","16700000.7629395","14640000.3433228","16079999.9237061","21850000.3814697","17649999.6185303","22489999.7711182","20030000.6866455","18340000.1525879","18750000","17500000","14789999.961853","18100000.3814697","12529999.7329712","11359999.6566772","12020000.4577637","12340000.1525879","14390000.3433228","11140000.3433228","13329999.9237061","11960000.038147","10539999.961853","11000000","10189999.5803833","10163968.0862427","8923007.01141357","8713480.94940186","7966464.04266357","7065320.96862793","7962540.14968872","6989086.15112305","7903999.80545044","7692999.83978271","6686999.79782104","5165999.88937378","777000.01001358","",
"中国","CHN","Net official flows from UN agencies, SDGFUND (current US$)","DT.NFL.SDGF.CD","","","","","","","","","","","","","","","","","","","","","","","","","","","","","","","","","","","","","","","","","","","","","","","","","","","","","","","","","","","","","","","","","",
"中国","CHN","PPG，其他私人债权人（NFL，现价美元）","DT.NFL.PROP.CD","","","","","","","","","","","","","","","","","","","","","","342298000","79744000","259096000","-13892000","1269076000","905029000","259295000","938965000","2234934000","2228641000","1855746000","5936404000","3250125000","3237424000","2363809000","4480754000","4074608000","365827000","87305000","1647635000","-2073213000","-2372110000","-2996424000","-1136315000","-1523367000","-1013449000","338416000","-1404675000","-52985000","719001000","-3987490000","-724734000","4629745000","-408368000","-1792594000","-834018000","-257594000","-1034671000","319964000","-657926000","-671017000","-659055000","-645764000","-641508000",
"中国","CHN","PPG，商业银行（NFL，现价美元）","DT.NFL.PCBK.CD","","","","","","","","","","","","","","","","","","","","","","-235779000","-223833000","100332000","175190000","623016000","1451726000","4138345000","3715351000","1149517000","2438975000","613159000","3015698000","2729304000","576969000","2332331000","782760000","730007000","-1481409000","-747999000","-1884564000","-1208478000","-624826000","-897054000","-195820000","225608000","-132216000","-460806000","-237226000","-154263000","1999000000","17039855000","9306496000","9640832000","10334993000","-11429225000","6286780000","7396532000","4683195000","8652848000","-647269000","20383603000","16793395000","20358832000","26770304000",
"中国","CHN","净金融流动，其他（NFL，现价美元）","DT.NFL.MOTH.CD","","","","","","","","","","","","","","","","","","","","","","","","6400851.4","11351761.8","33447700.6","11722301.5","13343164.1","9228895.2","4845348.3","2316123","-2749985.9","8133291.9","30178839.7","-956434.3","1635335.4","-4140659.8","-8476851.2","1488595.9","38423709.5","194595532.2","-137825839","-14934068.8","-13758116.9","-201471001","-282490","-5279296.8","34411344.6","30235198.5","89014919.8","85623831.8","-48950948.9","6134057.5","-104473312.5","-225384351.9","-212737236.1","-225489337.1","-254251439.8","-155820488.7","186403364.2","145371857.6","-194798087.6","-158245153.7","-146843536.1","-520806582.2",
"中国","CHN","净金融流动，IMF非优惠贷款（NFL，现价美元）","DT.NFL.IMFN.CD","","","","","","","","","","","","","","","","","","","","","","896123240.4","0","-481106000","0","0","664902011.5","-81086026.5","-83214712.9","-79357876.7","-489792611.8","-451368861.9","","","","","","","","","","","","","","","","","","","","","","","","","","","","","","","0","","",
"中国","CHN","来自联合国机构的净官方流动，IAEA（现价美元）","DT.NFL.IAEA.CD","","","","","","","","","","","","","","","","","","","","","","","","","","","","","","","","","","","","","","","","","","","","","","","1019999.98092651","1149999.97615814","1269999.98092651","949999.988079071","1539999.96185303","1149999.97615814","469999.998807907","1000000","529999.971389771","871115.028858185","645937.979221344","890507.996082306","1152091.02630615","629601.001739502","565629.005432129","515649.974346161","529021.978378296","870236.992835999","",
"中国","CHN","债券投资，债券（PPF+PNG）（NFL，现价美元）","DT.NFL.BOND.CD","","","","","","","","","","","","","","","","","","","","","","-16700000","23580000","4458000","84300000","971418000","1332990000","1064288000","770677000","416614000","-47835000","23869000","-3192000","2237923000","2876338000","316676000","1190004000","3329739000","1587000000","-1254000000","261367000","1035647000","-1054483000","1164320000","3689595000","4910145000","1705472000","2196374000","-1092486000","-38801000","-1459326000","25029333000","35631256000","28480896000","53880131000","8775622000","22273277000","88414740000","94184976000","105319115000","161723855000","168176495000","-52793020000","-101421487000","-16099996000",
"中国","CHN","外债的现值（现价美元）","DT.DOD.PVLX.CD","","","","","","","","","","","","","","","","","","","","","","","","","","","","","","","","","","","","","","","","","","","","","","","","","","","","","","","","","","","","","","","","","471972877894.8",
"中国","CHN","短期外债（占总外债比例）","DT.DOD.DSTC.ZS","","","","","","","","","","","","","","","","","","","","","","0","27.512","41.4494","46.3233","38.4389","25.6162","23.2629","20.7498","15.3719","16.8476","17.8893","18.976","17.7668","17.367","18.8695","19.6897","21.4179","12.0237","10.1998","8.9646","30.5454","35.4135","42.5199","46.8023","51.8675","53.1147","53.9241","48.4412","52.9177","68.9776","73.1696","68.989","72.7489","69.6955","61.6481","56.6796","60.242","62.1392","57.0113","53.1431","50.1807","49.9975","52.5999","53.9653",
"中国","CHN","公共外债和公共担保的外债存量 (PPG)（DOD，现价美元）","DT.DOD.DPPG.CD","","","","","","","","","","","","","","","","","","","","","","4913954562.5","5222125925.8","5303637603.3","6185533891.8","9940225348.3","16571434200.4","25963179948.8","32620334460.8","37117932607.8","45515193868.2","49479186451.5","58573494534.7","70241238669.9","82601707411.3","94899530047","102480131407.6","113029031209.9","99631810291.8","95632563620.8","94729343675.7","90973850330.2","87624812204.1","83705626282.3","89063456249.2","86759585790.9","89020277941.6","91392949315.9","97096164293.7","100871770852.1","102274809825.7","114632474016","138509762348.5","152549448206.9","179054045596","146061922841.7","160185552754.2","196289557624.3","259686605796.7","318064268908.1","391681803929.2","554292253836.6","538306975033.8","487485728323.4","504112530899.5",
"中国","CHN","外债存量（占 GNI 的百分比）","DT.DOD.DECT.GN.ZS","","","","","","","","","","","","","","","","","","","","","","2.95619510282004","4.06313035924387","4.14283596435578","4.61907165390756","5.37116765059886","7.87266604270954","12.9318178535631","13.5689411958412","12.8910078963983","15.2545555786247","15.6399885253672","16.9200402998271","19.3190751638254","17.7890656562981","16.2874317424702","15.0729036566378","15.354551130007","14.1318707977253","13.6615840127677","12.0674904520501","13.7974796431789","12.5750011598232","12.3787059052059","12.498797023213","12.4207698558109","11.7149234706927","10.4578919345278","8.22892604529672","8.77227533334717","12.0447325547345","13.8686604058138","13.267674396391","15.3174464256464","16.6392988330873","11.8789197021152","12.4023168814925","13.6631367045646","13.9248882428061","14.5601860956403","15.634535209813","15.0703683293598","13.9317634143876","13.50675136222","13.0007522555005",
"中国","CHN","Net ODA provided, total (current US$)","DC.ODA.TOTL.CD","","","","","","","","","","","","","","","","","","","","","","","","","","","","","","","","","","","","","","","","","","","","","","","","","","","","","","","","","","","","","","","","","",
"中国","CHN","来自DAC捐助国的双边援助净流量，总额（现价美元）","DC.DAC.TOTL.CD","","","","","","","","","","","","","","","","","","","","4309999.94836747","22240000.2814829","59380000.3565847","458530007.159338","492489997.42046","502320005.532355","574610014.211387","668190011.762082","869249996.215105","1260730019.61224","1538659977.17529","1516980023.76966","1232379994.89345","2061850014.50964","2208920054.04644","2328570029.03521","2515130014.00232","1747489990.1934","1268830000.43221","1779800020.94432","1893589966.87644","1298240003.93227","1119580012.17246","1269150018.12577","1211249963.13453","1659589999.28832","1757790020.70427","1218430025.33913","1459939995.76941","1449549982.97989","1233250017.9559","790820002.228022","751260007.774457","278441044.31197","-124121719.470248","-300909662.822261","39557120.4451846","-101906762.69075","-356417044.9058","-199790849.786251","-124286647.039466","-267480763.792992","-336628622.179851","-126685635.956003","-203372907.754964","",
"中国","CHN","来自DAC捐助国的双边援助净流量，葡萄牙（现价美元）","DC.DAC.PRTL.CD","","","","","","","","","","","","","","","","","","","","","","","","","","","","","","","","","","150000.005960464","170000.001788139","","","9999.99977648258","59999.9986588955","29999.9993294477","370000.004768372","259999.990463257","270000.010728836","","300000.011920929","270000.010728836","129999.995231628","150000.005960464","790000.021457672","490000.009536743","119999.997317791","5590000.15258789","9186374.66430664","12632677.0782471","9801136.0168457","4021587.84866333","8832147.5982666","314094.007015228","1255754.94766235","1252328.03821564","44148532.8674316","1389435.0528717","1273848.05679321","1263340.95001221","",
"中国","CHN","来自DAC捐助国的双边援助净流量，荷兰（现价美元）","DC.DAC.NLDL.CD","","","","","","","","","","","","","","","","","","","","","","","","","","419999.986886978","2400000.09536743","3150000.09536743","36799999.2370605","40159999.8474121","16989999.7711182","7039999.96185303","3670000.07629395","12770000.4577637","10079999.9237061","15869999.8855591","2710000.03814697","7739999.77111816","13180000.3051758","34200000.7629395","24899999.6185303","26450000.7629395","17899999.6185303","16760000.2288818","25639999.3896484","27750000","30510000.2288818","24809999.4659424","16709999.0844727","5280000.20980835","3950000.04768372","2150000.09536743","590030.014514923","685995.995998383","392811.000347137","378421.008586884","482811.003923416","922756.016254425","1419934.98802185","2410418.98727417","2893177.98614502","3363292.93251038","158062.994480133","14654.9995988607","",
"中国","CHN","来自DAC捐助国的双边援助净流量，日本（现价美元）","DC.DAC.JPNL.CD","","","","","","","","","","","","","","","","","","","","2589999.91416931","4280000.20980835","27670000.0762939","368790008.544922","350149993.896484","389350006.103516","387890014.648438","496950012.207031","553119995.117188","673700012.207031","832169982.910156","723020019.53125","585299987.792969","1050760009.76563","1350670043.94531","1479420043.94531","1380150024.41406","861719970.703125","576859985.351563","1158150024.41406","1225969970.70313","769190002.441406","686130004.882813","828710021.972656","759719970.703125","964690002.441406","1064270019.53125","561080017.089844","435660003.662109","278250000","141960006.713867","-192660003.662109","-377609985.351563","-838369995.117188","-792640014.648438","-885669982.910156","-742780029.296875","-949150024.414063","-949038513.183594","-931876525.878906","-863376892.089844","-856970886.230469","-800546203.613281","-606230285.644531","-521782531.738281","",
"中国","CHN","Net bilateral aid flows from DAC donors, Hungary (current US$)","DC.DAC.HUNL.CD","","","","","","","","","","","","","","","","","","","","","","","","","","","","","","","","","","","","","","","","","","","","","","","","250000","379999.995231628","1860000.01430511","779999.971389771","360000.014305115","810000.002384186","310000.002384186","278939.992189407","1543226.00364685","2435714.96009827","2669893.98002625","4118360.04257202","4938433.1703186","5265396.11816406","5214335.91842651","5230185.98556519","3760823.96507263","",
"中国","CHN","来自DAC捐助国的双边援助净流量，芬兰（现价美元）","DC.DAC.FINL.CD","","","","","","","","","","","","","","","","","","","","","109999.999403954","280000.001192093","9999.99977648258","9999.99977648258","29999.9993294477","2150000.09536743","170000.001788139","2069999.9332428","589999.973773956","3549999.95231628","16059999.4659424","12659999.8474121","12819999.6948242","9569999.69482422","9550000.19073486","16239999.7711182","14470000.2670288","17209999.0844727","14649999.6185303","13220000.2670288","10939999.5803833","9170000.07629395","4050000.19073486","2910000.08583069","3480000.01907349","6579999.92370605","7420000.07629395","9510000.22888184","9590000.15258789","7150000.09536743","5610000.1335144","2809999.94277954","4051675.79650879","6328029.1557312","7310564.0411377","2319633.96072388","1965281.00967407","659844.994544983","569458.0078125","-378731.01234436","430391.013622284","216012.999415398","147178.992629051","211637.005209923","",
"中国","CHN","来自DAC捐助国的双边援助净流量，德国（现价美元）","DC.DAC.DEUL.CD","","","","","","","","","","","","","","","","","","","","1340000.0333786","6519999.98092651","8130000.11444092","60209999.0844727","96730003.3569336","57479999.5422363","97569999.6948242","51200000.7629395","29290000.9155273","45569999.6948242","111889999.389648","228940002.441406","107089996.337891","192820007.324219","247830001.831055","299989990.234375","684049987.792969","461140014.648438","381890014.648438","321309997.558594","304589996.337891","212809997.558594","163820007.324219","149869995.117188","152179992.675781","260459991.455078","255110000.610352","244850006.103516","289279998.779297","411869995.117188","340880004.882813","321500000","485549987.792969","431033264.160156","371570800.78125","425465118.408203","545121093.75","589236145.019531","403784393.310547","507494567.871094","504645263.671875","373607971.191406","359897460.9375","413770416.259766","216651733.398438","",
"中国","CHN","Mobile cellular subscriptions","IT.CEL.SETS","0","","","","","0","","","","","0","","","","","0","0","0","0","0","0","0","0","0","0","0","0","700","3227","9805","18319","47544","176943","638000","1568000","3629000","6853000","13233000","23863000","43296000","85260000","144820000","206005000","269953000","334824000","393406000","461058000","547306000","641245000","747214000","859003000","986253000","1112160000","1229110000","1286090000","1291980000","1364930000","1469880000","1649300000","1746240000","1718410000","1733010000","1770010000","1824420000","",
"中国","CHN","铁路客运量 （百万乘客-公里）","IS.RRS.PASG.KM","","","","","","","","","","","","","","","","","","","","","","","","","","","","","","","","","","","","354261","332202","354353","369097","404627","441468","463655","480305","462279","551196","583320","635327","689618","777860","787890","791158","921541","940249","1008172","1089560","1109312","1160059","1266681","1361715","1438606","328251","946499","","","",
"中国","CHN","航空运输量，注册承运人全球出港量","IS.AIR.DPRT","","","","","","","","","","","","","","","21200","26600","27700","28800","34000","63000","51000","57300","69800","74000","92500","102200","127900","159700","176900","159200","196000","190300","200300","261600","325900","397600","493000","470200","510500","547800","572921","840911","932064","946354","1209900","1349269","1542564","1753550","1853088","2140124","2377789","2538667","2779741","3073450","3356756","3616026","3952098","4359033","4692008","4963752","3667920","3906386","2513027","4909131","",
"中国","CHN","Statistical performance indicators (SPI): Pillar 2 data services score (scale 0-100)","IQ.SPI.PIL2","","","","","","","","","","","","","","","","","","","","","","","","","","","","","","","","","","","","","","","","","","","","","","","","","","","","","","","","","48.5333333333333","46.5333333333333","46.4","46.4","42.4","42.4","43.8","43.8","43.9333333333333",
"中国","CHN","国家政策和制度评估 (CPIA) 贸易评级（1=低至 6=高）","IQ.CPA.TRAD.XQ","","","","","","","","","","","","","","","","","","","","","","","","","","","","","","","","","","","","","","","","","","","","","","","","","","","","","","","","","","","","","","","","","",
"中国","CHN","国家政策和制度评估 (CPIA) 公共部门管理和机构集群平均值（1=低至 6=高）","IQ.CPA.PUBS.XQ","","","","","","","","","","","","","","","","","","","","","","","","","","","","","","","","","","","","","","","","","","","","","","","","","","","","","","","","","","","","","","","","","",
"中国","CHN","国家政策和制度评估 (CPIA) 公共管理质量评级（1=低至 6=高）","IQ.CPA.PADM.XQ","","","","","","","","","","","","","","","","","","","","","","","","","","","","","","","","","","","","","","","","","","","","","","","","","","","","","","","","","","","","","","","","","",
"中国","CHN","国家政策和制度评估 (CPIA) 性别平等评级（1=低至 6=高）","IQ.CPA.GNDR.XQ","","","","","","","","","","","","","","","","","","","","","","","","","","","","","","","","","","","","","","","","","","","","","","","","","","","","","","","","","","","","","","","","","",
"中国","CHN","国家政策和制度评估 (CPIA) 环境可持续性政策和制度评级（1=低至 6=高）","IQ.CPA.ENVR.XQ","","","","","","","","","","","","","","","","","","","","","","","","","","","","","","","","","","","","","","","","","","","","","","","","","","","","","","","","","","","","","","","","","",
"中国","CHN","Trademark applications, resident, by count","IP.TMK.RSCT","","","","","","","","","","","","","","","","","","","","","","","","","","","","","","","","","","","","","","","","","","","","","527620","593407","669284","605013","590590","741811","973588","1273901","1502680","1733457","2140067","2699251","3526953","5539085","7127191","7582458","9116516","9192753","","","",
"中国","CHN","科技期刊文章","IP.JRN.ARTC.SC","","","","","","","","","","","","","","","","","","","","","","","","","","","","","","","","","","","","","33621.11","37424.8","43775.33","45192.17","53284.78","70675.54","75171.18","88585.08","121751.14","165867.16","192881.56","213648.18","248120.21","285755.68","309193.41","323331.81","329067.39","355650.59","385100.77","406733.9","436613.57","468712.74","532295.26","617494.48","672734.7","766200.41","898949.09","","",
"中国","CHN","Public private partnerships investment in transport (current US$)","IE.PPN.TRAN.CD","","","","","","","","","","","","","","","","","","","","","","","","","","","","","","","173000000","2378800000","532600000","1172000000","2086100000","309300000","3752120000","1758040000","1019600000","145400000","331200000","231030000","1689210000","4054650000","782580000","6628900000","3702050000","4494380000","362930000","2512870000","","1095370000","1879400000","4367090000","5009410000","2913740000","3469630000","12587440000","25964800000","22515500000","2788890000","6504820000","28433590000","1680950000","",
"中国","CHN","私营部门参与的交通运输投资（现价美元）","IE.PPI.TRAN.CD","","","","","","","","","","","","","","","","","","","","","","","","","","","","","","","173000000","2378800000","532600000","1172000000","2086100000","309300000","5084420000","3092740000","1670500000","695550000","1558500000","642230000","1787110000","4054650000","782580000","6628900000","8351010000","4494380000","436750000","2512870000","","1095370000","1879400000","4475760000","5009410000","2913740000","3469630000","12587440000","25964800000","22515500000","2788890000","6504820000","28433590000","1680950000","",
"中国","CHN","在与税务官会面时被期待送礼的企业（占企业的百分比）","IC.TAX.GIFT.ZS","","","","","","","","","","","","","","","","","","","","","","","","","","","","","","","","","","","","","","","","","","","","","","","","","","","","","10.90028477","","","","","","","","","","","","0.0027929002",
"中国","CHN","Firms filling taxes electronically (% of firms)","IC.FRM.TAXE.ZS","","","","","","","","","","","","","","","","","","","","","","","","","","","","","","","","","","","","","","","","","","","","","","","","","","","","","","","","","","","","","","","","","99.45595551",
"中国","CHN","Firms where largest owner is also the top manager (% of firms)","IC.FRM.LOTM.ZS","","","","","","","","","","","","","","","","","","","","","","","","","","","","","","","","","","","","","","","","","","","","","","","","","","","","","","","","","","","","","","","","","85.83175659",
"中国","CHN","有女高管企业的百分比（​​企业报告平均）","IC.FRM.FEMM.ZS","","","","","","","","","","","","","","","","","","","","","","","","","","","","","","","","","","","","","","","","","","","","","","","","","","","","","17.53912544","","","","","","","","","","","","19.59796906",
"中国","CHN","Firms that are partially credit constrained (% of firms)","IC.FRM.CRDC.PT.ZS","","","","","","","","","","","","","","","","","","","","","","","","","","","","","","","","","","","","","","","","","","","","","","","","","","","","","","","","","","","","","","","","","4.794810772",
"中国","CHN","Firms competing against unregistered firms (% of firms)","IC.FRM.CMPU.ZS","","","","","","","","","","","","","","","","","","","","","","","","","","","","","","","","","","","","","","","","","","","","","","","","","","","","","57.6536293","","","","","","","","","","","","12.17668438",
"中国","CHN","Firms with a bank loan/line of credit (% of firms)","IC.FRM.BNKL.ZS","","","","","","","","","","","","","","","","","","","","","","","","","","","","","","","","","","","","","","","","","","","","","","","","","","","","","25.31169319","","","","","","","","","","","","29.49242783",
"中国","CHN","Average time to clear imports through customs (days)","IC.CUS.DURS.IM","","","","","","","","","","","","","","","","","","","","","","","","","","","","","","","","","","","","","","","","","","","","6.16151","","","","","","","","","9.358291626","","","","","","","","","","","","6.655101299",
"中国","CHN","B-READY: Utility Services Pillar 3: Operational Efficiency of Utility Service Provision","IC.BRE.US.P3","","","","","","","","","","","","","","","","","","","","","","","","","","","","","","","","","","","","","","","","","","","","","","","","","","","","","","","","","","","","","","","","","",
"中国","CHN","B-READY: Taxation Pillar 3: Operational Efficiency of Tax Systems in Practice","IC.BRE.TX.P3","","","","","","","","","","","","","","","","","","","","","","","","","","","","","","","","","","","","","","","","","","","","","","","","","","","","","","","","","","","","","","","","","",
"中国","CHN","B-READY: Pillar 3: Operational Efficiency","IC.BRE.P3.OE","","","","","","","","","","","","","","","","","","","","","","","","","","","","","","","","","","","","","","","","","","","","","","","","","","","","","","","","","","","","","","","","","",
"中国","CHN","B-READY: Market Competition Pillar 2: Public Services that Promote Market Competition","IC.BRE.MC.P2","","","","","","","","","","","","","","","","","","","","","","","","","","","","","","","","","","","","","","","","","","","","","","","","","","","","","","","","","","","","","","","","","",
"中国","CHN","B-READY: Labor Pillar 2: Adequacy of Public Services for Labor","IC.BRE.LB.P2","","","","","","","","","","","","","","","","","","","","","","","","","","","","","","","","","","","","","","","","","","","","","","","","","","","","","","","","","","","","","","","","","",
"中国","CHN","B-READY: International Trade Pillar 2: Quality of Public Services for the Facilitation of International Trade","IC.BRE.IT.P2","","","","","","","","","","","","","","","","","","","","","","","","","","","","","","","","","","","","","","","","","","","","","","","","","","","","","","","","","","","","","","","","","",
"中国","CHN","B-READY: Financial Services Pillar 2: Accessibility of Information in Credit Infrastructure","IC.BRE.FS.P2","","","","","","","","","","","","","","","","","","","","","","","","","","","","","","","","","","","","","","","","","","","","","","","","","","","","","","","","","","","","","","","","","",
"中国","CHN","B-READY: Dispute Resolution Pillar 2: Public Services for Dispute Resolution","IC.BRE.DR.P2","","","","","","","","","","","","","","","","","","","","","","","","","","","","","","","","","","","","","","","","","","","","","","","","","","","","","","","","","","","","","","","","","",
"中国","CHN","B-READY: Business Location Pillar 2: Quality of Public Services and Transparency of Information for Business Location","IC.BRE.BL.P2","","","","","","","","","","","","","","","","","","","","","","","","","","","","","","","","","","","","","","","","","","","","","","","","","","","","","","","","","","","","","","","","","",
"中国","CHN","B-READY: Business Insolvency Pillar 2: Quality of Institutional and Operational Infrastructure for Judicial Insolvency Proceedings","IC.BRE.BI.P2","","","","","","","","","","","","","","","","","","","","","","","","","","","","","","","","","","","","","","","","","","","","","","","","","","","","","","","","","","","","","","","","","",
"中国","CHN","B-READY: Business Entry Pillar 2: Digital Public Services and Transparency of Information for Business Entry","IC.BRE.BE.P2","","","","","","","","","","","","","","","","","","","","","","","","","","","","","","","","","","","","","","","","","","","","","","","","","","","","","","","","","","","","","","","","","",
"中国","CHN","人力资本指数，女性，上界 (数值范围 0-1)","HD.HCI.OVRL.UB.FE","","","","","","","","","","","","","","","","","","","","","","","","","","","","","","","","","","","","","","","","","","","","","","","","","","","","","","","","","","0.683","0.667152404785156","","0.671957969665527","","","","",
"中国","CHN","人力资本指数，女性，下界 (数值范围 0-1)","HD.HCI.OVRL.LB.FE","","","","","","","","","","","","","","","","","","","","","","","","","","","","","","","","","","","","","","","","","","","","","","","","","","","","","","","","","","0.664","0.641133248806","","0.645420134067535","","","","",
"中国","CHN","Primary government expenditures as a proportion of original approved budget (%)","GF.XPD.BUDG.ZS","","","","","","","","","","","","","","","","","","","","","","","","","","","","","","","","","","","","","","","","","","","","","","","","","","","99.6307","96.857","101.2999","101.3302","100.6597","102.1696","101.5574","100.8917","102.3439","99.2094","100.1062","97.7314","100","100.8695","98.0732",
"中国","CHN","Government Effectiveness: Percentile Rank","GE.PER.RNK","","","","","","","","","","","","","","","","","","","","","","","","","","","","","","","","","","","","","43.1693992614746","","50.2732238769531","","50.8196716308594","","52.4324340820312","52.4324340820312","53.233829498291","51.470588684082","56.5853652954102","58.2524261474609","59.2233009338379","58.3732070922852","58.8516731262207","58.7677726745605","56.8720397949219","55.9241714477539","66.8269195556641","67.1428604125977","66.6666641235352","67.6190490722656","68.5714263916016","70.9523773193359","73.3333358764648","75.7142868041992","68.3962249755859","73.5849075317383","",
"中国","CHN","补贴和其它拨款（现值本币）","GC.XPN.TRFT.CN","","","","","","","","","","","","","","","","","","","","","","","","","","","","","","","","","","","","","","","","","","","","","","","","","","","","","","","","","","","","","","","","","",
"中国","CHN","其他支出（现价本币单位）","GC.XPN.OTHR.CN","","","","","","","","","","","","","","","","","","","","","","","","","","","","","","","","","","","","","","","","","","","","","","","","","","","","","","","","","","","","","","","","","",
"中国","CHN","货物和服务支出（占支出的百分比）","GC.XPN.GSRV.ZS","","","","","","","","","","","","","","","","","","","","","","","","","","","","","","","","","","","","","","","","","","","","","","","","","","","","","","","","","","","","","","","","","",
"中国","CHN","所得税、利润税和资本收益税（占总税收比例）","GC.TAX.YPKG.ZS","","","","","","","","","","","","","","","","","","","","","","","","","","","","","","","","","","","","","","","","","","","","","","27.7910347775282","28.4411147616867","28.6405646095381","29.1729848370114","27.7924703163349","25.4198333852872","27.1390236976073","28.1957752317576","31.2563131592417","32.4935407562916","35.313976681167","36.3764903337659","35.2211107615392","36.729946506997","35.830739853954","36.8257074586398","38.236864484273","39.6892233180331","35.6814593543485","",
"中国","CHN","税收（现值本币）","GC.TAX.TOTL.CN","","","","","","","","","","","","","","","","","","","","","","","","","","","","","","","","","","","","","","","","","","","","","","1605181360000","1987510000000","2639181770000","3224826000000","3593023373000","4208581873000","5032027000000","5524090000000","5874921110000","6228801980000","6459368710000","6809299103000","7837210898000","8321963160000","8378339220000","8200391760000","9153819690000","9277426420000","9885948820000","",
"中国","CHN","国际贸易税（现值本币）","GC.TAX.INTT.CN","","","","","","","","","","","","","","","","","","","","","","","","","","","","","","","","","","","","","","","","","","","","","","-296896790000","115750000000","145076890000","179010000000","150759765600","205446000000","258888000000","282491000000","267415890000","288863910000","260781080000","265177350000","304824768400","289756341800","293939020000","261797220000","286186390000","291330940000","264846350000","",
"中国","CHN","货物和服务税收（占总税收比例）","GC.TAX.GSRV.RV.ZS","","","","","","","","","","","","","","","","","","","","","","","","","","","","","","","","","","","","","","","","","","","","","","77.6876599636969","56.7895921897956","37.7370780806937","56.8633256147911","60.110209827704","63.3745507832784","62.1317488921056","61.3276392597704","57.9789535041869","38.4237460625426","35.3105074514809","34.7463159208719","35.9495456340651","32.6384180958804","31.9286301031841","34.3934932822414","31.2308199909555","29.280483663244","31.2189676180013","",
"中国","CHN","收入，不包括捐赠（占GDP的比例）","GC.REV.XGRT.GD.ZS","","","","","","","","","","","","","","","","","","","","","","","","","","","","","","","","","","","","","","","","","","","","","","9.49384352908653E-09","9.98232532896274E-09","1.6485030292177E-08","1.09032714208101E-08","1.1465197147367E-08","1.10399710819211E-08","1.10626224007863E-08","1.09572673113543E-08","1.0762086414812E-08","1.55234236208355E-08","1.57312275742105E-08","1.53260734925308E-08","1.55955119226503E-08","1.6240355440609E-08","1.57907279889576E-08","1.37961540297522E-08","1.46241117527941E-08","1.46559605630141E-08","1.50661250338704E-08","",
"中国","CHN","赠款和其他收入（占收入的百分比）","GC.REV.GOTR.ZS","","","","","","","","","","","","","","","","","","","","","","","","","","","","","","","","","","","","","","","","","","","","","","14.3529654962288","13.6083074702901","42.7029581209007","12.8874623572493","11.617612488217","9.0733156529178","8.2387552048515","7.91994625968043","9.5699279039763","9.30548986201149","10.9537137423132","10.3623213971014","8.59902683527716","7.39861487148048","9.48138176963393","8.08517518367814","6.42086925609887","7.2444821562081","6.53412156085029","",
"中国","CHN","Net investment in nonfinancial assets (% of GDP)","GC.NFN.TOTL.GD.ZS","","","","","","","","","","","","","","","","","","","","","","","","","","","","","","","","","","","","","","","","","","","","","","","","","","","","","","","","","","","","","","","","","",
"中国","CHN","中央政府债务，总额（占 GDP 的百分比）","GC.DOD.TOTL.GD.ZS","","","","","","","","","","","","","","","","","","","","","","","","","","","","","","","","","","","","","","","","","","","","","","","","","","","","","","","","","","","","","","","","","",
"中国","CHN","研发支出（占GDP的比例）","GB.XPD.RSDV.GD.ZS","","","","","","","","","","","","","","","","","","","","","","","","","","","","","","","","","","","","","0.56324","0.63873","0.64689","0.74963","0.89316","0.94033","1.05786","1.12037","1.21498","1.30792","1.36854","1.37369","1.44592","1.6648","1.71372","1.78034","1.91214","1.99786","2.02243","2.05701","2.10033","2.11603","2.14058","2.24463","2.40666","2.4326","2.55518","","",
"中国","CHN","Account ownership at a financial institution or with a mobile-money-service provider, primary education or less (% of population ages 15+)","FX.OWN.TOTL.PL.ZS","","","","","","","","","","","","","","","","","","","","","","","","","","","","","","","","","","","","","","","","","","","","","","","","","","","","56.7323825253374","","","72.9012425158544","","","71.3858862913984","","","","83.0213478155459","","","84.4097441140546",
"中国","CHN","Account ownership at a financial institution or with a mobile-money-service provider, richest 60% (% of population ages 15+)","FX.OWN.TOTL.60.ZS","","","","","","","","","","","","","","","","","","","","","","","","","","","","","","","","","","","","","","","","","","","","","","","","","","","","75.2636898033832","","","83.2214385764409","","","87.5781479828543","","","","92.4606237628996","","","93.8015738218757",
"中国","CHN","对国内经济其他部门债权（占 GDP 的百分比）","FS.AST.DOMO.GD.ZS","","","","","","","","","","","","","","","","","","","","","","","","","","","","","","","","","","","","","","","","","","","","","","","","","","","","","","","","","","","","","","","","","",
"中国","CHN","利差（贷款利率减去存款利率，百分比）","FR.INR.LNDP","","","","","","","","","","","","","","","","","","","","","-0.360000001","-0.360000001","1.439999999","1.439999999","1.44","0.719999999","0.72","0.72","0.359999999999999","0","0.719999999999999","1.08","1.08","0","0","1.08","2.61","2.97","2.61","3.6","3.6","3.6","3.33","3.33","3.33","3.33","3.6","3.33","3.06","3.06","3.06","3.06","3","3","2.85","2.85","2.85","2.85","2.85","2.85","2.85","2.85","2.85","2.85","2.85",
"中国","CHN","按消费者价格指数衡量的通货膨胀（年通胀率）","FP.CPI.TOTL.ZG","","","","","","","","","","","","","","","","","","","","","","","","","","","","7.23383553065609","18.8118179448753","18.2456383621648","3.05229012075233","3.55668565220452","6.35398134024869","14.6100786356602","24.2569897243361","16.7912251650916","8.31316028893909","2.78646505531882","-0.773186011549318","-1.40147268276465","0.347811226864587","0.719125609120114","-0.731970902350244","1.12760348729637","3.82463743108159","1.77641407667571","1.6494309945586","4.81676767378834","5.92525137041092","-0.728165250932898","3.17532475269199","5.55389892257493","2.61952432645541","2.62105001748115","1.92164162788521","1.43702380935655","2.00000182191943","1.59313600071436","2.07479039965576","2.89923416358227","2.41942189457782","0.981015135544882","1.97357555739051","0.234836828893051","0.218128938439177",
"中国","CHN","广义货币（占 GDP 的百分比）","FM.LBL.BMNY.GD.ZS","","","","","","","","","","","","","","","","","","26.3684954229895","24.1451367781155","32.3285936891313","36.3622516700394","39.9963597387101","42.0852217846794","44.9697472026523","49.3458943557676","53.4768920238265","61.072418039095","65.2454473151253","63.1451231060606","66.2004648460198","77.6425730845708","84.2688789310812","89.1253535368338","99.6122245579946","96.0257622456623","98.5305615302014","105.379681099451","114.512695543783","122.938871865825","132.461717092239","134.204035985099","139.457645645892","143.510188392199","151.396834348204","147.615589302677","149.026378631702","155.272748838162","147.145178873564","146.512649012789","172.126190075826","173.1296534949","171.792982609304","177.923288760071","183.302565918285","187.314251294572","198.185813599802","203.636484929709","197.758726760426","191.550070069751","194.078381206535","207.530288794204","199.568437256614","211.972452276011","222.011222933801","227.497343015378",
"中国","CHN","净外国资产（现价本币单位）","FM.AST.NFRG.CN","","","","","","","","","","","","","","","","","","2410000000","540000000","-1640000000","-2780000000","2670000000","16140000000","23950000000","27030000000","42319460033.1689","40736500258.1312","65750416125.378","76028481157.2066","88914183746.3784","169225507935.774","251975289978.845","278217289289.748","220401497753.6","503529624175.424","635576760279.923","917462486813.67","1363426584028.48","1501439703394.84","1700128076658.14","2009880181326.99","2640020876761.8","3171969252920.63","3770379113873.52","5531946294215.65","7566930631642.25","10083673213719.3","13772357595305.3","17894568175771.8","19561154196756","22533204440890","25096827157120.1","25817519252636.2","28032948921821.8","28777073024435.2","28001073354272.8","26329449663897.2","25263930561710","25506987279521.6","26392404962887.5","26886430520561.9","27976656533759.8","28576349952884.7","28939799752868.4","30268231153200.6",
"中国","CHN","总储备减黄金（按现值美元计）","FI.RES.XGLD.CD","","","","","","","","","","","","","","","","","","2345000000","1557000000","2154000000","2545179859.04546","5058089042.8511","11348870473.3587","14986652777.5854","17366033729.6592","12728147188.0492","11452999180.4582","16304946927.8895","18541338805.8296","17959866323.2318","29586161158.6121","43674299103.1198","20620361915.1072","22386849243.5518","52914062884.3961","75376702869.5104","107039425039.4","142762467746.157","149187895723.126","157727874491.999","168277583225.843","215605127617.14","291127828205.212","408150659048.593","614499524349.601","821513849695.566","1068493029869.9","1530281623043.37","1949259953570.11","2416043687067.79","2866079316315.38","3202788473563.49","3331120013773.81","3839547760252.93","3859167962991.09","3345193763888.14","3029775305378.4","3158876947213.04","3091881257199.08","3127493858036.36","3238782371433.71","3313920330628.85","3189689108813.78","3301319727518.98","3264803869739.12",
"中国","CHN","银行流动准备金对银行资产的比率（百分比）","FD.RES.LIQU.AS.ZS","","","","","","","","","","","","","","","","","","","","","","","","","","","","","","","","","","","","","","","","","","","","","","","","","","","","","","","","","","","","","","","","","",
"中国","CHN","商业银行分支机构 (每10万成年人)","FB.CBK.BRCH.P5","","","","","","","","","","","","","","","","","","","","","","","","","","","","","","","","","","","","","","","","","","","","","","","","","","","","","7.73405589927857","7.80603440823121","8.03634182616432","8.50993908335818","8.79412679055054","8.80003014835872","8.8681302997099","8.84728417841178","8.77114476644331","8.77777453041303","8.79796680446132","8.77482647698862","",
"中国","CHN","陆地及海洋保护区面积（占总领土面积比例）","ER.PTD.TOTL.ZS","","","","","","","","","","","","","","","","","","","","","","","","","","","","","","","","","","","","","","","","","","","","","","","","","","","","","","15.8","15.9","15.9","15.9","16","14.7","14.7","14.7","14.7","14.7","14.7","14.7",
"中国","CHN","可再生内陆淡水资源总量（十亿立方米）","ER.H2O.INTR.K3","","2812.9","2812.9","2812.9","2812.9","2812.9","2812.9","2812.9","2812.9","2812.9","2812.9","2812.9","2812.9","2812.9","2812.9","2812.9","2812.9","2812.9","2812.9","2812.9","2812.9","2812.9","2812.9","2812.9","2812.9","2812.9","2812.9","2812.9","2812.9","2812.9","2812.9","2812.9","2812.9","2812.9","2812.9","2812.9","2812.9","2812.9","2812.9","2812.9","2812.9","2812.9","2812.9","2812.9","2812.9","2812.9","2812.9","2812.9","2812.9","2812.9","2812.9","2812.9","2812.9","2812.9","2812.9","2812.9","2812.9","2812.9","2812.9","2812.9","2812.9","2812.9","2812.9","","",
"中国","CHN","年度淡水抽取量，工业用水（占淡水总抽取量的百分比）","ER.H2O.FWIN.ZS","","","","","","","","","","","","","","","","","","","","","10.30653664","9.433581426","8.59241049","7.781318969","6.99872179","7.518812622","8.030558031","8.534369142","9.030429061","9.518915302","10","12.62283583","15.15972195","17.6148151","18.07544581","18.53004709","18.97873656","19.42162879","19.85883542","20.29046522","20.71662423","21.21794336","21.71768818","22.2158661","22.71248446","23.20755057","23.57067696","24.55802556","24.12780656","23.7291027","24.51711284","24.38292195","23.60351401","23.13222882","22.63017356","22.32068216","21.65491209","21.13048946","20.97248774","20.22188268","17.72609197","17.72609197","17.72609197","","",
"中国","CHN","Total fisheries production (metric tons)","ER.FSH.PROD.MT","3173600","3173600","3280400","3348000","3483200","3690000","3825200","3825200","3931900","4067100","3970690","4494570","4996282","4922582","5360583","5654493","5703574","6411153","6438622","5973332","6252312","6174007","6766618","7327544","8211953","9236137","10416481","11733919","13189029","14326208","15107495","17147309","20607711","24697356","29231422","33865204","37799524","38467260","41144461","43209033","44573574","45506377","47586869","49490650","51958654","53793997","55906797.487","57517796.303","59230149.736","61125855.713","62843813.781","64411221.251","67528903.814","70662625.208","73683870.138","76016876.275","78337639.451","79935166.125","80966168.453","82593752.454","83929521.48","85948133.999","88617661.554","91701645.599","",
"中国","CHN","人口超过100万的城市群中的人口。","EN.URB.MCTY","54184363","55737040","56782174","57823100","59006679","60404483","61485504","62246822","62999052","63737162","64481678","65519126","66845138","68214145","69633782","71104391","72602526","74297533","76202376","78305399","80490702","82860038","85350653","88600568","92028761","95642551","99473509","103522774","107818238","112377323","117251887","123983018","131242713","139053415","147507400","156664016","166617245","177415721","189207420","202099429","216252544","226290339","234270258","242580168","251247617","260252253","269647598","279417210","289614409","300215888","311285309","320885462","329831324","339050281","348525737","358247976","368117713","378089414","388398439","398976116","409712858","420459351","431038314","441275113","451017824",
"中国","CHN","生活在海拔低于5米地区的人口 （占总人口的百分比）","EN.POP.EL5M.ZS","","","","","","","","","","","","","","","","","","","","","","","","","","","","","","","3.68486605091801","","","","","","","","","","4.09048250349438","","","","","","","","","","","","","","","4.87880231853816","","","","","","","","","",
"中国","CHN","受到威胁的哺乳动物种类","EN.MAM.THRD.NO","","","","","","","","","","","","","","","","","","","","","","","","","","","","","","","","","","","","","","","","","","","","","","","","","","","","","","","","","","","73","","","","78","","",
"中国","CHN","Nitrous oxide (N2O) emissions from Waste (Mt CO2e)","EN.GHG.N2O.WA.MT.CE.AR5","","","","","","","","","","","6.9192","7.2386","7.2615","7.5801","7.7388","8.0468","8.0262","8.1546","8.9457","9.2421","9.5438","9.8569","10.5298","10.8623","11.3895","11.5675","11.9457","12.1494","12.5506","12.7549","12.9243","13.5274","14.3604","15.1137","15.9011","16.4812","16.8874","17.1865","17.7343","18.0662","18.4337","18.6869","18.722","19.1874","19.5064","19.4898","19.7992","20.283","20.764","22.4223","23.96","25.5166","25.847","26.2528","26.7957","27.452","27.9865","28.4451","28.8255","29.2213","29.799","30.4638","30.7587","31.221","31.6907",
"中国","CHN","Nitrous oxide (N2O) emissions from Industrial Processes (Mt CO2e)","EN.GHG.N2O.IP.MT.CE.AR5","","","","","","","","","","","21.3508","21.7077","22.522","23.6897","20.3063","20.4883","20.7767","24.4467","26.4768","26.7734","29.8066","26.114","25.5754","26.0327","28.0719","27.4105","26.632","29.7783","29.0438","28.7616","28.9043","28.3887","28.7975","32.2056","31.6509","37.5248","36.8743","38.3329","39.9875","39.625","41.804","40.961","42.1294","45.7606","50.066","57.9106","62.1171","67.0334","62.8211","38.2045","36.7969","37.9304","38.2116","38.002","37.0518","35.8247","35.2729","35.1846","36.436","36.0785","35.8054","36.8479","36.6806","38.4191","38.5231",
"中国","CHN","Nitrous oxide (N2O) emissions from Agriculture (Mt CO2e)","EN.GHG.N2O.AG.MT.CE.AR5","","","","","","","","","","","77.4796","79.3298","81.2372","82.1765","80.1303","86.8755","92.3613","101.7617","110.1589","119.1954","128.4956","126.3472","132.1398","142.185","150.8142","145.2847","148.0836","169.8954","181.5645","188.2684","195.8698","200.5713","204.4758","194.9435","204.7416","237.2237","253.8069","227.6989","233.4861","243.7242","239.3864","237.4361","253.6302","247.0948","258.829","259.8992","274.0893","264.0113","258.1474","274.9294","258.2342","270.2325","273.5378","276.5942","254.9806","263.4067","248.0673","228.2732","230.0159","234.1073","232.1226","229.7906","241.106","247.9983","249.4922",
"中国","CHN","Carbon dioxide (CO2) emissions from Transport (Energy) (Mt CO2e)","EN.GHG.CO2.TR.MT.CE.AR5","","","","","","","","","","","45.4583","45.4583","50.12","54.4138","58.8471","65.9087","66.906","74.1173","71.9892","74.8971","70.859","70.6364","74.0071","78.5994","83.8886","86.3287","94.056","98.7102","104.7209","108.5201","94.1525","100.6214","111.1024","125.7016","116.3504","127.3714","169.853","146.1269","140.2851","157.3617","248.4803","254.2503","276.4443","313.1443","371.1368","397.312","434.812","468.5767","507.0676","517.0746","568.7798","621.89","686.1263","741.0944","770.35","828.4621","845.3566","877.8151","950.9561","944.3723","901.9615","969.4479","885.434","939.8278","928.6975",
"中国","CHN","Carbon dioxide (CO2) emissions excluding LULUCF per capita (t CO2e/capita)","EN.GHG.CO2.PC.CE.AR5","","","","","","","","","","","1.11387583021208","1.08778380820468","1.13155099010475","1.15107864480577","1.14703193202643","1.29214956432543","1.32391356903786","1.46805401423491","1.63250254924621","1.65001563459425","1.59466060627678","1.56016430472338","1.60697679029971","1.66674526780741","1.79253461288067","1.78725072309332","1.86984345560045","1.96790214338098","2.08198678322123","2.12049443525678","2.12676894074534","2.21606084568727","2.2917226194666","2.45254862360409","2.55649490072032","2.79351042241598","2.74342450002053","2.79439822775034","2.83592410230809","2.75219491752047","2.88907594771294","3.00747564571294","3.22795454545455","3.70467882645141","4.24069749050016","4.78299420120885","5.28052516361306","5.7076324565497","5.85225866357655","6.24909018523805","6.80718476794211","7.40185065816131","7.58441651466929","7.89327631231478","7.93164331637339","7.79057049265868","7.76322483949301","7.87802652170332","8.2177362485386","8.39147587098516","8.47858302033874","8.88715660313235","8.86482511020235","9.23027553501428","9.31508933799393",
"中国","CHN","Carbon dioxide (CO2) net fluxes from LULUCF - Total excluding non-tropical fires (Mt CO2e)","EN.GHG.CO2.LU.MT.CE.AR5","","","","","","","","","","","","","","","","","","","","","","","","","","","","","","","","","","","","","","","","","-728.6672","-728.6672","-728.6672","-728.6672","-728.6672","-728.6672","-769.598","-810.5287","-851.4595","-892.3903","-933.321","-974.2518","-1015.1825","-1056.1133","-1097.044","-1137.9748","-1178.9056","-1219.8363","-1260.7671","-1301.6978","-1342.6286","-1346.4991","-1346.4991","-1346.4991","",
"中国","CHN","Carbon dioxide (CO2) emissions from Industrial Combustion (Energy) (Mt CO2e)","EN.GHG.CO2.IC.MT.CE.AR5","","","","","","","","","","","380.3015","380.3015","402.1904","412.1365","425.4684","494.5936","523.8179","596.1715","649.7848","637.2734","601.0203","581.1268","611.8701","645.2251","710.8215","656.9027","685.9285","732.0833","770.7307","764.4769","745.2034","778.8292","807.8038","861.5358","903.3756","1070.1656","968.6582","961.1279","1023.8162","871.4882","885.1039","939.2401","979.4607","1118.662","1473.8701","1907.1151","2054.628","2241.3897","2379.0011","2571.1102","2816.6245","2976.8622","3015.7806","3037.5348","3060.043","2970.0588","2829.5098","2660.325","2747.538","2761.0671","2804.1148","2758.9483","2710.3206","2739.3157","2793.0196",
"中国","CHN","Methane (CH4) emissions (total) excluding LULUCF (% change from 1990)","EN.GHG.CH4.ZG.AR5","","","","","","","","","","","","","","","","","","","","","","","","","","","","","","","","-0.942752882926412","-1.61420851040689","-2.82456252724922","-1.59579563273246","2.6695576400477","4.20218055689134","-1.00816068801269","-0.629588826798766","-0.407182938083772","0.221177073441936","0.28846196642569","0.271887473805443","3.84686910446845","10.317365249762","14.6077495864118","19.1997258290585","20.9888421638063","22.5761134953138","24.7289301237582","29.8644974755103","38.7606459427132","39.3974722011991","39.9947054510439","40.7029868338733","41.0813748565818","36.9199774207613","38.4535001787104","40.9062444908922","40.6752659223981","41.2087652651271","43.1789625277137","42.4302850522459","44.0471834102585","43.7169997788133",
"中国","CHN","Methane (CH4) emissions (total) excluding LULUCF (Mt CO2e)","EN.GHG.CH4.MT.CE.AR5","","","","","","","","","","","683.8867","709.4949","723.8525","736.8708","744.9911","772.9626","781.4144","799.8036","822.2535","832.6382","832.9668","832.3131","854.2663","876.5368","902.8815","905.9861","928.4109","950.4724","969.0717","1007.9348","1033.5158","1023.7723","1016.8327","1004.3235","1017.023","1061.1061","1076.946","1023.0963","1027.0089","1029.3075","1035.8017","1036.4971","1036.3258","1073.2738","1140.1474","1184.4892","1231.948","1250.4388","1266.8435","1289.0932","1342.1701","1434.1132","1440.6949","1446.8674","1454.1876","1458.0983","1415.0896","1430.9388","1456.2883","1453.9011","1459.4149","1479.7772","1472.0395","1488.7504","1485.3379",
"中国","CHN","Methane (CH4) emissions from Building (Energy) (Mt CO2e)","EN.GHG.CH4.BU.MT.CE.AR5","","","","","","","","","","","70.9012","70.9012","73.1608","74.7053","75.7125","80.0683","81.292","85.0513","88.3159","89.6426","88.5939","91.1551","93.0179","95.0903","97.8731","99.0975","101.6441","103.582","106.5689","106.4911","107.4634","107.8863","104.9874","105.4501","103.4135","103.9092","93.017","99.4564","93.7896","92.5482","90.4428","87.7163","87.4231","87.1179","86.4044","84.9917","84.3715","79.3902","73.7279","70.8687","67.5044","64.8788","62.7205","60.4888","59.5157","59.5291","57.2979","55.779","50.9148","45.851","43.1141","38.9659","35.7873","32.4555","32.7488",
"中国","CHN","Total greenhouse gas emissions including LULUCF (Mt CO2e)","EN.GHG.ALL.LU.MT.CE.AR5","","","","","","","","","","","","","","","","","","","","","","","","","","","","","","","","","","","","","","","","","4335.225","4526.4073","4856.1639","5564.2177","6402.8671","7245.7288","7989.7409","8545.8147","8724.8364","9304.4819","10128.7236","11082.5542","11404.3845","11892.4947","11998.1534","11793.0668","11734.1814","11940.7572","12480.1628","12751.1644","12887.601","13519.9945","13510.902","14065.2843","",
"中国","CHN","受胁鸟类","EN.BIR.THRD.NO","","","","","","","","","","","","","","","","","","","","","","","","","","","","","","","","","","","","","","","","","","","","","","","","","","","","","","","","","","","96","","","","94","","",
"中国","CHN","PM2.5 pollution, population exposed to levels exceeding WHO Interim Target-1 value (% of total)","EN.ATM.PM25.MC.T1.ZS","","","","","","","","","","","","","","","","","","","","","","","","","","","","","","","90.7870462289057","","","","","90.8524760100824","","","","","92.2432250229349","","","","","94.3283071510268","","","","","94.5970786528437","95.4309937077549","92.0159982878997","91.6863013697077","89.7801066499698","86.6606052498369","81.118491956665","81.2393235519484","","","","","","","",
"中国","CHN","可燃性再生资源和废弃物（占能源总量的百分比）","EG.USE.CRNW.ZS","","","","","","","","","","","","","","","","","","","","","","","","","","","","","","","23.3072571083423","24.2467968650028","23.6150195101718","22.4662921759166","21.56624989907","20.1852003685702","19.3814679313332","19.5156013357146","19.2091861377297","18.7632627276617","17.8832369008355","16.5972611235269","15.3987478096109","13.0776107429965","11.0177064705021","9.71944642941188","8.81304170119973","7.66249251065205","6.96661091164061","6.27539810539331","5.49573152928224","4.88013758095094","4.45870425637502","4.09623271151279","4.01086506789558","3.94416013193893","3.91925919326859","3.9329329023546","3.85644338761836","3.63960241468288","3.54005976553395","3.41770645987875","3.35207818296739","3.16060773092974","",
"中国","CHN","能源净进口（占能源使用量的百分比）","EG.IMP.CONS.ZS","","","","","","","","","","","","","","","","","","","","","","","","","","","","","","","-3.991341834913","-3.5844945560059","-2.63382169910883","-0.368768942248344","-1.47072499046091","-1.24567989587008","-1.12646996020989","0.649738031011822","0.305622763116886","1.2667491963187","2.45807505926914","0.0954125824372545","1.55077393655025","2.81787719089625","5.80570745907935","5.60861584629628","6.95939640874444","7.94609861840451","8.6324519295838","12.0784803208113","13.5822901864238","14.7187375691953","16.5519076203457","17.3260320088109","17.5411749363193","16.7064227414127","19.1930740055994","20.4189899878205","21.668746469651","22.2209738878689","22.9745721923886","21.638660726732","20.6245589248584","23.9617588276826","",
"中国","CHN","可再生能源发电量，不包括水电（占总发电量的比例）","EG.ELC.RNWX.ZS","","","","","","","","","","","","","","","","","","","","","","","","","","","","","","","0.0109453569152121","0.0110680686220255","0.0173723694453175","0.0170563180538145","0.0544037403918147","0.306077701073703","0.151818114493076","0.258740298339273","0.245310492505353","0.244449874871666","0.233755342108874","0.224728197932542","0.209580791263744","0.190561322618546","0.178607053680913","0.281549519169627","0.3509850472129","0.47923328427474","0.762948905235804","1.23941491135677","1.631076144851","2.01460548997288","2.63509900291247","3.23888176908446","3.61274014155713","4.55807103746262","5.9539883138882","7.19946452516446","8.56768880402383","9.50765506036168","10.6602772642896","12.856523818733","","","",
"中国","CHN","核能发电量（占总发电量的比例）","EG.ELC.NUCL.ZS","","","","","","","","","","","","","","","","","","","","","","","","","","","","","","","0","0","0","0.191317022086143","1.58966652123093","1.27322370757823","1.32729763756202","1.26931528460552","1.20770877944325","1.20563549305725","1.23453056564026","1.17978404387997","1.51901504324843","2.26831802088703","2.29039955489035","2.12312424963987","1.91360363774157","1.893174151911","1.97260890318803","1.88782902891769","1.7557063426674","1.83109364533105","1.95020269140546","2.04897997098351","2.27834296953672","2.91735811767037","3.44020279239554","3.69438320316293","4.12103415964764","4.64194012322985","4.7164289812073","4.7391624959545","4.66754176208346","4.55321475479548","",
"中国","CHN","石油、天然气和煤炭能源的发电量（占总发电量的比例）","EG.ELC.FOSL.ZS","","","","","","","","","","","","","","","","","","","","","","","","","","","","","","","79.5920601093248","81.5288692123224","82.4153163296294","81.6834228094261","80.3218977748331","79.5126369908544","81.1204917425757","81.2182186976181","80.7311349036403","82.1128985819327","82.1259712422312","79.8616967903689","80.8626593251939","82.695112664889","81.4869693787435","81.7018507750155","82.4936129470326","82.843478711313","80.2899470319582","80.2483727723448","79.1974463835848","80.9863773842652","77.7146982055628","77.2726663578868","75.1358276643211","72.836485040317","71.3347832636917","70.9002577594408","69.5798997682015","67.9441024354279","66.6281115933715","66.2498687355151","64.7954007326624","64.4035322187705","",
"中国","CHN","Access to electricity, rural (% of rural population)","EG.ELC.ACCS.RU.ZS","","","","","","","","","","","","","","","","","","","","","","","","","","","","","","","","","","","","","","","","","94.9","95.4","95.7","96","96.3","96.6","96.9","97.3","97.8","98.3","99.4","99.8","99.9","100","100","100","100","100","100","100","100","100","100","100","",
"中国","CHN","Access to clean fuels and technologies for cooking, rural (% of rural population)","EG.CFT.ACCS.RU.ZS","","","","","","","","","","","","","","","","","","","","","","","","","","","","","","","","","","","","","","","","","20.9","21.2","21.9","22.5","23.5","24.5","25.7","27","29","31","33.6","36.4","39.4","42.9","46.8","50.5","54.6","58.3","61.8","65.6","68.7","72","74.9","77.4","",
"中国","CHN","公共和公共担保债务服务（占GNI的比例）","DT.TDS.DPPG.GN.ZS","","","","","","","","","","","","","","","","","","","","","","0.878201780897117","0.895831252774593","0.824108994907521","0.725338688243883","0.60676863141063","0.836946770617352","1.12738963087438","1.2457444088545","1.39884624774216","1.6144386235885","1.83659894733546","1.84785856506562","2.09738144949488","1.79586832774603","1.88523273939928","1.73961561646148","1.75793684071218","1.25366281573791","1.33139816682871","1.1891327184227","0.993958162705934","0.882565463738838","0.835370980470669","0.403891844726713","0.386640252314513","0.318700212493308","0.239253519225188","0.200731029743153","0.167547271396915","0.223746956221037","0.185982889418642","0.120704590238678","0.125988191117915","0.137617423707914","0.308351634670692","0.162356648037837","0.150104721252627","0.152102984499482","0.201804921652025","0.227288780212334","0.278579342022367","0.529790372042671","0.654906755126149","0.425861438271956",
"中国","CHN","偿还债务总量（占国民总收入（GNI）比例）","DT.TDS.DECT.GN.ZS","","","","","","","","","","","","","","","","","","","","","","0.88901618874173","1.03271372268425","1.16004614753229","0.873546807603608","0.798233390828611","0.988013648504964","1.40942904482963","1.45945720301295","1.62103620500828","1.94662344147073","2.15554298006339","2.01036713360662","2.28154947244303","1.96802282868424","2.0742112500157","1.84061993805217","1.92801319246732","1.80647067207119","2.44010098291476","2.20082218528763","1.87140379643952","2.10810353517618","2.24173262806956","1.17740992433513","1.19508789390146","0.98873650244154","0.882766158073599","0.710076042867922","0.770199497109214","0.844921983845702","0.826153076691624","0.834847422357493","0.798685183697448","0.763494761879387","1.12829634240865","1.47145371630911","1.64756325994485","1.71039333419739","1.89934892791416","1.84429465649716","1.86583892939778","2.4894329251481","2.48415874132595","1.89361427022333",
"中国","CHN","已收到的人均官方发展援助（ODA）净额（现价美元）","DT.ODA.ODAT.PC.ZS","","","","","","","","","","","","","","","","","","","","0.0173889715548111","0.0667526127787941","0.478828027283321","0.518901881644223","0.653565378812842","0.769155817489692","0.893162962399147","1.02657506599091","1.27052174428178","1.73934986802937","1.84798641219327","1.78878330455912","1.66734736439632","2.56509610527793","2.71747384916712","2.62812389220194","2.874785722076","2.18134770838467","1.67537282565342","1.97826749280106","1.92139403672265","1.38520436251257","1.1775423411271","1.18050496304866","1.05677304153892","1.31933286708187","1.37938919420845","0.967583252806021","1.10269362552262","0.98557308244293","0.857373621254488","0.715905212965606","-0.448768707982041","-0.133312197369397","-0.481607471776224","-0.690357865103081","-0.221972154295488","-0.570282780001162","-0.709019983267262","-0.502773858057619","-0.431192028990735","-0.404377482410664","-0.397857291773609","-0.198614278610288","-0.189379104551631","",
"中国","CHN","已收到的官方发展援助（ODA）净额（占总资本形成的百分比）","DT.ODA.ODAT.GI.ZS","","","","","","","","","","","","","","","","","","","","0.0260391179775299","0.0990210465955884","0.737423306865918","0.797982609891413","0.908094336557193","0.892380473652083","0.776476285491939","0.965161575077856","1.3519289903998","1.56978572973201","1.5975666144862","1.64739457539279","1.40417224453369","1.77411749605822","1.64946284002568","1.37170570696155","1.20027728744345","0.809476062838635","0.595809322954322","0.677103868457361","0.636964914326271","0.424951290880844","0.311129562451979","0.281285742142599","0.205073904397473","0.206989246679284","0.193131244953925","0.114493925382658","0.100248125081336","0.0666620397526927","0.0489532348506696","0.0335445754754993","-0.0170043084671969","-0.00454277217783434","-0.0146738011754072","-0.019580618323504","-0.00635344792484107","-0.0163945620520454","-0.018556706444432","-0.0115091072737317","-0.00977035679382321","-0.00893777599845389","-0.00723291547038536","-0.00361527287337895","-0.00355522530464947","",
"中国","CHN","已收到的净官方发展援助和官方援助（2018年不变价美元）","DT.ODA.ALLD.KD","","","","","","","","","","","","","","","","","","","","43801471.7102051","160119873.046875","1219036376.95313","1141128662.10938","1528382934.57031","1846963256.83594","2260237304.6875","1976320678.71094","2201737548.82813","2903669921.875","3083130371.09375","2844567138.67188","2629095947.26563","3726551269.53125","3894742919.92188","3527023681.64063","3603033447.26563","3059992187.5","2676002441.40625","2988327392.57813","2760991943.35938","2181594726.5625","1968374023.4375","1850868286.13281","1486064208.98438","1698302001.95313","1760867065.42969","1326110107.42188","1465881713.86719","1265865112.30469","1147342529.29688","1123446899.41406","-482662536.621094","189162658.691406","-468757324.21875","-788099548.339844","-137774200.439453","-560518249.511719","-829194152.832031","-517751953.125","-400154785.15625","-355317047.119141","-403866333.007813","-230167083.740234","-267158996.582031","",
"中国","CHN","来自联合国机构的净官方流动，WFP（现价美元）","DT.NFL.WFPG.CD","","","","","","","","","","","","","","","","","","","","3480000.01907349","7000000","6909999.84741211","15369999.8855591","24950000.7629395","79680000.3051758","67879997.253418","84510002.1362305","86470001.2207031","101459999.084473","23940000.5340576","8649999.61853027","21620000.8392334","28120000.8392334","23780000.6866455","24850000.3814697","21209999.0844727","16299999.2370605","18889999.3896484","10489999.7711182","6500000","7530000.20980835","10989999.7711182","12060000.4196167","10789999.961853","6340000.15258789","8000000","","","","","","","","","","","","","","","","","","","",
"中国","CHN","来自联合国机构的净官方流动，UNRWA（现价美元）","DT.NFL.UNRW.CD","","","","","","","","","","","","","","","","","","","","","","","","","","","","","","","","","","","","","","","","","","","","","","","","","","","","","","","","","","","","","","","","","",
"中国","CHN","来自联合国机构的净官方流动，UNFPA（现价美元）","DT.NFL.UNFP.CD","","","","","","","","","","","","","","","","","","","","","12680000.3051758","15520000.4577637","11029999.7329712","9149999.61853027","5650000.09536743","11670000.0762939","9149999.61853027","9560000.4196167","12010000.2288818","13060000.4196167","4579999.92370605","13560000.4196167","10409999.8474121","10319999.6948242","6719999.79019165","7750000","","50000.0007450581","1330000.04291534","5460000.03814697","3500000","3630000.11444092","4570000.17166138","4869999.88555908","4639999.8664856","4510000.22888184","3650000.09536743","4139999.8664856","6500000","3569999.9332428","3440000.05722046","2380000.11444092","4531669.13986206","3988326.07269287","3997893.09501648","3696191.07246399","1592326.99871063","1901919.00730133","1633020.04337311","2629724.97940063","3054019.92797852","2832931.99539185","3052170.03822327","2913739.91966248","",
"中国","CHN","Net official flows from UN agencies, UNCOVID (current US$)","DT.NFL.UNCV.CD","","","","","","","","","","","","","","","","","","","","","","","","","","","","","","","","","","","","","","","","","","","","","","","","","","","","","","","","","","","","","","","","","",
"中国","CHN","Net official flows from UN agencies, UNCDF (current US$)","DT.NFL.UNCD.CD","","","","","","","","","","","","","","","","","","","","","","","","","","","","","","","","","","","","","","","","","","","","","","","","","","","","","","","","","","","","","","","","","",
"中国","CHN","净金融流动，RDB非优惠（NFL，现价美元）","DT.NFL.RDBN.CD","","","","","","","","","","","","","","","","","","","","","","","","","","","","","2708000","52036000","52909000","167620000","166284000","352989000","464321000","511048000","653285000","495582000","621976000","466611000","445148000","643691000","2151000","-1347889000","237946000","688261000","800523000","983341000","1001668000","1069098000","1033256000","1222891000","937510000","615490235.7","822010000","610096000","983138000","668358000","742267000","671412000","254174000","468164000","234824000","-17223000","-1056930000",
"中国","CHN","PNG，商业银行和其他债权人（NFL，现价美元）","DT.NFL.PNGC.CD","","","","","","","","","","","","","","","","","","","","","","","","","","","","","","","","","","","","","","","-2820090000","-1065000000","-1901367000","-2369647000","-398217000","961353000","5481000000","3922855000","6940528000","13974000000","15880000000","-10269978000","21401959000","15364000000","7360843000","4624714000","35130151000","32994596000","6893024000","-3370458000","-9068499000","44007875000","20560988000","48497233000","-37064811000","-21508394000","-45522005000",
"中国","CHN","PPG，债券（NFL，现价美元）","DT.NFL.PBND.CD","","","","","","","","","","","","","","","","","","","","","","-16700000","23580000","4458000","84300000","971418000","1332990000","1064288000","770677000","416614000","-47835000","23869000","-200767000","1905923000","2876338000","-227213000","1061218000","2018669000","1325000000","-1254000000","405000000","560000000","-1064700000","1099320000","2978378000","3658000000","0","1456374000","-742486000","-500000000","0","11923633000","16238000000","6405000000","18893747000","11542007000","2523987000","32085859000","62491624000","50584906000","72778141000","149489996000","-24011834000","-68642885000","-3675723000",
"中国","CHN","净金融流动，多边（NFL，现价美元）","DT.NFL.MLAT.CD","","","","","","","","","","","","","","","","","","","","","","","883000","77814000","207849000","598785000","618297000","618667000","1082963000","1106108000","937714000","1314046000","1358614000","2034329000","2236531000","2427220000","2385418000","2384984000","2255227000","1700182000","1903096000","1392656000","-494949000","-2205363000","204388000","809299000","814639000","1035960000","1358394000","1119986000","959322000","-327990000","106724000","-344182000","-144862000","-225611000","30506000","399005000","381659000","1063266000","316851000","684400000","-368373000","-785984000","-2235906000",
"中国","CHN","净金融流动，IMF优惠贷款（NFL，现价美元）","DT.NFL.IMFC.CD","","","","","","","","","","","","","","","","","","","","","","","","","","","","","","","","","","","","","","","","","","","","","","","","","","","","","","","","","","","","","","","","","",
"中国","CHN","Net official flows from UN agencies, FAO (current US$)","DT.NFL.FAOG.CD","","","","","","","","","","","","","","","","","","","","","","","","","","","","","","","","","","","","","","","","","","","","","","","","","","","","","","539388.000965118","","","","","535313.010215759","180882.006883621","305231.004953384","618210.017681122","543859.004974365","487423.002719879","",
"中国","CHN","净金融流动，双边（NFL，现价美元）","DT.NFL.BLAT.CD","","","","","","","","","","","","","","","","","","","","","","506326996.7","656429274.7","544815738.9","623069790.9","517938681.3","547125344.2","7750883.9","272475008.1","1170569555","788955230.6","729565658","1035296644.6","2634461925.3","917137696.9","5484310207.9","2017864040.6","1930028118.6","32370573.7","1719850377.5","-383825456","762728670.1","-702168878.7","-605417841","749144366.1","1140809118.7","849281254.3","253275516.3","581957062.6","247466093.6","-3234879725.9","1784523063.9","-130227722.4","-3275685147","-21128462.5","-3665467667.9","-3842356152.7","-4050241172.8","-2081654101.4","-1759471790.9","-1843160611.5","-1066478073","-1180281056.2","-624140133.5","-253609947.6",
"中国","CHN","国际复兴开发银行（IBRD ）贷款和国际开发协会（ IDA ）信贷（DOD，现价美元）","DT.DOD.MWBG.CD","","","","","","","","","","","","","","","","","","","","","","0","882488","70852381.9","254005377.1","929645407.6","1739146427.2","2757193814.6","3650661125.1","4625212305","5880987314.6","7165273756.2","8149331000","9874420000","12241028000","14472925000","15414674000","16276727000","18545271000","19515396000","20097046000","20410918000","20884540000","21178851000","21918012000","21071965000","21606874000","22109858000","22439564000","22460926000","22135458000","20667636000","19824243000","18958546000","17884480000","17047891000","16214801000","16356049000","16094925000","16270521000","16235962000","16584800000","16067277000","15447169000","14686683000",
"中国","CHN","短期债（在商品与服务的出口和初次收入中所占%）","DT.DOD.DSTC.XP.ZS","","","","","","","","","","","","","","","","","","","","","","","9.30082089854018","16.1067313523347","19.4958919370561","21.6558145811545","19.8024964964312","20.4772461205071","18.5855089592875","13.8926322988113","15.4277955324469","15.4847235589008","16.3069231862768","16.7642094649394","13.9955811012024","14.6462421583501","14.1942166305392","21.5148759256853","11.8000925497455","9.59459971936744","6.45641301733305","25.8304276013947","25.6592152085413","19.0648232098138","18.5133605179537","18.2457346659918","16.5705724174557","15.1839727344288","11.629068359097","17.543683855323","28.4808043695616","35.8252669078678","33.8199980105488","42.4100100321381","45.8669971541136","31.8209804959902","33.053039534135","37.9051983446131","41.7502518480899","41.4978985949302","41.4231299284273","35.2114237721913","31.7118511907114","33.8063366829446","31.8334086180583",
"中国","CHN","私人无担保 (PNG) 外债存量（DOD，现价美元）","DT.DOD.DPNG.CD","","","","","","","","","","","","","","","","","","","","","","","","","","","","","","","","","200401000","555514000","582652000","1089863000","1149828000","2411592000","27242623000","37688000000","37789000000","36744000000","31839000000","35030000000","42158000000","50492000000","63666000000","82284000000","101774197000","102157209000","117375367000","157485067000","206804046000","240132128000","349747765000","355777187000","442926207289.8","473943076076.6","473253603721.2","581120148422.9","688251649058","752287400254.3","678820480244.1","624071976132.6","562633647486.4",
"中国","CHN","外债总额存量（DOD，现价美元）","DT.DOD.DECT.CD","","","","","","","","","","","","","","","","","","","","","","5798013609.4","8359968254.8","9611696896","12088935352.5","16699215995.6","23719315917.2","35339526722.2","42438957562.4","44932469163.1","55301409898.8","60259186451.5","72538895534.7","86092752669.9","100667359411.3","118314843047","129037039407.6","146904623209.9","144214433291.8","148825573986.7","145906872763.7","184315443994.2","185465746540.1","207180503978.3","247359209017.2","285857036926.9","326419519861.6","377749152515.9","386423097229.7","454495613318.6","742737476056.6","1054209569422.7","1148164368937.8","1480476659937.3","1778380562695.9","1333768986063.5","1413904270462.7","1710819944231.6","1961562462976.8","2114161989828.3","2326232537961.7","2724353650084.8","2530502272052.6","2447537483872.8","2419835436491.8",
"中国","CHN","Net ODA provided to the least developed countries (% of GNI)","DC.ODA.TLDC.GN.ZS","","","","","","","","","","","","","","","","","","","","","","","","","","","","","","","","","","","","","","","","","","","","","","","","","","","","","","","","","","","","","","","","","",
"中国","CHN","来自DAC捐助国的双边援助净流量，瑞典（现价美元）","DC.DAC.SWEL.CD","","","","","","","","","","","","","","","","","","","","90000.0035762787","","1179999.94754791","250000","600000.023841858","790000.021457672","11399999.6185303","6320000.17166138","5019999.98092651","21510000.2288818","42529998.7792969","31930000.3051758","9579999.92370605","30989999.7711182","35419998.1689453","17500000","15289999.961853","17719999.3133545","6789999.96185303","10250000","3809999.94277954","11039999.961853","10079999.9237061","6400000.09536743","6139999.8664856","18239999.7711182","10050000.1907349","11880000.1144409","10569999.6948242","14789999.961853","7309999.94277954","6940000.05722046","9979999.54223633","10319999.6948242","11138209.3429565","3288078.06968689","2811217.06962585","1805268.04924011","2493099.92790222","3406522.98927307","2519287.109375","2313426.97143555","2690677.88124084","2156733.03604126","1725504.04071808","",
"中国","CHN","Net bilateral aid flows from DAC donors, Poland (current US$)","DC.DAC.POLL.CD","","","","","","","","","","","","","","","","","","","","","","","","","","","","","","","","","","","","","","","","","","","","","","5340000.15258789","509999.990463257","67209999.0844727","18559999.4659424","31159999.8474121","45229999.5422363","-1129999.99523163","45709999.0844727","13850000.3814697","-13359999.6566772","-16738140.1062012","-16803054.8095703","-16754425.0488281","-16638652.8015137","-11339370.7275391","-10780280.1132202","-11035118.1030273","-10755855.5603027","-7856533.05053711","",
"中国","CHN","来自DAC捐助国的双边援助净流量，卢森堡（现价美元）","DC.DAC.LUXL.CD","","","","","","","","","","","","","","","","","","","","","","","","","","","","","","","","","9999.99977648258","349999.994039536","449999.988079071","90000.0035762787","1190000.05722046","230000.004172325","1340000.0333786","340000.003576279","280000.001192093","1509999.99046326","540000.021457672","449999.988079071","980000.019073486","879999.995231628","860000.014305115","1059999.94277954","1840000.0333786","620000.004768372","899999.976158142","230000.004172325","965699.017047882","673151.016235352","462761.014699936","414624.005556107","501450.002193451","274002.999067307","122782.997786999","198811.993002892","185736.998915672","44805.0014674664","70900.9990096092","69061.0036253929","",
"中国","CHN","来自DAC捐助国的双边援助净流量，意大利（现价美元）","DC.DAC.ITAL.CD","","","","","","","","","","","","","","","","","","","","109999.999403954","159999.996423721","419999.986886978","2660000.08583069","11130000.1144409","9930000.30517578","14420000.0762939","31899999.6185303","106690002.441406","111540000.915527","118830001.831055","45330001.8310547","54900001.5258789","201589996.337891","135479995.727539","69589996.3378906","6230000.01907349","6239999.77111816","-6590000.15258789","11199999.8092651","-9850000.38146973","-21229999.5422363","-13680000.3051758","-28239999.7711182","-19569999.6948242","-13739999.7711182","-12819999.6948242","-23290000.9155273","42130001.0681152","-16739999.7711182","-24329999.9237061","-26709999.0844727","-33040000.9155273","-13090000.1525879","-15460000.038147","-14649999.6185303","-15870613.0981445","-15617819.7860718","-13854342.4606323","-10459852.2186279","-14094668.3883667","-25302343.3685303","-21827159.8815918","-33790924.0722656","-8885094.64263916","",
"中国","CHN","Cause of death, by non-communicable diseases (% of total)","SH.DTH.NCOM.ZS","","","","","","","","","","","","","","","","","","","","","","","","","","","","","","","","","","","","","","","","","81.0437980147124","","","","","","","","","","86.4467666901341","","","","","88.3413091635005","","","","89.6330763010546","","","","","",
"中国","CHN","Cause of death, by communicable diseases and maternal, prenatal and nutrition conditions (% of total)","SH.DTH.COMM.ZS","","","","","","","","","","","","","","","","","","","","","","","","","","","","","","","","","","","","","","","","","9.45105229809989","","","","","","","","","","5.09855007586708","","","","","4.13279712445999","","","","3.54971055780421","","","","","",
"中国","CHN","Number of deaths ages 5-9 years","SH.DTH.0509","","","","","","","","","","","","","","","","","","","","","","","","","","","","","","","94312","91224","88480","86083","84079","81697","77108","69930","62593","55549","48514","42838","38803","35368","32376","29910","27857","25999","24439","23116","21863","20776","20025","19492","19121","18786","18389","18086","17793","17408","16869","16350","15836","15075","",
"中国","CHN","Prevalence of anemia among children (% of children under 5)","SH.ANM.CHLD.ZS","","","","","","","","","","","","","","","","","","","","","","","","","","","","","","","","","","","","","","","","","28.5","27","25.8","24.6","23.6","22.6","21.7","20.8","20.1","19.5","19","18.6","18.3","18.2","18.1","18.2","18.3","18.4","18.5","18.8","","","","","",
"中国","CHN","Total alcohol consumption per capita, female (liters of pure alcohol, projected estimates, female 15+ years of age)","SH.ALC.PCAP.FE.LI","","","","","","","","","","","","","","","","","","","","","","","","","","","","","","","","","","","","","","","","","1.43","1.43","1.33","1.28","1.28","1.36","1.51","1.68","1.88","2.12","2.39","2.65","2.83","2.93","2.98","2.99","2.91","2.63","2.28","2.28","1.79","","","","",
"中国","CHN","Women who believe a husband is justified in beating his wife when she goes out without telling him (%)","SG.VAW.GOES.ZS","","","","","","","","","","","","","","","","","","","","","","","","","","","","","","","","","","","","","","","","","","","","","","","","","","","","","","","","","","","","","","","","","",
"中国","CHN","Proportion of time spent on unpaid domestic and care work, male (% of 24 hour day)","SG.TIM.UWRK.MA","","","","","","","","","","","","","","","","","","","","","","","","","","","","","","","","","","","","","","","","","","","","","","","","","6.18056","","","","","","","","","","5.90278","","","","","","",
"中国","CHN","Women making their own informed decisions regarding sexual relations, contraceptive use and reproductive health care (% of women age 15-49)","SG.DMK.SRCR.FN.ZS","","","","","","","","","","","","","","","","","","","","","","","","","","","","","","","","","","","","","","","","","","","","","","","","","","","","","","","","","","","","","","","","","",
"中国","CHN","Expenditure on tertiary as % of government expenditure on education (%)","SE.XPD.TERT.ZS","","","","","","","","","","","","13.92145","14.28223","15.73626","15.98394","15.98305","16.81709","16.54942","20.77436","26.3851","30.66925","31.57293","30.53421","32.53898","33.95889","34.1342","34.16858","32.1679","29.38277","","","","25.93177","23.18865","21.38331","19.54807","19.66055","","15.58072","23.98415","","","","","","","","","","","","","","","","","","","","","","","","","",
"中国","CHN","Expenditure on primary as % of government expenditure on education (%)","SE.XPD.PRIM.ZS","","","","","","","","","","","","","","","","","","","","","29.57474","30.27342","31.43066","30.86765","29.97869","29.37828","29.41424","30.74752","32.59027","","","","34.2927","34.7779","38.99565","30.10276","40.3985","","36.06416","32.59654","","","","","","","","","","","","","","","","","","","","","","","","","",
"中国","CHN","Current education expenditure, secondary (% of total expenditure in secondary public institutions)","SE.XPD.CSEC.ZS","","","","","","","","","","","","","","","","","","","","","","","","","","","","","","","","","","","","","","","","90.1054077148438","","","","","","","","","","","","","","","","","","","","","","","82.2891998291016","83.0840377807617","",
"中国","CHN","入学率，高等院校，女生（占总人数的百分比）","SE.TER.ENRR.FE","","","","","","","","","","","","","","","0.204750001430512","0.310209989547729","0.368380010128021","0.421449989080429","0.411139994859695","0.497940003871918","0.631770014762878","","","","","","","","","","","","","","2.57580995559692","","","","","","","","","13.1462697982788","15.918740272522","17.7914905548096","20.1196098327637","21.4294891357422","22.299409866333","24.0389499664307","26.4254686283246","28.33680369357","31.2373027465521","35.2235263233561","47.5906879298064","51.8254378693937","54.6856037467009","56.7811359609732","59.6629415547707","63.3739579786153","68.2395678206989","73.3186043850246","77.6808223561514","80.7794373835271","83.0664788571171",
"中国","CHN","Educational attainment, at least completed short-cycle tertiary, population 25+, male (%) (cumulative)","SE.TER.CUAT.ST.MA.ZS","","","","","","","","","","","","","","","","","","","","","","","","","","","","","","","","","","","","","","","","","5.87779238586413","","","","","","","","","","10","","","","","","","","","","16.8199996948242","","","","",
"中国","CHN","Educational attainment, at least Master's or equivalent, population 25+, female (%) (cumulative)","SE.TER.CUAT.MS.FE.ZS","","","","","","","","","","","","","","","","","","","","","","","","","","","","","","","","","","","","","","","","","0.0625423776798922","","","","","","","","","","0.310000002384186","","","","","","","","","","0.879999995231628","","","","",
"中国","CHN","Educational attainment, at least Bachelor's or equivalent, population 25+, total (%) (cumulative)","SE.TER.CUAT.BA.ZS","","","","","","","","","","","","","","","","","","","","","","","","","","","","","","","","","","","","","","","","","1.46850953000224","","","","","","","","","","3.57999992370606","","","","","","","","","","7.67999982833862","","","","",
"中国","CHN","Adolescents out of school, male (% of male lower secondary school age)","SE.SEC.UNER.LO.MA.ZS","","","","","","","","","","","","","","","","","","","","","","","","","","","","","","","","","","","","","","","","","","","","","","","","","","","","","","","","","","","","","","","","","",
"中国","CHN","中学教育，教师","SE.SEC.TCHR","","","","","","","","","","","983294","1212599","1369092","1703006","1752875","1848192","2164601","2809190","3273831","3281591","3190884","3171564","3008789","2870455","2854364","2883000","3039100","3201850","3365800","3501500","3546200","3631500","3696400","3776750","3836100","3910232","4099272","4217947","","","4763020","4572065","4792771","5138036","","","5766256","6221145","6343783","6388302","6417038","6431127","6550540","6229458","6211070","6234124","6219580","6266954","6359696","6474893","6589956","6839233","7059742","7251617","7407613",
"中国","CHN","Trained teachers in upper secondary education, female (% of female teachers)","SE.SEC.TCAQ.UP.FE.ZS","","","","","","","","","","","","","","","","","","","","","","","","","","","","","","","","","","","","","","","","","","","","","","","","","","","","","","","","","","","","","","","","","",
"中国","CHN","Trained teachers in lower secondary education, female (% of female teachers)","SE.SEC.TCAQ.LO.FE.ZS","","","","","","","","","","","","","","","","","","","","","","","","","","","","","","","","","","","","","","","","","","","","","","","","","","","","","","","","","","","","","","","","","",
"中国","CHN","Progression to secondary school, female (%)","SE.SEC.PROG.FE.ZS","","","","","","","","","","","","","","","","","","","","","","","","","","","","","","","","","","","","86.67769","86.78627","","","","","","","","","","","","100","","","","","","","","","","","","","","","","",
"中国","CHN","入学率，中学（净百分比）","SE.SEC.NENR","","","","","","","","","","","","","","","","","","","","","","","","","","","","","","","","","","","","","","","","","","","","","","","","","","","","","","","","","","","","","","","","","",
"中国","CHN","中学教育，接受职业教育的学生（女性所占百分比）","SE.SEC.ENRL.VO.FE.ZS","","","","","","","","","","","","","","","","","","","","33.05893","31.00521","31.82154","35.29767","36.2833","39.03882","39.48422","35.76734","42.57386","42.50981","43.20153","37.68776","38.39105","38.81109","39.44805","45.12688","46.11326","47.16836","45.63304","","","","","","48.10345","","","51.05769","50.46374","50.16955","50.03688","45.24974","45.12883","45.18861","45.53823","45.37029","45.42252","44.40042","43.74183","42.7632","","","","","","",
"中国","CHN","Pupil-teacher ratio, lower secondary","SE.SEC.ENRL.LO.TC.ZS","","","","","","","","","","","","","","","","","","","","","","","","","","","","","","","","","","","","16.08949","16.75864","17.21769","","17.08747","17.56423","18.57755","18.57755","19.5765","","","17.04956","16.40386","15.83738","15.45224","14.90671","14.47065","13.84711","13.42238","12.61388","12.4553","12.30006","12.26986","12.32505","","","","","","",
"中国","CHN","中学教育，学生","SE.SEC.ENRL","","","","","","","","","","","20253372","26482476","31493670","36166904","34946780","37137884","45368416","59055676","68488200","66371588","60248276","56777808","50145904","47027980","46865160","49236900","51663800","54108600","55062400","53621700","51799200","52385600","53690000","55100000","55548100","58941484","63800416","68275440","","77436272","81487960","86516712","90722792","95624760","","","101195120","101830968","101448264","100392464","99218082","97452468","95004209","93693608","88209512","85664566","83619306","83127794","84194858","85947136","88306922","90870197","93735700","96318011","97983183",
"中国","CHN","Educational attainment, at least completed upper secondary, population 25+, female (%) (cumulative)","SE.SEC.CUAT.UP.FE.ZS","","","","","","","","","","","","","","","","","","","","","","","4.25","","","","","","","","","","","","","","","","","","10.5962859493558","","","","","","","","","","19.2000007629394","","","","","","","","","","29.5100002288818","","","","",
"中国","CHN","Educational attainment, at least completed lower secondary, population 25+, total (%) (cumulative)","SE.SEC.CUAT.LO.ZS","","","","","","","","","","","","","","","","","","","","","","","22.7999992370606","","","","","","","","36.4000015258789","","","","","","","","","","52.2599983215332","","","","","","","","","","65.3199996948242","","","","","","","","","","72.4000015258789","","","","",
"中国","CHN","Lower secondary completion rate, male (% of relevant age group)","SE.SEC.CMPT.LO.MA.ZS","","","","","","","","","","","","","","","","","","","","","","","","","","","","","","","","","","","","66.8497772216797","66.5326080322266","67.6185684204102","","","","","","","","","","102.068092346191","101.033798217773","99.9084320068359","99.2023987237212","101.905667088475","101.562452984232","","","","","","","","","","","","",
"中国","CHN","Children out of school, male (% of male primary school age)","SE.PRM.UNER.MA.ZS","","","","","","","","","","","","","","","","","","","","","","","","","","","","","","1.26462996006012","4.90055990219116","5.92147016525269","7.36656999588013","8.01605033874512","8.495530128479","7.86265993118286","7.46343994140625","6.72150993347168","","","","","","","","","","","","","","","","","","","","","","","","","","","",
"中国","CHN","失学儿童，小学","SE.PRM.UNER","","","","","","","","","","","","","","","","","","","","","","","","","","","","3839648","2749983","4528093","7874579","8654800","9984301","10619108","11118529","10102953","9464568","8248401","","","","","","","","","","","","","","","","","","","","","","","","","","","",
"中国","CHN","初等教育，教师 （女性所占百分比）","SE.PRM.TCHR.FE.ZS","","","","","","","","","","","","","","","36.396671295166","35.7200584411621","36.2963714599609","33.2577018737793","38.5572090148926","37.830078125","36.5918502807617","37.0785903930664","36.3255081176758","36.2823791503906","37.0054893493652","38.9898681640625","39.5755805969238","40.376091003418","40.9529190063477","41.524730682373","42.5718803405762","43.1544609069824","43.7919082641602","44.4856605529785","45.1563491821289","45.7971611022949","46.610408782959","47.4013481140137","48.2837409973145","","","50.6329689025879","","52.909839630127","","","55.1762619018555","55.5411491394043","56.1109199523926","56.7584991455078","57.5541072596043","58.361603667095","58.9943357161331","59.8771842202604","60.9763822958009","62.5973889686797","63.9985141036274","65.6214799256726","67.3967464470348","68.9729589412365","70.2326969595383","71.4281375065855","72.3784121703209","73.3644673435189","74.5064324187972",
"中国","CHN","经过培训的女性初等教育教师（占女性教师总数比例）","SE.PRM.TCAQ.FE.ZS","","","","","","","","","","","","","","","","","","","","","","","","","","","","","","","","","","","","","","","","","","","","","","","","","","","","","","","","","","","","","","","","","",
"中国","CHN","小学最高年级持续就学率，总计（占同龄人的百分比）","SE.PRM.PRSL.ZS","","","","","","","","","","","","","","","","","","","","","","","","","","","","","80.0233306884766","80.6173782348633","85.0645370483398","86.0028991699219","88.0308380126953","88.056022644043","90.6457901000977","92.1500930786133","93.5709381103516","","","","","","","","","","","","","","","","","","","","","","","96.8488388061523","96.7884063720703","","","","",
"中国","CHN","五年级持续就学率，男童（占同龄人的百分比）","SE.PRM.PRS5.MA.ZS","","","","","","","","","","","","","","","","","","","","","","","","","","","","","","","","","","","","92.2371673583984","93.4191131591797","","","","","","","","","","","","","","","","","","","","","","","100","99.8268203735352","","","","",
"中国","CHN","Over-age students, primary, male (% of male enrollment)","SE.PRM.OENR.MA.ZS","","","","","","","","","","","","","","","","","","","","","","","","","","","","24.43709","","22.26885","21.03414","19.5033","18.57707","17.0036","15.75771","15.20926","13.55078","12.0794","","","","","","","","","","","","","","","","","","","","","","","","","","","",
"中国","CHN","一年级净入学率，女童（占官方定义的学龄人口的百分比）","SE.PRM.NINT.FE.ZS","","","","","","","","","","","","","","","","","","","","","","","","","","","","","","","","","","","","","","","","","","","","","","","","","","","","","","","","77.08119","80.95608","81.97603","82.97871","","","","","","",
"中国","CHN","一年级新生总入学率，总体（占相关年龄组的百分比）","SE.PRM.GINT.ZS","","","","","","","","","","","","","","","","","","","","","","","","","","","","","","114.6747","114.63018","105.03488","102.02064","99.66619","99.68302","100.27515","95.76243","93.61998","","","","98.9983","107.03431","110.54449","","","96.36232","100.80703","102.61413","101.70594","100.80835","103.08816","","103.74538","101.67297","98.5553","101.9346","102.56565","102.56437","","","","","","",
"中国","CHN","入学率，小学，女生（占总数的百分比）","SE.PRM.ENRR.FE","","","","","","","","","","","","","","","89.0188598632812","100.980476379395","109.422561645508","108.121299743652","103.460052490234","101.58016204834","100.384132385254","101.5390625","101.232856750488","103.499168395996","106.237617492676","113.06616973877","120.962287902832","124.658248901367","123.145767211914","119.98169708252","114.54460144043","112.486763000488","110.642517089844","108.86792755127","108.110221862793","109.402008056641","109.089538574219","109.545799255371","109.876968383789","","","116.692649841309","","","","","106.017822265625","106.086380004883","106.668609619141","105.96768951416","104.423407915075","103.571940999305","103.526811967222","101.699953460491","97.3997860041739","96.8114022281358","97.4758013704745","98.1719823145851","98.5959714138164","98.6250403290032","99.5844232146794","100.100114133668","100.94538291935","100.11641295423","100.682731254959",
"中国","CHN","初等教育，小学生","SE.PRM.ENRL","","","","","","","","","","","100668000","105280000","112112000","125492000","135704000","144814000","150940992","150055008","146176000","146240000","146629408","146270000","143328000","139720400","135780400","135571200","133701800","131825000","128358496","125357800","123731000","122413800","121641504","122012800","124212400","128226232","131951480","136150048","139953696","","","130132544","","","","","108925224","107394752","105950504","103617064","101018623","99707841","99540477","97227517","93864554","94793762","97241177","99488344","101118741","103592781","105828195","107474824","108018538","107535825","108566854",
"中国","CHN","Educational attainment, at least completed primary, population 25+ years, female (%) (cumulative)","SE.PRM.CUAT.FE.ZS","","","","","","","","","","","","","","","","","","","","","","","37.7299995422363","","","","","","","","","","","","","","","","","","78.0539168486648","","","","","","","","","","","","","","","","","","","","93.7399978637695","","","","",
"中国","CHN","小学入学年龄（年）","SE.PRM.AGES","","","","","","","","","","","7","7","7","7","7","7","7","7","7","7","7","7","7","7","7","7","7","7","7","7","7","7","7","7","7","7","7","7","7","7","7","7","7","7","6","6","6","6","6","6","6","6","6","6","6","6","6","6","6","6","6","6","6","6","6",
"中国","CHN","学校入学率，学前班，男生（占总数的百分比）","SE.PRE.ENRR.MA","","","","","","","","","","","","","","","","","","","","","","","","","14.7481203079224","17.547269821167","19.9975700378418","21.4532794952393","23.1462497711182","22.6743392944336","21.7217292785645","21.845890045166","23.2698993682861","24.07493019104","24.2120399475098","25.2174701690674","26.5869598388672","28.1233596801758","41.4329490661621","45.4215202331543","45.5451583862305","45.2511100769043","41.0741081237793","40.3039398193359","","","43.8182601928711","46.224781036377","48.542350769043","51.4600982666016","54.851131439209","60.7987899780273","68.445068359375","72.5597381591797","76.0497436523438","78.5086822509766","82.2049331665039","84.5364837646484","87.8506927490234","89.0780487060547","90.2746429443359","92.6212310791016","","","",
"中国","CHN","Preprimary education, duration (years)","SE.PRE.DURS","","","","","","","","","","","","","","","","","","","","","","","","","","","","","","","","","","","","","","4","3","3","3","3","3","3","3","3","3","3","3","3","3","3","3","3","3","3","3","3","3","3","3","3","3","3","3",
"中国","CHN","Learning poverty: Share of Male Children at the End-of-Primary age below minimum reading proficiency adjusted by Out-of-School Children (%)","SE.LPV.PRIM.MA","","","","","","","","","","","","","","","","","","","","","","","","","","","","","","","","","","","","","","","","","","","","","","","","","","","","","","","","","","","","","","","","","",
"中国","CHN","Learning poverty: Share of Female Children at the End-of-Primary age below minimum reading proficiency adjusted by Out-of-School Children (%)","SE.LPV.PRIM.FE","","","","","","","","","","","","","","","","","","","","","","","","","","","","","","","","","","","","","","","","","","","","","","","","","","","","","","","","","","","","","","","","","",
"中国","CHN","中小学女生与男生的入学比例（%）","SE.ENR.PRSC.FM.ZS","","","","","","","","","","","","","","","","","0.820949971675873","0.826040029525757","0.830439984798431","0.818159997463226","0.811959981918335","0.794979989528656","0.781080007553101","0.777639985084534","0.781639993190765","0.787370026111603","0.808640003204346","0.826499998569489","0.833199977874756","0.842719972133636","0.848609983921051","0.860360026359558","0.874170005321503","0.881250023841858","0.901910006999969","0.915570020675659","0.928520023822784","0.935779988765717","","","","0.964619994163513","","","","","0.988039970397949","0.991550028324127","0.996969997882843","1.00335001945496","0.98895001411438","0.992420017719269","0.997179985046387","1.00609004497528","1.00947999954224","1.01157999038696","1.01013994216919","1.01321995258331","1.01431000232697","1.01529002189636","1.01286995410919","1.01161003112793","","","",
"中国","CHN","识字率，成年男性（占 15 岁以上男性人口的百分比）","SE.ADT.LITR.MA.ZS","","","","","","","","","","","","","","","","","","","","","","","79.1900024414062","","","","","","","","87.0199966430664","","","","","","","","","","95.1399993896484","","","","","","","","","","97.4800033569336","","","","","","","","","","98.379997253418","","","","",
"中国","CHN","女性与男性青年识字人数比（% ages 15-24）","SE.ADT.1524.LT.FM.ZS","","","","","","","","","","","","","","","","","","","","","","","0.860000014305115","","","","","","","","0.939999997615814","","","","","","","","","","0.990000009536743","","","","","","","","","","1","","","","","","","","","","1","","","","",
"中国","CHN","Regulatory Quality: Percentile Rank, Lower Bound of 90% Confidence Interval","RQ.PER.RNK.LOWER","","","","","","","","","","","","","","","","","","","","","","","","","","","","","","","","","","","","","23.3695659637451","","22.8260860443115","","23.9130439758301","","18.9189186096191","24.8648643493652","25.3731346130371","37.7450981140137","29.9019603729248","30.5825233459473","32.5242729187012","29.6650714874268","28.7081336975098","32.7014236450195","29.8578205108643","28.9099521636963","28.365385055542","27.1428565979004","28.0952377319336","32.8571434020996","30.4761905670166","28.5714282989502","31.9047622680664","26.6666660308838","21.2264156341553","24.056604385376","",
"中国","CHN","Rule of Law: Standard Error","RL.STD.ERR","","","","","","","","","","","","","","","","","","","","","","","","","","","","","","","","","","","","","0.194236099720001","","0.197575494647026","","0.162370502948761","","0.175007000565529","0.175549790263176","0.166273534297943","0.161807298660278","0.154278442263603","0.153129234910011","0.149962052702904","0.149009719491005","0.148878917098045","0.136763364076614","0.14354345202446","0.144844949245453","0.157773181796074","0.154340818524361","0.167846277356148","0.157458409667015","0.152332603931427","0.158831045031548","0.153067201375961","0.157253012061119","0.164509877562523","0.166081175208092","",
"中国","CHN","Rule of Law: Number of Sources","RL.NO.SRC","","","","","","","","","","","","","","","","","","","","","","","","","","","","","","","","","","","","","8","","8","","9","","10","10","12","12","13","14","14","15","15","16","16","15","13","13","12","12","12","11","10","10","10","10","",
"中国","CHN","Political Stability and Absence of Violence/Terrorism: Percentile Rank, Upper Bound of 90% Confidence Interval","PV.PER.RNK.UPPER","","","","","","","","","","","","","","","","","","","","","","","","","","","","","","","","","","","","","62.2340431213379","","52.1276588439941","","58.7301597595215","","49.2063484191895","40.2010040283203","47.5728149414062","43.6893196105957","41.062801361084","39.613525390625","40.3846168518066","41.7061614990234","36.0189590454102","39.3364944458008","39.8104248046875","39.8104248046875","36.6666679382324","38.5714302062988","39.0476188659668","51.4285697937012","49.5283012390137","51.4150924682617","42.9245300292969","41.5094337463379","43.8679237365723","40.2843589782715","",
"中国","CHN","Political Stability and Absence of Violence/Terrorism: Estimate","PV.EST","","","","","","","","","","","","","","","","","","","","","","","","","","","","","","","","","","","","","-0.0978488251566887","","-0.394105225801468","","-0.20991687476635","","-0.327627182006836","-0.56535792350769","-0.39068067073822","-0.501756608486176","-0.540030121803284","-0.500553727149963","-0.49308842420578","-0.451781332492828","-0.65706068277359","-0.602054834365845","-0.538782060146332","-0.543789923191071","-0.522584021091461","-0.552559673786163","-0.502221345901489","-0.232558101415634","-0.298572480678558","-0.259780675172806","-0.474127858877182","-0.516462862491608","-0.45127671957016","-0.513097047805786","",
"中国","CHN","Coverage of social insurance programs in 2nd quintile (% of population)","per_si_allsi.cov_q2_tot","","","","","","","","","","","","","","","","","","","","","","","","","","","","","","","","","","","","","","","","","","","","","","","","","","","","","","31.5433103343704","","","","","","","","","","","",
"中国","CHN","Adequacy of social insurance programs (% of total welfare of beneficiary households)","per_si_allsi.adq_pop_tot","","","","","","","","","","","","","","","","","","","","","","","","","","","","","","","","","","","","","","","","","","","","","","","","","","","","","","55.3453447794309","","","","","","","","","","","",
"中国","CHN","Coverage of social safety net programs in 2nd quintile (% of population)","per_sa_allsa.cov_q2_tot","","","","","","","","","","","","","","","","","","","","","","","","","","","","","","","","","","","","","","","","","","","","","","","","","","","","","","53.331474726539","","","","","","","","","","","",
"中国","CHN","Adequacy of social safety net programs (% of total welfare of beneficiary households)","per_sa_allsa.adq_pop_tot","","","","","","","","","","","","","","","","","","","","","","","","","","","","","","","","","","","","","","","","","","","","","","","","","","","","","","2.33766895505745","","","","","","","","","","","",
"中国","CHN","Coverage of unemployment benefits and ALMP in 2nd quintile (% of population)","per_lm_alllm.cov_q2_tot","","","","","","","","","","","","","","","","","","","","","","","","","","","","","","","","","","","","","","","","","","","","","","","","","","","","","","","","","","","","","","","","","",
"中国","CHN","Adequacy of unemployment benefits and ALMP (% of total welfare of beneficiary households)","per_lm_alllm.adq_pop_tot","","","","","","","","","","","","","","","","","","","","","","","","","","","","","","","","","","","","","","","","","","","","","","","","","","","","","","","","","","","","","","","","","",
"中国","CHN","PPP转换因子，私人消费（每一国际元的本币单位）","PA.NUS.PRVT.PP","","","","","","","","","","","","","","","","","","","","","","","","","","","","","","","2.43880955356133","2.42293971905306","2.50113789980035","2.78437103220537","3.3718564401272","3.83056891277077","4.03085757979534","4.04853384928284","3.9558256964191","3.81687168927116","3.70503350422264","3.62911242184116","3.54630288950053","3.50668602144818","3.54587264409693","3.49044022428434","3.43713264925812","3.50276882135539","3.57314024134004","3.55977853540668","3.61354928627537","3.69751739501953","3.63801272581927","3.78034775362758","3.85675674416967","3.90779177599669","3.95164647678857","3.96364045143127","4.02000761032104","4.04500198364258","4.04152488708496","4.01282787322998","3.78881294753128","3.64756438294306","3.55078934957358",
"中国","CHN","世行发展经济学部替代换算因子（1美元的本币单位）","PA.NUS.ATLS","2.461809","2.461809","2.461809","2.461809","2.461809","2.461809","2.461809","2.461809","2.461809","2.461809","2.461809","2.461809","2.245066","1.989416","1.961107","1.859823","1.941415","1.857823","2.46","2.3","2.4","2.52","2.62","2.61","2.8","2.94","3.45","4.46","4.86","4.94","5.23","5.74","6.37","8.0213","8.618743","8.351417","8.314175","8.289817","8.278958","8.27825","8.278504","8.277068","8.276957","8.277037","8.276801","8.194317","7.973438","7.607532","6.948655","6.831416","6.770269","6.461461","6.312333","6.195758","6.143434","6.227489","6.644478","6.758755","6.615957","6.908385","6.900767","6.448975","6.737158","7.083998","7.197491",
"中国","CHN","来自国外的净经常转移（现价美元）","NY.TRF.NCTR.CD","","","","","","","","","","","","","","","","","","","","","","574030000","486000000","511000000","442000000","243000000","378000000","224000000","419000000","381000000","274000000","830000000","1155000000","1172000000","1337000000","1434000000","2129000000","5143160000","4278446000","4943465000","6311305000","8492313080.24","12984445070","17448942294.0601","22898188613.21","23865499351.81","28067501499.7","37102286297.09","43155952494.5499","31658747085.17","40637922407.5144","24679278865.8788","3434989408.82872","-8712399741.88792","1435598152.43396","-12746173008.0936","-9583956377.0096","-11889788577.926","-2015438794.4178","10226291919.1678","8275647315.72592","15844879178.4741","20125941457.8076","11487588632.8596","14840616889.969",
"中国","CHN","国外净收入（不变本币单位）","NY.GSR.NFCY.KN","","","","","","","","","","","","","","","","","","","","","","","","","","","","","","","","","","","","","","","","","","","","","","","","","","","","","","","","","","","","","","","","","",
"中国","CHN","总储蓄（占 GNI 的百分比）","NY.GNS.ICTR.GN.ZS","","","","","","","","","","","","","","","","","","","","","","","33.6956833064352","32.9612758859861","34.6594069404075","35.11852832418","35.1879425459863","37.1927568694054","37.9290242362043","35.79550953324","36.5254757383966","38.3503020492322","40.5060327655149","41.6804481533495","41.6401959876366","40.0195047140727","39.1418639378868","40.001775484512","38.7992763449802","36.8762562845832","36.0142125229706","37.6097275801549","39.0526774424002","42.4183347540363","45.4892441076367","45.860446111261","47.8757306755722","49.6798183286603","50.9537182042349","49.9557100588508","51.0098951233714","49.0914048384071","48.305988288711","47.4150947144771","47.2147945811691","45.313624517272","44.0821986593021","44.3773489348864","43.9612087536183","43.4118896749315","43.8436969873166","44.9867763901655","45.2117654251449","42.8864238235652","43.129162271002",
"中国","CHN","按购买力平价 (PPP) 衡量的人均国民总收入（GNI）（现价国际元）","NY.GNP.PCAP.PP.CD","","","","","","","","","","","","","","","","","","","","","","","","","","","","","","","990","1110","1280","1470","1680","1850","2060","2270","2440","2650","2930","3210","3550","3980","4490","5110","5940","6950","7760","8430","9370","10360","11390","12130","12960","13400","14090","15000","16230","17550","18120","20700","22840","24990","26920",
"中国","CHN","GNI per capita (current LCU)","NY.GNP.PCAP.CN","220.861378865786","187.012554328896","174.940294696367","183.3263719434","210.881285306184","242.90218614764","257.274952406853","238.208203565039","225.613613768705","246.939480543953","279.036801231799","292.567515351829","296.567404846699","313.014490781686","314.566557449881","332.203907703556","321.655554779544","345.050903328723","385.372817453055","423.8574620358","468.205883402039","497.290934061788","534.457630647512","591.746391611535","706.782726110964","869.671943979297","974.362339354512","1124.32716655828","1379.80991803055","1539.23926160998","1670.21234424345","1921.79217574167","2344.19770466192","3033.31523030447","4092.26109318824","5035.14530794162","5845.87901934212","6447.80196329492","6802.77148159928","7198.72918055295","7927.37467775978","8693.65884341707","9534.12214932834","10752.2120459485","12638.4044133248","14465.3453195471","16946.2250766579","20850.9391942393","24633.0327519241","26586.752399982","31209.2800729608","36516.536744397","40338.4827830659","43927.5842844987","47862.0267374222","50673.5828272433","54582.6097608428","60613.3510956407","66438.4855570447","71256.3994189288","72762.5186025087","82543.8839955819","86654.0478340149","91072.8569301983","95091.4388119023",
"中国","CHN","GNI（不变价本币单位）","NY.GNP.MKTP.KN","","","","","","","","","","","","","","","","","","","","","","","","","","","","","","","","","","","","","","","","","","","","","","","","","","","","","","","","","","","","","","","","","",
"中国","CHN","国民总收入（GNI）（现价本币）","NY.GNP.MKTP.CN","147330000000","123490000000","116470000000","125090000000","147270000000","173720000000","189200000000","179740000000","174740000000","196570000000","228340000000","246080000000","255650000000","276060000000","283220000000","304430000000","299360000000","325540000000","368480000000","410720000000","459420000000","494250000000","539070000000","605540000000","732810000000","914060000000","1039440000000","1218810000000","1520040000000","1721870000000","1896000000000","2211560000000","2730920000000","3574580000000","4877300000000","6066620000000","7117650000000","7931280000000","8448600000000","9018100000000","10009460000000","11057030000000","12207490000000","13853150000000","16380320000000","18858760000000","22216840000000","27479140000000","32630270000000","35393880000000","41748810000000","49116020000000","54625970000000","59883840000000","65660000000000","69922450000000","75749200000000","84629270000000","93197250000000","100310840000000","102675190000000","116581680000000","122370680000000","128477390000000","133981460000000",
"中国","CHN","国内总储蓄（占 GDP 的百分比）","NY.GDS.TOTL.ZS","37.0257245639042","19.3861851162037","15.1111874302395","18.7944679830522","26.7400013580498","33.2834446235321","33.7896405919662","28.7693334816958","27.0974018541834","30.7371419850435","36.0471227117456","36.7319570871261","35.6581263446118","36.4884445410418","36.0108749382106","37.9463259205729","34.1194548369856","36.695951342385","39.2178679982631","37.042267238021","35.2481667645843","33.5247841122818","33.3717215246304","32.4857024450891","34.1698206351818","34.8643578801874","35.0671463752501","37.1520404063594","37.8196022727273","35.6536897152818","36.2805136015569","38.0093244951497","40.2068465247146","41.5383155079467","41.6876440274896","40.7817432124238","39.7682611694128","40.1524462449361","39.3688150666345","37.2558654131315","36.2652331588829","37.8658366419306","38.7925252956122","41.7315445198034","44.4762159924008","45.2069560180614","46.9662824425012","48.5380938121969","49.7289078798635","49.4279333050511","50.5591488486793","49.238926334799","48.3845061629857","47.9247769109917","47.1354773050654","45.6816294110488","44.4371795326547","44.5434761546404","44.2199715579992","43.4969882859894","44.2277060369848","45.2748242281843","45.5601381944385","43.2426128146045","43.439922449194",
"中国","CHN","石油租金（占GDP的百分比）","NY.GDP.PETR.RT.ZS","","","","","","","","","","","0.0239932527380286","0.0326166388114579","0.110289049637007","0.335981223804028","2.77486095153925","3.13064076517083","4.11075236691182","4.32661024057366","5.55801172476075","11.6010159186869","12.2797158609943","9.41179174665108","6.06435465384148","6.54804530796784","6.22299902406109","5.60486220624911","2.8471706463358","4.78169369741204","3.18960289496402","4.15992450908559","5.54445902741075","3.02704993378969","2.96010199129732","2.81111820572631","1.9160808560853","1.62342401977579","1.84232152309017","1.44303352016986","0.634591601254742","1.08727720069319","2.03905175243341","1.32058497741337","1.24409369454799","1.28559248986066","1.63506369666261","2.23061473485701","2.2255244607283","1.75983053566581","1.9902860340032","0.899050539990343","1.22257362123247","1.54520918045373","1.28348679227813","1.07614082250695","0.888100390466572","0.335243616051991","0.245866848453772","0.313804041024999","0.413038667779282","0.298457754882779","0.114304451775114","0.308578757061099","","","",
"中国","CHN","人均 GDP增长（年增长率）","NY.GDP.PCAP.KD.ZG","","-26.5276436063691","-6.35150486433241","7.62225446093558","15.468995418925","14.197889011518","7.608403928295","-8.16149758528853","-6.57145161430678","13.7793403435182","16.0503992929066","4.15917620130968","1.29010597100438","5.32729301395436","0.218005667350923","6.81644050625665","-3.08132198489825","6.11400167606095","9.84615684799593","6.16566370932273","6.49011265514277","3.77490366463383","7.46496400853296","9.13891967557757","13.7305061049976","11.9012936806177","7.32675657753705","9.85242316966178","9.4461713568776","2.62085917492114","2.42762639469862","7.87966755592007","12.9073763491845","12.626827003835","11.8018881692803","9.83296054402696","8.82951365878655","8.17484627382208","6.89019016050649","6.80818759993021","7.73418016479314","7.52872737128337","8.51390950160066","9.4344412783923","9.47923943183717","10.8046485485004","12.0472818925694","13.5553663508412","9.10974706584638","8.85990205362064","10.0634243207535","8.86480747550642","7.12701272347094","7.06322465705706","6.78666987945924","6.35855026398104","6.16542718232793","6.24626618729064","6.25861232477357","5.6929006014863","2.09686667315867","8.47322717245602","3.14769982133814","5.52431494678926","5.10662482837367",
"中国","CHN","天然气租金（占GDP的百分比）","NY.GDP.NGAS.RT.ZS","","","","","","","","","","","0","0.0054312942933849","0.00920335288272986","0.0146021265650113","0.0854365348821421","0.156379185078558","0.199514391006454","0.197542971292289","0.298356152647044","0.372525341825161","0.322729870295346","0.117879993566964","0.0321590932387949","0.0652670367121731","0.0757826807799267","0.0848619176159509","0.143334745481363","0.141300446141658","0.102787699332707","0.105879097731663","0.137794047610542","0.1124132027329","0.110443553541784","0.131100101339435","0.123497618029488","0.100748559616033","0.11848025821498","0.123887552681035","0.0857852995104412","0.0962944519710737","0.14650852993033","0.134243959482196","0.114450402325318","0.134315827720248","0.156262243265364","0.164824325904146","0.142534786756028","0.125539522363848","0.117610932160963","0.11303728959797","0.114498931303681","0.111272165477375","0.101496660091287","0.0941454766793496","0.125698597465449","0.134795850990954","0.104843531709252","0.106612708521095","0.153295372359551","0.160723457303557","0.135539849767672","0.210524604380993","","","",
"中国","CHN","GDP 增长率（年百分比）","NY.GDP.MKTP.KD.ZG","","-27.2700000038883","-5.57999999019671","10.2999999963989","18.1799999938203","16.9500000038699","10.6499999984174","-5.77000000405148","-4.09999998647768","16.9399999960609","19.2999999967022","7.05999999853672","3.81000000021984","7.76000000084325","2.31000000294736","8.71999999747992","-1.57000000165326","7.57000000138403","11.3259779878892","7.59132468000007","7.83414501593799","5.11276109058952","9.05928417062999","10.7273706842105","15.2325609955089","13.435474366529","8.93506493506504","11.6282225655699","11.2225949825209","4.20633435547828","3.9416305983694","9.36170212784847","14.2996108947926","13.9290780143689","13.0727091631599","11.0328121562746","9.97619992053447","9.2876465280865","7.92079207933551","7.7370030581299","8.58643201808462","8.31263887091522","9.24339326638321","10.1181928640117","10.1314073631003","11.458238455067","12.6746751655235","14.1499854947127","9.67024588602851","9.40269972778044","10.5962719761682","9.4613358870736","7.85617427055587","7.77872409446717","7.46190028229434","6.97878002657477","6.77555562837017","6.8912663621211","6.75671800166833","6.06850235053705","2.34018843078414","8.57008513166322","3.1341888719577","5.41484330099675","4.9773565917572",
"中国","CHN","GDP（现价美元）","NY.GDP.MKTP.CD","59846235024.7318","50162299349.7871","47310737754.2287","50812227918.5753","59821862703.4023","70565994356.1828","76854053259.209","73011350596.2485","70980323818.7853","79847786729.1898","92752930873.1912","99959013879.6308","113871930713.841","138764340892","144418433058.472","163687619735.857","154196810058.643","175226595859.778","149788617886.179","178573913043.478","191487500000","196218253968.254","205480916030.534","231130268199.234","260442857142.857","310064625850.34","301310144927.536","273455156950.673","312888888888.889","348380566801.619","361560229445.507","384510452961.672","428502354788.069","446557291212.148","566929539493.172","738190896227.55","868523936530.083","967753570434.667","1037134141760.35","1103843203575.64","1223754919971.05","1355036590251.52","1489821682050.54","1683903309843.85","1984196551300.44","2317551298052.05","2791498472804.33","3604055822571.63","4667346414521.95","5189577094997.58","6192564874453.29","7671757207851.29","8673664713189.24","9743124247267.24","10674533168257.4","11280814787468.9","11456024084962","12537559062282.9","14147765772963.8","14560167101283.4","14996414166715.1","18201698719564","18316765021690.2","18270356654533.2","18743803170827.2",
"中国","CHN","按要素成本计算的增加值总额（2015年不变价美元）","NY.GDP.FCST.KD","","","","","","","","","","","","","","","","","","","","","","","","","","","","","","","","","","","","","","","","","","","","","","","","","","","","","","","","","","","","","","","","","",
"中国","CHN","GDP 支出估计误差（按现价本币单位）","NY.GDP.DISC.CN","-3624850338.23001","-4403001543.68001","-1619616158.85001","-4777130755.12","2464775092.16","10013277274.38","5954506902.30002","8314696039.81998","3196792670.68002","10158318431.2","7198578898.06","6570225844.19901","10008152969.84","8501056928.992","9079537696.01697","9736558885.04004","2683160440.73499","8961988842.94403","9769733300","6923309220","9084647050","-2278074440","-4787727720","-2963507290","-1194508470","-869338350","-1435696560.00049","-2554444180","1612620600","-1291309200","-14400240850","-12039740000","-7307260000","25167169600","5451907749","4293755514.00098","-2113771250.01074","-1116657150.73926","13407888936.04","22516511236.6113","28396212563.8203","30198444729.3906","26455237402.5703","24567189336.4609","43149819418.8711","-66211485550.8281","-46192091532.2188","-63313946122.25","95443074337.2695","91427654016.5625","362816123900","302721933300","-57822916300","-246460805200","-164965381400","-164599467300","52090061100","231615920700","242884188100","-85039237100","-737737473300","71332825200","61653763600","17021622000","-25163580200.0156",
"中国","CHN","按 GDP 平减指数衡量的通货膨胀（年通胀率）","NY.GDP.DEFL.KD.ZG","","15.2463061119411","-0.110856633489604","-2.62824344193632","-0.379731326766191","0.86379575525622","-1.57172065913545","0.817149532085963","1.37456106239944","-3.80293610517242","-2.63019160568886","0.662354036667324","0.0760805255159482","0.207471499653408","0.277234934039754","-1.1323786731104","-0.0969292707356857","1.09261258259244","1.67473342302094","3.59878834028902","3.76467263566029","2.36060226773689","-0.167902922616349","1.19744757821545","4.90542264659273","10.1996406862297","4.68045469851246","5.10275923733006","12.1017545802281","8.60763104736475","5.70899557490583","6.72654237410879","8.20014685761386","15.1846789520536","20.6405407142948","13.6330065970059","6.50583221975029","1.65709583509586","-0.826472564378889","-1.21968091074658","2.09978437202267","2.21204915451887","0.642696005802719","2.64267979825424","6.99019221145223","3.74871769990521","4.01945759696591","7.91365944548899","7.85658646463206","-0.0819669419831399","6.92845731295996","8.0160629287619","2.40518412725621","2.29799397401945","1.09109126562731","0.137261200602396","1.47744121334065","4.14602237470578","3.46789777292169","1.31550650702985","0.53000081660457","4.47386132078888","1.93427407840763","-0.50570453916356","-0.707200009795585",
"中国","CHN","调整后的净储蓄，不包括颗粒物排放损害（现价美元）","NY.ADJ.SVNX.CD","","","","","","","","","","","","","","","","","","","","","","","","","","","","","","","57696374422.0154","73679948489.9385","94408534247.4352","97392956212.1165","132223681915.893","159678586467.391","185578542082.7","219245476428.681","216103774049.071","202304810576.982","203174922301.423","249353103684.322","301195982964.898","387587748474.37","480201287735.577","548504990723.914","702514040848.473","967591405071.451","1226607889574.1","1404101387502.12","1594468395855.83","1652348870875.29","1955576826921.77","2031972215793.83","2242791483759.87","2165988393834.91","2088951376819.49","2373337909069.01","2468397767074.31","2345114039366.41","2300994606871.43","2953309412690.56","","","",
"中国","CHN","调整后的国民净人均收入（2015年不变价美元）","NY.ADJ.NNTY.PC.KD","","","","","","","","","","","","","","","","","","","","","","","","","","","","","","","","","","","","1113.26744364621","1228.32532624699","1323.9781216004","1411.09792687852","1508.10971007749","1622.7442210481","1778.91210311969","1969.81305427117","2179.28686910674","2387.24643366181","2664.70681751468","3016.42737487141","3441.67951441482","3631.83068119292","4065.0658333064","4378.30934618578","4549.35746489025","4985.45390474779","5242.07066775394","5645.28902012654","6012.71864865345","6400.12645499882","6809.31043326998","7058.37430673189","7355.04968677052","7361.26497200502","7861.41660591033","","","",
"中国","CHN","调整后的国民净收入（现价美元）","NY.ADJ.NNTY.CD","","","","","","","","","","","84580735747.4311","91205522929.9259","103282684208.209","125657303688.725","127513914680.173","142034569422.313","131099542995.274","148608695072.793","125898736518.045","142817033747.091","147951494656.143","152183394703.901","163797652224.865","189899958959.998","218464606448.943","263350179312.122","261342852452.415","235068178629.608","273010331703.929","300421248080.8","306978371482.291","332856631115.32","374174300453.95","386153641136.631","490597131018.261","627013689186.9","736509561131.419","820218154640.296","869018914185.538","918546315015.58","1007622760230.66","1115248697475.06","1235731477951.48","1396725754493.38","1615520571378.72","1862738376173.98","2230010940896.6","2857434158337.79","3580670677017.91","4049402890340.48","4664923791171.53","5558588753710.79","6459842698814.53","7143084686084.22","7892871215011.02","8296709954530.95","8435661005551.13","9297317126592.73","10284839661479.3","10516015372298.9","10597985631449.7","12732916907122.6","","","",
"中国","CHN","调整后的储蓄： 自然资源损耗（占 GNI 的百分比）","NY.ADJ.DRES.GN.ZS","","","","","","","","","","","0.118424822382196","0.134919663904604","0.165288001705672","0.366147744995516","2.40083615382178","3.77908476692387","4.83635200751616","5.08740576909254","6.25010483271585","10.5123016433879","11.9278101954473","11.5587595969235","9.41163274510245","7.30931310103237","6.21985583614355","5.8482099785285","3.11198116319123","3.88334269121984","3.56737439029725","4.26010077455562","5.40545938802956","3.43185488259691","3.0226457656586","2.48364302201466","1.80072946390985","1.75024822129821","1.65101657758682","1.31942953436438","0.742710130821217","1.06584233630948","1.85561068083343","1.61431170449506","1.26668323813628","1.29589605664393","2.84839806898416","3.24671233801847","3.56281320155235","3.92526343850843","5.690314442087","2.29463084104623","3.89428267632036","4.90180082870578","2.46960876307476","1.84082793001625","1.41385938821833","0.705545701869656","0.602688601577589","0.722467199027478","0.834345313350498","0.722276040174109","0.475068779435521","1.01156651783812","","","",
"中国","CHN","调整后的储蓄： 能源损耗（现价美元）","NY.ADJ.DNGY.CD","","","","","","","","","","","9845313.9780937","58791611.6580694","115464438.301249","342395269.561461","3185721066.6564","6021459236.81517","7191187045.65125","8599773419.11448","9141140606.41906","18378940303.8567","22365776071.0825","21985710874.0065","18805619937.9788","16340782429.8028","15779651054.6994","17704502617.9256","8996553024.90219","10023111389.6195","9034220409.15516","13854080512.6864","18663402052.7221","11851879843.3308","11557425353.3849","10034513218.274","8662370906.5973","11127945855.598","13304413544.5641","11720965672.523","6223338300.43276","10362366106.1517","21508133846.1883","20743194360.6813","17540100009.9999","20180977926.2408","52455828496.1855","65001811864.1155","76940158715.1458","90325134535.6612","195336529117.654","85334180987.061","150099446058.915","236515585642.818","168826476616.487","139777007989.659","123192638989.894","60709950724.6356","52363716523.3882","71670043501.2879","97428844976.9464","78989180435.5692","52719404402.9457","121148953241.301","","","",
"中国","CHN","调整后的储蓄： 固定资本消耗（现价美元）","NY.ADJ.DKAP.CD","","","","","","","","","","","7912572779.83157","8460784600.2361","10216990151.2609","12379704245.9503","13206641921.825","15220765479.7917","15395810043.944","17429592821.7326","14295562491.7611","16722166809.6276","20397801772.0973","20969562418.401","22235792141.5516","24737674896.6545","26509175170.7586","28829266857.323","30033409902.6268","27131859309.9334","28081570641.3783","32698634385.4931","35286228582.561","38112155726.1067","40045470152.7604","46632666345.0015","62548233939.994","83109456156.7355","100744891809.775","117839627424.031","135861284523.653","149474614614.645","166852821632.713","183661485191.559","201435486146.678","231960537384.59","279144925482.419","333423092057.209","419108377911.836","561273317310.947","779145611681.727","926898629450.227","1160132131282.75","1555824969509.91","1842346416645.29","2174752292299.12","2447811837380.87","2634389206032.58","2674549262320.46","2908139309683.97","3433527373777.74","3621061278289.94","3902865208761.18","4661660943961.02","","","",
"中国","CHN","调整后的储蓄： 二氧化碳损害（现价美元）","NY.ADJ.DCO2.CD","","","","","","","","","","","","","","","","","","","","","","","","","","","","","","","26335904942.2554","29489207243.6199","32393796897.4962","37094001188.3556","40528889905.8815","47216170130.9102","48874236057.6423","51888640049.1641","55402362349.7897","55980642335.8528","62116988923.2114","68488294139.0697","76783233307.854","92791002920.8458","113066008724.761","135517273074.09","157871160157.32","180097104298.163","193220993217.796","213181233213.053","242198317493.303","276883488530.587","296466367705.951","322755089894.014","336932150887.569","342898231400.248","354614394232.166","377763334520.108","411491610734.29","436628864961.731","439495848769.935","482501204649.873","","","",
"中国","CHN","Services, value added (constant LCU)","NV.SRV.TOTL.KN","","","","","","","","","","","","","","","","","","","970605646168.912","1047283492216.26","1110213894589.23","1217139480295.82","1370579800564.46","1571143550246.38","1875685610725.03","2213951478911.29","2485721059838.58","2850668782798.1","3225322562219.3","3413620057576.06","3504856988315.94","3839715936200","4332783604500","4866616709900","5427626773400","5986695625600","6548676294700","7243629937400","7869670579100","8614125109700","9476022923500","10441775541500","11558942640200","12683874584100","13975750699200","15718958439700","17916409622600","20751548715100","22929587785100","25129950785000","27541905815700","30101392904600","32508494907100","35208719814800","38162272796100","41437096246200","44712890302100","48341014207400","52187524383200","56149536630900","57485090000000","62667153544900","64885958052000","68959589949000","72377092429200",
"中国","CHN","Services, value added (current US$)","NV.SRV.TOTL.CD","19497857063.6471","16260400380.3707","14119698156.9244","13835354408.0796","16020739220.63","19400367778.3289","19270382064.5712","19298816439.4557","19436926260.3232","21711676251.082","23234946334.1795","24559175793.0855","28395601732.8666","33818969989.1828","35041433231.3331","37342263215.3705","35056904371.2962","42818933773.5619","37040650406.5041","40126086956.5217","42983333333.3333","44841269841.2698","46725190839.6947","53969348659.0038","66860714285.7143","91421768707.483","90318840579.7101","83358744394.6188","98109053497.9424","115002024291.498","117558317399.618","133318815331.01","153379905808.477","155330183386.733","196524017481.436","250881976076.635","294737601746.415","342767518269.704","389272418098.993","431854558632.561","494384009478.041","567778348564.975","640544586615.588","721409122612.355","834122990271.241","976513356756.884","1190229359029.32","1575740989324.79","2042131894589.67","2353377396428.5","2794510823720.59","3465021300910.12","4020492898584.41","4659328204878.24","5255591579562.83","5835384052866.25","6104708300637.01","6712817671301.89","7654671878913.36","8041516215439.64","8330246478398.71","9977839889284.73","10066450868452.2","10293149433413.2","10636797478788.1",
"中国","CHN","其他制造业（占制造业增加值的百分比）","NV.MNF.OTHR.ZS.UN","","","","","","","","","","","","","","","","","","","","","41.7902011470431","40.734752669523","41.3589344404082","42.5904558851195","42.949715718702","44.973544973545","45.3692277586751","44.3768384299765","43.4352632534643","43.4863538282788","42.0118041657401","42.8195937873357","43.7517525295169","48.1212669934082","46.5055362662056","47.7885968459361","46.1420135046403","45.6180180157238","45.6868460988192","46.4201843066296","48.2810310070324","48.4457346039151","47.9280249584308","38.3962960201469","40.3077730953123","40.8070431215954","41.9468480656724","42.938681585741","42.9386815860229","42.9386815854738","42.938681585708","42.8446827789524","42.8446827792913","42.8446827788646","42.8446827793435","42.844682779438","42.8446827797769","42.844682779886","42.8446827798382","42.8446827794093","42.8446827794164","42.8446827792212","42.8446827773302","","",
"中国","CHN","工业增加值（占 GDP 的百分比）","NV.IND.TOTL.ZS","44.2951197990905","31.8649283342781","31.2440971924101","33.0002398273243","35.2617641067427","35.0276306700437","37.8118393234672","33.8266384778013","31.05184846057","35.3563616014651","40.2075851799947","41.8522431729519","42.6990025425386","42.7551981453307","42.3628274839348","45.2879151200604","44.9625868519508","46.6240707747128","47.6311717596613","46.8769989847098","47.9727856278695","45.8879142657795","44.5356524686084","44.1437523298798","42.8491719516209","42.6328942507048","43.4347042423426","43.241959925714","43.4500850326178","42.4213011853574","40.9532139003469","41.3647026718439","42.9556871107431","45.9877158881844","45.9507266148475","46.5158329099716","46.8452924072089","46.7996577986912","45.4411323152105","44.9555391671381","45.0738315177586","44.276543602601","43.8758028122184","44.9827621327146","45.2328326582556","46.3816216984585","46.8865028592172","46.1852362301075","46.2364191302482","45.1788587231356","45.7066207106778","45.8002054108107","44.6820698165478","43.3938707801605","42.2827157791092","40.0475902161032","38.811156093921","39.129944350895","38.9777001747097","37.7642333162735","36.9115624066306","38.0924722040717","37.8945266620066","36.7725030223561","36.4756594453045",
"中国","CHN","工业增加值（现价本币单位）","NV.IND.TOTL.CN","65260000000","39350000000","36390000000","41280000000","51930000000","60850000000","71540000000","60800000000","54260000000","69500000000","91810000000","102990000000","109160000000","118030000000","119980000000","137870000000","134600000000","151780000000","175511341700","192533210230","220468530910","226901969670","239762138630","266297185930","312473301540","388637200700","451512437540","527383267450","660719373040","730070593400","774408893570","912956216200","1172501253100","1647266186800","2245253594000","2867673189400","3382726671900","3754502546900","3901752841000","4107987718000","4566366767700","4965937583800","5410408608800","6269575932600","7428497641800","8808217822700","10435922788000","12663054214000","14995293732200","16016881280700","19162651564800","22703509903700","24463906854500","26195161392700","27728281973500","28133892674100","29542780340600","33158045720900","36483521038300","37986000000000","38198580000000","44713820000000","46762960000000","47593610000000","49208711997300",
"中国","CHN","制造业，增加值（年增长百分比）","NV.IND.MANF.KD.ZG","","","","","","","","","","","","","","","","","","","","","","","","","","","","","","","","","","","","","","","","","","","","","","","","","","","","","","","","","","","","","","","","","",
"中国","CHN","工业（包括建筑业），每个工人的增加值（2015年不变价美元）","NV.IND.EMPL.KD","","","","","","","","","","","","","","","","","","","","","","","","","","","","","","","","2446.91909254938","2896.69470532889","3341.66536333649","3867.57418618169","4306.03509504271","4680.28547711345","5072.20604080519","5510.73761081636","6037.21078987242","6112.29013803745","7276.8220071342","8255.98966888905","9125.97343986336","9607.79971292972","10058.8645379147","10662.0288652718","11456.4204172752","12376.7263933614","13333.0959449786","14491.6625918357","15520.5230810402","16364.3700581087","17787.2130440469","19165.5883621168","20703.05481512","21680.2678107062","22732.6614065995","23768.6462163662","24625.6814132085","25457.9808769648","26365.1398945225","28018.9946664721","28522.7971972725","30069.7539201303",
"中国","CHN","农业，增加值（不变价本币单位）","NV.AGR.TOTL.KN","697870119344.296","707640301053.756","739484114568.16","823045819514.634","929218730303.923","1019352947099.72","1092746359354.31","1113508540121.52","1095692403577.44","1104457942684.05","1189501204322.77","1212101727284.63","1201192811604.55","1309300164669.51","1362981471388.21","1390241100934.95","1365216761022.05","1335181992332.61","1320319802803.72","1401313916423.59","1380539862975.96","1476936533908.24","1647209951435.02","1784354897218.3","2014190754122.93","2051330003449.6","2119407231446.92","2219108061968.08","2275560686362.46","2345534171391.89","2517408632741.37","2576656605000","2696496981500","2821861963900","2933199818300","3078177400200","3233314275300","3344431661300","3459245818600","3553730735400","3636479996500","3732412929400","3833186083600","3924111418200","4163679203800","4374940722500","4582981329300","4744469546400","4989094617500","5188779426800","5409358056000","5635160308000","5886857107400","6110981521100","6358504886600","6606392564500","6822937795600","7093214216500","7340265015800","7566109817000","7803090034600","8354983712100","8706188779700","9058714167000","9374270599900",
"中国","CHN","农业，增加值（现价美元）","NV.AGR.TOTL.CD","13839416461.6345","17917718230.7807","18405164657.3719","20208716435.7592","22706879372.039","26448030696.1263","28523740062.6937","29011186489.2849","29502694969.431","29904838271.3687","32224270851.2318","33564748524.3575","36854150390.2335","45616401999.3807","48197268175.5763","52220023088.2186","49814181924.009","50715272660.5279","41400982231.7073","54737987765.2174","56645039529.1667","61336696047.619","67240100091.6031","75130342134.0996","81986338178.5714","86453492251.7007","80117436063.7681","71848942733.1839","78830830316.8724","85591114645.749","95931579346.0803","92140201602.7875","91056260549.4505","85866351838.2307","109897633448.404","143933464644.383","166923748982.912","172081335595.225","176576891391.405","175749408329.055","177777960474.501","187294606797.963","195606045760.537","205028027179.291","252565262557.358","266120066748.699","292433537954.393","363772471597.885","467200306030.448","491608421109.181","567641401087.608","693054720859.57","777598962570.574","855877083223.715","905459740773.646","927735741725.116","905100386922.795","918801524570.724","978621174593.487","1020116721824.28","1130756919426.49","1290382586162.92","1309261652673.13","1258739768136.58","1270079880349.97",
"中国","CHN","货物和服务对外贸易差额（不变价本币单位）","NE.RSB.GNFS.KN","","","","","","","","","","","","","","","","","","","","","","","","","","","","","","","","","","","","","","","","","","","","","","","","","","","","","","","","","","","","","","","","","",
"中国","CHN","货物和服务进口（不变价本币单位）","NE.IMP.GNFS.KN","","","","","","","","","","","","","","","","","","","","","","","","","","","","","","","","","","","","","","","","","","","","","","","","","","","","","","","","","","","","","","","","","",
"中国","CHN","货物和服务进口（现价美元）","NE.IMP.GNFS.CD","1890590000","1408090000","1127720000","1210670000","1481100000","1916420000","2185300000","1919860000","1845220000","1731190000","2201560000","2233127000","2916450000","5257791000","7716198000","8355050000","7349809000","8060398000","12261700000","15535283000","21842710000","22219750000","17788124795.19","19385304449.37","24710305080.89","38302403273.95","33592580690.4699","33781853910","48984701330","46118793490","38461758920","43941659170","61849400129","86072328750","97250445198","119900826000","137261876999.999","144623820000","144913704696","168058444268.42","224306238158.48","243973790217.759","295619639659.43","412137124715.32","556182551584.76","648712207879.781","782812463259.9","950020767157.33","1149036249785.66","1042533759652.94","1432422435977.06","1825413639206.37","1943205232867.15","2119392421427.69","2241276198979.27","2003260696068.67","1944490534275.23","2208518918632.2","2564121910994.89","2496153305902.9","2374737462777.69","3093278397249.18","3140040863536.23","3106457704279.42","3219342570126.17",
"中国","CHN","资本形成总额（2015年不变价美元）","NE.GDI.TOTL.KD","","","","","","","","","","","","","","","","","","","","","","","","","","","","","","","","","","","","475487170814.426","538213936366.443","566335350294.272","615568116979.501","654772806622.203","702540839455.203","848494741099.675","959280272548.425","1188078339571.61","1416134078010.08","1566515386725.48","1805712695083.54","2120275171404.72","2414523597233.87","2919317735463.24","3379998296453.4","3675262074291.71","3956219424081.22","4330564809192.35","4655408093704.98","4820854761847.03","5154603775698.28","5478899537528.75","5849199010492.61","6090902231247.15","6346925900178.58","6598628050858.88","6786838970378.54","7020052638065.67","7240776590390.41",
"中国","CHN","库存变化（现价本币单位）","NE.GDI.STKB.CN","10200000000","4700000000","300000000","5000000000","6000000000","11200000000","16300000000","10200000000","13200000000","7900000000","19900000000","21600000000","16900000000","23900000000","18800000000","18200000000","12500000000","18700000000","30400000000","32580000000","27730000000","28090000000","20100000000","22570000000","36810000000","78550000000","70220000000","82330000000","121830000000","199330000000","191920000000","209770000000","237260000000","220850000000","272840000000","398510000000","423680000000","360300000000","164520000000","142420000000","99840000000","231490000000","133290000000","187230000000","375070000000","172395951500","260001807000","699463987200","1024088424600","538343094800","1082575440900","1365627280400","1063928939700","1114879849800","1266441483300","785627905100","805369233800","958598673900","873725266600","421660000000","748170000000","1561350000000","1385200000000","874000000000","1000290000000",
"中国","CHN","固定资本形成总额（年增长率）","NE.GDI.FTOT.KD.ZG","","","","","","","","","","","","","","","","","","","","","","","","","","","","","","","","","","","","","","","","","","","","","","","","","","","","","","","","","","","","","","","","","",
"中国","CHN","固定资本形成总额，私营部门（占 GDP 的百分比）","NE.GDI.FPRV.ZS","","","","","","","","","","","","","","","","","","","","","","","","","","","","","","","","","28.5551379306555","34.7454876003987","32.0785393760412","30.2345530175476","29.5356645991032","28.5717665129324","30.0663634565865","29.804677827157","29.7927125762275","30.4308406068976","31.7601520745362","33.5104229576839","34.589025046886","34.9372274338823","34.5242516537993","34.2985430350971","34.7326144954116","39.1465407049951","39.1600522235603","39.2821538546111","39.6760446632449","39.887865282533","39.1715590450742","37.1942567587862","36.6748443489365","36.34269790646","37.6810189907139","37.8868938550257","36.4428823296816","36.1438479856844","36.0872459926806","33.4827446951054","",
"中国","CHN","货物和服务出口（年增长率）","NE.EXP.GNFS.KD.ZG","","","","","","","","","","","","","","","","","","","","","","","","","","","","","","","","","","","","","","","","","","","","","","","","","","","","","","","","","","","","","","","","","",
"中国","CHN","国民总支出（占 GDP 的百分比）","NE.DAB.TOTL.ZS","102.472943568859","103.371063187303","100.592353387138","102.922162946678","97.5611510966252","93.7680650644716","96.6116912737843","95.0507776788695","97.7908887718897","94.2270618405657","96.7690926075151","96.8525600617685","95.5400742655975","96.415051662682","97.1425591518961","97.0341512235982","99.0448211350882","97.1268107974443","98.3237202290491","99.1950159914297","99.2958915834367","99.3648795761118","98.5474938182629","99.378897188562","100.143067915912","104.127105206288","102.590733854087","100.103031639623","101.191856021149","101.489577524695","97.8109849415112","97.5284197744542","99.1013203593253","101.938039682074","98.5907306670596","98.3104458437552","98.0086026151285","95.5889062013088","95.6171336265881","96.9777486925319","97.3674495551217","97.6580213682034","97.2762563872587","97.6964685067081","97.1581581703485","94.9711306820426","92.7234179057806","91.683994110432","92.2318170633866","95.5003305863451","95.5431954858793","97.0313749476506","97.432415007125","97.997632443672","98.1760579606452","97.0533578453876","97.701437086258","98.0062613961174","99.0938559316828","99.1725491225328","98.344667472438","97.4074370667469","96.7952951526114","97.8870974309336","97.1712392176684",
"中国","CHN","国民总支出（现价美元）","NE.DAB.TOTL.CD","61326198644.9802","51853302157.0723","47590984511.796","52297044015.1937","58362897860.882","66168367501.2968","74250000666.1768","69397856535.5801","69412289515.5554","75238223379.6367","89756169572.8629","96812863954.9209","108793327171.673","133789710960.402","140291761760.067","158832892468.799","152723954718.594","170192004227.529","147277741585.366","177136421600","190139220395.833","194972031761.905","202496293022.901","229694711605.364","260815467310.714","322861319166.667","309116288857.971","273736902282.511","316618073950.617","353569965425.101","353645621577.438","375006968641.115","424651491365.777","455211748719.036","558939975353.715","725718761259.317","851228173571.04","925065052702.611","991677938213.964","1070482287923.17","1191538954381.13","1323301922854.81","1449242759144.45","1645114066785.01","1927808823723.08","2201004671896.39","2588372794771.84","3304342328103.25","4304778406756.42","4956063281755.93","5916574363588.8","7444011501423.59","8450960999681.1","9548031088367.23","10479835870296.6","10948409543557.6","11192700163955.7","12287592907273.6","14019566632612.6","14439688870843.2","14748173645045.5","17729808225338.1","17729766765155.3","17884321819402","18213585817613.4",
"中国","CHN","Final consumption expenditure (annual % growth)","NE.CON.TOTL.KD.ZG","","","","","","","","","","","","","","","","","","","","","","","","","","","","","","","","","","","","","10.53548980414","6.7247493413438","8.95942935904569","11.7204581770624","11.185865753472","6.80554735998551","8.88052041477177","6.14346725630367","7.49995672541077","11.5199630103184","9.73921729322377","12.2750047463355","7.87963392653171","10.043906645847","9.3677158962296","11.5994885815632","7.88921238179358","7.11585029690345","7.76947110591036","8.82472655545479","8.19149897467977","6.86822798991828","7.90802691260113","6.24010609442331","-0.175990640800336","9.23508932143666","2.75360464794015","8.29076779117284","3.85659643262095",
"中国","CHN","Households and NPISHs final consumption expenditure (% of GDP)","NE.CON.PRVT.ZS","50.3427679359261","66.1349097092882","72.0099596462608","67.4874090654729","60.4060569022883","54.7720469721391","53.9693446088795","60.17024591076","61.611537140895","57.3688762272982","52.8510116492949","51.2841352405722","52.1885390181889","51.8908932840687","51.7971894640209","50.2085865387774","53.0632014965259","50.6174356453892","47.7393617021277","49.0349684553954","50.8493369932763","53.1383303112423","53.2565427260569","53.3930763580605","50.5944155284954","50.7623263199465","50.9227298176081","49.5863438591025","49.5327188315446","51.0050561255084","49.8954930966282","47.8249640929912","45.2010580459854","43.9534669469594","44.0690349595393","45.763624625706","46.8863297078268","45.9414147709567","45.5340370050743","46.2320076078832","46.7513123268903","45.5685898287494","44.9841418387033","42.8053205220649","40.7469493630806","39.8129615733976","38.0007673700593","36.6182835563683","35.5421749900869","35.578875871033","34.6030669287517","35.249530166574","35.7107241394048","36.1289393837992","36.9862190673163","38.0605584392569","39.1623543569108","38.9547629530877","38.9434900328533","39.3519993191979","38.1684961438545","38.3739712034949","37.7771550661597","39.568245214664","39.9268156139089",
"中国","CHN","人均居民最终消费支出（2015年不变价美元）","NE.CON.PRVT.PC.KD","","","","","","","","","","","","","","","","","","","","","","","","","","","","","","","","","","","","559.725444585338","618.719946689774","649.530405054511","687.587269374618","746.105376898996","826.946252980389","880.134843143289","955.872848066736","1010.29381505154","1087.30484807603","1201.84066655461","1319.07055523556","1494.62083883868","1619.47932819679","1774.61761906749","1972.97025095808","2257.42877889591","2449.54831784455","2650.40116368036","2876.67634511188","3111.57733727258","3387.30326753543","3675.7795108406","3963.11619368469","4173.65995460491","4050.83369006802","4578.9428350316","4647.9634911987","5101.98971459392","5362.64080906814",
"中国","CHN","Households and NPISHs final consumption expenditure: linked series (current LCU)","NE.CON.PRVT.CN.AD","","","","","","","","","","","","","","","","","","","","","","","","","","","","","","","943503816260.001","1055540000000","1233790000000","1574400000000","2153310000000","2821300000000","3385690000000","3685650000000","3909730000000","4224630000000","4736310000000","5110850000000","5547080000000","5966090000000","6691790000000","7560780000000","8458150000000","10039990000000","11526960000000","12613480000000","14507450000000","17473460000000","19552000000000","21809610000000","24254930000000","26737980000000","29810110000000","33009600000000","36451500000000","39583090000000","39499340000000","45044250000000","46618119999999.8","51212060000000","53864610000000.1",
"中国","CHN","一般政府最终消费支出（不变价本币单位）","NE.CON.GOVT.KN","","","","","","","","","","","","","","","","","","","","","","","","","","","","","","","","","","","","","","","","","","","","","","","","","","","","","","","","","","","","","","","","","",
"中国","CHN","一般政府最终消费支出（现价美元）","NE.CON.GOVT.CD","7559481665.71818","7262951756.20854","6093080332.38972","6970483900.25384","7689467379.47582","8428761126.47244","9407716033.20972","8075362467.19384","8014431663.86994","9497081211.41811","10297305761.7386","11978995933.4782","13839236797.4928","16125335274.2714","17607402349.7953","19388941850.9181","19763935067.9788","22230320111.227","19536585365.8537","24860869565.2174","26620833333.3333","26170634920.6349","27477099236.6412","32639846743.295","39678571428.5714","44564625850.3401","42211594202.8986","36264573991.0314","39574074074.0741","46477732793.5223","49982791586.9981","54466898954.7038","62529042386.1852","64786256591.8243","80750754489.3728","99320869739.8298","115908072659.043","134575950229.058","156576467714.898","182267991423.308","207835860198.896","224469582707.307","241698730584.199","260384241365.6","293202651604.164","347169873950.446","419644574899.811","534971131242.037","687449585567.279","778083196807.221","918839413913.982","1190007956404.91","1379526396975.57","1553666234220.25","1694936415040.84","1834013677101.64","1878841347657.41","2068918018185.3","2381994018401.27","2497216064246.56","2639938430032.49","2976196992545.33","3052067355404.16","3140517543906.7","3117705878340.1",
"中国","CHN","军费支出（现价本币单位）","MS.MIL.XPND.CN","","","","","","","","","","","","","","","","","","","","","","","","","","","","","","42362505000","47479813000","52181867000","67522117000","71219127000","85042142400","103433418000","118688251989.404","130146748385.872","141005427002.041","169488187633.252","184090164741.829","219851088539.276","250660511207.45","274334217744.946","313728560097.681","350634573000.663","410260384277.698","472705978263.256","547837144514.24","659926558289.466","714416818764.433","809532888744.33","916093363882.426","1016541251004.89","1118775896577.07","1223943320381.41","1320288106530.17","1423815484450.44","1538488817315.02","1660217293104.91","1780532612711.27","1844823702497.65","1964343311987.28","2098678518474.49","2254801911598.82",
"中国","CHN","Arms imports (SIPRI trend indicator values)","MS.MIL.MPRT.KD","2357000000","952000000","415000000","450000000","485000000","257000000","227000000","145000000","182000000","2000000","2000000","2000000","2000000","3000000","3000000","3000000","3000000","75000000","86000000","10000000","6000000","2000000","13000000","25000000","71000000","113000000","20000000","56000000","104000000","171000000","274000000","445000000","1190000000","1236000000","310000000","707000000","1501000000","939000000","373000000","1720000000","2472000000","2754000000","2819000000","2315000000","3227000000","3459000000","2823000000","1691000000","1773000000","1376000000","939000000","1032000000","1542000000","1221000000","1033000000","1196000000","1209000000","1537000000","2008000000","1323000000","775000000","686000000","646000000","431000000","72000000",
"中国","CHN","物流绩效指数：物流服务的能力和质量（1=很低 至 5=很高）","LP.LPI.LOGS.XQ","","","","","","","","","","","","","","","","","","","","","","","","","","","","","","","","","","","","","","","","","","","","","","","","3.4","","","3.49","","3.47","","3.460197","","3.620071","","3.59","","","","3.8","","",
"中国","CHN","进口周转时间，中值（天数）","LP.IMP.DURS.MD","","","","","","","","","","","","","","","","","","","","","","","","","","","","","","","","","","","","","","","","","","","","","","","","3.8","","","2.56","","4","","3","","5","","6","","","","","","",
"中国","CHN","Individuals using the Internet, female (% of female population)","IT.NET.USER.FE.ZS","","","","","","","","","","","","","","","","","","","","","","","","","","","","","","","","","","","","","","","","","","","","","","","","","","","","","","","","","","","","63.0484","70.4569","72.6218","75.2437","","",
"中国","CHN","Fixed broadband subscriptions","IT.NET.BBND","","","","","","","","","","","","","","","","","","","","","","","","","","","","","","","","","","","","","","","","","22660","336280","3298490","11219000","24939600","37350000","50853000","66414000","82879000","103978000","126337000","156487000","175183000","188909000","200483000","277046000","322597000","394190000","407382000","449279000","483550000","535787000","589648000","636306000","",
