"Data Source","世界发展指标",

"Last Updated Date","2026-01-28",

"Country Name","Country Code","Indicator Name","Indicator Code","1960","1961","1962","1963","1964","1965","1966","1967","1968","1969","1970","1971","1972","1973","1974","1975","1976","1977","1978","1979","1980","1981","1982","1983","1984","1985","1986","1987","1988","1989","1990","1991","1992","1993","1994","1995","1996","1997","1998","1999","2000","2001","2002","2003","2004","2005","2006","2007","2008","2009","2010","2011","2012","2013","2014","2015","2016","2017","2018","2019","2020","2021","2022","2023","2024",
"中国香港特别行政区","HKG","Women who believe a husband is justified in beating his wife when she burns the food (%)","SG.VAW.BURN.ZS","","","","","","","","","","","","","","","","","","","","","","","","","","","","","","","","","","","","","","","","","","","","","","","","","","","","","","","","","","","","","","","","","",
"中国香港特别行政区","HKG","Proportion of time spent on unpaid domestic and care work, female (% of 24 hour day)","SG.TIM.UWRK.FE","","","","","","","","","","","","","","","","","","","","","","","","","","","","","","","","","","","","","","","","","","","13.75","","","","","","","","","","","10.83333","","","","","","","","","","","",
"中国香港特别行政区","HKG","Final say in all of the decisions (%)","SG.DMK.ALLD.FN.ZS","","","","","","","","","","","","","","","","","","","","","","","","","","","","","","","","","","","","","","","","","","","","","","","","","","","","","","","","","","","","","","","","","",
"中国香港特别行政区","HKG","大学生人均支出（占人均 GDP 的百分比）","SE.XPD.TERT.PC.ZS","","","","","","","","","","","","","","","","","","","","","","","","","","","","","","","","","","","","","","","","","","","","","63.03684","52.2215","50.3713","37.43397","27.54043","54.69056","25.67837","25.43375","30.16774","34.79222","24.59004","23.31769","24.33261","23.04764","24.20304","","","","","","",
"中国香港特别行政区","HKG","小学生人均支出（占人均 GDP 的百分比）","SE.XPD.PRIM.PC.ZS","","","","","","","","","","","","","","","","","","","","","","","","","","","","","","","","","","","","","","","","","","12.18348","12.62231","13.86127","14.90731","14.36459","13.52402","12.27177","12.37473","13.48292","14.69727","14.72283","14.18967","14.71088","14.9165","14.85107","15.024","14.94539","14.82783","","","","","","",
"中国香港特别行政区","HKG","Current education expenditure, primary (% of total expenditure in primary public institutions)","SE.XPD.CPRM.ZS","","","","","","","","","","","","","","","","","","","","","","","","","","","","","","","","","","","","","","","","","","","","","","","","91.3237380981445","90.8891296386719","88.7927703857422","89.0816802978516","87.5026397705078","92.957878112793","","","","","","","","","","","","",
"中国香港特别行政区","HKG","入学率，高等院校（占总人数的百分比）","SE.TER.ENRR","","","","","","","","","","","","","","","","","","","","","","","","","","","","","","","","","","","","","","","","","","","","32.2168502807617","32.296459197998","32.9854888916016","33.7220993041992","42.6142997741699","55.8018608093262","56.5805511474609","59.0325529542921","60.2208370436331","60.9527896995708","68.0858986854034","69.6881506285714","68.7008718656545","70.3316379391101","72.9228515909643","78.2463196011546","83.8542119335773","89.9479038224414","97.3813269493844","100.776315789474","105.461738484398","120.08978583196",
"中国香港特别行政区","HKG","Educational attainment, at least completed short-cycle tertiary, population 25+, female (%) (cumulative)","SE.TER.CUAT.ST.FE.ZS","","","","","","","","","","","","","","","","","","","","","","","","","","","","","","","","","","","","","","","","","","","","","","","13.3199996948242","","13.8100004196167","14.2200002670288","15.2200002670288","16.4899997711182","17.0489829637055","17.5053809344837","18.2999992370606","19.3500003814697","20.1116396851221","20.6299991607666","21.2073984307694","21.2299995422363","21.4519439152643","21.5342222588776","22.1000003814697","22.773208575331","23.2488423407061",
"中国香港特别行政区","HKG","Educational attainment, Doctoral or equivalent, population 25+, total (%) (cumulative)","SE.TER.CUAT.DO.ZS","","","","","","","","","","","","","","","","","","","","","","","","","","","","","","","","","","","","","","","","","","","","","","","","","","","","","","","","","","","","","","","","","",
"中国香港特别行政区","HKG","Educational attainment, at least Bachelor's or equivalent, population 25+, male (%) (cumulative)","SE.TER.CUAT.BA.MA.ZS","","","","","","","","","","","","","","","","","","","","","","","","","","","","","","","","","","","","","","","","","","","","","","","","","","","","","","","","","","","","","","","","","",
"中国香港特别行政区","HKG","Adolescents out of school, female (% of female lower secondary school age)","SE.SEC.UNER.LO.FE.ZS","","","","","","","","","","","","","","","","","","","","","","","","","","","","","","","","","","","","","","","","","","7.9779200553894","7.22344017028809","7.69063997268677","5.53888988494873","6.75081014633179","5.33551979064941","5.38784980773926","4.98610019683838","5.11175012588501","4.8965811965812","3.90529247910864","2.77142857142857","","","","","5.64508094645081","","3.46898263027295","4.78738317757009","6.6640625","","","",
"中国香港特别行政区","HKG","Percentage of teachers in secondary education who are trained, both sexes (%)","SE.SEC.TCAQ.ZS","","","","","","","","","","","","","","","","","","","","","","","","","","","","","","","","","","","","","","","","80.4672088623047","82.2499923706055","84.2918701171875","86.6588516235352","87.7927627563477","90.6987762451172","92.8972778320312","95.0265197753906","94.3087463378906","93.9836273193359","93.3192596435547","94.1655181466168","94.5666277410147","93.7765466297322","95.0009700575567","96.1339700399032","96.5729320835389","96.9231280976616","97.2103073499532","97.0005786664952","96.219001610306","95.7438686897605","95.0913098236776","93.304078797828","90.5712472231038","89.0807500473515",
"中国香港特别行政区","HKG","Percentage of male teachers in secondary education who are trained, male (%)","SE.SEC.TCAQ.MA.ZS","","","","","","","","","","","","","","","","","","","","","","","","","","","","","","","","","","","","","","","","","","85.2060699462891","87.3395919799805","88.2971572875977","90.8425216674805","92.4520492553711","","93.9278182983398","93.720703125","93.0041809082031","94.0275767502095","94.4175491679274","93.3261725742929","94.6389247475131","95.7560900873296","96.2168004941322","96.6408874306695","96.8326458456099","96.5927448964606","95.6167176350663","95.0517836593786","94.2056874064571","92.0613409415121","88.7720295622513","86.9984513585809",
"中国香港特别行政区","HKG","Percentage of female teachers in secondary education who are trained, female (%)","SE.SEC.TCAQ.FE.ZS","","","","","","","","","","","","","","","","","","","","","","","","","","","","","","","","","","","","","","","","","","83.5017623901367","86.0800170898438","87.3782424926758","90.5835800170898","93.247802734375","","94.6059417724609","94.1873626708984","93.5611801147461","94.2699025768144","94.6785552021808","94.1160593792173","95.2694711944585","96.4155251141553","96.8372199621842","97.1324296141814","97.5044461017727","97.3181610247026","96.6966966966967","96.2927051845092","95.7922048620904","94.2908926144087","92.0231677944718","90.7738095238095",
"中国香港特别行政区","HKG","入学率，中学，私立（占中学总量的百分比）","SE.SEC.PRIV.ZS","","","","","","","","","","","","","","","","","","","","","","","","","","","","","","","","","","","","","","","","","","","10.5862998962402","10.5591297149658","10.8210802078247","11.6369104385376","12.6377096176147","13.8765897750854","14.9059801101685","16.4795093536377","16.8981399536133","16.7280502319336","16.4703407287598","16.9385509490967","17.9709606170654","18.6748600006104","19.4353294372559","19.9810695648193","20.4092998504639","21.0124607086182","21.2255592346191","21.172830581665","21.4137992858887","21.5585994720459","22.1446304321289",
"中国香港特别行政区","HKG","入学率，中学，男生（占总人数的百分比）","SE.SEC.ENRR.MA","","","","","","","","","","","","","","","","","","","","","","","","","","","","","","","","","","","","","","","","","","78.6270217895508","80.1287002563477","79.9817199707031","81.6814804077148","83.0009765625","83.3571929931641","83.9784774780273","85.490592956543","86.3413391113281","88.0875420875421","87.4041072050122","108.836001730852","104.287664997724","107.41211225997","109.2382461701","109.759280089989","109.358226371062","110.817686250757","107.709463532248","103.117951668585","102.677511415525","108.42375995101","","108.576291793313",
"中国香港特别行政区","HKG","中学教育，接受职业教育的学生","SE.SEC.ENRL.VO","","","","","","","","","","","","14104","15156","16680","18901","20601","21509","23521","26505","27676","29617","31019","32492","31494","30964","37858","38979","42272","45943","","","","","","","","13972","","","","","14953","13676","11545","11730","10349","8807","7674","6430","5786","5610","5330","6300","6257","7172","7960","7657","7999","7495","","","","","","",
"中国香港特别行政区","HKG","中学教育，一般学生（女生所占百分比）","SE.SEC.ENRL.GC.FE.ZS","","","","","","","","","","","","42.37527","43.28611","44.55944","45.90443","46.71506","47.84241","47.70734","48.34951","49.30824","49.86929","50.52562","50.97576","51.47822","51.30384","51.47993","51.33767","51.38319","51.09466","","","","","","","","49.58845","","49.85178","49.96929","49.95667","49.65985","49.64211","49.72155","49.78931","49.65974","49.42234","49.28374","49.20776","49.15331","48.94133","48.80007","48.79182","48.24807","48.12903","48.16058","48.16812","48.22674","48.27001","","","","","","",
"中国香港特别行政区","HKG","中学教育，年限（年）","SE.SEC.DURS","","","","","","","","","","","7","7","7","7","7","7","7","7","7","7","7","7","7","7","7","7","7","7","7","7","7","7","7","7","7","7","7","7","7","7","7","7","7","7","7","7","7","7","7","7","7","7","6","6","6","6","6","6","6","6","6","6","6","6","6",
"中国香港特别行政区","HKG","Educational attainment, at least completed post-secondary, population 25+, total (%) (cumulative)","SE.SEC.CUAT.PO.ZS","","","","","","","","","","","","3.07999992370606","","","","","3.79999995231628","","","","","7.15999984741211","","","","","7.69999980926514","","","","","10.6300001144409","","","","","14.4799995422363","","","","","","","","","","21.9200000762939","","22.5499992370606","22.8400001525879","22.9899997711182","24.5200004577637","","","26.9300003051758","27.9300003051758","","29.1000003814697","","31.0699996948242","","","32.4300003051758","","",
"中国香港特别行政区","HKG","Educational attainment, at least completed lower secondary, population 25+, male (%) (cumulative)","SE.SEC.CUAT.LO.MA.ZS","","","","","","","","","","","","34.6399993896484","","","","","37.6500015258789","","","","","45.2999992370605","","","","","53.1800003051758","","","","","59.939998626709","","","","","66.7399978637695","","","","","","","","","","75.5999984741211","","76.370002746582","77.0299987792969","77.75","79.1999969482422","","","80.9000015258789","81.8300018310547","","82.9199981689453","","83.370002746582","","","84.0699996948242","","",
"中国香港特别行政区","HKG","Lower secondary completion rate, female (% of relevant age group)","SE.SEC.CMPT.LO.FE.ZS","","","","","","","","","","","","","","","","","","","","","","","","","","","","","","","","","","","","","","","","","","","","92.1438217163086","96.0712585449219","94.9060974121094","102.450881958008","98.2195663452148","100.945953369141","98.4669876098633","97.4705882352941","96.2493573264781","95.644204851752","102.81072555205","102.869863013699","103.266211604096","113.748971193416","102.183908045977","93.2690909090909","94.9776119402985","112.366379310345","","","","129.676470588235",
"中国香港特别行政区","HKG","失学男童，小学","SE.PRM.UNER.MA","","","","","","","","","","","","","","","","","","","","","","","","","","","","","","","","","","","","","","","","","","10075","8930","3588","5472","2614","847","2452","","","","","","","","","","","","","","","","","",
"中国香港特别行政区","HKG","小学男生总入学率（净比例）","SE.PRM.TENR.MA","","","","","","","","","","","","89.3696","90.45823","90.34128","91.9614","93.46418","93.84796","94.93932","94.42169","94.71218","99.14331","99.00659","97.71813","97.21841","96.62242","95.51545","","","","","","","","","","92.86029","93.46964","","","","","","","","","","","","","","","","","","","","","","","","","","","","",
"中国香港特别行政区","HKG","初等教育，教师","SE.PRM.TCHR","","","","","","","","","","","","22383","22953","22538","22093","21641","20666","19695","19073","18321","18045","17937","17864","19388","19431","19621","19404","19361","19625","19813","","19518","19346","18790","19122","","19710","","21351","22123","23107","23611","24663","24657","25200","24591","24207","24468","23565","23278","22984","22596","22599","22916","23407","24339","24931","25599","27400","28522","29312","29450","29177","28700","28284",
"中国香港特别行政区","HKG","小学复读生，总数（占入学学生总量的百分比）","SE.PRM.REPT.ZS","","","","","","","","","","","","","","","","","","","","","4.15174","3.55236","3.6217","3.00599","2.35859","2.04916","1.64179","","","1.49915","1.37562","1.31601","1.3269","1.0769","1.21428","1.04038","1.08634","","","0.95049","0.95169","0.9585","0.90153","0.85216","0.84824","0.88082","0.88394","0.89964","0.9181","0.85138","0.80505","0.7386","0.71948","0.59971","0.53213","0.5004","0.47223","0.42727","0.40221","","","","","","",
"中国香港特别行政区","HKG","小学最高年级持续就学率，男童（占同龄人的百分比）","SE.PRM.PRSL.MA.ZS","","","","","","","","","","","","","","","","","","","","96.0335464477539","96.8371124267578","96.0439605712891","98.3357467651367","97.6964874267578","97.8044281005859","","","","","","","","","","","","","","","","","","98.7104721069336","98.9427490234375","98.5982971191406","","","99.5216293334961","","99.2390365600586","99.5637817382812","98.9485778808594","99.0654678344727","98.0675277709961","98.3336715698242","98.2173461914062","98.5682525634766","98.811408996582","96.5703125","98.8394165039062","","81.2967834472656","","96.2746887207031","",
"中国香港特别行政区","HKG","五年级持续就学率，女童（占同龄人的百分比）","SE.PRM.PRS5.FE.ZS","","","","","","","","","","","","","","","","","","","","97.7203674316406","99.1558685302734","99.0754165649414","99.4903869628906","99.4679870605469","98.15283203125","","","","","","","","","","","","","","","","","","100","99.7215118408203","100","","","99.5232009887695","","99.405891418457","99.5693969726562","99.6309661865234","99.72119140625","99.7575225830078","99.2555084228516","99.2639923095703","99.5463409423828","99.054573059082","98.9216766357422","98.4766387939453","91.2602996826172","85.720458984375","84.0861587524414","96.778450012207","",
"中国香港特别行政区","HKG","Over-age students, primary, female (% of female enrollment)","SE.PRM.OENR.FE.ZS","","","","","","","","","","","","23.97147","23.46027","23.41691","22.69791","22.14251","21.63532","20.226","18.77942","16.16016","8.33867","7.29033","6.78505","6.31885","6.14562","5.77151","","","","","","","","","","2.72543","2.41567","","","","","5.07263","5.07667","4.67966","4.02652","3.42731","2.99682","2.95225","2.89938","2.86007","2.64721","2.40716","2.16753","1.95985","1.57066","1.39337","2.1841","2.26471","2.33105","","","","","","",
"中国香港特别行政区","HKG","入学率，小学，男生（净百分比）","SE.PRM.NENR.MA","","","","","","","","","","","","89.3696","90.45823","90.34128","91.9614","93.46418","93.84796","94.93932","94.42169","94.71218","99.14331","99.00659","97.71813","97.21841","96.62242","95.51545","","","","","","","","","","92.86029","93.46964","","","","","","","","","","","","","","","","","","","","","","","","","","","","",
"中国香港特别行政区","HKG","一年级新生总入学率，男性（占相关年龄组的百分比）","SE.PRM.GINT.MA.ZS","","","","","","","","","","","","","","","","","","","","","108.87964","110.65061","105.16421","102.77497","104.07752","102.33639","","","","","","","","","","","","","99.09996","","","","","","","","","","","","","","110.3744","114.15575","116.45967","112.29427","104.50549","104.92398","110.50432","","","","","","",
"中国香港特别行政区","HKG","学校入学率，小学（占总数的百分比）","SE.PRM.ENRR","","","","","","","","","","","","","","","","","","","","","","","","","","","","","","","","","","","","","","","","","","100.90641784668","101.921310424805","102.71070098877","100.331642150879","100.73030090332","101.055946350098","100.729278564453","102.480163574219","104.338989257812","105.429219600726","104.602752580544","107.340572556762","106.884666666667","105.045690213869","105.131520708188","104.741013824885","104.80790960452","103.430995475113","102.202607278653","105.128762541806","106.033688453786","103.028312901343","","103.152955896153",
"中国香港特别行政区","HKG","初等教育年限（年）","SE.PRM.DURS","","","","","","","","","","","6","6","6","6","6","6","6","6","6","6","6","6","6","6","6","6","6","6","6","6","6","6","6","6","6","6","6","6","6","6","6","6","6","6","6","6","6","6","6","6","6","6","6","6","6","6","6","6","6","6","6","6","6","6","6",
"中国香港特别行政区","HKG","小学总毕业率，（相关年龄群体所占比例）","SE.PRM.CMPT.ZS","","","","","","","","","","","","","","","","","","","","","","","","","","","","","","","","","","","","","","","","","","96.3592681884766","96.8762893676758","104.176902770996","99.9101715087891","100.859046936035","100.466911315918","97.6048202514648","95.7638931274414","95.4346084594727","101.716279069767","102.664429530201","102.316749585406","111.104330708661","101.250943396226","95.3512014787431","95.7547169811321","111.347457627119","92.8859060402685","97.0689655172414","104.469072164948","119.094758064516","105.857142857143","","91.6803149606299",
"中国香港特别行政区","HKG","Trained teachers in preprimary education (% of total teachers)","SE.PRE.TCAQ.ZS","","","","","","","","","","","","","","","","","","","","","","","","","","","","","","","","","","","","","","","68.1951293945312","73.0043106079102","74.2951202392578","76.3183822631836","77.6741561889648","83.0779724121094","87.9887313842773","92.4560089111328","","95.8590087890625","96.3399276733398","95.7632293701172","95.0710523700686","94.977998852114","94.9181661994755","95.0748921045951","94.7755167958656","95.5945086481036","95.3512396694215","96.1521895190237","96.4888731896856","96.5358784022623","97.1019528806727","97.3652524966357","97.523357555984","97.2477064220184","97.6220915366914",
"中国香港特别行政区","HKG","学校入学率，学前班，女生（占总数的百分比）","SE.PRE.ENRR.FE","","","","","","","","","","","","50.7980918884277","54.365650177002","60.227180480957","65.7438201904297","71.560546875","77.2392883300781","79.3010406494141","80.8998565673828","81.852783203125","80.8118362426758","83.7379379272461","84.3674621582031","86.7041397094727","88.5485382080078","95.0142974853516","95.9824905395508","98.0569305419922","95.6038436889648","","","","","","","86.6529693603516","88.6500625610352","","83.8861999511719","","","","","","","","","","","","","","117.844512939453","116.575462341309","112.287528991699","112.669288635254","113.262283325195","111.432060241699","109.339950561523","103.421417236328","96.0097808837891","","","","",
"中国香港特别行政区","HKG","Male primary school age children out-of-school (%)","SE.LPV.PRIM.SD.MA","","","","","","","","","","","","","","","","","","","","","","","","","","","","","","","","","","","","","","","","","","","","","","","","","","","","","","","","","","","","","","","","","",
"中国香港特别行政区","HKG","Male pupils below minimum reading proficiency at end of primary (%). Low GAML threshold","SE.LPV.PRIM.LD.MA","","","","","","","","","","","","","","","","","","","","","","","","","","","","","","","","","","","","","","","","","","","","","","","","","","","","","","","","","","","","","","","","","",
"中国香港特别行政区","HKG","Learning poverty: Share of Children at the End-of-Primary age below minimum reading proficiency adjusted by Out-of-School Children (%)","SE.LPV.PRIM","","","","","","","","","","","","","","","","","","","","","","","","","","","","","","","","","","","","","","","","","","6.98407220840454","","","","","4.55628204345703","","","","","4.51881265640258","","","","","5.08579969406127","","","","","5.39016532897949","","","",
"中国香港特别行政区","HKG","小学女生与男生的入学比例 (%)","SE.ENR.PRIM.FM.ZS","","","","","","","","","","","","0.956110000610352","0.964659988880157","0.966780006885529","0.965590000152588","0.967260003089905","0.978619992733002","0.977850019931793","0.982079982757568","0.985180020332336","0.982050001621246","0.978980004787445","0.993269979953766","0.996599972248077","0.996219992637634","0.995500028133392","0.992690026760101","0.985580027103424","0.992529988288879","","","","","","","1.01387000083923","0.999270021915436","","0.998520016670227","","","","","","","","","","","","","","1.00233995914459","1.00251996517181","1.0089099407196","1.01761996746063","1.03004002571106","1.04121005535126","1.04478001594543","1.04911005496979","1.04240000247955","1.042799949646","","","",
"中国香港特别行政区","HKG","识字率，成年女性（占 15 岁以上女性人口的百分比）","SE.ADT.LITR.FE.ZS","","","","","","","","","","","","","","","","","","","","","","","","","","","","","","","","","","","","","","","","","","","","","","","","","","","","","","","","","","","","","","","","","",
"中国香港特别行政区","HKG","识字率，青年女性（占 15-24 岁女性人口的百分比）","SE.ADT.1524.LT.FE.ZS","","","","","","","","","","","","","","","","","","","","","","","","","","","","","","","","","","","","","","","","","","","","","","","","","","","","","","","","","","","","","","","","","",
"中国香港特别行政区","HKG","Regulatory Quality: Percentile Rank","RQ.PER.RNK","","","","","","","","","","","","","","","","","","","","","","","","","","","","","","","","","","","","","96.739128112793","","97.8260879516602","","96.1956558227539","","95.6756744384766","100","100","100","100","100","100","98.5645904541016","100","96.2085342407227","99.5260696411133","99.5260696411133","99.5192337036133","99.523811340332","99.523811340332","100","100","99.523811340332","97.1428604125977","93.8095245361328","93.8679275512695","93.8679275512695","",
"中国香港特别行政区","HKG","Rule of Law: Percentile Rank, Upper Bound of 90% Confidence Interval","RL.PER.RNK.UPPER","","","","","","","","","","","","","","","","","","","","","","","","","","","","","","","","","","","","","84.9246215820312","","90","","84.5771179199219","","92.5373153686523","95.5223846435547","97.1153869628906","97.6076583862305","97.1291885375977","95.6937789916992","94.2307662963867","95.7345962524414","96.2085342407227","96.2441329956055","96.7136154174805","96.7136154174805","100","100","99.0476226806641","99.0476226806641","99.523811340332","96.6666641235352","97.6190490722656","93.3333358764648","91.9811325073242","92.9245300292969","",
"中国香港特别行政区","HKG","Rule of Law: Estimate","RL.EST","","","","","","","","","","","","","","","","","","","","","","","","","","","","","","","","","","","","","0.750565767288208","","0.984140694141388","","0.796505093574524","","1.26554250717163","1.53687572479248","1.56783330440521","1.60160768032074","1.53962767124176","1.51000499725342","1.47821688652039","1.48886930942535","1.53603065013885","1.54570031166077","1.57356703281403","1.56558108329773","1.85631024837494","1.79026436805725","1.68411242961884","1.68126904964447","1.72965824604034","1.56565248966217","1.55023634433746","1.41165292263031","1.27816295623779","1.29364585876465","",
"中国香港特别行政区","HKG","Political Stability and Absence of Violence/Terrorism: Percentile Rank, Lower Bound of 90% Confidence Interval","PV.PER.RNK.LOWER","","","","","","","","","","","","","","","","","","","","","","","","","","","","","","","","","","","","","43.6170196533203","","46.8085098266602","","61.375659942627","","60.8465614318848","59.7989959716797","67.9611663818359","74.271842956543","69.5652160644531","70.0483093261719","69.711540222168","63.9810409545898","62.5592422485352","62.0853080749512","64.9289093017578","63.9810409545898","73.3333358764648","67.1428604125977","58.0952377319336","61.9047622680664","58.9622650146484","23.5849056243896","34.4339637756348","41.5094337463379","50.4716987609863","54.502368927002","",
"中国香港特别行政区","HKG","Coverage of social insurance programs in richest quintile (% of population)","per_si_allsi.cov_q5_tot","","","","","","","","","","","","","","","","","","","","","","","","","","","","","","","","","","","","","","","","","","","","","","","","","","","","","","","","","","","","","","","","","",
"中国香港特别行政区","HKG","Coverage of social insurance programs in poorest quintile (% of population)","per_si_allsi.cov_q1_tot","","","","","","","","","","","","","","","","","","","","","","","","","","","","","","","","","","","","","","","","","","","","","","","","","","","","","","","","","","","","","","","","","",
"中国香港特别行政区","HKG","Coverage of social safety net programs in richest quintile (% of population)","per_sa_allsa.cov_q5_tot","","","","","","","","","","","","","","","","","","","","","","","","","","","","","","","","","","","","","","","","","","","","","","","","","","","","","","","","","","","","","","","","","",
"中国香港特别行政区","HKG","Coverage of social safety net programs in poorest quintile (% of population)","per_sa_allsa.cov_q1_tot","","","","","","","","","","","","","","","","","","","","","","","","","","","","","","","","","","","","","","","","","","","","","","","","","","","","","","","","","","","","","","","","","",
"中国香港特别行政区","HKG","Coverage of unemployment benefits and ALMP in richest quintile (% of population)","per_lm_alllm.cov_q5_tot","","","","","","","","","","","","","","","","","","","","","","","","","","","","","","","","","","","","","","","","","","","","","","","","","","","","","","","","","","","","","","","","","",
"中国香港特别行政区","HKG","Coverage of unemployment benefits and ALMP in poorest quintile (% of population)","per_lm_alllm.cov_q1_tot","","","","","","","","","","","","","","","","","","","","","","","","","","","","","","","","","","","","","","","","","","","","","","","","","","","","","","","","","","","","","","","","","",
"中国香港特别行政区","HKG","Coverage (%) -All Social Protection and Labor","per_allsp.cov_pop_tot","","","","","","","","","","","","","","","","","","","","","","","","","","","","","","","","","","","","","","","","","","","","","","","","","","","","","","","","","","","","","","","","","",
"中国香港特别行政区","HKG","PPP转换因子与市场汇率的比率（GDP）","PA.NUS.PPPC.RF","","","","","","","","","","","","","","","","","","","","","","","","","","","","","","","0.738869131378178","0.78189097356644","0.843466697763051","0.895480674964581","0.933046636721692","0.950803474453219","0.98884808795635","1.02703914214","1.02758290556158","0.970220569546701","0.912567614633042","0.875786952494224","0.833030414978226","0.769024573768261","0.721878851806055","0.699840776821916","0.676099077929366","0.675995109890124","0.672973920983176","0.669353454042085","0.661619783014658","0.672230127536503","0.704334049637866","0.71759397290724","0.739529085208188","0.757135229156679","0.77049076611347","0.778935512759471","0.797000779647521","0.789903297871233","0.792425326576168","0.755416427954355","0.711724944745621","0.707044097721893","0.719116741452011",
"中国香港特别行政区","HKG","贸易条件调整（按本币不变价格计）","NY.TTF.GNFS.KN","","-13399236643.4808","-12073715993.6238","-10710778761.0619","-11442163465.5532","-11448542100.5653","-11148825753.5695","-10193592753.2534","-8217911586.45276","-9242602842.80936","-9860495747.2661","-3728881734.15491","-2082454822.33502","-4060380937.81543","-13891192333.5575","-8283441944.8476","-1879795810.46579","-3919347210.6282","-3754380613.6796","-1421056313.41034","4229478926.96399","-2243172886.63855","4727044855.69562","524385208.611877","9622453115.24188","24284821568.0867","12852017828.0054","15282513707.8853","16109891119.2144","37165517343.9135","42625072734.1931","62201066427.1528","90535052304.2783","116788567057.502","107901885839.958","78874259760.3296","103609721011.547","122444197302.232","152109197715.948","129703897745.11","127284924232.635","136046081405.389","176406370481.09","149708599499.447","92017976415.9658","74265198796.3193","33516073671.4238","55704675834.8018","22597275401.9316","33422514816.2598","-12738198888.0166","-29828234076.9971","-46668384380.0752","-40356147898.5762","-47737619352.0068","-5601143952.04199","4878127063.03516","7054890156.94629","16815503502.2393","4963850863.75586","6239143826.5127","47646321875.3828","24882052828.5977","0","39896617109.7529",
"中国香港特别行政区","HKG","净产品税（不变本币单位）","NY.TAX.NIND.KN","","","","","","","","","","","","","","","","","","","","","","","","","","","","","","","","","","","","","","","","","71201000000","65845000000","64649000000","67666000000","79200000000","78026000000","84058000000","105003000000","103250000000","98323000000","104481000000","97419000000","87261000000","81635000000","87142000000","93343000000","84889000000","96483000000","92711000000","82265000000","96726000000","118284000000","98664000000","87943000000","96471000000",
"中国香港特别行政区","HKG","净国外收入（现价本币单位）","NY.GSR.NFCY.CN","32221700","759789100","591638100","203903800","315275300","-36999900","-41999600","-42999700","-54000200","-63999400","-84999900","-115000300","-195000800","-240998700","-265001300","-312002000","-390001500","-498003300","-492000400","-778997600","-1823000300","-2827998800","-3517002600","-4607996500","-5499005400","-6473006100","-7963991400","-10281986200","-11054014200","-12696999800","-16707020300","-22810973400","-27795024500","5201000000","2250000000","9812000000","-10673000000","-1111000000","25567000000","26152000000","10745000000","30453000000","8390000000","32226000000","27978000000","7464000000","35513000000","52811000000","100507000000","49762000000","37596000000","52826000000","29455000000","40519000000","46607000000","44376000000","62593000000","115552000000","134815000000","143717000000","156083000000","198732000000","185769000000","252721000000","300806000000",
"中国香港特别行政区","HKG","总储蓄（现价本币）","NY.GNS.ICTR.CN","","","","","","","","","","","","","","","","","","","","","","","","","","","","","","","","","","","","","","","401618000445.602","403994302000.897","427706754125.667","417819007093.834","403127998967.036","416784384940.6","425450777927.116","465166541176.729","525836279788.863","568136474721.809","615087311467.342","526493923784.059","548742097735.112","574547088066.178","545899453267.976","546319216108.684","569842886507.443","596178326284.551","634147140930.557","708791086342.153","729586441187.978","683990300651.104","694932254857.257","820572190317.145","713894161069.826","734614952473.116","911664171125.25",
"中国香港特别行政区","HKG","人均GNI（不变价本币单位）","NY.GNP.PCAP.KN","","","","","","","","","","","","","","","","","","","","","","","","","","","","","","","","","","253234.87544484","258035.590018889","253858.449342928","251946.546499883","266519.501332963","259107.844186011","259567.244380534","270374.343585896","275420.222510165","278082.916919974","285711.208177334","295161.199970517","306536.869606059","324916.947397588","348693.81027428","358050.676938113","340939.507801744","350826.143902508","365062.644945981","360357.477517797","373339.090947081","380568.089079466","391511.390287054","401581.386473298","421272.385435265","432706.43802163","422121.232301975","399133.538297019","438503.190298256","422786.240317992","429416.939796446","450775.773846706",
"中国香港特别行政区","HKG","按图表集法衡量的人均国民总收入（GNI）（现价美元）","NY.GNP.PCAP.CD","","","","570","630","700","710","710","740","840","930","1060","1300","1750","2150","2450","2900","3340","3930","4700","5730","6360","6290","5890","6170","6090","7230","9080","10770","11550","12660","14320","16560","19560","21820","23570","24140","26080","25110","25800","26930","26350","25270","26340","28120","28890","30290","32070","33950","32350","33620","35690","36340","38570","40240","41180","42970","46380","50050","50480","48550","54380","54000","54910","57070",
"中国香港特别行政区","HKG","GNI增长（年度百分比）","NY.GNP.MKTP.KD.ZG","","","","","","","","","","","","","","","","","","","","","","","","","","","","","","","","","","","","","","","","","","","","","","","","","","","","","","","","","","","","","","","","","4.85238256632397",
"中国香港特别行政区","HKG","国民总收入（GNI）（现价美元）","NY.GNP.MKTP.CD","1326777144.66016","1524701937.71113","1722157114.22102","1973143732.13557","2264982980.06607","2428621308.90052","2482523038.30128","2684993527.6207","2708090220.37436","3179237330.9702","3786784679.15714","4456709506.95365","5675524287.60363","7983289866.89984","9336027786.88138","9984869407.66138","12796851757.4621","15612611904.7619","18210090427.0094","22370468072.3302","28495505340.2445","30549262532.7566","31711800573.2204","29272968329.5649","32808006472.2435","34868914276.5459","40054808451.7218","49304396986.5034","58291312554.4453","67162381368.93","74784040527.6164","86024663554.3928","100681689673.762","121026559989.079","136102904385.206","145920678484.14","158338218527.605","177209673417.348","172186399216.147","169139284563.326","173048017068.56","173309184164.129","167424656526.028","165524127524.32","172692218798.151","182529023766.888","198107245611.485","218366355753.064","232186050477.774","220467249330.796","233477797555.388","255300102774.923","266426366710.299","280921093347.086","297470635792.782","315110265423.937","328924087732.294","356100574860.134","378930152452.638","381415346793.49","365064198422.111","394520310037.629","382400528537.811","413320734961.236","445409326416.903",
"中国香港特别行政区","HKG","国内总储蓄（现价本币）","NY.GDS.TOTL.CN","1530213400","1222000000","1749000000","2750000000","3398000000","4389000000","3443000000","3832000000","3637000000","4894000000","6495000000","7616000000","10103000000","12066000000","13688000000","14152000000","22775000000","24224000000","25515000000","38234000000","49314000000","58012000000","61835000000","61870000000","84939000000","87720000000","104286000000","144018000000","173744000000","203819000000","213985000000","233121000000","269396000000","316507000000","341506000000","333572000000","374489000000","423498000000","386405000000","387640000000","427884000000","398742000000","406561000000","395561000000","409152000000","469905000000","502823000000","529421000000","532988000000","493118000000","528727000000","541511000000","536780000000","526675000000","543021000000","573926000000","592524000000","613789000000","617582000000","561865000000","559539000000","640858000000","542744000000","499011000000","631029000000",
"中国香港特别行政区","HKG","按购买力平价 (PPP) 衡量的人均 GDP（2017年不变价国际元）","NY.GDP.PCAP.PP.KD","","","","","","","","","","","","","","","","","","","","","","","","","","","","","","","31598.7559995379","33124.6861100788","34895.7612081565","36428.527042456","37767.1935301195","37905.6509352086","37804.068427697","39402.5953789391","36776.3830289355","37339.9267574178","39848.59152924","39777.8561883562","40258.1727894569","41570.5763105053","44836.2053321129","47938.8998017111","50981.7931037524","53813.0792084943","54630.3763985044","53172.3001900618","56355.4117939379","58672.8294901182","59015.3332811946","60601.6097817011","61839.810843419","62779.7484353718","63749.4095274634","65662.8359167546","66993.9679794398","65388.3336248234","61328.5288044938","65884.9376260603","64036.6454154727","64434.5576690871","66153.9746651078",
"中国香港特别行政区","HKG","人均 GDP（2015年不变价美元）","NY.GDP.PCAP.KD","","3956.0341803836","4333.86159954119","4847.35749953763","5139.81426157932","5739.58704003144","5791.09086354276","5737.11950073169","5807.39164795234","6363.72174870094","6782.65997654787","7122.07551634489","7728.27233689255","8435.88645932335","8370.84543845848","8254.03263526449","9468.5462833744","10427.1603937244","11085.8489909702","11709.2241913815","12553.1261261981","13397.3178790997","13580.0429578536","14174.7054249017","15435.9751247218","15386.6504271537","16876.2528085837","18945.7064359327","20386.2171575554","20635.5493582672","21357.261954163","22388.6218309583","23585.6725886113","24621.6526581433","25526.4430507368","25620.0249332016","25551.3664004759","26631.7937071384","24856.7648070417","25237.6579989129","26933.2377453994","26885.4284833926","27210.0693480769","28097.108881817","30304.3126863152","32401.3907659685","34458.0498746756","36371.6859370268","36924.0883854556","35938.5902369431","38090.0213994329","39656.3392885062","39887.8339456509","40959.9813033996","41796.8681867763","42432.1619740441","43087.5455578429","44380.8100340362","45280.5079891951","44195.2768644431","41451.2981131333","44530.9262090583","43281.6852291306","43550.6298747786","44712.7654725532",
"中国香港特别行政区","HKG","按购买力平价 (PPP)衡量的 GDP（2017年不变价国际元）","NY.GDP.MKTP.PP.KD","","","","","","","","","","","","","","","","","","","","","","","","","","","","","","","180255103599.364","190533194505.173","202412862887.912","214964738077.533","227940119831.683","233350977722.237","243288082366.444","255695262192.55","240653617626.446","246686226122.881","265590862542.385","267080459805.48","271505143109.376","279803235030.749","304146398870.388","326617312129.018","349587253491.741","372187399729.709","380107232905.514","370759814765.263","395851683522.978","414910781022.32","421965534493.869","435052896461.854","447070912492.498","457745979766.826","467703917939.188","485458478499.75","499279245763.573","490929070021.812","458798723986.418","488411631115.747","470419600886.604","485585270050.007","497749120777.738",
"中国香港特别行政区","HKG","GDP（2015年不变价美元）","NY.GDP.MKTP.KD","","12533111886.8733","14324279358.8035","16582325270.1683","18012993061.1309","20650460211.3291","21021080725.5739","21358148477.3239","22083768219.6684","24588784464.8056","26852550847.153","28810932086.27","31868303808.4101","35781656005.8659","36645887160.4835","36826192005.496","42778892108.2855","47794975096.7147","51743200165.3535","57722962496.2535","63557732889.5534","69443657494.5256","71492136151.6201","75765217966.642","83321850125.7356","83952642060.636","93234546266.3014","105726514765.722","114725475675.858","117337860760.979","121832500817.523","128779352771.672","136808693850.24","145292372335.704","154062294388.417","157719435491.282","164435818470.263","172821698903.733","162655211867.839","166732587569.818","179510029573.087","180516832466.043","183507428690.366","189116020461.734","205569305107.619","220757155566.696","236282293795.638","251557491446.259","256910422168.323","250592602004.157","267551928313.897","280433768912.6","285202001494.798","294047609778.975","302170458556.299","309385622601.348","316116086739.67","328116204743.636","337457513840.276","331813719170.552","310097161184.35","330112209080.37","317951587861.717","328201901799.319","336423318692.037",
"中国香港特别行政区","HKG","矿产租金（占GDP的百分比）","NY.GDP.MINR.RT.ZS","","","","","","","","","","","0.00462135452602034","0.00395835848631962","0.00185236602906001","0","0.000401297555752876","0.0027226529636005","0.00120313956966808","0.000791013595205281","0.000292540657991136","0.000233033342984747","0.000332088930480335","0.000307227731985124","0.000562882378282715","0.000441679626327231","0","0","0","0","0","0","0","0","0","0","0","0","0","0","0","0","0","0","0","0","0","0","0","0","0","0","0","0","0","0","0","0","0","0","0","0","0","0","","","",
"中国香港特别行政区","HKG","按要素成本计算的增加值总额（现价本币）","NY.GDP.FCST.CN","","","","","","","","","","","","","","","","","","","","","","","","","","","","","","","","","","","","","","","","","1283035000000","1269989000000","1249781000000","1227056000000","1285324000000","1378002000000","1473535000000","1605245000000","1620013000000","1581824000000","1737298000000","1901049000000","2013038000000","2098080000000","2205972000000","2325443000000","2417849000000","2551086000000","2700413000000","2740721000000","2560655000000","2745819000000","2735440000000","2914367000000","3111103000000",
"中国香港特别行政区","HKG","GDP deflator: linked series (base year varies by country)","NY.GDP.DEFL.ZS.AD","","","","","","","","","","","","","","","","","","","","","","","","","","","","","","","54.1100176346778","59.0558889482114","64.9020233786556","70.4920229781841","74.9479988946418","78.050491910762","82.6427598498208","87.4031255709027","88.4693370991544","84.8458656687072","81.966018599378","80.5119301468011","77.7730152411828","73.1006139858472","70.4756568617693","70.3698775812047","69.9934911474018","72.1895064411654","73.1146030349964","72.8401305221809","73.0372642459777","75.8841638984649","78.5741121035343","79.99824163655","82.2784003658104","85.2762710387876","86.6733297465918","89.1700241632466","92.4332275048793","94.323462323953","94.9255596198852","95.5744736439577","97.1883908241244","100","103.824282848867",
"中国香港特别行政区","HKG","煤炭租金（占GDP的百分比）","NY.GDP.COAL.RT.ZS","","","","","","","","","","","","0","0","0","0","0","0","0","0","0","0","0","0","0","0","0","0","0","0","0","0","0","0","0","0","0","0","0","0","0","0","0","0","0","0","0","0","0","0","0","0","0","0","0","0","0","0","0","0","0","0","0","","","",
"中国香港特别行政区","HKG","调整后的净储蓄，包括颗粒物排放损害（占 GNI 的百分比）","NY.ADJ.SVNG.GN.ZS","","","","","","","","","","","","","","","","","","","","","","","","","","","","","","","","","","","","","","","","","","","","","","","","","","","","","","","","","","","","","","","","","",
"中国香港特别行政区","HKG","人均调整国民收入净额（美元现值）","NY.ADJ.NNTY.PC.CD","","","","","","","","","","","","","","","","","","","","","5416.81593022407","","","","","","","","","","","","","","","","","","","","","","","","","","","","","","","","","","","","","","","","","","","","",
"中国香港特别行政区","HKG","调整后的储蓄：国民储蓄净额（占 GNI 的百分比）","NY.ADJ.NNAT.GN.ZS","","","","","","","","","","","","","","","","","","","","","","","","","","","","","","","","","","","","","","","20.5033161792022","20.6680550050282","22.1442297215202","21.6925394651125","21.6476879176616","23.0383494386323","23.0869082180151","23.4144425738322","24.4051199872888","23.3661542155792","22.155747777473","17.1394041108019","16.2911963177929","13.8355894200261","10.5361676961552","10.2183799301939","5.26278884958292","4.4065597827","5.57655133333876","5.36525355671245","6.05536438196404","4.44122117640296","6.27329712144558","9.13884465967659","","","",
"中国香港特别行政区","HKG","调整后的储蓄：颗粒物排放损害（占 GNI 的百分比）","NY.ADJ.DPEM.GN.ZS","","","","","","","","","","","","","","","","","","","","","","","","","","","","","","","","","","","","","","","","","","","","","","","","","","","","","","","","","","","","","","","","","",
"中国香港特别行政区","HKG","调整后的储蓄： 矿产资源损耗（占 GNI 的百分比）","NY.ADJ.DMIN.GN.ZS","","","","","","","","","","","0.000686571991197428","0.000590061317606794","0.000277120847468025","0","6.00000678887933E-05","0.000406571395054135","0.000178753239159098","0.000116700415848535","4.26863781167847E-05","3.36769458255431E-05","4.78510690592134E-05","4.657161984063E-05","8.6714018782923E-05","7.07680671188519E-05","0","0","0","0","0","0","0","0","0","0","0","0","0","0","0","0","0","0","0","0","0","0","0","0","0","0","0","0","0","0","0","0","0","0","0","0","0","0","","","",
"中国香港特别行政区","HKG","调整后的储蓄：森林资源净损耗（占 GNI 的百分比）","NY.ADJ.DFOR.GN.ZS","","","","","","","","","","","","","","","","","","","","","0","","","","","","","","","","","","","","","","","","","","","","","","","","","","","","","","","","","","","","","","","","","","",
"中国香港特别行政区","HKG","调整后的储蓄： 教育支出（占 GNI 的百分比）","NY.ADJ.AEDU.GN.ZS","","","","","","","","","","","2.0989835","2.04658893216807","1.94574247848234","1.96120540726922","2.13256200122576","2.1796501362846","2.24205123015873","2.09237482017737","2.09993575141203","2.06157","1.92778788927905","2.01894173332881","1.55144065755118","2.33932537419012","2.37732923475724","2.30696553356132","2.3242074","2.3242074","2.3242074","2.2351594","2.23428419081411","2.75359","2.45178085773992","2.6513137","2.6513137","2.7715877","2.62714826888101","2.7715877","3.0754899","3.14728277374103","3.21907564748207","3.29086852122312","3.53639368763782","3.5904661054534","3.67808811151462","3.40779346747794","3.08041487247892","2.87886285540958","2.67586261019569","2.83636488698864","3.00160005831591","2.79936483172987","2.82959281207101","2.82959281207101","2.82959281207101","2.82959281207101","2.82959281207101","2.82959281207101","2.82959281207101","2.82959281207101","2.82959281207101","2.82959281207101","","","",
"中国香港特别行政区","HKG","Services, value added (annual % growth)","NV.SRV.TOTL.KD.ZG","","","","","","","","","","","","","","","","","","","","","","","","","","","","","","","","","","","","","","","","","","1.85890395673918","2.92487970155982","4.46869281481209","9.66920332818346","7.76759963835023","6.80955990575853","7.09870058903444","2.43563642462999","-1.7243993784718","6.91355790182742","5.18404572112168","1.76310204805642","2.75623023362385","2.43794978476035","1.72714660821454","2.28014552512772","3.53631940822385","3.0918350932843","-0.672932868962789","-6.68028082770599","5.95485280382104","-3.35826152447571","3.34186341250582","2.0879295835513",
"中国香港特别行政区","HKG","服务业，每个工人的增加值（2015年不变价美元）","NV.SRV.EMPL.KD","","","","","","","","","","","","","","","","","","","","","","","","","","","","","","","","","","","","","","","","","60535.4441574371","59863.4397736258","61480.8418121938","63959.4551823869","67162.0887706258","70365.5626929202","73231.0247441796","76169.7289411831","76927.3007741608","76359.5569508255","81290.5996871447","83059.3309474452","82796.1182269881","83856.6186022159","85440.2524941901","85622.011788849","87588.6372911513","89628.649691648","91003.0904688703","90423.4826215956","88345.6624820331","94204.4579862493","92656.119958605","92843.9992362066","95493.1049082807",
"中国香港特别行政区","HKG","机械和运输设备（占制造业增加值的百分比）","NV.MNF.MTRN.ZS.UN","","","","","","","","","","","","","","4.89155514536225","5.71264257644014","5.20402590309745","4.91822160792444","4.43320600419648","4.54468229697587","4.65355164041586","4.95334008374155","5.5134746353195","6.01608721664562","6.19580696915617","6.31545422185586","5.97527204649167","5.7159026598755","5.9760904348731","7.73891391984823","8.23650746628924","11.7173933886587","11.57863855914","11.9876610776656","11.6414125269058","11.8988400501838","13.6378519973805","13.1603502727534","13.9014958407421","15.1095992886279","12.439369288549","11.7070233538342","9.76209344827029","10.0479095706853","10.5808107819018","21.8499090033187","24.9690762456088","28.4532207278674","135.559454411681","137.08703374778","127.990289146877","123.328852149538","124.920209734412","127.995329365192","123.87794275391","132.141091628137","132.96792897264","130.60687593423","130.563978168587","129.817895240508","126.50224087237","140.821163207789","132.198698507111","129.288383152174","","",
"中国香港特别行政区","HKG","工业增加值（不变价格本币单位）","NV.IND.TOTL.KN","","","","","","","","","","","","","","","","","","","","","","","","","","","","","","","","","","","","","","","","","170697143762.479","164254246078.173","158996123897.713","151534275138.666","148711830925.834","146619528353.854","143490206299.998","143239423722.913","145300603206.264","138471922083.923","149061279636.581","162276121177.386","169350717645.15","171888314749.82","184601230646.658","189051117012.738","194768200326.431","193505576423.166","198212847434.71","185530633695.084","164741588800.464","166822238589.032","175256004613.589","187282000000","193962018000",
"中国香港特别行政区","HKG","工业增加值（现价美元）","NV.IND.TOTL.CD","","","","","","","","","","","","","","","","","","","","","","","","","","","","","","","","","","","","","","","","","20741693766.8003","19223978201.6349","17693738758.8559","15910360548.3674","15511427837.699","15356549603.8295","15474843498.8239","14581325418.1901","15354124070.723","14707646660.4315","15629346106.217","16693088386.4337","17975696768.2372","19154589994.8427","20598954125.2009","21836488534.847","23986601822.9251","24635708053.1746","23436116603.9421","22709275761.854","21284999742.175","22098478757.2766","22462856977.2239","23919792407.846","25209791137.2527",
"中国香港特别行政区","HKG","制造业，增加值（2015年不变价美元）","NV.IND.MANF.KD","","","","","","","","","","","","","","","","","","","","","","","","","","","","","","","","","","","","","","","","","5159472496.77254","4697765263.29786","4242857274.99523","3797185997.11498","3885576184.35145","3946769390.89977","4017199307.87049","3983074794.36555","3702381427.64074","3399622586.01801","3513285439.27129","3539071255.86712","3511104549.31045","3514183452.78458","3500071811.86148","3446447576.35373","3431309634.27259","3446191001.06422","3490065375.57056","3504690167.07268","3300199661.33258","3480700377.50342","3487884485.60972","3618481307.97071","3647859178.6197",
"中国香港特别行政区","HKG","Financial intermediary services indirectly Measured (FISIM) (constant LCU)","NV.FSM.TOTL.KN","","","","","","","","","","","","","","","","","","","","","","","","","","","","","","","","","","","","","","","","","","","","","","","","","","","","","","","","","","","","","","","","","",
"中国香港特别行政区","HKG","农业，增加值（年增长率）","NV.AGR.TOTL.KD.ZG","","","","","","","","","","","","","","","","","","","","","","","","","","","","","","","","","","","","","","","","","","0.262927256792295","-2.62237762237763","-5.29622980251347","0.379146919431278","-0.236071765816803","-3.31282536677709","-4.3563387175722","-16.9907881269191","-4.56226880394574","3.87596899224806","0.808457711442784","-3.20789636027143","4.90758444869344","-6.01458080194411","-6.78733031674209","-1.94174757281553","-5.16265912305516","-1.78970917225951","-0.759301442672751","3.82555470543228","-2.50552689756816","-15.7974300831444","1.52603231597845","-6.54288240495137",
"中国香港特别行政区","HKG","农业，林业、和渔业，每个工人的增加值（2015年不变价美元）","NV.AGR.EMPL.KD","","","","","","","","","","","","","","","","","","","","","","","","","","","","","","","","","","","","","","","","","31118.6708516887","40826.7308275232","31051.3348048664","38372.3188252262","31835.7875327604","30967.4562082532","31710.8294710892","39006.5168455126","25071.9619309372","24617.6238647486","26455.4325914603","26677.5352046497","25902.1577554319","27431.3620756734","26276.3951625243","24740.0625414829","24755.9374429268","23830.8123086312","23686.7696879861","23951.2880164045","26604.6982165924","26429.2767835599","22955.3966758331","23094.0523275617","22318.2260718776",
"中国香港特别行政区","HKG","货物和服务对外贸易差额（现价本币单位）","NE.RSB.GNFS.CN","","-566000000","-722000000","-742000000","-911000000","-480000000","-505000000","720000000","890000000","1715000000","1780000000","1121000000","2559000000","2609000000","2264000000","2773000000","6745000000","4788000000","870000000","1457000000","-742000000","-2635000000","1106000000","3922000000","20966000000","27922000000","29179000000","41110000000","41602000000","61505000000","51164000000","47007000000","41972000000","62808000000","12146000000","-50143000000","-18341000000","-46099000000","7013000000","66417000000","58969000000","61967000000","105825000000","114323000000","114716000000","172514000000","167799000000","176224000000","173712000000","130625000000","104353000000","74478000000","23031000000","12832000000","4632000000","57301000000","56861000000","26839000000","-6061000000","44357000000","51623000000","159713000000","114940000000","17498000000","129416000000",
"中国香港特别行政区","HKG","货物和服务进口（年增长率）","NE.IMP.GNFS.KD.ZG","","","15.5666489644185","9.70167086373914","10.4639667565892","5.10269089585293","13.7090489248088","2.72246125728211","15.7745817579756","11.4417135356079","12.2234778111892","12.7498165309849","4.88015318594988","10.2716940285044","-7.62716855682584","3.80435552658798","23.595451939614","7.98798433988415","20.7375628314149","17.3955395183764","19.0817195301452","12.2647196934123","-2.10729985508772","9.20470834711655","13.982799488074","5.75779990432825","11.5495358533158","26.8572941090338","23.1283064378889","6.54894250160444","10.1406690436738","17.1066443682274","20.9151990093477","11.5966273509169","13.3353164920385","12.5951819464808","4.899251656285","8.67124477482737","-6.93954561756405","-2.29129255211433","17.0922017089997","-0.974514657053604","7.04237790912887","11.4285432313204","14.3981960406422","9.33038513887018","9.90329091865981","9.05923856818778","3.24721346187704","-8.03289423840403","18.2285243684545","5.60277754855616","4.24060141982633","8.28239559708257","1.0261607864413","-1.76411985512387","0.867684054098916","6.61437954158176","4.48656606612248","-7.2445649806988","-6.8579490333325","15.8215711402259","-12.2327138538442","-5.20034312746948","3.49365179668249",
"中国香港特别行政区","HKG","资本形成总额（占 GDP 的百分比）","NE.GDI.TOTL.ZS","27.6886859175534","23.9839034205231","28.4448025785657","33.4899779418817","36.2466352624495","34.8957213502473","27.6431872286795","20.1098546042003","16.6152543398052","16.3554046406338","20.4059551631611","24.3431655485177","23.4191165057585","22.8833450286737","24.1828958509738","22.9466212264817","25.3815947811768","26.5214780852574","28.7298034552703","32.6352592487421","34.8533272060103","34.9393356300914","30.9833932807837","26.6696121612106","24.417921157898","21.5001725824081","23.4324935652445","26.0678369683613","28.3520284245488","26.523507244324","27.1705247840656","26.9214245728842","28.176873613916","27.2498684224659","31.3792742066101","34.2907008541509","31.800346636164","34.2001903745076","29.0038636957848","24.9795092484443","27.58240928418","25.4912038221478","23.1809524249985","22.3796401439042","22.3574337350953","21.0598211914668","22.2851483120043","21.3960754951065","21.0412143694213","21.846864085774","23.8904664218175","24.1431842971831","25.2201335356512","24.0303885554212","23.8224694193154","21.5414797271378","21.5074050489079","22.0690168599844","21.9946611253535","18.189947213062","18.9818868649406","16.776482902733","15.2299295577844","16.1396966154143","15.7983669144913",
"中国香港特别行政区","HKG","资本形成总额（不变价本币单位）","NE.GDI.TOTL.CN","1970379000","1788000000","2471000000","3492000000","4309000000","4869000000","3948000000","3112000000","2747000000","3179000000","4715000000","6495000000","7544000000","9457000000","11424000000","11379000000","16030000000","19436000000","24645000000","36777000000","50056000000","60647000000","60729000000","57948000000","63973000000","59798000000","75107000000","102908000000","132142000000","142314000000","162821000000","186114000000","227424000000","253699000000","329360000000","383715000000","392830000000","469597000000","379392000000","321223000000","368915000000","336775000000","300736000000","281238000000","294436000000","297391000000","335024000000","353197000000","359276000000","362493000000","424374000000","467033000000","513749000000","513843000000","538389000000","516625000000","535663000000","586950000000","623643000000","517508000000","507916000000","481145000000","427804000000","481513000000","501613000000",
"中国香港特别行政区","HKG","库存变化（现价美元）","NE.GDI.STKB.CD","","10208248.2645978","11878688.8897138","14291547.5704369","16333197.2233565","17975567.1902269","18653789.1598821","20008699.4345368","20048972.0793413","23467244.3219115","28128238.4485056","33048700.6995588","41833461.3449068","58874963.567473","134748845.442876","148120620.842213","607364214.646877","365079365.079365","441320871.018371","650852835.097759","752599986.776748","707240023.09399","231139898.618054","595856915.608409","742261447.94065","188556942.527998","792353728.848942","1249767576.05873","1810402254.67589","443979083.367169","735325267.178022","527333925.522383","1057672270.93877","297198026.315534","2751274937.67482","5901885420.74267","1262177321.82057","1590398862.94167","-2020700723.9069","-1367966484.0477","1848118516.77676","-520596249.398942","725741792.097544","1170064532.69978","908577298.407807","-612163578.440064","-274079012.769713","1645983031.03141","1089017833.05228","2959460766.9236","4829603997.44271","1508093525.17986","-472125209.358909","-215703971.119134","963750323.539225","-2654884380.94624","57586395.6971239","1408022378.48381","1429355106.20654","-391402818.58524","6731939359.56273","-245585823.175634","-3012609340.04664","-3065169626.53056","-1980180765.01637",
"中国香港特别行政区","HKG","固定资本形成总额（2015年不变价美元）","NE.GDI.FTOT.KD","","3305347909.42145","4455223911.65727","6007508017.16394","6697385120.99374","7473587795.63669","6496120447.4687","5375100464.69008","4886488034.38532","5087631464.13113","5806364587.41813","7185997551.2985","7847261123.22956","8767016432.48314","8623100066.53482","8795508720.60265","10002733030.4152","12589832791.6666","13883382672.2922","15953013983.7816","19177492292.4554","20952016245.2942","21351635741.6427","19610332584.3134","20141259093.5702","20161628048.4811","21400133253.3355","24432561415.7058","26421080638.889","27461837239.8161","29708363225.2049","32508852037.9045","35423310003.0822","36466006504.4769","41925492639.5125","44982897020.4046","49783059483.9767","56595262463.9031","52410654667.4916","43848297734.352","47302169273.3326","48604327462.2837","46713045750.0445","47420624445.6422","49012191535.62","50984221604.8277","54587829211.1597","56313491920.9681","57095999272.1311","55116452088.611","59355619585.677","65427750537.1715","69868546439.1002","71659923277.2523","71578447457.6084","69301125552.2946","69222438339.5731","71385669848.6296","72591560476.8706","61749093031.4949","54866689903.3932","59423152370.7092","55003331642.5876","61290185327.102","62436545259.7401",
"中国香港特别行政区","HKG","固定资本形成总额（现价本币单位）","NE.GDI.FPRV.CN","","","","","","","3289000000","2572000000","2270000000","2705000000","4146000000","5722000000","6583000000","8049000000","9027000000","8967000000","11108000000","14703000000","18139000000","27614000000","39418000000","48242000000","47374000000","40985000000","46618000000","49363000000","60005000000","81959000000","104274000000","120859000000","136781000000","160849000000","196096000000","217433000000","266802000000","282613000000","315661000000","390301000000","329996000000","261859000000","289199000000","277984000000","236604000000","215732000000","234046000000","255694000000","296700000000","302398000000","307927000000","291132000000","321836000000","377869000000","425967000000","416075000000","419273000000","418925000000","411668000000","445139000000","477923000000","389034000000","319983000000","340555000000","278680000000","331141000000","320752000000",
"中国香港特别行政区","HKG","货物和服务出口（2015年不变价美元）","NE.EXP.GNFS.KD","","6016681718.61316","6519890067.40591","6928267908.84368","7567176478.59894","8242058910.8525","9198984939.61638","10226368651.7349","11480238693.4285","13235827042.273","14645725730.187","15153191340.8139","16503062636.8668","17993742868.0833","17381442184.7912","17597178928.2352","22088058005.5004","23001240668.9187","25831361904.6946","30085005066.2536","34477967121.3341","39028554295.8229","38364421449.7005","42932037671.5257","51042440760.1581","53676089362.2894","60726647117.3181","77613501908.5307","93950637765.4128","100522253564.103","107549077084.407","122436828149.863","144036578222.99","161544673947.347","176461800119.459","193985115554.872","206155137096.973","219088592117.478","207207851517.005","213849179978.229","250023878803.551","247397361114.992","268581708864.655","303778833941.317","352704457686.006","395620211331.016","435874324877.336","471794865171.161","488401059975.959","443853604301.477","521837487989.576","546927128451.222","564455765463.928","608586115910.212","614505732059.007","606079014416.1","610224735990.164","645895055719.688","669497102464.947","628352582606.022","586371617228.238","686273907037.748","600248375039.637","561381277398.873","588101449142.986",
"中国香港特别行政区","HKG","国民总支出（不变价本币单位）","NE.DAB.TOTL.KN","","","","","","","","","","","","","","","","","","","","","","","","","","","","","","","","","","","","","","","","","","","","","","","","","","","","","","","","","","","","","","","","2965910000000","2972643229000",
"中国香港特别行政区","HKG","国民总支出平减指数（各国基准年有所不同）","NE.DAB.DEFL.ZS","","","","","","","","","","","","","","","","","","","","","","","","","","","","","","","","","","","","","","","","","","","","","","","","","","","","","","","","","","","","","","","","100","102.456896619396",
"中国香港特别行政区","HKG","最终消费支出（2015年不变价美元）","NE.CON.TOTL.KD","","8448359061.51414","9312752383.50039","10229412855.6424","11147399059.4819","12555063464.0373","14077303210.1829","14368475713.3009","15754715842.215","17115882487.0502","18841743190.3327","21127040991.9755","22715606087.6342","25664989697.1904","25408091579.3074","26410711593.6593","28362710391.9057","32908460375.0673","38324610045.0972","41984101891.4129","46948690222.3598","51059295601.6822","53740543515.184","57804677625.9541","61113610919.6797","63710630282.8834","69039799252.9254","75843803186.379","82568189691.5129","85818477107.1399","91060393457.2355","99412811738.6998","108516021833.842","116334519133.926","123566831442.621","125778733985.466","130490083218.24","137270512641.248","130774412460.74","132500905599.12","138080577636.892","140945672394.206","140339568413.324","138963661500.713","147559331993.464","151371911840.352","159514845451.48","172098103681.357","175389295762.147","176204248904.018","186330496196.829","200595554574.232","208698630865.969","217808989036.383","224943012354.317","235347373173.799","240471991743.799","252849709781.404","265895300583.686","265758747573.591","244251718454.962","258047904299.256","256667906168.902","269240862082.788","268044235318.644",
"中国香港特别行政区","HKG","按购买力平价 (PPP) 衡量的居民最终消费支出（2017年不变价国际元）","NE.CON.PRVT.PP.KD","","","","","","","","","","","","","","","","","","","","","","","","","","","","","","","103940991609.907","113564254479.673","123310155041.137","132985684927.127","141627992260.558","143935186834.259","149296643920.256","157567242250.04","148906685260.106","150463307961.162","157258020070.258","159460242619.755","157791640026.397","155334360277.618","166405477895.684","172302306904.845","182805203218.043","198614369655.973","202386792650.965","202749741819.491","215145930496.907","233202432635.209","242770070551.955","253986163441.279","262468749780.998","274966260551.318","280478386801.401","295898324565.441","311553463902.488","309069028664.833","276310311253.43","291707035454.399","285281842390.171","304781527364.709","302748369633.053",
"中国香港特别行政区","HKG","居民最终消费支出（不变价本币单位）","NE.CON.PRVT.KN","","64207000000","71089000000","78046000000","84985000000","96062000000","107750000000","109268000000","120219000000","130583000000","144326000000","162897000000","175262000000","198364000000","194791000000","202022000000","217250000000","253573000000","296880000000","324938000000","364491000000","392205000000","412729000000","444607000000","470629000000","491105000000","533225000000","590002000000","645288000000","669984000000","711938000000","777852000000","844606000000","910878000000","970073000000","985876000000","1022599000000","1079248000000","1019928000000","1030590000000","1077130000000","1092214000000","1080785000000","1063954000000","1139785000000","1180175000000","1252114000000","1360398000000","1386237000000","1388723000000","1473630000000","1597307000000","1662840000000","1739664000000","1797765000000","1883366000000","1921121000000","2026739000000","2133968000000","2116951000000","1892572000000","1998031000000","1954022000000","2087584000000","2073658000000",
"中国香港特别行政区","HKG","居民最终消费支出（现价本币单位）","NE.CON.PRVT.CN","5029547000","5762000000","6440000000","7109000000","7845000000","8842000000","10025000000","10711000000","11871000000","13421000000","15304000000","17663000000","20404000000","27116000000","30800000000","32464000000","36942000000","44971000000","55378000000","68251000000","86233000000","103722000000","119980000000","139352000000","159288000000","170924000000","193870000000","225960000000","263832000000","298779000000","344302000000","408921000000","476197000000","544898000000","628944000000","695612000000","760205000000","839136000000","803619000000","774701000000","784323000000","787594000000","752801000000","722961000000","771443000000","811654000000","868691000000","982368000000","1026482000000","1013615000000","1090234000000","1224402000000","1314969000000","1413058000000","1502768000000","1593091000000","1650101000000","1784375000000","1936427000000","1973720000000","1775202000000","1863524000000","1863500000000","2087584000000","2136112000000",
"中国香港特别行政区","HKG","一般政府最终消费支出（年增长率）","NE.CON.GOVT.KD.ZG","","","4.4601375209069","10.4429816758584","9.85824742268042","8.06451612903226","11.2166440524649","10.3172021146808","5.57746894238214","9.07472067039106","5.08018822625564","3.0615975141656","6.49108805533388","10.3755516695812","9.13868980259022","6.72135302656743","6.15554020208999","8.75180507250799","9.41649523097064","10.1051192205794","7.70293556048868","21.1101341904611","5.7244867598929","6.39162492260934","4.15921619248145","2.94380561537524","6.32314341536579","3.37076566125289","4.0051354797005","5.23380782610947","5.27291519695503","8.10930852307261","13.5028578430313","2.62200349261788","3.97391153684315","3.27330294121148","4.07028341574174","2.86894550609395","1.11697260052755","3.4773350368655","2.44782047258678","6.3328897481608","2.86900342863619","2.37718126351454","1.3865533029296","-2.56799253397968","0.892026238736193","3.16130483689538","2.02550637659415","2.32301641586868","3.35277455150111","2.4545333274045","3.55966241995493","2.7046591458931","3.06411645126347","3.42365170318755","3.4408235425135","2.83853299285741","4.24087572137091","5.06918661398295","7.90870504177332","5.87388584399046","7.95466429617235","-3.89726450394159","0.880515507304452",
"中国香港特别行政区","HKG","Arms exports (SIPRI trend indicator values)","MS.MIL.XPRT.KD","","","","","","","","","","","","","","","","","","","","","","","","","","","","","","","","","","","","","","","","","","","","","","","","","","","","","","","","","","","","","","","","","",
"中国香港特别行政区","HKG","Military expenditure (current USD)","MS.MIL.XPND.CD","","","","","","","","","","","","","","","","","","","","","","","","","","","","","","","","","","","","","","","","","","","","","","","","","","","","","","","","","","","","","","","","","",
"中国香港特别行政区","HKG","物流绩效指数：追踪查询货物的能力（1=低，5=高）","LP.LPI.TRAC.XQ","","","","","","","","","","","","","","","","","","","","","","","","","","","","","","","","","","","","","","","","","","","","","","","","4.06","","","3.94","","4.09","","3.871446","","4.027905","","3.92","","","","4.2","","",
"中国香港特别行政区","HKG","物流绩效指数：安排价格具有竞争力的货运的难易度（1=很低 至 5=很高）","LP.LPI.ITRN.XQ","","","","","","","","","","","","","","","","","","","","","","","","","","","","","","","","","","","","","","","","","","","","","","","","3.78","","","3.67","","4.18","","3.579754","","4.054683","","3.77","","","","4","","",
"中国香港特别行政区","HKG","出口周转时间，中值（天数）","LP.EXP.DURS.MD","","","","","","","","","","","","","","","","","","","","","","","","","","","","","","","","","","","","","","","","","","","","","","","","1.9","","","1.71","","1","","1","","3","","","","","","","","",
"中国香港特别行政区","HKG","安全互联网服务器（每百万人）","IT.NET.SECR.P6","","","","","","","","","","","","","","","","","","","","","","","","","","","","","","","","","","","","","","","","","","","","","","","","","","","447.45309074343","639.317834719158","998.307715976","1161.59857359763","1553.63441455149","2331.82011438289","3873.32006651583","10482.7408970405","19399.4042347637","60542.0956592389","70629.594973934","100440.301628199","126913.87266713","131226.894547578","156139.206017995",
"中国香港特别行政区","HKG","Fixed telephone subscriptions (per 100 people)","IT.MLT.MAIN.P2","2.541038845","2.59828","2.59828","2.59828","2.59828","","2.59828","2.59828","2.59828","2.59828","11.95932716","12.2891","12.2891","12.2891","12.2891","18.80435027","19.9540325","21.30552339","22.69771125","24.06299356","25.68755042","27.24965152","28.58500398","29.95776759","31.2055844","32.60240812","34.17792521","36.23522528","38.67182315","40.76751332","44.5","47","49","50.7","52.1","53.1","54.8","56.8","57.2","58.5","58.6","57.5","56.2","55.5","54.6","54.9","55.3","60.4","59.6","60.5","61.4","60.8","60.8","60.8","60.4","58.8","58.3","57.1","56.2","53.8","52.1","50.8","49.2","46.8","",
"中国香港特别行政区","HKG","货柜码头吞吐量（TEU： 20 英尺当量单位）","IS.SHP.GOOD.TU","","","","","","","","","","","","","","","","","","","","","","","","","","","","","","","","","","","","","","","","","","","","","","22601630","23538580","23998449","24494229","21040096","23699000","24404000","23126000","22288000","22300000","20114000","19580000","20760000","19641000","18360000","17953000","17772000","16573000","","",
"中国香港特别行政区","HKG","铁路货运量（百万吨-公里）","IS.RRS.GOOD.MT.K6","","","","","","","","","","","","","","","","","","","","","","","","","","","","","","","","","","","","41","","","","","","","","","","","","","","","","","","","","","","","","","","","","","",
"中国香港特别行政区","HKG","Statistical performance indicators (SPI): Pillar 5 data infrastructure score (scale 0-100)","IQ.SPI.PIL5","","","","","","","","","","","","","","","","","","","","","","","","","","","","","","","","","","","","","","","","","","","","","","","","","","","","","","","","","","","","","","","","","",
"中国香港特别行政区","HKG","Statistical performance indicators (SPI): Pillar 1 data use score (scale 0-100)","IQ.SPI.PIL1","","","","","","","","","","","","","","","","","","","","","","","","","","","","","","","","","","","","","","","","","","","","","0","0","0","0","0","0","0","0","0","0","0","20","40","40","40","40","40","40","40","40","40",
"中国香港特别行政区","HKG","国家政策和制度评估 (CPIA) 结构政策集群平均值 （1=低至 6=高）","IQ.CPA.STRC.XQ","","","","","","","","","","","","","","","","","","","","","","","","","","","","","","","","","","","","","","","","","","","","","","","","","","","","","","","","","","","","","","","","","",
"中国香港特别行政区","HKG","国家政策和制度评估 (CPIA) 社会保障评级（1=低至 6=高）","IQ.CPA.PROT.XQ","","","","","","","","","","","","","","","","","","","","","","","","","","","","","","","","","","","","","","","","","","","","","","","","","","","","","","","","","","","","","","","","","",
"中国香港特别行政区","HKG","国家政策和制度评估 (CPIA) 宏观经济管理评级（1=低至 6=高）","IQ.CPA.MACR.XQ","","","","","","","","","","","","","","","","","","","","","","","","","","","","","","","","","","","","","","","","","","","","","","","","","","","","","","","","","","","","","","","","","",
"中国香港特别行政区","HKG","国家政策和制度评估 (CPIA) 财政政策评级（1=低至 6=高）","IQ.CPA.FISP.XQ","","","","","","","","","","","","","","","","","","","","","","","","","","","","","","","","","","","","","","","","","","","","","","","","","","","","","","","","","","","","","","","","","",
"中国香港特别行政区","HKG","国家政策和制度评估 (CPIA) 经济管理集群均值（1=低至 6=高）","IQ.CPA.ECON.XQ","","","","","","","","","","","","","","","","","","","","","","","","","","","","","","","","","","","","","","","","","","","","","","","","","","","","","","","","","","","","","","","","","",
"中国香港特别行政区","HKG","Trademark applications, nonresident, by count","IP.TMK.NRCT","","","","","","","","","","","","","","","","","","","","","","","","","","","","","","","","","","","","","","","","","","","","","21708","","28887","30302","31415","27623","32763","38745","41648","43455","46604","47511","44651","46985","52867","47713","40316","45546","","","",
"中国香港特别行政区","HKG","Industrial design applications, resident, by count","IP.IDS.RSCT","","","","","","","","","","","","","","","","","","","","","","","","","","","","","","","","","","","","","","385","894","1158","1154","1208","1358","1436","2116","2673","2961","2935","2431","1918","1859","1818","1642","1594","1472","1335","1304","1216","1247","1481","1088","946","","","",
"中国香港特别行政区","HKG","Public private partnerships investment in ICT (current US$)","IE.PPN.ICTI.CD","","","","","","","","","","","","","","","","","","","","","","","","","","","","","","","","","","","","","","","","","","","","","","","","","","","","","","","","","","","","","","","","","",
"中国香港特别行政区","HKG","Investment in ICT with private participation (current US$)","IE.PPI.ICTI.CD","","","","","","","","","","","","","","","","","","","","","","","","","","","","","","","","","","","","","","","","","","","","","","","","","","","","","","","","","","","","","","","","","",
"中国香港特别行政区","HKG","Management practices index","IC.MNG.IND","","","","","","","","","","","","","","","","","","","","","","","","","","","","","","","","","","","","","","","","","","","","","","","","","","","","","","","","","","","","","","","","51.60346222","",
"中国香港特别行政区","HKG","电力中断导致的价值损失（占销售额比例）","IC.FRM.OUTG.ZS","","","","","","","","","","","","","","","","","","","","","","","","","","","","","","","","","","","","","","","","","","","","","","","","","","","","","","","","","","","","","","","","0","",
"中国香港特别行政区","HKG","投入运营时已正式注册的公司（占公司数的百分比）","IC.FRM.FREG.ZS","","","","","","","","","","","","","","","","","","","","","","","","","","","","","","","","","","","","","","","","","","","","","","","","","","","","","","","","","","","","","","","","96.24359894","",
"中国香港特别行政区","HKG","Firms exporting directly at least 10% of sales (% of firms)","IC.FRM.EXS.ZS","","","","","","","","","","","","","","","","","","","","","","","","","","","","","","","","","","","","","","","","","","","","","","","","","","","","","","","","","","","","","","","","13.1843214","",
"中国香港特别行政区","HKG","Firms that are fully credit constrained (% of firms)","IC.FRM.CRDC.FL.ZS","","","","","","","","","","","","","","","","","","","","","","","","","","","","","","","","","","","","","","","","","","","","","","","","","","","","","","","","","","","","","","","","7.979088306","",
"中国香港特别行政区","HKG","Firms that use a third party to resolve commercial disputes (% of firms)","IC.FRM.CDP.ZS","","","","","","","","","","","","","","","","","","","","","","","","","","","","","","","","","","","","","","","","","","","","","","","","","","","","","","","","","","","","","","","","59.28426361","",
"中国香港特别行政区","HKG","Firms using banks to finance working capital (% of firms)","IC.FRM.BKWC.ZS","","","","","","","","","","","","","","","","","","","","","","","","","","","","","","","","","","","","","","","","","","","","","","","","","","","","","","","","","","","","","","","","9.831049919","",
"中国香港特别行政区","HKG","海关办理出口清关手续的平均时间（天）","IC.CUS.DURS.EX","","","","","","","","","","","","","","","","","","","","","","","","","","","","","","","","","","","","","","","","","","","","","","","","","","","","","","","","","","","","","","","","12.66131783","",
"中国香港特别行政区","HKG","B-READY: Utility Services Pillar 2: Quality of Governance and Transparency of Utility Services","IC.BRE.US.P2","","","","","","","","","","","","","","","","","","","","","","","","","","","","","","","","","","","","","","","","","","","","","","","","","","","","","","","","","","","","","","","","","78.5606037676334",
"中国香港特别行政区","HKG","B-READY: Taxation Pillar 2: Public Services Provided by the Tax Administration","IC.BRE.TX.P2","","","","","","","","","","","","","","","","","","","","","","","","","","","","","","","","","","","","","","","","","","","","","","","","","","","","","","","","","","","","","","","","","58.9236106872559",
"中国香港特别行政区","HKG","B-READY: Pillar 2: Public Services","IC.BRE.P2.PS","","","","","","","","","","","","","","","","","","","","","","","","","","","","","","","","","","","","","","","","","","","","","","","","","","","","","","","","","","","","","","","","","62.6367779290123",
"中国香港特别行政区","HKG","B-READY: Market Competition Pillar 1: Quality of Regulations that Promote Market Competition","IC.BRE.MC.P1","","","","","","","","","","","","","","","","","","","","","","","","","","","","","","","","","","","","","","","","","","","","","","","","","","","","","","","","","","","","","","","","","39.2641288042068",
"中国香港特别行政区","HKG","B-READY: Labor Pillar 1: Quality of Labor Regulations","IC.BRE.LB.P1","","","","","","","","","","","","","","","","","","","","","","","","","","","","","","","","","","","","","","","","","","","","","","","","","","","","","","","","","","","","","","","","","69.693376068376",
"中国香港特别行政区","HKG","B-READY: International Trade Pillar 1: Quality of Regulations for International Trade","IC.BRE.IT.P1","","","","","","","","","","","","","","","","","","","","","","","","","","","","","","","","","","","","","","","","","","","","","","","","","","","","","","","","","","","","","","","","","85.4908104457393",
"中国香港特别行政区","HKG","B-READY: Financial Services Pillar 1: Quality of Regulations for Financial Services","IC.BRE.FS.P1","","","","","","","","","","","","","","","","","","","","","","","","","","","","","","","","","","","","","","","","","","","","","","","","","","","","","","","","","","","","","","","","","80.2777777612209",
"中国香港特别行政区","HKG","B-READY: Dispute Resolution Pillar 1: Quality of Regulations for Dispute Resolution","IC.BRE.DR.P1","","","","","","","","","","","","","","","","","","","","","","","","","","","","","","","","","","","","","","","","","","","","","","","","","","","","","","","","","","","","","","","","","74.6261444091797",
"中国香港特别行政区","HKG","B-READY: Business Location Pillar 1: Quality of Regulations for Business Location","IC.BRE.BL.P1","","","","","","","","","","","","","","","","","","","","","","","","","","","","","","","","","","","","","","","","","","","","","","","","","","","","","","","","","","","","","","","","","83.3574565127492",
"中国香港特别行政区","HKG","B-READY: Business Insolvency Pillar 1: Quality of Regulations for Judicial Insolvency Proceedings","IC.BRE.BI.P1","","","","","","","","","","","","","","","","","","","","","","","","","","","","","","","","","","","","","","","","","","","","","","","","","","","","","","","","","","","","","","","","","65.05556",
"中国香港特别行政区","HKG","B-READY: Business Entry Pillar 1: Quality of Regulations for Business Entry","IC.BRE.BE.P1","","","","","","","","","","","","","","","","","","","","","","","","","","","","","","","","","","","","","","","","","","","","","","","","","","","","","","","","","","","","","","","","","91.8749992847443",
"中国香港特别行政区","HKG","人力资本指数，上界 (数值范围 0-1)","HD.HCI.OVRL.UB","","","","","","","","","","","","","","","","","","","","","","","","","","","","","","","","","","","","","","","","","","","","","","","","","","","0.789687633514404","","","","","","","0.834","0.831913888454437","","0.822600364685059","","","","",
"中国香港特别行政区","HKG","人力资本指数，下界 (数值范围 0-1)","HD.HCI.OVRL.LB","","","","","","","","","","","","","","","","","","","","","","","","","","","","","","","","","","","","","","","","","","","","","","","","","","","0.771827340126038","","","","","","","0.81","0.811192572116852","","0.802408695220947","","","","",
"中国香港特别行政区","HKG","Government Effectiveness: Standard Error","GE.STD.ERR","","","","","","","","","","","","","","","","","","","","","","","","","","","","","","","","","","","","","0.168259218335152","","0.205459833145142","","0.203009098768234","","0.189597606658936","0.197447702288628","0.20749731361866","0.192003473639488","0.196995958685875","0.219155386090279","0.22883528470993","0.21885871887207","0.227385252714157","0.222375243902206","0.219052508473396","0.216085970401764","0.228590488433838","0.230970248579979","0.235196769237518","0.221641167998314","0.221191376447678","0.228575721383095","0.253193914890289","0.246709287166595","0.265472203493118","0.274142801761627","",
"中国香港特别行政区","HKG","Government Effectiveness: Number of Sources","GE.NO.SRC","","","","","","","","","","","","","","","","","","","","","","","","","","","","","","","","","","","","","5","","5","","5","","5","5","5","5","7","7","7","7","7","7","7","7","7","6","6","7","7","7","6","6","6","7","",
"中国香港特别行政区","HKG","支出（占 GDP 的百分比）","GC.XPN.TOTL.GD.ZS","","","","","","","","","","","","","","","","","","","","","","","","","","","","","","","","","","","","","","","","","","","","","","","","","","","","","","","","","","","","","","","","","",
"中国香港特别行政区","HKG","利息支付（占费用的百分比）","GC.XPN.INTP.ZS","","","","","","","","","","","","","","","","","","","","","","","","","","","","","","","","","","","","","","","","","","","","","","","","","","","","","","","","","","","","","","","","","",
"中国香港特别行政区","HKG","货物和服务支出（现价本币）","GC.XPN.GSRV.CN","","","","","","","","","","","","","","","","","","","","","","","","","","","","","","","","","","","","","","","","","","","","","","","","","","","","","","","","","","","","","","","","","",
"中国香港特别行政区","HKG","所得税、利润税和资本收益税（占总税收比例）","GC.TAX.YPKG.RV.ZS","","","","","","","","","","","","","","","","","","","","","","","","","","","","","","","","","","","","","","","","","","","","","","","","","","","","","","","","","","","","","","","","","",
"中国香港特别行政区","HKG","其他税收（占财政收入的百分比）","GC.TAX.OTHR.RV.ZS","","","","","","","","","","","","","","","","","","","","","","","","","","","","","","","","","","","","","","","","","","","","","","","","","","","","","","","","","","","","","","","","","",
"中国香港特别行政区","HKG","关税及其他进口税（占税收收入的百分比）","GC.TAX.IMPT.ZS","","","","","","","","","","","","","","","","","","","","","","","","","","","","","","","","","","","","","","","","","","","","","","","","","","","","","","","","","","","","","","","","","",
"中国香港特别行政区","HKG","货物和服务税收（现值本币）","GC.TAX.GSRV.CN","","","","","","","","","","","","","","","","","","","","","","","","","","","","","","","","","","","","","","","","","","","","","","","","","","","","","","","","","","","","","","","","","",
"中国香港特别行政区","HKG","收入，不包括捐赠（按当值本国货币单位计）","GC.REV.XGRT.CN","","","","","","","","","","","","","","","","","","","","","","","","","","","","","","","","","","","","","","","","","","","","","","","","","","","","","","","","","","","","","","","","","",
"中国香港特别行政区","HKG","赠款和其他收入（现价本币单位）","GC.REV.GOTR.CN","","","","","","","","","","","","","","","","","","","","","","","","","","","","","","","","","","","","","","","","","","","","","","","","","","","","","","","","","","","","","","","","","",
"中国香港特别行政区","HKG","Net investment in nonfinancial assets (current LCU)","GC.NFN.TOTL.CN","","","","","","","","","","","","","","","","","","","","","","","","","","","","","","","","","","","","","","","","","","","","","","","","","","","","","","","","","","","","","","","","","",
"中国香港特别行政区","HKG","中央政府债务，总额（现价本币单位）","GC.DOD.TOTL.CN","","","","","","","","","","","","","","","","","","","","","","","","","","","","","","","","","","","","","","","","","","","","","","","","","","","","","","","","","","","","","","","","","",
"中国香港特别行政区","HKG","Account ownership at a financial institution or with a mobile-money-service provider (% of population ages 15+)","FX.OWN.TOTL.ZS","","","","","","","","","","","","","","","","","","","","","","","","","","","","","","","","","","","","","","","","","","","","","","","","","","","","88.6860396908465","","","96.1476401182356","","","95.2832588698892","","","","97.801244380349","","","97.3080247282368",
"中国香港特别行政区","HKG","Account ownership at a financial institution or with a mobile-money-service provider, older adults (% of population ages 25+)","FX.OWN.TOTL.OL.ZS","","","","","","","","","","","","","","","","","","","","","","","","","","","","","","","","","","","","","","","","","","","","","","","","","","","","90.5040756905407","","","97.3068255698709","","","96.4017268144165","","","","98.9142714732189","","","97.4437409345506",
"中国香港特别行政区","HKG","Account ownership at a financial institution or with a mobile-money-service provider, poorest 40% (% of population ages 15+)","FX.OWN.TOTL.40.ZS","","","","","","","","","","","","","","","","","","","","","","","","","","","","","","","","","","","","","","","","","","","","","","","","","","","","","","","94.0363528391983","","","92.3735489416118","","","","96.4630769104023","","","93.7664847121074",
"中国香港特别行政区","HKG","对中央政府的债权等（占 GDP 的百分比）","FS.AST.CGOV.GD.ZS","","","","","","","","","","","","","","","","","","","","","","","","","","","","","","","-8.60617165284953","-9.48963075147218","-9.62992330851288","-9.18507857058463","-4.12953382684997","-7.42587617939493","-4.87735377855276","-7.22330696687673","-22.1988970042979","-17.8345747022037","-16.3664176699681","-12.8154761562345","-5.40016973178216","-2.70578784071223","-0.889337172510097","-3.35916381340179","-4.80121901006485","-13.9801036615951","-17.9424813776035","8.63091460272594","9.77617478039015","4.84743283551227","2.57385726186625","4.43681476683635","2.78284437423811","3.96748269593208","-43.479852669921","-46.3607896417935","-45.7654131702822","-43.720522688401","-41.4045165302398","-40.6550222404465","-33.560874790715","-28.1014883649839","-21.1141328729165",
"中国香港特别行政区","HKG","贷款利率 (百分比)","FR.INR.LEND","","","","","","","","","","","","","","","","","","","","","","","","","","","","","","","10","9.41666666666667","7.33333333333333","6.5","7.375","8.89583333333333","8.52083333333333","8.89583333333333","9.89583333333333","8.5","9.27083333333333","6.84375","5.10416666666667","5","5.02083333333333","6.20833333333333","7.91666666666667","7.5625","5.3125","5","5","5","5","5","5","5","5","5","5.04166666666667","5.10416666666667","5","5","5.10416666666667","5.77083333333333","5.73958333333333",
"中国香港特别行政区","HKG","消费者价格指数（2010 年 = 100）","FP.CPI.TOTL","","","","","","","","","","","","","","","","","","","","","","28.9890925810347","32.1693305857052","35.3495685903757","38.4074897487127","39.752975058381","41.0984603680492","43.4224804483854","46.8473521457227","51.6177091527284","56.9996503914016","63.3601264007425","69.4759687174165","75.5918110340906","82.1969207360984","89.6582483624406","95.2848232937807","100.789081378787","103.724685690791","99.5659129154526","95.8964075254482","94.306288523113","91.4930010574429","89.0466641307732","88.8020304381063","89.5359315161073","91.3268754223924","93.1854021175941","97.1953142599685","97.7585041676054","100","105.305248929939","109.574228429827","114.327551250282","119.384996620861","122.955620635278","125.917999549448","127.799053840955","130.874070736652","134.647443117819","134.985357062402","137.102951115116","139.682360892093","142.610948411804","145.077720207254",
"中国香港特别行政区","HKG","广义货币（现价本币单位）","FM.LBL.BMNY.CN","","","","","","","","","","","","","","","","","","","","","","","","","","","","","","","","1214893532665.72","1317949496711.36","1508461804615.68","1685519941374.5","1864998670577.82","2097945969579.22","2280835399455.35","2534641654371.66","2745084895482.25","3001152291336.46","2992840166055.16","3009290272365.52","3198169825774.98","3461226414000","3638884210000","4162358924000","4796729693000","4934931450000","5238248091000","5600142878000","6264527712000","6849663929000","7567789348000","8212082626000","8767814849000","9340707860000","10536096570000","10947556372000","11474373983000","12166916913000","12555934569000","12966463053000","13468556217000","14410838444000",
"中国香港特别行政区","HKG","净国内信贷（现价本币单位）","FM.AST.DOMS.CN","","","","","","","","","","","","","","","","","","","","","","","","","","","","","","","910462000000","883274000000","967677000000","1170501000000","1463042000000","1588836000000","1875070000000","2225173000000","1891551000000","1735488000000","1792050000000","1798882208000","1820268712000","1803642684000","1894729122000","1973706439000","1984409811000","2025471656000","2088995453000","2722108826000","3470208222000","4006981752000","4096634883000","4759807204000","5333472709000","5081159352000","4998194743000","5781441145000","6049091825000","6675547494000","7066616420000","7504146269000","7731368789000","7816634380000","7895654270000",
"中国香港特别行政区","HKG","总储备可支付进口的月份","FI.RES.TOTL.MO","","","","","","","","","","","","","","","","","","","","","","","","","","","","","","","","","","","","","","","4.69761925608343","5.20436652997628","4.92244916443801","5.45685672019506","5.43791565415507","5.29568363116337","4.66223217555982","4.08873905976188","3.8320807932604","3.81001987193236","4.29718609881177","6.68011632758161","","5.27930431499815","5.43413479822813","4.9353090895909","5.07823502581163","5.68447040498365","6.1910275559676","6.40111341667422","5.83769721843477","6.3455370587332","7.56065481157202","6.46690779548126","5.71719040269605","5.68845238308096","",
"中国香港特别行政区","HKG","Domestic credit to private sector by banks (% of GDP)","FD.AST.PRVT.GD.ZS","","","","","","","","","","","","","","","","","","","","","","","","","","","","","","","160.538234076922","137.255378455512","129.521018918885","134.908862418234","143.518640256857","149.412246225668","156.667889040809","169.280007108092","166.804706767354","152.79265225756","150.351364223279","148.976631278091","145.707823001046","146.231464371286","144.761964130729","143.12769981411","136.800320417521","136.679742857212","148.460086255415","154.782706893798","177.117056496196","185.511518121617","190.320774999644","204.094486988526","214.128274671959","208.782406933302","214.300178832553","223.371866412043","219.908123250485","236.740071570624","258.902841699638","259.183988203515","264.442110646291","248.607943667108","231.037771669122",
"中国香港特别行政区","HKG","银行资本对资产的比率（百分比）","FB.BNK.CAPA.ZS","","","","","","","","","","","","","","","","","","","","","","","","","","","","","","","","","","","","","","","","","","","","","","","","","","","","8.16","8.8","8.69","9.02","9.47","9.78443760400052","9.8335923309073","9.49140928226404","9.93660564443561","9.44471998719333","9.09026312855038","7.71260547788954","7.80823496977501","",
"中国香港特别行政区","HKG","海洋保护区（占领海的百分比）","ER.MRN.PTMR.ZS","","","","","","","","","","","","","","","","","","","","","","","","","","","","","","","","","","","","","","","","","","","","","","","","","","","","","","","","","","","0","0","0","","","","0",
"中国香港特别行政区","HKG","年度淡水抽取量，总量（占内部资源的百分比）","ER.H2O.FWTL.ZS","","","","","","","","","","","","","","","","","","","","","","","","","","","","","","","","","","","","","","","","","","","","","","","","","","","","","","","","","","","","","","","","","",
"中国香港特别行政区","HKG","年度淡水抽取量，生活用水（占淡水总抽取量的百分比）","ER.H2O.FWDM.ZS","","","","","","","","","","","","","","","","","","","","","","","","","","","","","","","","","","","","","","","","","","","","","","","","","","","","","","","","","","","","","","","","","",
"中国香港特别行政区","HKG","Capture fisheries production (metric tons)","ER.FSH.CAPT.MT","49850","54200","58790","60300","62430","65581","63412","66960","110330","115320","133224","124787","131778","124496","138184","145947","151170","153638","156127","182549","186797","174598","171880","180742","192036","190295","204436","217666","227390","232985","224239","220288","220183","217545","211010","194999","183856","186000","180000","127780","157012","173972","169790","157444","167544","161964","154536","154147","158126","158965","168010","170720","155230","170129","160789","145193","142775","127554","124299","122929","119428","115178.999","77199.998","86578.001","",
"中国香港特别行政区","HKG","最大城市中的人口（占城市人口的百分比）","EN.URB.LCTY.UR.ZS","99.0418324608124","99.9097585596933","98.6876471877951","97.8964969329687","97.8807197864664","97.5241179706655","98.8001230249969","98.3920483905286","98.2891765477151","98.5704060992687","97.8920802476516","97.3833421208828","97.1045591273408","95.9582226724543","94.7498021056776","95.1321087677076","96.5846178836976","98.2194519280275","99.6098506339927","97.1763853663304","97.0825709267518","96.8545839030523","97.0632296426402","97.0917515790293","97.559536241798","97.930567271027","99.1562435148245","100","100","100","100","100","100","100","100","99.7468032406456","96.9902882448916","97.953092013006","98.9323471430536","99.5922803299781","99.9798049512378","100","100","100","100","100","100","99.7411477234938","99.748814280376","100","100","99.91819390237","99.3888057509685","99.577525804789","99.516743896535","99.3746108375736","99.5398822342775","99.6169858789158","99.6818157421571","99.7719202440096","100","100","100","100","100",
"中国香港特别行政区","HKG","Urban population living in areas where elevation is below 5 meters (% of total population)","EN.POP.EL5M.UR.ZS","","","","","","","","","","","","","","","","","","","","","","","","","","","","","","","6.336817972867","","","","","","","","","","6.60814196837188","","","","","","","","","","","","","","","6.73123675605892","","","","","","","","","",
"中国香港特别行政区","HKG","植物物种（较高的），受到威胁的","EN.HPT.THRD.NO","","","","","","","","","","","","","","","","","","","","","","","","","","","","","","","","","","","","","","","","","","","","","","","","","","","","","","","","","","","10","","","","16","","",
"中国香港特别行政区","HKG","Nitrous oxide (N2O) emissions from Transport (Energy) (Mt CO2e)","EN.GHG.N2O.TR.MT.CE.AR5","","","","","","","","","","","0.0145","0.0145","0.0166","0.0158","0.0144","0.0153","0.0178","0.0186","0.0207","0.0483","0.0418","0.0488","0.0531","0.0552","0.053","0.0485","0.0648","0.0611","0.0751","0.0719","0.0821","0.1952","0.215","0.2366","0.2545","0.2365","0.1682","0.1761","0.304","0.4029","0.2188","0.1652","0.1208","0.1186","0.0711","0.0714","0.0735","0.0832","0.0862","0.1166","0.1058","0.1031","0.1","0.0779","0.0812","0.0888","0.1056","0.1288","0.1284","0.1327","0.179","0.1585","0.1121","0.139","0.1578",
"中国香港特别行政区","HKG","Nitrous oxide (N2O) emissions from Industrial Combustion (Energy) (Mt CO2e)","EN.GHG.N2O.IC.MT.CE.AR5","","","","","","","","","","","0.0052","0.0052","0.0049","0.0042","0.0071","0.006","0.0076","0.0092","0.0093","0.0052","0.0048","0.005","0.0063","0.0063","0.0071","0.0061","0.0068","0.0073","0.0087","0.0082","0.0063","0.0047","0.0079","0.0064","0.0071","0.0062","0.0057","0.0056","0.0094","0.0125","0.0091","0.0079","0.0061","0.006","0.0037","0.0037","0.0038","0.0046","0.0052","0.0044","0.0039","0.0037","0.0036","0.0038","0.0037","0.0043","0.0047","0.0053","0.0051","0.0052","0.0012","0.001","0.0007","0.0009","0.001",
"中国香港特别行政区","HKG","F-gases emissions from Industrial Processes (Mt CO2e)","EN.GHG.FGAS.IP.MT.CE.AR5","","","","","","","","","","","","","","","","","","","","","","","","","","","","","","","0.3727","0.3516","0.3177","0.2569","0.2047","0.1572","0.156","0.1483","0.1375","0.1455","0.1528","0.1476","0.1412","0.1335","0.126","0.117","0.1234","0.1292","0.1351","0.1412","0.1471","0.1532","0.1591","0.1652","0.1711","0.177","0.1831","0.1889","0.195","0.2011","0.2071","0.2133","0.2197","0.2259","0.2321",
"中国香港特别行政区","HKG","Carbon intensity of GDP (kg CO2e per 2021 PPP $ of GDP)","EN.GHG.CO2.RT.GDP.PP.KD","","","","","","","","","","","","","","","","","","","","","","","","","","","","","","","0.194415022377894","0.202048257785101","0.214871225965933","0.206842296079104","0.167319382073514","0.165533911094125","0.148368138911266","0.134574257281653","0.176904882710235","0.184606577820504","0.157765216765743","0.156720188479851","0.150830660263046","0.159102520723564","0.133986791069541","0.131669076938005","0.121377995267789","0.119378302522511","0.113469032594603","0.12176481431404","0.10667555995767","0.108896182183247","0.105807219666773","0.106161343541474","0.106368584202619","0.096659505393228","0.0963844822994647","0.0909136454602527","0.0882454065011619","0.0886242079697317","0.0742414880844532","0.0707135084418477","0.0683054021121572","0.0702644872166041","0.0695454769380845",
"中国香港特别行政区","HKG","二氧化碳（CO₂）排放总量，不包括土地利用、土地利用变化及林业 （LULUCF）（百万吨二氧化碳当量）","EN.GHG.CO2.MT.CE.AR5","","","","","","","","","","","9.5265","9.5651","9.851","9.938","11.388","11.269","13.0826","15.1682","16.1709","15.1205","15.5567","16.7403","19.0541","22.553","24.9218","25.9433","29.7936","29.8113","33.3543","34.2738","35.0443","38.4969","43.4927","44.4638","38.1388","38.6275","36.0962","34.41","42.5728","45.5399","41.901","41.8569","40.9513","44.5174","40.7516","43.0054","42.4322","44.4311","43.1304","45.1455","42.2277","45.1822","44.647","46.1858","47.5543","44.2455","45.0794","44.1348","44.0591","43.5082","34.0619","34.5373","32.1322","34.1194","34.6162",
"中国香港特别行政区","HKG","Carbon dioxide (CO2) net fluxes from LULUCF - Forest Land (Mt CO2e)","EN.GHG.CO2.LU.FL.MT.CE.AR5","","","","","","","","","","","","","","","","","","","","","","","","","","","","","","","","","","","","","","","","","","","","","","","","","","","","","","","","","","","","","","","","","",
"中国香港特别行政区","HKG","Carbon dioxide (CO2) emissions from Fugitive Emissions (Energy) (Mt CO2e)","EN.GHG.CO2.FE.MT.CE.AR5","","","","","","","","","","","0.0336","0.0336","0.0384","0.0411","0.0474","0.0539","0.0631","0.0667","0.0814","0.1083","0.1387","0.2581","0.1669","0.3013","0.4168","0.4254","0.5762","0.1391","0.6355","0.2399","0.015","0.2884","0.8817","0.9076","1.0579","1.0083","0.9338","0.3697","0.3711","0.383","0.4029","0.4133","0.413","0.4178","0.4209","0.4213","0.317","0.2105","0.1975","0.1363","0.1486","0.1587","0.1605","0.1626","0.1605","0.1577","0.1597","0.1578","0.1589","0.2927","0.2801","0.3478","0.3443","0.3393","0.4354",
"中国香港特别行政区","HKG","Methane (CH4) emissions from Waste (Mt CO2e)","EN.GHG.CH4.WA.MT.CE.AR5","","","","","","","","","","","1.598","1.7918","1.8387","1.8843","1.934","1.9914","2.0655","2.1479","2.2511","2.3284","2.4057","2.4699","2.5242","2.5497","2.6123","2.6591","2.7688","2.8467","2.967","3.1014","3.2097","3.2602","3.289","3.3661","3.4217","3.4594","3.5113","3.5591","3.5648","3.5976","3.7076","3.7019","3.719","3.7468","3.8027","3.8592","3.9172","3.9742","4.0077","4.0152","4.0694","4.1185","4.151","4.1899","4.2296","4.2695","4.3106","4.3646","4.4164","4.509","4.6207","4.5983","4.681","4.7299","4.7788",
"中国香港特别行政区","HKG","Methane (CH4) emissions from Industrial Processes (Mt CO2e)","EN.GHG.CH4.IP.MT.CE.AR5","","","","","","","","","","","","","","","","","","","","","","","","","","","","","","","","","","","","","","","","","","","","","","","","","","","","","","","","","","","","","","","","","",
"中国香港特别行政区","HKG","Methane (CH4) emissions from Agriculture (Mt CO2e)","EN.GHG.CH4.AG.MT.CE.AR5","","","","","","","","","","","0.0933","0.0919","0.0873","0.0717","0.0617","0.0637","0.0692","0.0659","0.0655","0.069","0.0602","0.0535","0.0494","0.0518","0.0507","0.0496","0.0385","0.0358","0.035","0.0348","0.0309","0.025","0.0203","0.0146","0.0143","0.014","0.0145","0.0179","0.0192","0.022","0.0232","0.0241","0.0228","0.0208","0.0204","0.0201","0.0204","0.0167","0.0166","0.0182","0.0192","0.0195","0.0197","0.0198","0.0198","0.0127","0.0128","0.0142","0.0143","0.0147","0.0156","0.0148","0.015","0.0153","0.0153",
"中国香港特别行政区","HKG","受胁鱼类","EN.FSH.THRD.NO","","","","","","","","","","","","","","","","","","","","","","","","","","","","","","","","","","","","","","","","","","","","","","","","","","","","","","","","","","","15","","","","33","","",
"中国香港特别行政区","HKG","PM2.5 air pollution, population exposed to levels exceeding WHO guideline value (% of total)","EN.ATM.PM25.MC.ZS","","","","","","","","","","","","","","","","","","","","","","","","","","","","","","","","","","","","","","","","","","","","","","","","","","","","","","","","","","","","","","","","","",
"中国香港特别行政区","HKG","PM2.5 air pollution, mean annual exposure (micrograms per cubic meter)","EN.ATM.PM25.MC.M3","","","","","","","","","","","","","","","","","","","","","","","","","","","","","","","","","","","","","","","","","","","","","","","","","","","","","","","","","","","","","","","","","",
"中国香港特别行政区","HKG","每 1,000 美元 GDP（2017年不变价PPP）的能源使用量（千克石油当量）","EG.USE.COMM.GD.PP.KD","","","","","","","","","","","","","","","","","","","","","","","","","","","","","","","52.0222772674162","51.4187620341441","57.1498073501283","49.8790927419214","49.1645692924463","46.9901616007528","44.8961961539882","40.3199333745762","54.5516224300447","64.0541649298861","53.233081835119","52.2582260653234","48.0463508919316","48.7699243738886","40.6592541183006","38.8975685239321","37.2573557405725","38.0199452719811","36.3407076229175","38.4273709247005","34.1160512965134","34.7342794581971","32.9574825838923","31.4754577482945","30.7911677952826","32.3379573740623","32.6544596284453","28.4501355368766","28.6082113684957","28.7041808782664","26.9879954954104","25.37197972261","24.4609336531164","","",
"中国香港特别行政区","HKG","GDP单位能源消耗（2017年不变价购买力平价美元/千克石油当量）","EG.GDP.PUSE.KO.PP.KD","","","","","","","","","","","","","","","","","","","","","","","","","","","","","","","19.2225341243634","19.4481539508081","17.4978717578784","20.0484801352359","20.3398507175297","21.2810504568254","22.2736019009301","24.8016282842013","18.3312604731852","15.6117873224107","18.7853110420573","19.1357433134066","20.8132351663762","20.5044402434095","24.5946469428691","25.7085478076796","26.8403374346564","26.3019842045105","27.5173508005488","26.0231177917305","29.3117158052286","28.7900027177332","30.3421232933835","31.770784971481","32.4768455242937","30.9234126457871","30.6236885062064","35.1492174335625","34.9549990077755","34.8381305232492","37.0535114462302","39.413558221823","40.8815139348779","","",
"中国香港特别行政区","HKG","可再生能源发电量，不包括水电（千瓦时）","EG.ELC.RNWX.KH","","","","","","","","","","","","","","","","","","","","","","","","","","","","","","","0","0","0","0","0","0","0","0","0","0","0","0","0","0","75000000","72000000","82000000","106000000","63000000","74790000","81790000","89020000","85610000","76880000","90730000","76960000","143940000","143290000","143770000","155960000","192780000","310090000","","","",
"中国香港特别行政区","HKG","天然气发电量（占总发电量的比例）","EG.ELC.NGAS.ZS","","","","","","","","","","","","","","","","","","","","","","","","","","","","","","","0","0","0","0","0","0.257916606963748","16.0185640953519","39.2226636724823","33.8415507527772","42.9215540036613","39.0667390124797","38.1351751356685","35.7579996502885","21.7691289532231","30.4427448023268","29.3100309484799","30.7817800450579","26.4838775929349","31.5312944149076","28.8960033047609","37.555758445285","28.4888035828535","27.3622351667612","24.5652618657938","23.0132242603699","33.8148996079051","34.0444444444444","35.9360224785886","35.2973357404672","37.0240996479827","64.6082110769931","62.329672701762","63.262875031166","","",
"中国香港特别行政区","HKG","燃煤炭发电量（占总量的百分比）","EG.ELC.COAL.ZS","","","","","","","","","","","","","","","","","","","","","","","","","","","","","","","98.2065104706614","96.4441789543182","95.7945397771221","94.9847009735744","97.999476498523","97.3420260782347","81.8789114689544","59.5128692347556","65.0093898207977","56.1021086175334","60.4449267498644","61.3869018253577","63.7378329544792","77.6648173702442","68.9189917052677","70.2972614496372","68.8375585881866","73.1284658040666","68.0054745486129","70.6470102241041","62.0581713838529","71.0966090850928","70.3850713954327","74.9283960720131","76.397079119721","65.3798584247783","64.7581699346405","62.7022937886689","63.6522785710378","62.1175196317357","34.4848174684408","36.4183373357438","35.2660885946201","","",
"中国香港特别行政区","HKG","一次能源能源强度水平（兆焦耳/2017年PPP美元GDP）","EG.EGY.PRIM.PP.KD","","","","","","","","","","","","","","","","","","","","","","","","","","","","","","","","","","","","","","","","","2.45","2.4","2.21","2.24","1.87","1.79","1.71","1.75","1.67","1.77","1.57","1.6","1.51","1.45","1.41","1.49","1.5","1.31","1.31","1.32","1.26","1.17","","","",
"中国香港特别行政区","HKG","多边债务还本付息（占公共和公共担保的债务还本付息的百分比）","DT.TDS.MLAT.PG.ZS","","","","","","","","","","","","","","","","","","","","","","","","","","","","","","","","","","","","","","","","","","","","","","","","","","","","","","","","","","","","","","","","","",
"中国香港特别行政区","HKG","公共和公共担保 (PPG) 外债的还本付息额（TDS，现价美元）","DT.TDS.DPPG.CD","","","","","","","","","","","","","","","","","","","","","","","","","","","","","","","","","","","","","","","","","","","","","","","","","","","","","","","","","","","","","","","","","",
"中国香港特别行政区","HKG","偿还债务总量（占货物、服务和收入出口比例）","DT.TDS.DECT.EX.ZS","","","","","","","","","","","","","","","","","","","","","","","","","","","","","","","","","","","","","","","","","","","","","","","","","","","","","","","","","","","","","","","","","",
"中国香港特别行政区","HKG","已收到的官方发展援助（ODA）净额（占进口货物和服务的百分比）","DT.ODA.ODAT.MP.ZS","","","","","","","","","","","","","","","","","","","","","","","","","","","","","","","","","","","","","","","","","","","","","","","","","","","","","","","","","","","","","","","","","",
"中国香港特别行政区","HKG","已收到的净官方发展援助（现价美元）","DT.ODA.ODAT.CD","5829999.92370605","5119999.88555908","1909999.9666214","5449999.80926514","280000.001192093","4250000","2470000.02861023","2650000.09536743","1320000.05245209","1289999.96185303","1409999.9666214","3630000.11444092","2890000.10490417","910000.026226044","1029999.97138977","-1139999.98569489","2680000.0667572","2069999.9332428","2349999.90463257","11909999.8474121","10890000.3433228","9520000.45776367","7929999.82833862","8779999.73297119","13750000","20479999.5422363","18469999.3133545","19389999.3896484","22100000.3814697","40619998.9318848","38159999.8474121","36069999.6948242","-39000000","30270000.4577637","26870000.8392334","17729999.5422363","13199999.8092651","","","","","","","","","","","","","","","","","","","","","","","","","","","","",
"中国香港特别行政区","HKG","已收到的净官方发展援助和官方援助（现价美元）","DT.ODA.ALLD.CD","5829999.92370605","5119999.88555908","1909999.9666214","5449999.80926514","280000.001192093","4250000","2470000.02861023","2650000.09536743","1320000.05245209","1289999.96185303","1409999.9666214","3630000.11444092","2890000.10490417","910000.026226044","1029999.97138977","-1139999.98569489","2680000.0667572","2069999.9332428","2349999.90463257","11909999.8474121","10890000.3433228","9520000.45776367","7929999.82833862","8779999.73297119","13750000","20479999.5422363","18469999.3133545","19389999.3896484","22100000.3814697","40619998.9318848","38159999.8474121","36069999.6948242","-39000000","30270000.4577637","26870000.8392334","17729999.5422363","13199999.8092651","","","","","","","","","","","","","","","","","","","","","","","","","","","","",
"中国香港特别行政区","HKG","Net official flows from UN agencies, UNWTO (current US$)","DT.NFL.UNWT.CD","","","","","","","","","","","","","","","","","","","","","","","","","","","","","","","","","","","","","","","","","","","","","","","","","","","","","","","","","","","","","","","","","",
"中国香港特别行政区","HKG","来自联合国机构的净官方流动，UNPBF（现价美元）","DT.NFL.UNPB.CD","","","","","","","","","","","","","","","","","","","","","","","","","","","","","","","","","","","","","","","","","","","","","","","","","","","","","","","","","","","","","","","","","",
"中国香港特别行政区","HKG","Net official flows from UN agencies, UNEP (current US$)","DT.NFL.UNEP.CD","","","","","","","","","","","","","","","","","","","","","","","","","","","","","","","","","","","","","","","","","","","","","","","","","","","","","","","","","","","","","","","","","",
"中国香港特别行政区","HKG","Net official flows from UN agencies, UNCTAD (current US$)","DT.NFL.UNCTAD.CD","","","","","","","","","","","","","","","","","","","","","","","","","","","","","","","","","","","","","","","","","","","","","","","","","","","","","","","","","","","","","","","","","",
"中国香港特别行政区","HKG","来自联合国机构的净官方流动，UNAIDS（现价美元）","DT.NFL.UNAI.CD","","","","","","","","","","","","","","","","","","","","","","","","","","","","","","","","","","","","","","","","","","","","","","","","","","","","","","","","","","","","","","","","","",
"中国香港特别行政区","HKG","净金融流动，RDB优惠（NFL，现价美元）","DT.NFL.RDBC.CD","","","","","","","","","","","","","","","","","","","","","","","","","","","","","","","","","","","","","","","","","","","","","","","","","","","","","","","","","","","","","","","","","",
"中国香港特别行政区","HKG","PNG，债券（NFL，现价美元）","DT.NFL.PNGB.CD","","","","","","","","","","","","","","","","","","","","","","","","","","","","","","","","","","","","","","","","","","","","","","","","","","","","","","","","","","","","","","","","","",
"中国香港特别行政区","HKG","PPG，官方债权人（NFL，现价美元）","DT.NFL.OFFT.CD","","","","","","","","","","","","","","","","","","","","","","","","","","","","","","","","","","","","","","","","","","","","","","","","","","","","","","","","","","","","","","","","","",
"中国香港特别行政区","HKG","净金融流动，IDA（NFL，现价美元）","DT.NFL.MIDA.CD","","","","","","","","","","","","","","","","","","","","","","","","","","","","","","","","","","","","","","","","","","","","","","","","","","","","","","","","","","","","","","","","","",
"中国香港特别行政区","HKG","Net official flows from UN agencies, ILO (current US$)","DT.NFL.ILOG.CD","","","","","","","","","","","","","","","","","","","","","","","","","","","","","","","","","","","","","","","","","","","","","","","","","","","","","","","","","","","","","","","","","",
"中国香港特别行政区","HKG","净外债流动，私人非优惠（PNG）（NFL，现价美元）","DT.NFL.DPNG.CD","","","","","","","","","","","","","","","","","","","","","","","","","","","","","","","","","","","","","","","","","","","","","","","","","","","","","","","","","","","","","","","","","",
"中国香港特别行政区","HKG","外债的现值（占GNI的百分比）","DT.DOD.PVLX.GN.ZS","","","","","","","","","","","","","","","","","","","","","","","","","","","","","","","","","","","","","","","","","","","","","","","","","","","","","","","","","","","","","","","","","",
"中国香港特别行政区","HKG","PPG，IDA（DOD，现价美元）","DT.DOD.MIDA.CD","","","","","","","","","","","","","","","","","","","","","","","","","","","","","","","","","","","","","","","","","","","","","","","","","","","","","","","","","","","","","","","","","",
"中国香港特别行政区","HKG","短期外债（占总储备比例）","DT.DOD.DSTC.IR.ZS","","","","","","","","","","","","","","","","","","","","","","","","","","","","","","","","","","","","","","","","","","","","","","","","","","","","","","","","","","","","","","","","","",
"中国香港特别行政区","HKG","长期外债（DOD，现价美元）","DT.DOD.DLXF.CD","","","","","","","","","","","","","","","","","","","","","","","","","","","","","","","","","","","","","","","","","","","","","","","","","","","","","","","","","","","","","","","","","",
"中国香港特别行政区","HKG","提供的净官方发展援助，总（2020年不变价美元）","DC.ODA.TOTL.KD","","","","","","","","","","","","","","","","","","","","","","","","","","","","","","","","","","","","","","","","","","","","","","","","","","","","","","","","","","","","","","","","","",
"中国香港特别行政区","HKG","Net ODA provided, to the least developed countries (current US$)","DC.ODA.TLDC.CD","","","","","","","","","","","","","","","","","","","","","","","","","","","","","","","","","","","","","","","","","","","","","","","","","","","","","","","","","","","","","","","","","",
"中国香港特别行政区","HKG","Net bilateral aid flows from DAC donors, Slovenia (current US$)","DC.DAC.SVNL.CD","","","","","","","","","","","","","","","","","","","","","","","","","","","","","","","","","","","","","","","","","","","","","","","","","","","","","","","","","","","","","","","","","",
"中国香港特别行政区","HKG","来自DAC捐助国的双边援助净流量，新西兰（现价美元）","DC.DAC.NZLL.CD","","","","","","","","","","","","","9999.99977648258","29999.9993294477","","","","","","","","","","","","","","","","","150000.005960464","19999.9995529652","","","","9999.99977648258","9999.99977648258","","","","","","","","","","","","","","","","","","","","","","","","","","","","",
"中国香港特别行政区","HKG","Net bilateral aid flows from DAC donors, Lithuania (current US$)","DC.DAC.LTUL.CD","","","","","","","","","","","","","","","","","","","","","","","","","","","","","","","","","","","","","","","","","","","","","","","","","","","","","","","","","","","","","","","","","",
"中国香港特别行政区","HKG","Net bilateral aid flows from DAC donors, Iceland (current US$)","DC.DAC.ISLL.CD","","","","","","","","","","","","","","","","","","","","","","","","","","","","","","","","","","","","","","","","","","","","","","","","","","","","","","","","","","","","","","","","","",
"中国香港特别行政区","HKG","来自DAC捐助国的双边援助净流量，希腊（现价美元）","DC.DAC.GRCL.CD","","","","","","","","","","","","","","","","","","","","","","","","","","","","","","","","","","","","","","","","","","","","","","","","","","","","","","","","","","","","","","","","","",
"中国香港特别行政区","HKG","Net bilateral aid flows from DAC donors, Estonia (current US$)","DC.DAC.ESTL.CD","","","","","","","","","","","","","","","","","","","","","","","","","","","","","","","","","","","","","","","","","","","","","","","","","","","","","","","","","","","","","","","","","",
"中国香港特别行政区","HKG","Net bilateral aid flows from DAC donors, Czech Republic (current US$)","DC.DAC.CZEL.CD","","","","","","","","","","","","","","","","","","","","","","","","","","","","","","","","","","","","","","","","","","","","","","","","","","","","","","","","","","","","","","","","","",
"中国香港特别行政区","HKG","来自DAC捐助国的双边援助净流量，比利时（现价美元）","DC.DAC.BELL.CD","","","","","","","","","9999.99977648258","9999.99977648258","","","","","","","","","19999.9995529652","19999.9995529652","29999.9993294477","39999.9991059303","29999.9993294477","19999.9995529652","19999.9995529652","19999.9995529652","29999.9993294477","50000.0007450581","39999.9991059303","50000.0007450581","59999.9986588955","70000.0002980232","70000.0002980232","90000.0035762787","90000.0035762787","79999.9982118607","50000.0007450581","","","","","","","","","","","","","","","","","","","","","","","","","","","","",
"中国香港特别行政区","HKG","股票交易总额（占国民生产总值（GDP）的比例）","CM.MKT.TRAD.GD.ZS","","","","","","","","","","","","","","","","4.81683604831717","5.01694344163658","2.08576215817914","2.23006802065701","4.767518433575","2.69230763001413","","","","","","37.2889884495125","89.6987597354156","39.229154528446","50.2721613817351","44.9555652938811","43.3064983244909","75.238096576134","109.771064330168","92.5882190105754","66.0818411209323","104.085769261953","255.44201302508","121.944085610197","137.341868748766","217.276442694399","140.605209649114","107.567712459823","169.067134646832","238.751307991426","231.974553385982","390.391154556936","952.669399233126","715.168618095622","660.259390034172","650.630804614389","578.219464764298","409.980664689471","459.564370390566","497.816606058375","668.638239426381","421.08578834166","572.30720303076","626.644859055191","501.891568751173","889.815804038354","1102.60472805323","794.25743318864","598.196390808508","736.497658887638",
"中国香港特别行政区","HKG","Market capitalization of listed domestic companies (current US$)","CM.MKT.LCAP.CD","","","","","","","","","","","","","","","","8100040000","11700010000","10528310000","12930600000","22220560000","39013300000","38980940000","21687340000","19558170000","23617550000","34593530000","53843770000","54073720000","74407440000","77565440000","83385870000","121880900000","171983500000","385042740000","269507830000","303705280000","449218770000","413322580000","343566530000","608159390000","623397740000","506072920000","463054920000","714597300000","861462920000","1054999320000","1714953250000","2654416060000","1328768470000","2305142810000","2711316160000","2258035200000","2831945860000","3100777150000","3233030590000","3184874220000","3193235542860.09","4350514610000","3819215400000","4899234580000","6130420430000","5434177120000","4566809060000","3974783490000","4549720760000",
"中国香港特别行政区","HKG","Control of Corruption: Percentile Rank, Lower Bound of 90% Confidence Interval","CC.PER.RNK.LOWER","","","","","","","","","","","","","","","","","","","","","","","","","","","","","","","","","","","","","81.1827926635742","","81.2834243774414","","82.4468078613281","","88.8888854980469","91.0052947998047","91.625617980957","91.2195129394531","91.7073135375977","91.7475738525391","91.7475738525391","91.8660278320312","92.8571395874023","91.9431304931641","90.5213241577148","89.5734634399414","89.9038467407227","89.523811340332","89.0476226806641","88.5714263916016","89.0476226806641","88.5714263916016","88.5714263916016","89.0476226806641","89.1509399414062","89.6226425170898","",
"中国香港特别行政区","HKG","已收劳工汇款和职工报酬（占国内生产总值（GDP）比例）","BX.TRF.PWKR.DT.GD.ZS","","","","","","","","","","","","","","","","","","","","","","","","","","","","","","","","","","","","","","","0.090973442541199","0.0786970253910794","0.0789532719455468","0.0902249723923463","0.07245589559711","0.0741647014874772","0.141843226124742","0.163442371673097","0.151927537398905","0.149750125553938","0.162052750854811","0.162483545264006","0.148517908526716","0.141496676335513","0.139670582688508","0.130664351966006","0.127787368858284","0.125005987465829","0.124506792307837","0.128020109409165","0.117372780129408","0.12428486884234","0.123664603893105","0.12280410789555","0.116680816832558","0.119085906031378","0.11366148897127",
"中国香港特别行政区","HKG","证券组合股权，净流入（BoP，现价美元）","BX.PEF.TOTL.CD.WD","","","","","","","","","","","","","","","","","","","","","","","","","","","","","","","","","","","","","","","-2102814598.03753","60475054603.6809","46983317384.944","-850612654.569524","1395954418.84424","5775967763.1857","1987997275.19399","9968666710.96751","14467901545.8406","43594072642.2197","17385162402.1155","9448668267.83449","18480391617.723","6049373487.84313","28949637682.4791","8714203739.87061","17647860182.1572","-42525252982.2083","2501207283.66784","10309410737.3371","-2397377611.86151","1928772866.83378","-4161505978.05921","1427873150.86407","5128509028.93356","-1036863278.85564","2109349996.3155",
"中国香港特别行政区","HKG","交通服务（占国际收支统计口径的服务出口比例）","BX.GSR.TRAN.ZS","","","","","","","","","","","","","","","","","","","","","","","","","","","","","","","","","","","","","","","40.2918772691676","39.6991027198885","40.413643950026","38.5281095404797","39.7377261575118","40.8983932106776","42.7357927278918","43.2004496836233","41.422056455242","39.8824471238333","41.4320623198454","36.634102404046","37.0706202938085","35.1867449626439","32.52312214041","29.8280166363631","29.8779369001018","28.5404688281167","28.6004902102248","29.2633504791747","29.1833540677741","30.8795450447322","35.8025730181797","41.6333311860743","40.1302750703514","30.7883485752502","32.8965674886423",
"中国香港特别行政区","HKG","货物出口（BoP，现价美元）","BX.GSR.MRCH.CD","","","","","","","","","","","","","","","","","","","","","","","","","","","","","","","","","","","","","","","159979557583.06","157935916863.183","184763525174.534","176798128147.139","186196590198.545","209509274212.708","242916629318.948","274879448874.467","303914019681.889","330035509993.038","354231083007.679","316630769592.679","388900875385.45","437661329069.818","468397764136.84","506204161924.828","514159789627.453","501727778223.762","501549550046.616","540460084776.671","568131304856.383","543059444197.571","541267844736.13","673500781245.019","614507598520.755","576387218944.604","631140590079.764",
"中国香港特别行政区","HKG","通信、计算机等（占服务出口额的百分比，BoP）","BX.GSR.CMCP.ZS","","","","","","","","","","","","","","","","","","","","","","","","","","","","","","","","","","","","","","","26.7843667687051","25.8451799257643","25.0485016859545","25.9513562308628","23.6478269590863","25.4212869982674","22.7697118148845","20.7559384859812","19.3379287516779","18.3928465743682","18.6531857651431","19.5829830523637","18.0554673850685","16.9731881443381","17.1584672717362","16.2791119231723","16.5769324937115","17.1868526318726","18.4979478260532","17.9954160415993","17.2869442075142","18.1944782767862","25.6829148756907","24.3208900281422","23.3993478974992","20.4559027100135","",
"中国香港特别行政区","HKG","赠款，不包括技术合作（BoP，现价美元）","BX.GRT.EXTA.CD.WD","5110000","5420000","2070000","5480000","590000","4710000","1790000","1360000","1110000","1010000","160000","730000","340000","99999.9999999999","40000","60000.0000000001","210000","30000.0000000002","50000.0000000003","129999.999999999","119999.999999999","69999.9999999985","60000.0000000005","19999.9999999996","89999.9999999999","19999.9999999996","430000","240000.000000002","649999.999999999","2820000","4370000","2830000","5160000","2140000","17420000","6440000","3270000","","","","","","","","","","","","","","","","","","","","","","","","","","","","",
"中国香港特别行政区","HKG","证券投资，净投资（国际收支平衡，现价美元）","BN.KLT.PTXL.CD","","","","","","","","","","","","","","","","","","","","","","","","","","","","","","","","","","","","","","","-22080134274.4018","-33078789585.9931","-24473174193.5056","41301592574.8403","38799222870.764","33982220168.1611","38904424477.6683","31040302792.3475","26178787210.7918","1383225792.23185","36349246312.566","40008412125.6799","56969472708.0902","1393292279.07294","4097467217.24705","49785484779.3941","8294066013.18907","125253573152.699","60528702135.095","-33998072999.9051","78664218067.8314","27504896373.4195","68137444218.6373","79798782559.8214","40387592545.5826","57792768500.8624","140745354361.117",
"中国香港特别行政区","HKG","净货物和服务贸易（BoP，现价美元）","BN.GSR.GNFS.CD","","","","","","","","","","","","","","","","","","","","","","","","","","","","","","","","","","","","","","","905448442.07262","8557595861.11339","7566240165.08163","7945531725.00263","13569139873.7701","14685857314.1062","14729997088.6529","22194383629.1008","21593613023.4157","22595345937.274","22326049073.8158","16850331869.7342","13434834429.6476","9562795338.19198","2973360215.27029","1658732094.6468","598619137.95912","7393299599.96328","7327348873.28332","3429559927.81999","-765449570.41404","5667629956.78216","6664182475.8456","20534613690.601","14701762132.2623","2245577902.29242","16590089248.5485",
"中国香港特别行政区","HKG","经常账户余额（BoP，现价美元）","BN.CAB.XOKA.CD","","","","","","","","","","","","","","","","","","","","","","","","","","","","","","","","","","","","","","","2869598898.26132","10665499440.4479","7544767609.42815","10391654657.5881","13128959284.7968","17408758879.328","16822246081.6071","21574646019.8115","24555234186.2003","27554630254.0675","32872053517.7079","21155607433.4299","16012190299.7132","13808455084.0429","4147336654.68084","4190681086.76458","4057155167.75086","10264062287.5863","12688130481.0544","15621074373.1756","13514401799.9992","21253125996.6558","24125744350.2672","43658556610.683","36525097470.9648","32337983987.2081","52546712531.5669",
"中国香港特别行政区","HKG","Foreign direct investment, net outflows (BoP, current US$)","BM.KLT.DINV.CD.WD","","","","","","","","","","","","","","","","","","","","","82000000","31000000","52000000","566000000","1076000000","961000000","1372000000","2318000000","2533000000","2740000000","2448000000","2825000000","8254000000","17713000000","21437000000","25000000000","26530876000","24406800000","16625624031.6749","22205097794.5924","69984254167.7918","20285931258.7641","16248564604.6085","12799337440.6533","36670976972.4089","33916361932.8491","47577463273.3583","67897886349.4808","57078464460.3443","57943381380.8994","98430785903.4648","95905845084.3996","88122724971.344","83328459267.46","140892065503.707","78514940764.2528","75552127696.6549","101761775092.65","75012130176.78","37767958953.4027","83423016781.3295","93446535398.3435","119002345897.211","96187592349.7728","78101368252.0805",
"中国香港特别行政区","HKG","知识产权使用费，支付（国际收支平衡，现价美元）","BM.GSR.ROYL.CD","","","","","","","","","","","","","","","","","","","","","","","","","","","","","","","","","","","","","","","536839387.157858","280589055.961955","461122758.532953","491103104.206434","695994666.47387","864428601.827081","1111347424.30166","1288812729.4737","1357493081.61264","1504417241.65329","1610465042.19862","1699752586.11752","1978131460.70924","2009279637.38962","2018574965.29549","2027166770.13569","1938286852.26083","1860613528.32627","1882822751.24051","1924781217.84472","1993170614.61372","1979477323.40471","1759723742.30594","2037243794.54048","2086482416.05736","1839323657.22704","",
"中国香港特别行政区","HKG","货物和服务进口（BoP，现价美元）","BM.GSR.GNFS.CD","","","","","","","","","","","","","","","","","","","","","","","","","","","","","","","","","","","","","","","186278232053.709","178274149316.78","208775047784.677","200031692514.567","206139314732.78","228687393759.265","268969353200.023","300065206128.608","336761592504.24","371893846357.268","401811269171.904","364450372101.73","456007097433.128","519402136640.939","563928541802.1","609322214831.53","620482868965.447","598690632610.004","592732423449.879","641126699123.694","682046218800.925","639362671239.139","601527974159.93","732086876949.862","682880893265.953","671492032450.532","723136312299.331",
"中国香港特别行政区","HKG","谷类产量（每公顷千克数）","AG.YLD.CREL.KG","","2016.8","1720.1","1840.8","1396.2","2436.2","1756.3","1933.1","1778.7","2365.4","2366.9","2288.8","2056.8","2226.5","1615.9","1792.4","1886.3","1882.7","1881.7","1515.2","2121.2","1500","1538.5","1333.3","2181.8","2500","2200","1250","3000","3000","2000","","","","","","","1922.6","1924.5","1929.2","1923.3","1905.8","1989.9","1989.8","1989.8","1989.9","","1985.4","1975.2","2000.4","2000.4","2000.4","2000.4","2000.4","2030.6","2079.4","2095.7","2101.1","2109","2102.4","2115.8","2039.9","2049.4","2059","",
"中国香港特别行政区","HKG","作物生产指数（2014-2016 = 100）","AG.PRD.CROP.XD","","294.66","268.99","233.04","188.99","216.93","333.48","384.58","332.93","353.85","376.24","389.02","360.81","347.84","357.14","325.08","347.18","358.52","323.85","345.58","362.45","339.98","324.79","322.43","303.67","275.69","289.28","270.24","277.37","278.45","235.01","224.14","198.57","187.01","196.38","193.03","170.99","165.03","146.88","131.95","111.7","96.2","94.42","94.81","96.01","96.38","98.52","98.71","98.39","97.8","97.52","98.35","104.37","102.77","100.7","98.82","100.48","101.06","101.45","101.16","100.87","101.47","101.49","","",
"中国香港特别行政区","HKG","土地面积（平方公里）","AG.LND.TOTL.K2","","1020","1020","1020","1020","1020","1020","1020","1020","1020","1020","1020","1020","1020","1020","1010","1010","1000","1000","1000","1000","1000","990","990","990","990","990","990","990","990","990","990","990","990","990","1050","1050","1050","1050","1050","1050","1050","1050","1050","1050","1050","1050","1050","1050","1050","1050","1050","1050","1050","1050","1050","1050","1050","1050","1050","1050","1050","1050","1050","",
"中国香港特别行政区","HKG","森林面积（平方公里）","AG.LND.FRST.K2","","","","","","","","","","","","","","","","","","","","","","","","","","","","","","","","","","","","","","","","","","","","","","","","","","","","","","","","","","","","","","","","","",
"中国香港特别行政区","HKG","Rural land area where elevation is below 5 meters (% of total land area)","AG.LND.EL5M.RU.ZS","","","","","","","","","","","","","","","","","","","","","","","","","","","","","","","7.57074104745445","","","","","","","","","","7.10393157074276","","","","","","","","","","","","","","","6.76533067761933","","","","","","","","","",
"中国香港特别行政区","HKG","耕地（占土地面积的百分比）","AG.LND.ARBL.ZS","","12.7450980392157","12.7450980392157","12.7450980392157","11.7647058823529","11.7647058823529","11.7647058823529","11.7647058823529","11.7647058823529","11.7647058823529","11.7647058823529","10.7843137254902","10.7843137254902","10.7843137254902","10.7843137254902","8.91089108910891","8.91089108910891","8","8","8","8","7","7.07070707070707","7.07070707070707","7.07070707070707","7.07070707070707","7.07070707070707","7.07070707070707","7.07070707070707","6.06060606060606","6.06060606060606","6.06060606060606","6.06060606060606","6.06060606060606","6.06060606060606","5.71428571428571","5.71428571428571","4.76190476190476","4.76190476190476","4.76190476190476","4.76190476190476","4.76190476190476","4.76190476190476","4.76190476190476","4.76190476190476","4.76190476190476","3.80952380952381","3.80952380952381","3.80952380952381","3.80952380952381","3.33333333333333","3.33333333333333","2.95238095238095","2.95238095238095","2.95238095238095","2.95238095238095","2.85714285714286","2.95238095238095","2.85714285714286","2.85714285714286","1.9047619047619","1.9047619047619","1.9047619047619","1.9047619047619","",
"中国香港特别行政区","HKG","农业用地面积（平方公里）","AG.LND.AGRI.K2","","140","140","140","130","130","130","130","130","130","130","120","120","120","120","100","100","90","80","80","90","90","90","90","90","90","90","90","90","80","80","80","80","80","80","80","80","70","70","70","70","70","70","70","70","70","60","60","60","60","55","55","51","51","51","51","50","51","50","50","40","40","40","40","",
"中国香港特别行政区","HKG","国际谋杀犯罪率（每10万人）","VC.IHR.PSRC.P5","","","","","","","","","","","","","","","","","","","","","","","","","","","","","","","2.46376423250957","1.63465642187213","1.87514437960631","1.45700653264127","1.58880909076842","1.18178366284457","1.22174438441854","1.58960869678035","0.981394222302199","0.952161516215953","0.641344592361377","0.974279249246982","1.01152130091608","0.758138341731295","0.65329459731901","0.492148352041243","0.504971079584885","0.258199816534686","0.512770221894904","0.665301477471795","0.492845502651016","0.237996256318888","0.37494474772537","0.853484868195093","0.368877630379286","0.298652959762826","0.377969277712184","0.322368700739292","0.642467632514136","0.320606459178181","0.293715731634873","0.307297589591109","0.401826165982334","0.376205815214825","",
"中国香港特别行政区","HKG","Internally displaced persons, new displacement associated with conflict and violence (number of cases)","VC.IDP.NWCV","","","","","","","","","","","","","","","","","","","","","","","","","","","","","","","","","","","","","","","","","","","","","","","","","","","","","","","","","","","","","","","","","",
"中国香港特别行政区","HKG","Voice and Accountability: Percentile Rank, Lower Bound of 90% Confidence Interval","VA.PER.RNK.LOWER","","","","","","","","","","","","","","","","","","","","","","","","","","","","","","","","","","","","","50","","34.3283576965332","","35.8208961486816","","44.7761192321777","52.2388076782227","56.730770111084","59.1346168518066","54.3269233703613","54.3269233703613","53.3653831481934","55.4502372741699","55.4502372741699","56.8075103759766","61.5023460388184","63.8497657775879","57.6354675292969","55.6650238037109","49.7536964416504","53.2019691467285","53.8834953308105","42.0289840698242","37.6811599731445","33.3333320617676","30.917875289917","32.3529396057129","",
"中国香港特别行政区","HKG","旅行服务（占商业服务出口比例）","TX.VAL.TRVL.ZS.WT","","","","","","","","","","","","","","","","","","","","","","","","","","","","","","","","","","","","","","","20.9034632281623","19.1481780193241","18.7442695854308","19.1151175713218","22.279749704828","21.122112372405","22.0967585218017","21.7564934367286","21.3986842404793","21.3658632687197","21.9170501230006","25.3988342021325","27.588480554582","31.189866593448","33.604292731528","37.1878178503492","35.9198730302468","34.6722408416133","33.3756553437561","32.0549136325583","32.6122413301395","28.3719735444188","4.27332590358424","2.34087279261931","3.77797981831526","21.4550777707835","20.6826430165102",
"中国香港特别行政区","HKG","商业服务出口额（现价美元）","TX.VAL.SERV.CD.WT","","","","","","","","","","","","","","","","","","","","","","","","","","","","","","","","","","","","","","","27154932002.0657","28838980600.5633","31510379748.1851","31099980847.9169","33456984996.4544","33808755034.345","40726351921.5118","47322022290.6793","54380294119.3503","64390230787.7767","69839840993.1426","64602336742.5682","80470778530.6074","91230632366.1054","98426653463.0657","104695428541.75","106834518396.845","104261852607.202","98414502572.1362","103999552739.194","113053782957.093","101875653419.664","66827112556.7723","79026025470.0681","82985162776.2962","97255749681.3314","108585811468.115",
"中国香港特别行政区","HKG","报告经济体的商品出口（现价美元）","TX.VAL.MRCH.WL.CD","569700000","567800000","638500000","725900000","874900000","1004200000","1283400000","1488400000","1700300000","2124000000","2436600000","2751200000","3388000000","4932200000","5818600000","5893400000","8351900000","9434100000","11237000000","14746100000","19269500000","21480100000","20536500000","21639800000","27955700000","29743500000","34900900000","47709300000","62212410008.136","71966369451.7721","80847928022.7435","96972692893.4796","117746134231.077","133430224416.007","149894318181.46","172104321440.192","179123042943.525","187612044499.3","173548484917.712","173664886374.512","201866070235","189746731100","200105070942","223788475471","259203672824","289315723395","316622924550","344576041304","362870939250","318656134795","390144000656.999","428983633812","442885440945","459020692706.001","473851596578","517259199025","462367216024","550070336980","568985861203","535575001838","552516144171","671801318380.001","611179644671","575966839520","",
"中国香港特别行政区","HKG","向中东和北非地区的发展中经济体的商品出口（占商品出口总额的百分比）","TX.VAL.MRCH.R4.ZS","1.21116377040548","1.02148643888693","1.36256851996868","1.10208017633283","0.948679849125614","0.916152160924119","0.779180302321957","0.732330018812147","0.735164382755984","0.748587570621469","0.65665271279652","0.668799069496947","0.956316410861865","1.00158144438587","1.21335029044787","1.4321104964876","1.18176702307259","1.40447949459938","1.15956216071905","1.21252398939381","1.64560575001946","1.64245045414127","1.06006378886373","1.01572103254189","0.59236577871418","0.521122262006825","0.482509047044632","0.38147698666717","0.380123231058246","0.32323912612764","0.34905619108722","0.374713830298663","0.456080370690266","0.368348399345483","0.344998877327057","0.358316564824522","0.334564020601817","0.318205356937067","0.327297674326547","0.304966911142322","0.239553337238422","0.225959606004512","0.208896825568783","0.203395771405121","0.207121257639174","0.188654870393896","0.210083824140459","0.207917386330389","0.215226051888915","0.231837218660569","0.240830026200005","0.232065319404768","0.234695103497223","0.235365045447302","0.295720636190647","0.323346719430535","0.361260776091291","0.300340674989","0.365765339686973","0.404371269489363","0.469006685929162","0.357015844622582","0.191983724790381","0.157490252521474","",
"中国香港特别行政区","HKG","向地区外的发展中经济体的商品出口（占商品出口总额的百分比）","TX.VAL.MRCH.OR.ZS","10.0228190275584","10.5318774216273","9.67893500391543","9.56054552968729","8.19522231112127","7.68771161123282","5.82826866136824","5.95941951088417","5.87543374698583","5.7015065913371","5.97553968644833","5.63390520500145","5.20661157024793","4.7950204776773","6.44484927645826","6.72277462924628","5.31974760234198","6.08961109167806","6.09059357479754","5.81984389092709","7.36345001167648","7.31095292852454","5.47220801986707","4.32305289327997","3.48301062037438","3.14085430430178","3.6337171820784","3.78165263376323","3.42778006581474","3.3987238622946","3.97753363254779","3.91263786857665","4.23475425003704","4.14743987253928","4.06015696827042","4.47411613340089","4.13512529982405","3.93210280706399","3.93469696470037","3.77830730705203","3.76360155084781","3.550708073832","3.56432008865348","3.27357373054241","3.30577435020304","3.36462357689069","3.46653564728436","3.83164548064205","4.55482112322391","4.52509438811729","5.02766273195751","5.62673618023812","5.02919518972539","5.45943713632333","6.14850770882739","6.23187082680419","6.87428408340053","7.02590830077885","6.72742813047569","6.63157867677012","5.84368790082038","5.96909251796338","6.7182302836841","6.80441268487977","",
"中国香港特别行政区","HKG","矿石和金属出口（占商品出口的百分比）","TX.VAL.MMTL.ZS.UN","","","1.96880916121717","1.53553570916317","1.6184267508758","1.38402403670015","1.41164147210681","1.31807614774577","1.22793843113903","1.17310914121089","1.4650447952266","0.804021364395312","0.829050129024167","0.961406494790379","1.30178941021541","0.709321321505017","0.60860250235655","0.721037628905001","0.712334656275729","0.957239649456076","1.48280845921113","1.03381812621385","0.827322704189259","1.58656566214427","1.18934747665983","1.04616366211178","0.677426587242594","0.828408213763178","","","","","1.10136752277941","1.09543193668999","1.17567349363718","1.40543698021788","1.47891168689622","1.41362603322753","1.43615377438827","1.81183697273749","1.8775790167315","1.56394993453208","1.5339569453791","1.72441128137672","2.20832543286422","2.48868581414597","2.74763595973411","4.05180542171598","5.3612384995499","2.80739083433319","5.713833271617","6.81578992521392","4.49757773775722","3.93181628441166","6.56347176912372","5.07885233064028","2.57138135948508","1.27614189710421","1.15924264498164","1.06667493972405","1.47244036489582","2.25001097039149","1.74354603668291","2.15847705664223","1.82537051234853",
"中国香港特别行政区","HKG","燃料出口（占商品出口的百分比）","TX.VAL.FUEL.ZS.UN","","","0.000181773336615798","0.000294887321481152","0.000155776552852953","0.000631249299862338","0.000209331469127065","0.000422745210311383","3.68883836952435E-05","0","0","0","0","0","0","0.000107591514315116","0","1.49052908450665E-05","0.000194889768614927","0.0898972275729914","0.129872142195884","0.123396671819135","0.128334638424736","0.153244701893743","0.226443819082084","0.34136785000864","0.300701013238288","0.25713374570655","","","","","0.892923907079889","0.870348086757599","0.375656190659725","0.315467447937326","0.154325913154053","0.413002737273904","0.321966232668042","0.34198868361486","0.461977335829639","0.583712895671654","0.727912959261127","0.896646250430637","0.992647981806573","1.33685218489817","1.2664099639829","1.51790817690035","1.89987009504121","1.9405981440719","1.97471247684696","2.04710597899413","1.08377769821115","1.08391438680499","1.44114492800792","1.80642355129519","0.882539406722337","0.106953953113915","0.119866004746752","0.116930486380584","0.0860309283828553","0.0950705144024559","0.124056862630244","0.134003723009074","0.111838199290455",
"中国香港特别行政区","HKG","出口物量指数（2015年 = 100）","TX.QTY.MRCH.XD.WD","","","","","","","","","","","","","","","","","","","","","5.1798105154","5.9169958053","5.7590339478","6.5406483996","8.0391737051","8.4686823925","9.8279259704","12.8524048025","16.386205428","18.0063670895","19.6261786464","22.8685946832","27.4554507218","31.0760582908","34.4599276125","37.9808457495","39.5193374848","41.8711115111","40.401476205","41.4918445298","48.7020776025","47.0396149966","51.0932402766","58.6316590055","67.2952893177","72.9","79.7","84.7","86.2","75.6","87.6","91.9","95.7","104.3","102","100","102.2","107.5","109.1","101.1","101.9","118.6","101.2","91.1","",
"中国香港特别行政区","HKG","交通服务（占商业服务进口比例）","TM.VAL.TRAN.ZS.WT","","","","","","","","","","","","","","","","","","","","","","","","","","","","","","","","","","","","","","","13.5788283248565","12.6813456469495","14.7219565663102","15.3181475499576","14.9857529380849","16.5561230550307","18.647410348883","19.8725306234307","19.3720591133262","21.3268209942524","22.8489251631015","21.3765011136892","22.3464786830709","24.16527795848","24.038520094508","24.1508208195989","24.9200136830363","23.4230269418495","22.7761235468055","22.5427105295015","22.7430477840642","22.7026671503822","27.1087615308636","32.6311103383402","31.1594474626083","22.7642073676854","23.0745112896498",
"中国香港特别行政区","HKG","从地区内的发展中经济体的商品进口（占商品进口总额的百分比）","TM.VAL.MRCH.WR.ZS","30.1259181532004","27.5128468653648","28.5793562708102","28.924309438371","30.3088941446284","32.8115429115905","34.2617567726047","28.7281569869366","24.5934251753121","23.7193392291006","20.9580838323353","20.961273534364","22.2230948454148","24.1241966144655","22.9982092606805","25.1599468855625","22.7260239474347","21.9848964677223","21.3860285157202","22.5318774383861","24.2785522410447","25.4434837508866","27.3324282238021","28.596135143135","28.9109227003441","29.1352037162093","33.470580650707","35.1776895961999","35.6352675732971","39.1489380956974","41.1449537661264","42.1024734649826","41.4333391436375","41.8540523581529","42.3326553211809","41.2825245491076","42.6520097275017","43.2529597446796","46.3462003542375","49.3219516341222","48.9357799940974","49.5948185862611","50.7114465888785","50.3124810750523","50.2040331295821","51.9671607859768","52.6152631293912","53.028225394886","53.4044217490495","53.3276951461833","52.5055486285286","51.6806012835234","53.5944518203068","54.4188327643194","54.3151037481321","53.9696714688416","53.4230840114229","52.8090390691895","54.1816877199017","55.2721391076399","54.5692755889269","53.4588079655694","50.7090772445039","49.5678492499327","",
"中国香港特别行政区","HKG","从南亚地区发展中经济体的商品进口（占商品进口总额的百分比）","TM.VAL.MRCH.R5.ZS","3.23189926547744","2.16855087358684","1.7480577136515","3.37144287740966","2.9312692610908","2.0894303409787","1.99366717485634","2.44302437369225","3.12329039637937","2.26931419989988","2.02183867559","2.54094596663095","3.05243592764208","3.12664071693673","2.10073284878034","2.68137373249638","2.63284415852011","1.60779537149817","1.91475749451621","1.66821296031973","1.60675245103609","1.07206841559357","1.18546214805915","1.22499894287285","0.783993756429813","0.939966303094795","1.07075829859171","0.996433245662818","1.19504603709923","1.19872540857988","1.12213502111945","1.19790284883347","1.11407626564548","1.21045978504771","1.33290346800076","1.38034857216796","1.48456182764628","1.42917111272637","1.40382944895994","1.58421300085208","1.61358368003714","1.47568229836681","1.50816413383761","1.65623058116583","1.66738828799348","1.78312276027628","1.68474120596816","1.90283350610555","2.09156092987444","2.1092670742891","2.30703997203612","2.455109184532","2.24247628460049","2.30369641330894","2.41211306015835","2.07875586175323","2.27340153597172","2.4139860998319","1.95512624217411","1.8126923525635","1.35047620687236","1.52457107302234","1.60554111329373","1.5409361555611","",
"中国香港特别行政区","HKG","从东亚和太平洋地区发展中经济体的商品进口（占商品进口总额的百分比）","TM.VAL.MRCH.R1.ZS","30.1259181532004","27.5128468653648","28.5793562708102","28.924309438371","30.3088941446284","32.8115429115905","34.2617567726047","28.7281569869366","24.5934251753121","23.7193392291006","20.9580838323353","20.961273534364","22.2230948454148","24.1241966144655","22.9982092606805","25.1599468855625","22.7260239474347","21.9848964677223","21.3860285157202","22.5318774383861","24.2785522410447","25.4434837508866","27.3324282238021","28.596135143135","28.9109227003441","29.1352037162093","33.470580650707","35.1776895961999","35.6352675732971","39.1489380956974","41.1449537661264","42.1024734649826","41.4333391436375","41.8540523581529","42.3326553211809","41.2825245491076","42.6520097275017","43.2529597446796","46.3462003542375","49.3219516341222","48.9357799940974","49.5948185862611","50.7114465888785","50.3124810750523","50.2040331295821","51.9671607859768","52.6152631293912","53.028225394886","53.4044217490495","53.3276951461833","52.5055486285286","51.6806012835234","53.5944518203068","54.4188327643194","54.3151037481321","53.9696714688416","53.4230840114229","52.8090390691895","54.1816877199017","55.2721391076399","54.5692755889269","53.4588079655694","50.7090772445039","49.5678492499327","",
"中国香港特别行政区","HKG","来自阿拉伯世界的发展中经济体的商品进口（占商品进口总额百分比）","TM.VAL.MRCH.AL.ZS","0.524658971668415","0.678314491264132","0.490196078431373","0.342151381123258","0.559019565684799","0.442387531477574","0.96165122551894","0.865237799016004","0.855423484358681","0.892708159519439","1.22226135963367","1.23679779580591","0.9529045262965","0.735041187652756","1.25050787774818","0.567358763882183","0.930653174294283","0.665529841656517","0.470692176456251","0.383005043296222","0.222718161529756","0.244751374420407","0.634155016634641","0.211002579390249","0.107488736741282","0.210435126636244","0.332373461698256","0.342040451091979","0.335031481543143","0.333040998033289","0.226994311170895","0.209576053035196","0.354243256783619","0.557182686929267","0.757467755491302","0.528213426064018","0.413228782157118","0.442760956264198","0.347541728314931","0.37242064998128","0.437979372407768","0.507704531650161","0.654310875716729","0.737301607247149","0.884784318286121","0.803720429993859","0.75647537966466","0.68983184944145","0.704255549956333","0.808936153596759","0.837692781684918","1.00305485380201","1.2194225911246","1.11802609611987","0.931977686815902","0.991579421217655","0.891985632842052","0.915649453030913","1.01479580842884","1.04351247726063","1.52798986445265","1.67530907379212","1.79590943147357","2.59923047619409","",
"中国香港特别行政区","HKG","信息和通信技术 (ICT) 产品进口（占产品进口总量的百分比）","TM.VAL.ICTG.ZS.UN","","","","","","","","","","","","","","","","","","","","","","","","","","","","","","","","","","","","","","","","","27.84","28.35","31.47","33.54","36.28","38.22","40.15","40.43","39.83","42.45","42.76","40.41","40.79","38.76","43.52","47.66","50.31","51.86","53.52","53.67","56.81","57.53","57.16","","",
"中国香港特别行政区","HKG","进口单位价值指数（2015年=100）","TM.UVI.MRCH.XD.WD","","","","","","","","","","","","","","","","","","","","","72.5","71.7","69.4","64.7","67","65.4","68.6","71.7","74.9","77.3","79.6","81.2","82","81.2","83.6","87.5","86.7","84.4","80.4","78.8","78.8","75.9","73","72.8","74.9","77.1","78.9","80.3","84","84.3","89.8","97.7","102","101.6","101.3","100","98.5","99.9","101.8","103.5","104.7","110.2","118","122.9","129",
"中国香港特别行政区","HKG","初级产品简单平均适用税率（%）","TM.TAX.TCOM.SM.AR.ZS","","","","","","","","","","","","","","","","","","","","","","","","","","","","","0","","","","","","","","0","0","0","0","0","0","0","0","0","0","0","0","0","0","0","0","0","0","0","0","0","0","0","0","0","0","0","","",
"中国香港特别行政区","HKG","所有产品加权平均适用税率（%）","TM.TAX.MRCH.WM.AR.ZS","","","","","","","","","","","","","","","","","","","","","","","","","","","","","0","","","","","","","","0","0","0","0","0","0","0","0","0","0","0","0","0","0","0","0","0","0","0","0","0","0","0","0","0","0","0","","",
"中国香港特别行政区","HKG","约束范围，所有产品（百分比）","TM.TAX.MRCH.BC.ZS","","","","","","","","","","","","","","","","","","","","","","","","","","","","","","","","","","","","","49.52","49.52","49.98","49.52","49.52","49.52","48.58","48.58","48.58","48.58","48.58","47.88","47.88","47.88","47.88","47.88","49.86","49.86","49.86","49.86","49.86","49.8","49.8","49.79","49.79","49.79","0","","",
"中国香港特别行政区","HKG","工业产品简单平均适用税率（%）","TM.TAX.MANF.SM.AR.ZS","","","","","","","","","","","","","","","","","","","","","","","","","","","","","0","","","","","","","","0","0","0","0","0","0","0","0","0","0","0","0","0","0","0","0","0","0","0","0","0","0","0","0","0","0","0","","",
"中国香港特别行政区","HKG","商品贸易（GDP的百分比）","TG.VAL.TOTL.GD.ZS","129.845877319546","125.245572099262","119.887388051111","112.127419200153","113.665901749664","111.372178026231","124.144273211035","124.235137318255","139.935584588399","145.309646550394","142.602813122133","139.99100258611","127.703761723528","133.572141699131","135.759011257409","127.307782500151","134.525532965989","127.62546258392","135.66374524842","143.242189783567","150.083893712531","154.276770882831","143.103933353741","156.694566538722","175.406065070689","171.631347437151","175.343406180173","196.359765116397","224.12295591277","219.505042729025","217.233381267772","227.677613288434","236.80834535428","229.898891206217","233.663840477034","255.746373792366","239.295233331148","226.379933903195","214.123249560728","214.223369799354","242.749281538855","232.033033352963","246.408051664828","286.244322868631","318.413208711955","326.199947731752","340.207969220694","340.041772194437","348.051967185226","318.46298528849","368.293344554227","388.883317152856","398.430308296471","419.962315385317","385.951765429059","345.606234384642","331.345118672303","333.685065582899","330.375822212441","306.47177421324","324.268506659521","374.643008084455","356.161664929125","322.159681631242","331.727555649502",
"中国香港特别行政区","HKG","国际旅游，旅行项目收入（现价美元）","ST.INT.TVLR.CD","","","","","","","","","","","","","","","","","","","","","","","","","","","","","","","","","","","","9604000000","11994000000","9979000000","5651000000","5493000000","5868000000","5904000000","7410000000","7072000000","8918000000","10179000000","11509000000","13566000000","15018000000","15978000000","21689000000","27038000000","31205000000","36108000000","39475000000","35795000000","31398000000","31709000000","35268000000","26371000000","2839000000","","","","",
"中国香港特别行政区","HKG","国际旅游，收入（现价美元）","ST.INT.RCPT.CD","","","","","","","","","","","","","","","","","","","","","","","","","","","","","","","","","","","","","","","7337000000","7343000000","8198000000","7923000000","9849000000","9004000000","11874000000","13588000000","15541000000","18237000000","20236000000","20291000000","27208000000","33169000000","37098000000","42426000000","46352000000","42491000000","37838000000","38170000000","42313000000","32697000000","","","","","",
"中国香港特别行政区","HKG","城镇人口（占总人口比例）","SP.URB.TOTL.IN.ZS","85.1999969482422","85.2064180853235","85.2800991951516","85.4364684432748","85.6604800828049","85.9387185773589","86.2577683905539","86.6042139860069","86.964639827335","87.3256303781553","87.6737701020847","88.0023896106757","88.3435286255202","88.7164777383179","89.1103264665498","89.5173517742288","89.9298306253682","90.3400399839811","90.7402568140805","91.1227580796796","91.4798207447915","91.7967668038879","92.054476734095","92.2741264642881","92.5123372731306","92.8215203265498","93.3278344372433","94.5097139418933","96.2423155775524","98.0057365026504","99.3105631904423","99.7358552273683","99.8254998717847","99.9052758430407","99.961658640719","99.9932976351594","100","100","100","100","100","100","100","100","100","100","100","100","100","100","100","100","100","100","100","100","100","100","100","100","100","100","100","100","100",
"中国香港特别行政区","HKG","农村人口增长（年增长率）","SP.RUR.TOTL.ZG","","2.29617808380068","3.7372557086452","2.37275101301962","0.867157671154448","0.667955607761269","-1.40974128383325","-0.0262649533803232","-0.603786651976671","-1.21188265276938","-0.353884917044591","-0.545754405448275","-0.967497363126465","-0.430328789273554","-0.392325668346605","-1.91318617238871","-2.75827532019118","-2.71494162242964","-2.41959361605022","1.24671086609416","-1.43522761514693","-1.44272054611254","-1.63940041394345","-1.28387034801435","-2.14881489282332","-3.1428145988292","-6.06855802911259","-18.4896693493096","-37.0773523110648","-62.3165203490026","-105.894159421689","-95.1061547155896","-40.6189340289144","-59.3731985624878","-88.2001658395523","-172.328531479259","","","","","","","","","","","","","","","","","","","","","","","","","","","","","",
"中国香港特别行政区","HKG","城市出生登记完整性（百分比）","SP.REG.BRTH.UR.ZS","","","","","","","","","","","","","","","","","","","","","","","","","","","","","","","","","","","","","","","","","","","","","","","","","","","","","","","","","","","","","","","","","",
"中国香港特别行政区","HKG","Population, male (% of total population)","SP.POP.TOTL.MA.ZS","50.9723927569761","50.9507394061998","50.9772125084586","50.996018180712","50.8299827584503","50.6998846559169","50.6626649751376","50.751555498243","50.7944829377094","50.5972721122915","50.4324963448377","50.4208448883834","50.5663785123738","50.7334996035041","50.8927954985807","51.0484350473157","51.2014832572519","51.3484600547469","51.4894714401495","51.6270863135852","51.763341053259","51.7709499944279","51.6246499578454","51.4539244374566","51.2962334877546","51.147999247931","51.0207316131373","50.9190773064604","50.8239407466936","50.7308448547028","50.6379352141389","50.4974508243821","50.3023235988462","50.1064038317239","49.9201375114382","49.7447913690285","49.5614650970581","49.3588032302721","49.1545134783773","48.9520025922977","48.7497138186621","48.5334662683144","48.2983500916013","48.0558637112298","47.8092565740305","47.5609851420413","47.3242516435729","47.1122000130534","46.9119835548881","46.7073029005585","46.4946222810946","46.2958405257197","46.1378121918423","45.9932395738908","45.8372976296195","45.6758855399034","45.5339558126946","45.4373549005143","45.3556687190829","45.2611687282555","45.1615543221869","45.1199736632587","45.1098760165365","45.0791201190315","45.0481320809197",
"中国香港特别行政区","HKG","人口，总数","SP.POP.TOTL","3094840","3168100","3305200","3420900","3504600","3597900","3629900","3722800","3802700","3863900","3959000","4045300","4123600","4241600","4377800","4461600","4518000","4583700","4667500","4929700","5063100","5183400","5264500","5345100","5397900","5456200","5524600","5580500","5627600","5686200","5704500","5752000","5800500","5901000","6035400","6156100","6435500","6489300","6543700","6606500","6665000","6714300","6744100","6730800","6783500","6813200","6857100","6916300","6957800","6972800","7024200","7071600","7150100","7178900","7229500","7291300","7336600","7393200","7452600","7507900","7481000","7413100","7346100","7536100","7524100",
"中国香港特别行政区","HKG","少儿抚比率（占工作年龄人口的百分比）","SP.POP.DPND.YG","71.6268951044406","76.8066241690077","87.8247339434103","102.903589081789","82.0144562916816","65.0237779104129","65.3466383754467","81.9653956681457","97.4663004219255","79.6358719604707","66.9864979835222","59.9411394745199","56.6880931127458","53.9706327274892","51.2672497945251","48.5941259928804","46.0319620432785","43.5766133091213","41.1727873759687","39.017783719577","37.2623440866258","36.1117017925212","35.4460266977281","34.8889413539793","34.3426265974264","33.7953149296551","33.1627089895808","32.4092222644273","31.6566462471379","30.9375683290147","30.2304822349102","29.5464010220194","28.9059714871282","28.2610264682235","27.5511900561268","26.737511894033","26.053605061512","25.5751750575062","25.0420334860534","24.3842827678616","23.6133028119217","22.9213736098618","22.3505688042056","21.6664461314533","20.7961307940453","19.8098402379485","18.872946554414","18.1826773188032","17.637862193152","17.0525328301258","16.3994380457677","15.8562160073932","15.6732552783967","15.7154521050749","15.77674897216","15.7931038106924","15.8528470215818","16.0739512523022","16.2581164641248","16.2730147273114","16.1338280578569","16.0239980417723","15.9509665165921","15.8139200090692","15.7243800793241",
"中国香港特别行政区","HKG","Population ages 80 and above, male (% of male population)","SP.POP.80UP.MA.5Y","0.105006992014017","0.115911149670192","0.120113391387008","0.119272024542272","0.26225775034229","0.337930217704208","0.29376790271052","0.186822174101932","0.0973014424376869","0.158698237905335","0.227582042199569","0.267673391728624","0.271197252290538","0.26855216359746","0.269484177928068","0.276953598686512","0.291426362741599","0.311228645430923","0.33431453672813","0.358670403431433","0.394628121292575","0.434219239305295","0.465694280910145","0.494177547897059","0.520646727764195","0.551917573252018","0.592641516149828","0.636345087539063","0.678799624244842","0.723268985833114","0.774032978173122","0.878276493656765","1.03206882667881","1.18717006969481","1.33922111006329","1.4804475546141","1.54243822059432","1.52406223364629","1.50814350385997","1.52712870626843","1.58785156942571","1.6871909476705","1.8062740021444","1.92659097535365","2.04915948250012","2.17900453885095","2.3219204737436","2.47412428745501","2.62297958931479","2.78454622984087","2.98503530044561","3.19955486978354","3.39432668108692","3.58513341252874","3.7704972025103","3.92475047720098","4.07769036714688","4.26442948099807","4.46858741489874","4.66303825387566","4.8355503447387","4.98643712908646","5.07183334248849","5.12358799738728","5.1979049052347",
"中国香港特别行政区","HKG","Population ages 70-74, male (% of male population)","SP.POP.7074.MA.5Y","0.434639565797831","0.462528228224397","0.461985028262973","0.43695024489614","0.447572759195567","0.469817902397486","0.482952269106343","0.487671664849867","0.531529199745411","0.653971777731666","0.79840605089885","0.896685975709038","0.93129789692439","0.944413109210046","0.956862794917754","0.981828092363473","1.02815667669098","1.09396952622642","1.17342012533884","1.25562553294654","1.36354390612546","1.50045513443164","1.62258621963927","1.7196814380394","1.79977461561621","1.88372300839577","1.95900496195927","2.00518325750552","2.03561396830199","2.08353197333125","2.16404278543199","2.236383785118","2.28671535406457","2.33496616695477","2.40310538836335","2.52121282731279","2.64282148109221","2.72349952726286","2.81072040961707","2.9164028828732","3.04506235191048","3.17360766293897","3.27417894739238","3.39439830078332","3.49876160713377","3.5251686566526","3.52614176485895","3.55298180403209","3.57790823837358","3.58672902532472","3.59986861992316","3.57814235246179","3.48076991667047","3.38036570557687","3.34257658168114","3.3528969015558","3.46422990077997","3.74251868739214","4.12459681108183","4.57402255762814","5.06078415895908","5.46704883447849","5.7489685602006","5.97348320976347","6.210814457537",
"中国香港特别行政区","HKG","Population ages 65 and above, male (% of male population)","SP.POP.65UP.MA.ZS","1.54597677104609","1.60760535347478","1.59396377586529","1.5099565811534","1.69612792632568","1.87021648150976","1.92045359022622","1.88878125471451","1.95537364075023","2.29898538480321","2.66036382376004","2.93021326121796","3.09299841801603","3.25459645883589","3.43598565443095","3.64879194164334","3.89633437458171","4.15594096203655","4.41214709512798","4.66462921674478","4.93335759937479","5.18717761311092","5.4004400992433","5.59523400716681","5.80757175646898","6.06685182946293","6.34300977111565","6.62205891301935","6.89197824102203","7.14812258518988","7.42959789173234","7.72479379713928","8.00287381861841","8.2831409576379","8.59026050245905","8.96612749272891","9.32590940530514","9.60219197216716","9.90157479393817","10.2169503027474","10.5190462488273","10.8305395218191","11.1426253802592","11.451661004937","11.7489192435456","12.0316908486618","12.2792950734683","12.4740055426425","12.67622162081","12.9436644561104","13.2593782827037","13.6097354090957","14.0060766103175","14.4810261760862","15.0673094964131","15.7527218473715","16.4424629194083","17.0803769227631","17.7671228025651","18.6002813025865","19.5773680664627","20.610663062338","21.5911861075192","22.5775564774966","23.6246917734554",
"中国香港特别行政区","HKG","Population ages 65-69, male (% of male population)","SP.POP.6569.MA.5Y","0.796633183604076","0.813419410811569","0.795912478144998","0.744612413791071","0.742953842196805","0.791658641111765","0.86803106192476","0.959547951591845","1.0835462939711","1.20029184410961","1.30314246132166","1.39591375487749","1.48841467529701","1.60183851352597","1.72895005071402","1.86807960816031","2.01839183095208","2.16285482766635","2.29034156377172","2.40474649139998","2.49193429871951","2.53295192368245","2.56001152434904","2.59545767991038","2.66031316914427","2.75039800092334","2.82210759408793","2.90622169880549","3.0095019817053","3.09149061826255","3.16758657440776","3.23793425399717","3.30183672768498","3.38786913099158","3.49016371186539","3.61399927817971","3.72570886704688","3.79945210167929","3.89331812628206","3.97403888917962","3.98663976139546","3.97303949710632","3.96064501980876","3.92708731846387","3.89943821768598","3.90056314499291","3.8630231245426","3.75285368142411","3.65552977954298","3.64194747155886","3.68848505718198","3.81847335758063","4.09219327587808","4.4679406770758","4.90628860305541","5.41260702193156","5.85319194067165","6.10786392894327","6.28658948654463","6.51725645714282","6.83666956671092","7.18034865039774","7.51819030750936","7.85863215900358","8.13204647456791",
"中国香港特别行政区","HKG","Population ages 55-59, male (% of male population)","SP.POP.5559.MA.5Y","2.26543155876905","2.27940519782084","2.21011356113459","2.05189124777539","1.95565676573868","2.01952377700136","2.20893701342848","2.50868604006184","2.92681454345071","3.25431792789518","3.53495750299687","3.71697615573978","3.80704070528578","3.87438068832711","3.93936004823901","4.0198656278516","4.1013469338032","4.15834888010871","4.1838237682173","4.19476899452863","4.18713789502472","4.19132057684711","4.24982938208765","4.34524676857853","4.43320741487486","4.51869485061212","4.60335785250458","4.67182248058963","4.80081444538118","4.89954745657789","4.86103009423883","4.76875178018915","4.69901789336946","4.61233374048512","4.52593412703057","4.46711731076707","4.34886933911215","4.17715242216808","4.04830027354287","4.02087546734306","4.05013975045774","4.19451163363645","4.52252948170924","4.94111689942104","5.43042066185581","5.98493156876062","6.44798544184734","6.72209816603204","6.91683382447087","7.11880027469813","7.35274142338411","7.64739457452189","7.96830856141691","8.27725155435196","8.56514850770992","8.82383055111604","8.98758270991929","9.01418722333998","8.96495908351802","8.84738102451577","8.64256052918565","8.3642515858143","8.02995369469976","7.69273642861305","7.41993519402649",
"中国香港特别行政区","HKG","Population ages 45-49, male (% of male population)","SP.POP.4549.MA.5Y","5.30258368546967","5.19089934803965","4.82768922612076","4.30815413377541","4.04819821303384","4.12136224937567","4.32297460647833","4.58990434296331","4.93048566585978","5.23433527905774","5.46575983772088","5.57212080203579","5.58833976702302","5.61966638204369","5.66549706434885","5.7184187383936","5.74819378606976","5.73404858969285","5.71151476329481","5.64420414347055","5.47994693912111","5.33673268819379","5.27568074619408","5.17591722066662","5.06878330938059","4.99029626349501","4.85461973472699","4.68406470480847","4.57517225976483","4.54429019702716","4.55731226770354","4.71171535551796","5.08361462596264","5.57781600402362","6.15322287480496","6.75899435919249","7.18910767358172","7.41609251218784","7.57217877040945","7.69651255826978","7.84973678329034","8.11911408103815","8.48628562713083","8.87996051099069","9.2289078077888","9.49780468256271","9.64451699673164","9.64264205381028","9.56386045489897","9.40101623761752","9.13043076643981","8.79436087752947","8.41187191893599","7.9777696168002","7.54853525039705","7.20658548491718","7.00746584915418","6.95433199261432","6.9772856717061","7.01188976397707","7.01951129672183","6.96172592029642","6.87010910472956","6.78859575642537","6.74080020573135",
"中国香港特别行政区","HKG","Population ages 35-39, male (% of male population)","SP.POP.3539.MA.5Y","7.73657159302548","7.44268235113997","6.84917927042488","6.07315178994572","6.31633096357218","6.8895711782947","7.05269093070253","6.75174429749985","6.37240954979939","6.5123319269831","6.53734386705497","6.42102926484527","6.19281759583107","5.94861244548389","5.73412149723313","5.5767641447706","5.44226485809294","5.30244497907205","5.16527908533406","5.08022035401706","5.04150369002792","5.15366750569156","5.51639821966861","6.0186530074703","6.602046208566","7.22160281764534","7.74076072829093","8.10691184524683","8.36460166635211","8.52444872953415","8.67011048304168","8.8908913603891","9.19306134684619","9.57125649294388","9.90615837818815","10.1565289100741","10.2799067804437","10.2849889026357","10.2157817559371","10.0466003884318","9.74002024473272","9.34304304814278","8.93056954086615","8.48302254750832","8.05982485922799","7.71117708975153","7.46396474605167","7.31504582027394","7.23035623171328","7.16479039114177","7.08452981423711","6.98326754911515","6.87010022689844","6.73379419910132","6.60983412673657","6.56445761065899","6.60849272025233","6.70722622519704","6.80755531028947","6.85811928073783","6.84636594301546","6.78020657375423","6.72219640632864","6.73232354317037","6.78063221375104",
"中国香港特别行政区","HKG","Population ages 25-29, male (% of male population)","SP.POP.2529.MA.5Y","9.05617953311349","8.37022671889154","7.42890122388009","6.4475753606607","7.95966857847266","9.34681063808725","8.91678493249876","6.57277727552697","4.10339129245217","4.54543999399316","5.20551838072925","5.7602478663562","6.1396204727507","6.62297987889016","7.25728899234605","7.98626045334325","8.66260781045856","9.19211207916397","9.58390126497006","9.84916105218226","10.0389586753856","10.2329677627423","10.4609231853617","10.7457954628773","11.0231336203751","11.231864290159","11.315827035757","11.2800820443799","11.1544374393706","10.9413579148848","10.6218491095602","10.1547706782109","9.62520414173662","9.11969839773798","8.68441542144853","8.34411887319232","8.06735895691933","7.83577005951799","7.68952284185098","7.63630733254881","7.60797483986943","7.50587213683429","7.3319214387666","7.14750765069216","7.01343488868432","6.97797926101048","7.00781823893974","7.01920377645041","7.0366287748655","7.08549342924735","7.13035232605276","7.1006283079533","6.95418072084087","6.81885592871576","6.80655183220934","6.86585395755456","6.92300497500934","6.91644874809401","6.82909806675894","6.72759145691335","6.64349587475356","6.53133555450237","6.35338708647764","6.07342003764695","5.7202715282573",
"中国香港特别行政区","HKG","15-64岁的人口（占总人口的百分比）","SP.POP.1564.TO.ZS","56.6768788246115","54.977536498619","51.7813861103751","48.0212769393537","53.5888465299343","59.0937227210365","58.9062116506071","53.4011268439159","49.0072674138844","53.6136801412331","57.3890028546096","59.7038756293185","60.8272160957076","61.794628847736","62.7829305618173","63.7749533726059","64.7320583868631","65.6690299657638","66.6202117197091","67.4906727411832","68.1795145334474","68.5884908492082","68.7853852764629","68.941462795456","69.0832488239701","69.186796551867","69.3236805808675","69.5371704231111","69.7600508876093","69.9748437616752","70.1680772765946","70.3426151020221","70.5077552412239","70.6727202464442","70.8579891816996","71.0521525177618","71.1992801545554","71.3137811983109","71.4494709633435","71.643050668066","71.9084953399604","72.1101936402151","72.2301339965199","72.4208807920038","72.7373559004515","73.1462291448517","73.5671084923151","73.8955395264472","74.1403781124885","74.3585379023313","74.5728895264276","74.6727743972587","74.4871693212986","74.0951580564497","73.6094696625815","73.0763745892758","72.5100177044859","71.8759568222049","71.2239751252594","70.5644998078365","69.8975753165571","69.1624998338255","68.4044085688091","67.6557184728274","66.8250300290246",
"中国香港特别行政区","HKG","Population ages 15-64, female (% of female population)","SP.POP.1564.FE.ZS","55.9202320660715","54.1812464899914","51.0463285037628","47.389273521485","53.2482460930255","58.8704479917421","58.5799900809801","52.8042834582344","48.0451299799113","52.4830996494742","56.0866617074382","58.2810601217142","59.3412187144238","60.2546997422916","61.1927792252493","62.1388434567745","63.0532370435412","63.9451403082957","64.8599832453396","65.7173577121768","66.4140560166083","66.8984438006343","67.2339837973039","67.5230253411551","67.8024488988761","68.0348570283393","68.2579158914067","68.5374103870692","68.8251645136199","69.1133470144634","69.3830081365828","69.6366415468779","69.8853500914977","70.1369841616679","70.4183735652468","70.7142457929145","70.9795822132421","71.2343975036006","71.5161692307507","71.8451517244626","72.2277298245323","72.5242121965337","72.7261913909596","72.9957158689396","73.3782959812895","73.8431174724674","74.3303450681436","74.7538575494217","75.1099769689607","75.4268469786734","75.7134587794212","75.8715816595726","75.750141898617","75.4244332224044","75.0002459364364","74.5285484778235","74.0231235361909","73.4531235402515","72.8659928204775","72.2701921700664","71.6691679680372","71.0021859740755","70.2833176754798","69.5494071726422","68.7365923441902",
"中国香港特别行政区","HKG","Population ages 10-14, male (% of male population)","SP.POP.1014.MA.5Y","10.7806333255996","11.7513619719568","12.6851691534688","13.7267407584434","12.4032765751227","10.9099713075221","10.9338093133667","12.8281156596002","15.0349353924845","14.5185459830545","13.7725176326378","13.3500364048739","13.2762727141508","13.1353931822568","12.8523013912498","12.3965313492716","11.7898980072186","11.0929435437435","10.3454283962891","9.61934483537547","9.02587739744759","8.63610427826366","8.41119509267341","8.28600783133034","8.24776293347347","8.25297034754911","8.171197482096","7.98320094787748","7.78750068233169","7.63823564989078","7.5811549339142","7.56884966750157","7.54291096840197","7.50477381943593","7.42636977587317","7.29305350484755","7.08245166984756","6.84293523587997","6.71367812597634","6.71652585590605","6.76584658212953","6.77782602050476","6.74810733535126","6.69418498853344","6.61814820601185","6.56571336137468","6.4965664777438","6.33441157682759","6.07747974864162","5.77722236062191","5.47662302322275","5.16015389046682","4.7916099495803","4.45020701247462","4.20214353745826","4.03614319075631","3.94702651920255","3.95590940184382","4.06395247608902","4.18547907843372","4.2874390244263","4.41062400458625","4.51118141611971","4.54131365514701","4.56179028185823",
"中国香港特别行政区","HKG","0-14岁的人口（占总人口的百分比）","SP.POP.0014.TO.ZS","40.5959047000968","42.2263934155817","45.4768456928138","49.4156278015369","43.9506209844713","38.4249785464387","38.4932239833049","43.7704511750862","47.7655564969088","42.6957222022367","38.4428955088831","35.7871908305249","34.4817770178079","33.3509540586845","32.1870773294756","30.9908822547336","29.797429425592","28.6163255252322","27.4294007332877","26.3333731672414","25.4052909792757","24.7684651643351","24.3816811887317","24.0529490660792","23.724999666101","23.3818948822125","22.9896157579117","22.5364523711163","22.0836883942651","21.6485241420835","21.212146825242","20.7837146998611","20.380952943165","19.9728319107472","19.5222186262544","18.9975851950676","18.5499829907795","18.2386247328931","17.892403771038","17.469639838861","16.9799709575305","16.528647463475","16.1438506431626","15.6910288833942","15.126557318217","14.4901574672077","13.8842808274023","13.4361805361806","13.0767730258934","12.6800162475114","12.2295387092827","11.8402787524152","11.6745574020273","11.6443900233125","11.6131831673486","11.5410295884311","11.4948961661024","11.5533047056495","11.5796759915267","11.4829745279504","11.2771621132607","11.0826007236324","10.911167619776","10.6990246662702","10.5078221116522",
"中国香港特别行政区","HKG","Population ages 0-14, female (% of female population)","SP.POP.0014.FE.ZS","40.1244557450226","41.7881454067137","45.0183381527837","48.9516819112487","43.5010110338226","38.0198208369745","38.1210650452981","43.3989750747244","47.4148218867474","42.4010420392493","38.2111876093372","35.6044846130569","34.3331484250284","33.2434253592394","32.1252627901389","30.9737093616544","29.8245570530544","28.6951077673698","27.5569285550753","26.4936928594257","25.5805724648473","24.8957279440097","24.4043701963032","23.9765542277426","23.5479409304147","23.1052497335507","22.6556811951138","22.1830451749997","21.7119261566009","21.2450646459037","20.7762752131237","20.3177221661991","19.8814547126398","19.432691375531","18.9355859767954","18.361352652025","17.8609351969512","17.4940144269237","17.0943155868079","16.6247039690573","16.0971573059982","15.6142495007839","15.1962228445713","14.7124332985901","14.1309530167589","13.4922230878954","12.8790892695666","12.4048038088512","12.0129514716899","11.5961230271264","11.1426775444099","10.7473217395294","10.5553234444102","10.5029603143531","10.4677988487148","10.4000587744772","10.3558000917011","10.4005423756185","10.4114098339936","10.3128832611598","10.1249571366334","9.94648636133794","9.77745513109894","9.57056865678397","9.3812298586056",
"中国香港特别行政区","HKG","青少年母亲（占15-19岁年龄段内曾生育子女或正处于怀孕阶段的女性比例）","SP.MTR.1519.ZS","","","","","","","","","","","","","","","","","","","","","","","","","","","","","","","","","","","","","","","","","","","","","","","","","","","","","","","","","","","","","","","","","",
"中国香港特别行政区","HKG","意愿生育率（每名妇女的生育次数）","SP.DYN.WFRT","","","","","","","","","","","","","","","","","","","","","","","","","","","","","","","","","","","","","","","","","","","","","","","","","","","","","","","","","","","","","","","","","",
"中国香港特别行政区","HKG","出生时的预期寿命，男性（岁）","SP.DYN.LE00.MA.IN","62.022","62.828","63.349","64.052","64.683","65.379","65.84","66.402","66.778","67.154","67.422","67.79","67.69","68.5","69.11","70.05","69.55","70.12","70.57","70.59","71.59","72.31","72.58","72.34","73.19","73.8","74.06","74.21","74.42","74.18","74.6","75.19","74.81","75.26","75.69","76.03","76.73","77.2","77.38","77.68","78","78.39","78.54","78.48","78.97","78.77","79.38","79.44","79.36","79.78","80.06","80.29","80.66","81.08","81.16","81.36","81.27","81.92","82.26","82.39","83.35","83.24","80.7","82.54","",
"中国香港特别行政区","HKG","死亡率，婴幼儿（每千例活产儿）","SP.DYN.IMRT.IN","","","","","","","","","","","","","","","","","","","","","","","","","","","","","","","","","","","","","","","","","","","","","","","","","","","","","","","","","","","","","","","","","",
"中国香港特别行政区","HKG","粗死亡率（每千人）","SP.DYN.CDRT.IN","6.45","6.1","6.3","5.9","5.3","5","5.3","5.4","5.1","5","5.1","5","5.2","5","5","4.8","5","5.1","5.1","5.2","5","4.8","4.8","5","4.7","4.6","4.7","4.8","4.9","5.1","5.2","5","5.3","5.2","5","5.1","5","4.9","5","5","5.1","5","5.1","5.5","5.4","5.7","5.5","5.7","6","5.9","6","6","6.1","6","6.2","6.3","6.4","6.3","6.4","6.5","6.8","6.9","8.7","7.3","",
"中国香港特别行政区","HKG","青春期生育率（每千名 15-19 岁女性生育数）","SP.ADO.TFRT","44.632","40.863","36.222","32.771","31.387","38.024","30.188","27.504","21.111","16.313","15.929","16.234","16.612","16.896","17.351","16.647","16.659","16.526","14.872","13.019","12.548","11.922","10.706","10.186","8.663","8.104","7.027","6.295","6.301","6.088","6.061","6.599","6.957","7.117","6.899","6.089","5.74","5.521","5.065","4.925","4.798","4.243","4.044","3.866","3.792","3.404","3.182","3.164","3.148","3.16","3.298","3.09","2.985","3.323","3.215","3.307","3.08","2.792","2.446","2.233","1.786","1.324","1.13","1.12","",
"中国香港特别行政区","HKG","Prevalence of moderate or severe food insecurity in the population (%)","SN.ITK.MSFI.ZS","","","","","","","","","","","","","","","","","","","","","","","","","","","","","","","","","","","","","","","","","","","","","","","","","","","","","","","","","","","","","","","","","",
"中国香港特别行政区","HKG","Refugees under the mandate of the UNRWA by country or territory of origin","SM.POP.RRWA.EO","","","","","","","","","","","","","","","","","","","","","","","","","","","","","","","","","","","","","","","","","","","","","","","","","","","","","","","","","","","","","","","","","",
"中国香港特别行政区","HKG","Other people in need of international protection by country or territory of origin","SM.POP.OPIP.EO","","","","","","","","","","","","","","","","","","","","","","","","","","","","","","","","","","","","","","","","","","","","","","","","","","","","","","","","","","","","","","","","","",
"中国香港特别行政区","HKG","Forcibly displaced people","SM.POP.FDIP","","","","","","","","","","","","","","","","","","","","","","","","","","","","","","","","","","","","","","","","","","","","","","","","","","","600","720","903","1961","2383","2407","91","90","128","128","245","271","285","301","260",
"中国香港特别行政区","HKG","Children in employment, wage workers, male (% of male children in employment, ages 7-14)","SL.WAG.0714.MA.ZS","","","","","","","","","","","","","","","","","","","","","","","","","","","","","","","","","","","","","","","","","","","","","","","","","","","","","","","","","","","","","","","","","",
"中国香港特别行政区","HKG","男性失业人数（占男性劳动力比例）（模拟劳工组织估计）","SL.UEM.TOTL.MA.ZS","","","","","","","","","","","","","","","","","","","","","","","","","","","","","","","","1.927","2.001","1.971","2.023","3.4","3.118","2.316","4.958","7.068","5.569","6.011","8.357","9.176","7.696","6.539","5.647","4.556","4.069","6.09","5.064","3.994","3.776","3.806","3.57","3.439","3.695","3.384","3.186","3.543","6.893","6.149","5.127","3.494","3.636",
"中国香港特别行政区","HKG","Share of youth not in education, employment or training, total (% of youth population)","SL.UEM.NEET.ZS","","","","","","","","","","","","","","","","","","","","","","","","","","","","","","","","","","","","","","","","","","","","","","","","","","7.41","6.954","6.156","6.144","6.675","6.622","6.603","6.099","6.384","6.488","6.725","8.992","7.242","6.701","5.942","5.668",
"中国香港特别行政区","HKG","Share of youth not in education, employment or training, female (% of female youth population)","SL.UEM.NEET.FE.ZS","","","","","","","","","","","","","","","","","","","","","","","","","","","","","","","","","","","","","","","","","","","","","","","","","","6.97","6.59","5.81","5.763","6.194","6.37","6.766","5.907","6.164","6.109","6.062","8.275","6.328","6.479","5.625","5.062",
"中国香港特别行政区","HKG","Unemployment with intermediate education, female (% of female labor force with intermediate education)","SL.UEM.INTM.FE.ZS","","","","","","","","","","","","","","","","","","","","","","","","","","","","","","","","","","","","","","","","","","","5.8","","5.2","4.14","3.66","3.23","3.08","4.71","3.79","2.932","2.815","3.034","3.15","3.275","3.189","3.024","2.545","2.249","4.963","4.431","3.764","2.396","2.321",
"中国香港特别行政区","HKG","Unemployment with advanced education (% of total labor force with advanced education)","SL.UEM.ADVN.ZS","","","","","","","","","","","","","","","","","","","","","","","","","","","","","","","","","","","","","","","","","","","3.83","","3.09","3.01","2.61","2.56","2.33","3.84","3.164","2.386","2.67","2.694","2.502","2.905","2.879","2.511","2.356","2.631","4.464","4.048","3.309","2.723","2.867",
"中国香港特别行政区","HKG","Unemployment, youth total (% of total labor force ages 15-24) (national estimate)","SL.UEM.1524.NE.ZS","","","","","","","","","","","","","","","","","","","","6.46","7.08","4.34","5.97","6.77","6.62","5.95","5.73","3.85","3.39","2.76","","4.2","4.33","4.49","4.34","6.87","6.65","5.21","10.54","","11.19","11.27","14.95","14.97","12.14","10.72","10.4","8.99","8.54","12.55","12.158","9.306","9.268","9.487","9.248","10.483","9.761","8.557","8.75","8.541","15.556","12.819","11.044","8.928","9.451",
"中国香港特别行政区","HKG","Unemployment, youth female (% of female labor force ages 15-24) (national estimate)","SL.UEM.1524.FE.NE.ZS","","","","","","","","","","","","","","","","","","","","5.16","6.2","3.73","4.91","5.67","5.92","5.29","5.41","3.93","3.09","2.38","","3.65","3.88","4.11","3.58","5.93","5.58","4.6","9.01","","10.4","9.2","11.92","11.68","9.2","7.91","8.09","7.18","6.86","10.13","10.325","7.721","7.669","7.738","8.11","9.606","8.582","7.97","7.568","6.566","13.705","10.424","10.113","8.315","8.556",
"中国香港特别行政区","HKG","非全日制就业，男性（占男性就业总数的比例）","SL.TLF.PART.MA.ZS","","","","","","","","","","","","","","","","","","","","","","","","","","","","","","","","","","","","","","","","","","","","","","","","","","13.17","9.6","11.74","13.66","13.04","15.71","14.42","14.83","","","","","","","","",
"中国香港特别行政区","HKG","Labor force with intermediate education, female (% of female working-age population with intermediate education)","SL.TLF.INTM.FE.ZS","","","","","","","","","","","","","","","","","","","","","","","","","","","","","","","","","","","","","","","","","","","","","","","","","","63.44","61.788","61.748","62.46","63.522","63.728","63.746","63.206","63.489","63.656","62.809","61.086","60.846","59.562","58.309","58.987",
"中国香港特别行政区","HKG","Labor force participation rate, male (% of male population ages 15+) (national estimate)","SL.TLF.CACT.MA.NE.ZS","","90.37","","","","","86.08","","","","","84.68","","","","82.37","82.36","","","80.13","80.86","82.5","81.69","81.3","82.07","80.36","80.46","80.23","80.02","79.41","78.92","78.83","78.02","78.13","77.58","76.59","75.99","75.71","75.52","74","73.21","72.95","72.51","72","71.68","71.08","70.95","70.46","69.71","69.44","68.51","68.41","68.71","69.199","68.826","68.829","68.603","68.36","68.635","67.564","66.317","65.751","64.711","63.587","62.733",
"中国香港特别行政区","HKG","Labor force participation rate, female (% of female population ages 15+) (national estimate)","SL.TLF.CACT.FE.NE.ZS","","36.83","","","","","41.02","","","","","42.83","","","","46.95","45.41","","","44.11","45.71","48.61","47.1","48.34","49.75","48.47","48.86","48.6","48.22","47.1","46.57","47.8","46.24","46.49","47.14","47.57","47.8","47.96","48.54","49.2","49.09","50.67","51.95","51.62","51.83","51.93","52.64","53.07","53.15","53.24","51.91","52.952","53.541","54.487","54.545","54.739","54.797","55.16","55.252","55.075","54.328","54.186","52.911","52.241","52.315",
"中国香港特别行政区","HKG","Labor force with advanced education (% of total working-age population with advanced education)","SL.TLF.ADVN.ZS","","","","","","","","","","","","","","","","","","","","","","","","","","","","","","","","","","","","","","","","","","","","","","","","","","75.86","76.127","77.632","77.266","76.607","76.013","76.549","76.184","76.786","76.66","76.492","76.978","77.08","75.095","74.007","73.161",
"中国香港特别行政区","HKG","劳动力参与率，男性（占 15-64 岁男性人口的百分比）（模拟劳工组织估计）","SL.TLF.ACTI.MA.ZS","","","","","","","","","","","","","","","","","","","","","","","","","","","","","","","85.212","85.123","84.782","84.868","84.441","84.003","83.735","83.615","83.376","82.951","82.494","81.965","81.67","81.402","81.241","80.771","80.419","80.221","79.327","79.162","78.257","78.292","78.753","79.503","79.31","79.86","80.095","80.128","80.742","79.977","79.236","79.514","78.835","78.63","78.496",
"中国香港特别行政区","HKG","劳动力参与率，男性（占 15-24 岁男性人口的百分比）（模拟劳工组织估计）","SL.TLF.ACTI.1524.MA.ZS","","","","","","","","","","","","","","","","","","","","","","","","","","","","","","","57.74","56.99","55.4","55.17","53.31","51.21","50.84","50.29","49.46","47.928","46.4","44.38","44.34","44.48","43.93","42.89","41.69","40.92","38.79","38.12","35.363","35.733","36.327","37.799","37.765","39.071","39.453","38.099","39.152","39.154","35.388","34.41","31.433","30.137","28.79",
"中国香港特别行政区","HKG","从事经济活动的儿童总计（占 7-14 岁儿童的百分比）","SL.TLF.0714.ZS","","","","","","","","","","","","","","","","","","","","","","","","","","","","","","","","","","","","","","","","","","","","","","","","","","","","","","","","","","","","","","","","","",
"中国香港特别行政区","HKG","Average working hours of children, working only, male, ages 7-14 (hours per week)","SL.TLF.0714.WK.MA.TM","","","","","","","","","","","","","","","","","","","","","","","","","","","","","","","","","","","","","","","","","","","","","","","","","","","","","","","","","","","","","","","","","",
"中国香港特别行政区","HKG","Average working hours of children, study and work, ages 7-14 (hours per week)","SL.TLF.0714.SW.TM","","","","","","","","","","","","","","","","","","","","","","","","","","","","","","","","","","","","","","","","","","","","","","","","","","","","","","","","","","","","","","","","","",
"中国香港特别行政区","HKG","Average working hours of children, study and work, female, ages 7-14 (hours per week)","SL.TLF.0714.SW.FE.TM","","","","","","","","","","","","","","","","","","","","","","","","","","","","","","","","","","","","","","","","","","","","","","","","","","","","","","","","","","","","","","","","","",
"中国香港特别行政区","HKG","服务业男性就业人员（占男性就业的百分比）","SL.SRV.EMPL.MA.ZS","","","","","","","","","","","","","","","","","","","","","","","","","","","","","","","","57.9983700269928","59.4326775021386","62.5617085570687","63.8459330111963","64.5852214367712","65.3891924567021","66.3845185149762","67.7365868292332","69.4077966217354","69.7436775519171","70.8782505187796","71.8287333592111","73.1956836889491","75.1899842718391","75.3749617720302","75.7246212170391","76.3996190355996","76.9732198041268","77.1212059171178","77.2702985639852","77.0116968305794","76.7436756009442","76.4250740147335","76.4582121818224","76.7458617877575","75.8848030688116","75.5504029137358","75.7527245287998","76.2985816546084","76.729174861863","76.1335942743727","75.6307346781075","75.6065960605322","75.2316860820477",
"中国香港特别行政区","HKG","服务业女童工雇佣率（占 7-14 岁参与经济活动女童的百分比）","SL.SRV.0714.FE.ZS","","","","","","","","","","","","","","","","","","","","","","","","","","","","","","","","","","","","","","","","","","","","","","","","","","","","","","","","","","","","","","","","","",
"中国香港特别行政区","HKG","制造业童工雇佣率（占 7-14 岁参与经济活动儿童的百分比）","SL.MNF.0714.ZS","","","","","","","","","","","","","","","","","","","","","","","","","","","","","","","","","","","","","","","","","","","","","","","","","","","","","","","","","","","","","","","","","",
"中国香港特别行政区","HKG","工业男性就业人员（占男性就业的百分比）","SL.IND.EMPL.MA.ZS","","","","","","","","","","","","","","","","","","","","","","","","","","","","","","","","40.9020339982313","39.560878243513","36.4792980623736","35.2252190813926","34.5876382091717","34.024609286848","33.1314194018034","31.8429359006363","30.1632339944066","29.8483947809381","28.7968801293204","27.7623862223459","26.4904782636015","24.4244772537263","24.2309078596706","23.9350583591914","23.3427326655583","22.6624769833423","22.5173137661161","22.3802740572752","22.6470674891322","22.9217451644415","23.2466560897772","23.2206700341354","22.9381047537823","23.8054970046738","24.1462041339562","23.9508553968967","23.4067204370318","22.9855352126664","23.5815210734276","24.0889140906652","24.1183834444863","24.4993772318675",
"中国香港特别行政区","HKG","Contributing family workers, male (% of male employment)","SL.FAM.WORK.MA.ZS","","","","","","","","","","","","","","","","","","","","","","","","","","","","","","","","0.166754330699559","0.151240376390077","0.135357106192281","0.117199058007759","0.0741509713777251","0.078470039868192","0.0682787900041977","0.0747274478789589","0.0898661967723012","0.087659218863747","0.10005132362493","0.111285665973075","0.121967092448139","0.136435729616811","0.15061820088252","0.112195924161181","0.0780217241571087","0.105723984348137","0.116507928708504","0.0966883294955448","0.124494775665664","0.111702710007177","0.095379945779085","0.16580046052786","0.106347437597399","0.0900236058432653","0.119674261619155","0.0871066221134334","0.0978821807645219","0.11795534452559","0.0976589021742685","0.10084416685429","0.0769946602264418","0.0749237101995956",
"中国香港特别行政区","HKG","Children in employment, unpaid family workers, female (% of female children in employment, ages 7-14)","SL.FAM.0714.FE.ZS","","","","","","","","","","","","","","","","","","","","","","","","","","","","","","","","","","","","","","","","","","","","","","","","","","","","","","","","","","","","","","","","","",
"中国香港特别行政区","HKG","弱势群体就业率（占所有就业人员比例）","SL.EMP.VULN.ZS","","","","","","","","","","","","","","","","","","","","","","","","","","","","","","","","4.97051790418985","4.79159946320399","4.63882210052285","4.46084553157595","4.57432074026051","4.46492898270045","4.14359122072547","4.34726105556631","4.89706974750501","4.84013344364409","6.01813916883792","7.01112610872466","6.86012146587024","6.90061375062572","6.88704679653931","6.96497361375984","6.35747284746466","6.59614443124265","6.59014482433384","6.4206015729077","6.6527201639213","6.96785467353053","6.90569112367285","6.186124791874","5.99410000693005","5.90840189115284","5.88572025607515","5.99201950900823","6.00684603013425","6.03654498099071","6.15816293637989","6.20730228677218","6.18938579228576","5.84446162621344",
"中国香港特别行政区","HKG","Employment to population ratio, 15+, total (%) (national estimate)","SL.EMP.TOTL.SP.NE.ZS","","","","","","","","","","","","","","","","","","","","59.42","60.23","63.58","62.1","61.58","62.73","62.78","63.21","63.45","63.24","62.28","","","","","","","","","","","","","","","","","","","","57.58","57.01","58.018","58.514","59.135","59.045","59.117","58.981","59.211","59.556","58.902","56.245","56.303","55.699","55.638","55.269",
"中国香港特别行政区","HKG","Employment to population ratio, 15+, female (%) (national estimate)","SL.EMP.TOTL.SP.FE.NE.ZS","","","","","","","","","","","","","","","","","","","","42.07","43.23","46.84","45.96","45.88","47.32","47.2","47.59","47.6","47.3","46.17","","","","","","","","","","","","","","","","","","","","50.93","50.092","51.471","52.065","52.869","52.904","52.996","53.108","53.581","53.914","53.809","51.753","51.898","51.047","50.978","51.078",
"中国香港特别行政区","HKG","Self-employed, female (% of female employment)","SL.EMP.SELF.FE.ZS","","","","","","","","","","","","","","","","","","","","","","","","","","","","","","","","5.33169519096387","5.05990289305689","4.8239893280233","4.73766263165946","4.63785473694686","4.41787312483166","4.30045994777336","4.2297051653601","4.82171357121242","4.43487883147062","5.14353344006567","5.80781466046548","6.06581927546815","6.29323101046508","6.01849577678902","5.87183149435751","5.41005910261442","5.50380530639324","5.53699175623899","5.35634619173403","5.75870829619693","5.72295790584507","5.65310662857498","5.23478409794102","5.26635463362687","5.29794920468747","5.29410333641662","5.09549380605616","5.25430249793452","5.02493597947956","5.08902549636404","5.11991723326263","5.24113195678014","4.76112365682156",
"中国香港特别行政区","HKG","15-24 岁总就业人口比率（百分比）（模拟劳工组织估计）","SL.EMP.1524.SP.ZS","","","","","","","","","","","","","","","","","","","","","","","","","","","","","","","","53.745","52.287","51.264","50.198","46.844","46.904","46.941","44.154","40.802","40.51","39.897","38.226","37.844","38.957","39.188","38.468","38.912","37.247","34.328","31.699","33.028","33.551","35.225","34.98","36.067","36.749","36.432","36.561","36.421","30.395","30.416","28.423","27.871","26.672",
"中国香港特别行政区","HKG","15-24 岁女性就业人口比率（百分比）（模拟劳工组织估计）","SL.EMP.1524.SP.FE.ZS","","","","","","","","","","","","","","","","","","","","","","","","","","","","","","","","53.18","51.792","50.015","49.766","46.444","46.857","46.495","44.727","41.285","40.168","41.303","40.023","39.246","40.545","41.253","40.518","41.276","39.607","36.216","32.959","34.198","34.706","36.88","36.093","37.471","38.347","38.219","37.849","37.803","31.557","31.65","29.176","28.497","27.566",
"中国香港特别行政区","HKG","农业女性就业人员（占女性就业的百分比）","SL.AGR.EMPL.FE.ZS","","","","","","","","","","","","","","","","","","","","","","","","","","","","","","","","0.696496895548377","0.485534715542054","0.410396463192712","0.404561866131142","0.413956289647575","0.294871055687799","0.238927706461156","0.236105696441349","0.220966723655651","0.23473866696175","0.157357573474531","0.222391970682937","0.177193047596652","0.191253321345717","0.185565331147829","0.201214822720638","0.15527950310559","0.162891924983414","0.15948534455766","0.152104278861038","0.148220208943978","0.144085516519396","0.139765183593693","0.136579722758243","0.132582158426911","0.129022153970992","0.125315553466675","0.121708795584499","0.118946830051651","0.12195393063235","0.11718721261544","0.114133606956573","0.110802471918813","0.107868336927175",
"中国香港特别行政区","HKG","繁荣差距（相较于每天28美元的繁荣标准的平均差额）","SI.SPR.PGAP","","","","","","","","","","","","","","","","","","","","","","","","","","","","","","","","","","","","","","","","","","","","","","","","","","","","","","","","","","","","","","","","","",
"中国香港特别行政区","HKG","底层40%人口的人均消费或收入平均值（按2021年购买力平价计算的日均美元）","SI.SPR.PC40","","","","","","","","","","","","","","","","","","","","","","","","","","","","","","","","","","","","","","","","","","","","","","","","","","","","","","","","","","","","","","","","","",
"中国香港特别行政区","HKG","贫困人口比例，以每天8.3美元为贫困线（按2021年购买力平价计算）（占总人口的百分比）","SI.POV.UMIC","","","","","","","","","","","","","","","","","","","","","","","","","","","","","","","","","","","","","","","","","","","","","","","","","","","","","","","","","","","","","","","","","",
"中国香港特别行政区","HKG","Multidimensional poverty headcount ratio (UNDP) (% of population)","SI.POV.MPUN","","","","","","","","","","","","","","","","","","","","","","","","","","","","","","","","","","","","","","","","","","","","","","","","","","","","","","","","","","","","","","","","","",
"中国香港特别行政区","HKG","贫困差距，以每天3美元为贫困线（按2021年购买力平价计算）（百分比）","SI.POV.GAPS","","","","","","","","","","","","","","","","","","","","","","","","","","","","","","","","","","","","","","","","","","","","","","","","","","","","","","","","","","","","","","","","","",
"中国香港特别行政区","HKG","Proportion of people living below 50 percent of median income (%)","SI.DST.50MD","","","","","","","","","","","","","","","","","","","","","","","","","","","","","","","","","","","","","","","","","","","","","","","","","","","","","","","","","","","","","","","","","",
"中国香港特别行政区","HKG","第三个20% 占有的收入份额","SI.DST.03RD.20","","","","","","","","","","","","","","","","","","","","","","","","","","","","","","","","","","","","","","","","","","","","","","","","","","","","","","","","","","","","","","","","","",
"中国香港特别行政区","HKG","UHC service coverage sub-index on infectious diseases","SH_UHC_SCI_ID","","","","","","","","","","","","","","","","","","","","","","","","","","","","","","","","","","","","","","","","","","","","","","","","","","","","","","","","","","","","","","","","","",
"中国香港特别行政区","HKG","Proportion of population facing large (but non-impoverishing) out-of-pocket health expenditure (%)","SH_UHC_FH40_LARGE","","","","","","","","","","","","","","","","","","","","","","","","","","","","","","","","","","","","","","","","","","","","","","","","","","","","","","","","","","","","","","","","","",
"中国香港特别行政区","HKG","国内人均私人医疗支出，购买力平价（现价国际美元）","SH.XPD.PVTD.PP.CD","","","","","","","","","","","","","","","","","","","","","","","","","","","","","","","","","","","","","","","","","","","","","","","","","","","","","","","","","","","","","","","","","",
"中国香港特别行政区","HKG","Out-of-pocket expenditure per capita (current US$)","SH.XPD.OOPC.PC.CD","","","","","","","","","","","","","","","","","","","","","","","","","","","","","","","","","","","","","","","","","","","","","","","","","","","","","","","","","","","","","","","","","",
"中国香港特别行政区","HKG","Domestic general government health expenditure (% of general government expenditure)","SH.XPD.GHED.GE.ZS","","","","","","","","","","","","","","","","","","","","","","","","","","","","","","","","","","","","","","","","","","","","","","","","","","","","","","","","","","","","","","","","","",
"中国香港特别行政区","HKG","External health expenditure per capita (current US$)","SH.XPD.EHEX.PC.CD","","","","","","","","","","","","","","","","","","","","","","","","","","","","","","","","","","","","","","","","","","","","","","","","","","","","","","","","","","","","","","","","","",
"中国香港特别行政区","HKG","当前医疗支出（占 GDP 的百分比）","SH.XPD.CHEX.GD.ZS","","","","","","","","","","","","","","","","","","","","","","","","","","","","","","","","","","","","","","","","","","","","","","","","","","","","","","","","","","","","","","","","","",
"中国香港特别行政区","HKG","肺结核治疗成功率（占登记病例比例）","SH.TBS.CURE.ZS","","","","","","","","","","","","","","","","","","","","","","","","","","","","","","","","","","","","","","","","","61","63","64","65","63","63","63","62","69","69","67","67","67","67","","65","65","65","64","73","74","74","79","82","",
"中国香港特别行政区","HKG","消瘦发生率（5岁以下儿童所占百分比）","SH.STA.WAST.ZS","","","","","","","","","","","","","","","","","","","","","","","","","","","","","","","","","","","","","","","","","","","","","","","","","","","","","","","","","","","","","","","","","",
"中国香港特别行政区","HKG","Mortality caused by road traffic injury (per 100,000 people)","SH.STA.TRAF.P5","","","","","","","","","","","","","","","","","","","","","","","","","","","","","","","","","","","","","","","","","","","","","","","","","","","","","","","","","","","","","","","","","",
"中国香港特别行政区","HKG","营养不良的发生率，年龄身高（占5岁以下儿童的百分比）","SH.STA.STNT.ZS","","","","","","","","","","","","","","","","","","","","","","","","","","","","","","","","","","","","","","","","","","","","","","","","","","","","","","","","","","","","","","","","","",
"中国香港特别行政区","HKG","营养不良患病率，基于年龄相应的身高，男性（占5岁以下儿童百分比）","SH.STA.STNT.MA.ZS","","","","","","","","","","","","","","","","","","","","","","","","","","","","","","","","","","","","","","","","","","","","","","","","","","","","","","","","","","","","","","","","","",
"中国香港特别行政区","HKG","People using safely managed sanitation services, rural (% of rural population)","SH.STA.SMSS.RU.ZS","","","","","","","","","","","","","","","","","","","","","","","","","","","","","","","","","","","","","","","","","","","","","","","","","","","","","","","","","","","","","","","","","",
"中国香港特别行政区","HKG","超重的发生率（占5岁以下儿童的百分比）","SH.STA.OWGH.ZS","","","","","","","","","","","","","","","","","","","","","","","","","","","","","","","","","","","","","","","","","","","","","","","","","","","","","","","","","","","","","","","","","",
"中国香港特别行政区","HKG","超重率，男性（占5岁以下儿童中百分比）","SH.STA.OWGH.MA.ZS","","","","","","","","","","","","","","","","","","","","","","","","","","","","","","","","","","","","","","","","","","","","","","","","","","","","","","","","","","","","","","","","","",
"中国香港特别行政区","HKG","People practicing open defecation (% of population)","SH.STA.ODFC.ZS","","","","","","","","","","","","","","","","","","","","","","","","","","","","","","","","","","","","","","","","","0","0","0","0","0","0","0","0","0","0","0","0","0","0","0","0","0","0","0","0","0","0","0","0","0",
"中国香港特别行政区","HKG","孕产妇死亡率（模型估计值，每10万例活产中所占比例）","SH.STA.MMRT","","","","","","","","","","","","","","","","","","","","","","","","","","","","","","","","","","","","","","","","","","","","","","","","","","","","","","","","","","","","","","","","","",
"中国香港特别行政区","HKG","People with basic handwashing facilities including soap and water (% of population)","SH.STA.HYGN.ZS","","","","","","","","","","","","","","","","","","","","","","","","","","","","","","","","","","","","","","","","","","","","","","","","","","","","","","","","","","","","","","","","","",
"中国香港特别行政区","HKG","Diabetes prevalence (% of population ages 20 to 79)","SH.STA.DIAB.ZS","","","","","","","","","","","","","","","","","","","","","","","","","","","","","","","","","","","","","","","","","12.1","","","","","","","","","","","7.6","","","","","","","","","","","","","8.2",
"中国香港特别行政区","HKG","People using at least basic sanitation services (% of population)","SH.STA.BASS.ZS","","","","","","","","","","","","","","","","","","","","","","","","","","","","","","","","","","","","","","","","","97.3886755292959","97.3886755292959","97.3886755292959","97.3886755292959","97.2670420974889","97.1454086656819","97.0237752338749","96.9021418020679","96.7805083702609","96.6588749384539","96.5372415066469","96.4156080748399","96.293974643033","96.172341211226","96.050707779419","95.929074347612","95.807440915805","95.685807483998","95.564174052191","95.442540620384","95.320907188577","95.19927375677","95.077640324963","94.956006893156","94.834373461349",
"中国香港特别行政区","HKG","接受产前护理的孕妇（百分比）","SH.STA.ANVC.ZS","","","","","","","","","","","","","","","","","","","","","","","","","","","","","","","","","","","","","","","","","","","","","","","","","","","","","","","","","","","","","","","","","",
"中国香港特别行政区","HKG","Specialist surgical workforce (per 100,000 population)","SH.SGR.PROC.P5","","","","","","","","","","","","","","","","","","","","","","","","","","","","","","","","","","","","","","","","","","","","","","","","","","","","","","","","","","","","","","","","1734.5","",
"中国香港特别行政区","HKG","女性吸烟率（吸烟女性占所有成年人比例）","SH.PRV.SMOK.FE","","","","","","","","","","","","","","","","","","","","","","","","","","","","","","","","","","","","","","","","","","","","","","","","","","","","","","","","","","","","","","","","","",
"中国香港特别行政区","HKG","孕产妇死亡的终身风险 （各国比率有所差异）","SH.MMR.RISK","","","","","","","","","","","","","","","","","","","","","","","","","","","","","","","","","","","","","","","","","","","","","","","","","","","","","","","","","","","","","","","","","",
"中国香港特别行政区","HKG","Incidence of malaria (per 1,000 population at risk)","SH.MLR.INCD.P3","","","","","","","","","","","","","","","","","","","","","","","","","","","","","","","","","","","","","","","","","","","","","","","","","","","","","","","","","","","","","","","","","",
"中国香港特别行政区","HKG","社区卫生服务人员（每 1,000 人）","SH.MED.CMHW.P3","","","","","","","","","","","","","","","","","","","","","","","","","","","","","","","","","","","","","","","","","","","","","","","","","","","","","","","","","","","","","","","","","",
"中国香港特别行政区","HKG","Immunization, HepB3 (% of one-year-old children)","SH.IMM.HEPB","","","","","","","","","","","","","","","","","","","","","","","","","","","","","","","","","","","","","","","","","","","","","","","","","","","","","","","","","","","","","","","","","",
"中国香港特别行政区","HKG","Young people (ages 15-24) newly infected with HIV","SH.HIV.INCD.YG","","","","","","","","","","","","","","","","","","","","","","","","","","","","","","","","","","","","","","","","","","","","","","","","","","","","","","","","","","","","","","","","","",
"中国香港特别行政区","HKG","Adults (ages 15+) newly infected with HIV","SH.HIV.INCD","","","","","","","","","","","","","","","","","","","","","","","","","","","","","","","","","","","","","","","","","","","","","","","","","","","","","","","","","","","","","","","","","",
"中国香港特别行政区","HKG","艾滋病病毒感染儿童（0至14岁）","SH.HIV.0014","","","","","","","","","","","","","","","","","","","","","","","","","","","","","","","","","","","","","","","","","","","","","","","","","","","","","","","","","","","","","","","","","",
"中国香港特别行政区","HKG","People using at least basic drinking water services (% of population)","SH.H2O.BASW.ZS","","","","","","","","","","","","","","","","","","","","","","","","","","","","","","","","","","","","","","","","","98.9070064531479","98.9655415410239","99.0240766288998","99.0826117167757","99.1411468046516","99.1996818925276","99.2582169804035","99.3167520682794","99.3752871561554","99.4338222440313","99.4923573319072","99.5508924197831","99.609427507659","99.667962595535","99.7264976834109","99.7850327712868","99.8435678591627","99.9021029470387","99.9606380349146","100","100","100","100","100","100",
"中国香港特别行政区","HKG","新生儿死亡率 （每千例活产儿）","SH.DYN.NMRT","","","","","","","","","","","","","","","","","","","","","","","","","","","","","","","","","","","","","","","","","","","","","","","","","","","","","","","","","","","","","","","","","",
"中国香港特别行政区","HKG","死亡率，5岁以下，男性（每千人）","SH.DYN.MORT.MA","","","","","","","","","","","","","","","","","","","","","","","","","","","","","","","","","","","","","","","","","","","","","","","","","","","","","","","","","","","","","","","","","",
"中国香港特别行政区","HKG","感染 HIV 的成年女性（占15 岁以上HIV感染者的百分比）","SH.DYN.AIDS.FE.ZS","","","","","","","","","","","","","","","","","","","","","","","","","","","","","","","","","","","","","","","","","","","","","","","","","","","","","","","","","","","","","","","","","",
"中国香港特别行政区","HKG","Probability of dying among children ages 5-9 years (per 1,000)","SH.DYN.0509","","","","","","","","","","","","","","","","","","","","","","","","","","","","","","","","","","","","","","","","","","","","","","","","","","","","","","","","","","","","","","","","","",
"中国香港特别行政区","HKG","Cause of death, by injury (% of total)","SH.DTH.INJR.ZS","","","","","","","","","","","","","","","","","","","","","","","","","","","","","","","","","","","","","","","","","","","","","","","","","","","","","","","","","","","","","","","","","",
"中国香港特别行政区","HKG","Number of deaths ages 15-19 years","SH.DTH.1519","","","","","","","","","","","","","","","","","","","","","","","","","","","","","","","","","","","","","","","","","","","","","","","","","","","","","","","","","","","","","","","","","",
"中国香港特别行政区","HKG","安全套使用率，15-24岁人口，女性（占 15-24 岁女性人口的百分比）","SH.CON.1524.FE.ZS","","","","","","","","","","","","","","","","","","","","","","","","","","","","","","","","","","","","","","","","","","","","","","","","","","","","","","","","","","","","","","","","","",
"中国香港特别行政区","HKG","Total alcohol consumption per capita, male (liters of pure alcohol, projected estimates, male 15+ years of age)","SH.ALC.PCAP.MA.LI","","","","","","","","","","","","","","","","","","","","","","","","","","","","","","","","","","","","","","","","","","","","","","","","","","","","","","","","","","","","","","","","","",
"中国香港特别行政区","HKG","Women who believe a husband is justified in beating his wife (any of five reasons) (%)","SG.VAW.REAS.ZS","","","","","","","","","","","","","","","","","","","","","","","","","","","","","","","","","","","","","","","","","","","","","","","","","","","","","","","","","","","","","","","","","",
"中国香港特别行政区","HKG","Proportion of women subjected to physical and/or sexual violence in the last 12 months ( % of women age 15-49)","SG.VAW.1549.ZS","","","","","","","","","","","","","","","","","","","","","","","","","","","","","","","","","","","","","","","","","","","","","","","","","","","","","","","","","","","","","","","","","",
"中国香港特别行政区","HKG","国家议会中妇女席位的比例（%）","SG.GEN.PARL.ZS","","","","","","","","","","","","","","","","","","","","","","","","","","","","","","","","","","","","","","","","","","","","","","","","","","","","","","","","","","","","","","","","","",
"中国香港特别行政区","HKG","公共教育支出，总数（占政府支出的比例）","SE.XPD.TOTL.GB.ZS","","","","","","","","","","","","","","","","","","","","","","","9.40810966491699","15.2879400253296","15.8703203201294","18.5781307220459","","","","","18.5407791137695","","21.2081394195557","","","","16.6686706542969","","","","","22.4187793731689","22.2072906494141","23.2442893981934","23.1510601043701","22.4785804748535","23.282600402832","22.6377792358398","22.922399520874","23.7994709014893","19.9094104766846","20.1483306884766","18.6494808197021","20.3008003234863","17.6203994750977","18.6085700988769","18.1271896362305","17.8412799835205","18.7878398895264","20.3140106201172","20.6210594177246","13.1164598464966","15.4235000610352","13.1814804077148","15.7411403656006",
"中国香港特别行政区","HKG","中学人均的支出（占人均 GDP 的百分比）","SE.XPD.SECO.PC.ZS","","","","","","","","","","","","","","","","","","","","","","","","","","","","","","","","","","","","","","","","","","","17.57671","19.06971","20.23283","19.03143","17.3331","15.79267","14.94756","16.04725","17.11238","17.3341","17.11454","18.66867","19.30654","20.3016","21.33223","22.20254","22.03149","","","","","","",
"中国香港特别行政区","HKG","Current education expenditure, tertiary (% of total expenditure in tertiary public institutions)","SE.XPD.CTER.ZS","","","","","","","","","","","","","","","","","","","","","","","","","","","","","","","","","","","","","","","","","","","","","95.9323806762695","95.806999206543","","77.7868423461914","76.452880859375","38.4571800231934","80.1767807006836","72.4811782836914","60.1625709533691","","","","","","","","","","","","",
"中国香港特别行政区","HKG","入学率，高等院校，男生（占总人数的百分比）","SE.TER.ENRR.MA","","","","","","","","","","","","","","","","","","","","","","","","","","","","","","","","","","","","","","","","","","","","32.0693817138672","31.759370803833","32.8870811462402","34.3078994750977","43.5450782775879","56.5827713012695","57.5929298400879","58.8715184186882","58.5405525846702","58.6921368280764","64.0944171122995","65.2104210526316","64.4016512471655","66.1030638002774","69.2357676864245","74.4295211558307","79.9783841463415","85.469696969697","92.9892617449664","97.1030345800988","100.920204978038","114.386106623586",
"中国香港特别行政区","HKG","Educational attainment, at least completed short-cycle tertiary, population 25+, total (%) (cumulative)","SE.TER.CUAT.ST.ZS","","","","","","","","","","","","","","","","","","","","","","","","","","","","","","","","","","","","","","","","","","","","","","","15.210000038147","","15.710000038147","16.3799991607666","17.2099990844727","18.6900005340576","19.2601570028444","19.8129579420873","20.5499992370606","21.7299995422363","22.242053627463","22.9099998474121","23.4531566281471","23.4599990844727","23.8153181967657","23.6027888912465","24.1000003814697","24.8486557506493","25.2908835051679",
"中国香港特别行政区","HKG","Educational attainment, at least Master's or equivalent, population 25+, male (%) (cumulative)","SE.TER.CUAT.MS.MA.ZS","","","","","","","","","","","","","","","","","","","","","","","","","","","","","","","","","","","","","","","","","","","","","","","","","","","","","","","","","","","","","","","","","",
"中国香港特别行政区","HKG","Educational attainment, Doctoral or equivalent, population 25+, female (%) (cumulative)","SE.TER.CUAT.DO.FE.ZS","","","","","","","","","","","","","","","","","","","","","","","","","","","","","","","","","","","","","","","","","","","","","","","","","","","","","","","","","","","","","","","","","",
"中国香港特别行政区","HKG","Adolescents out of school (% of lower secondary school age)","SE.SEC.UNER.LO.ZS","","","","","","","","","","","","","","","","","","","","","","","","","","","","","","","","","","","","","","","","","","7.49673986434937","6.55238008499146","7.77456998825073","5.80038976669312","6.80601978302002","4.54120016098022","4.47069978713989","4.04031991958618","4.42702007293701","4.05875","2.79583521955636","1.3899652260308","1.20528994404257","0.82039348562174","0.445344501153977","0.895607853663306","3.92944785276074","1.38241477970676","2.50422195416164","3.41113003975014","5.3407487791644","1.24705325580883","1.20308771491931","0.680252651543223",
"中国香港特别行政区","HKG","中学教育，教师，女性","SE.SEC.TCHR.FE","","","","","","","","","","","","3799","4179","4536","4918","5371","6198","5950","6626","7164","7590","7784","7806","8164","8509","8785","","9485","9843","","","","","","","","11852","","","13228","13579","13953","14296","14578","15165","15432","15754","16444","16791","17146","17347","17608","18525","17757","17520","17453","17262","17431","17488","17316","17533","17729","17656","17438","17472",
"中国香港特别行政区","HKG","Trained teachers in upper secondary education, male (% of male teachers)","SE.SEC.TCAQ.UP.MA.ZS","","","","","","","","","","","","","","","","","","","","","","","","","","","","","","","","","","","","","","","","","","","","","","","","","","","","","","","","","","","","","","","","","",
"中国香港特别行政区","HKG","Trained teachers in lower secondary education, male (% of male teachers)","SE.SEC.TCAQ.LO.MA.ZS","","","","","","","","","","","","","","","","","","","","","","","","","","","","","","","","","","","","","","","","","","","","","","","","","","","","","","","","","","","","","","","","","",
"中国香港特别行政区","HKG","Progression to secondary school, male (%)","SE.SEC.PROG.MA.ZS","","","","","","","","","","","","","","","","","","","","85.96559","86.17967","87.60639","88.46863","88.1361","88.01072","","","","","","","","","","","","","","","","","","99.738","99.81058","99.78069","99.89391","100","100","100","","100","100","100","100","100","100","100","100","","","","","","","",
"中国香港特别行政区","HKG","入学率，中学，女生（净百分比）","SE.SEC.NENR.FE","","","","","","","","","","","","29.49158","31.09452","33.51001","36.4664","40.08335","43.49559","46.6482","50.67473","55.97687","59.54322","62.80297","","68.4077","69.82868","71.65372","","","","","","","","","","","79.30415","","","","","73.66516","73.46436","74.03908","74.76297","75.75441","76.1082","77.20908","78.4339","79.40112","80.16382","78.6769","90.60983","89.29547","89.51098","89.9948","92.30363","94.22031","96.54371","","","","","","",
"中国香港特别行政区","HKG","入学率，中学（占总人数的百分比）","SE.SEC.ENRR","","","","","","","","","","","","","","","","","","","","","","","","","","","","","","","","","","","","","","","","","","78.5696563720703","79.9700393676758","80.1741027832031","81.7347793579102","83.003662109375","83.1464614868164","84.0665588378906","85.7025909423828","86.5672225952148","87.9053960567278","86.9782026085403","108.257447754558","102.779391100703","105.555217060167","107.387782928825","107.750724637681","106.78970984146","108.16398016119","105.068965517241","100.449691991786","100.161026837806","106.185208398621","","107.160326941213",
"中国香港特别行政区","HKG","中学师生比例","SE.SEC.ENRL.TC.ZS","","","","","","","","","","","","21.90087","22.36239","22.94899","24.19997","24.72419","24.33527","30.25319","30.15399","30.10794","29.69067","29.33661","28.98703","27.24266","25.93644","24.80259","23.99015","23.37118","22.71436","","","","","","","","20.13159","","","","","18.83896","18.46881","18.34543","18.03796","18.06874","17.82577","17.4319","17.24002","16.88733","16.67878","15.79139","14.98744","14.19818","13.60538","12.95682","12.37069","11.51862","11.22247","","","","","","",
"中国香港特别行政区","HKG","中学教育，学生（女生所占百分比）","SE.SEC.ENRL.FE.ZS","","","","","","","","","","","","41.831","42.63629","43.74827","44.89598","45.66874","46.76595","46.61406","47.16586","48.12389","48.63993","49.30711","49.77878","50.18896","50.06518","49.6321","49.50496","49.48611","49.13381","","","","","","","","49.07063","","","","","48.46329","48.51485","48.79848","48.89717","48.9357","48.82446","48.76872","48.71766","48.70515","48.52726","48.41758","48.34703","47.79079","47.53024","47.4898","47.50336","47.49747","47.56879","","","","","","",
"中国香港特别行政区","HKG","Educational attainment, at least completed upper secondary, population 25+, male (%) (cumulative)","SE.SEC.CUAT.UP.MA.ZS","","","","","","","","","","","","22.6200008392334","","","","","24.6399993896484","","","","","29.0900001525879","","","","","","","","","","38.9300003051758","","","","","44.8199996948242","","","","","","","","","","56.2000007629395","","57.4000015258789","58.0400009155273","59.0400009155273","61.3699989318848","62.2481420890275","62.6290762951293","63.189998626709","64.2099990844727","64.5624938656879","65.3499984741211","65.8366067438978","66.0699996948242","66.9079196124879","66.6980726328211","67.0299987792969","67.8907009094414","68.3423419891304",
"中国香港特别行政区","HKG","Educational attainment, at least completed post-secondary, population 25+, female (%) (cumulative)","SE.SEC.CUAT.PO.FE.ZS","","","","","","","","","","","","1.37000000476837","","","","","2","","","","","5.01000022888184","","","","","5.80000019073486","","","","","8.3100004196167","","","","","12.1599998474121","","","","","","","","","","19.7299995422363","","20.2999992370606","20.2800006866455","20.5499992370606","21.8500003814697","","","24.1499996185303","24.8199996948242","","26.1599998474121","","28.2199993133545","","","29.8299999237061","","",
"中国香港特别行政区","HKG","Lower secondary completion rate, total (% of relevant age group)","SE.SEC.CMPT.LO.ZS","","","","","","","","","","","","","","","","","","","","","","","","","","","","","","","","","","","","","","","","","","92","91.6201171875","90.9836120605469","95.0497131347656","93.1137390136719","102.075981140137","98.3633193969727","102.358436584473","98.7374725341797","97.1336515513127","97.4772727272727","96.5620052770449","104.238828967643","104.758389261745","103.616915422886","113.934782608696","103.328947368421","96.0235081374322","96.4661791590494","112.355509355509","","","","129.485915492958",
"中国香港特别行政区","HKG","Children out of school (% of primary school age)","SE.PRM.UNER.ZS","","","","","","","","","","","","","","","","","","","","","","","","","","","","","","","","","","","","","","","","","","4.00648021697998","3.69406008720398","2.03981995582581","3.11330008506775","2.12436008453369","1.31664001941681","1.81433999538422","0.472589999437332","0.401609987020493","0.420472386561404","0.286184817975933","0.315737237206978","0.353045901860751","0.786091680882395","0.877625053965235","0.697720405466593","0.220057077715899","0.124767879937478","0.0667712436933145","0.661212928723023","1.03279493025642","1.15464664912498","1.45951603274613","1.40461574139064",
"中国香港特别行政区","HKG","失学女童，小学","SE.PRM.UNER.FE","","","","","","","","","","","","","","","","","","","","","","","","","","","","","","","","","","","","","","","","","","9705","9097","6093","9201","6901","4754","5014","","","","","","","","","","","","","","","","","",
"中国香港特别行政区","HKG","小学总入学率（净比例）","SE.PRM.TENR","","","","","","","","","","","","88.46549","89.63404","89.60049","91.10855","92.74867","93.85348","95.10725","94.6876","95.07646","99.23593","98.9472","98.2008","97.83636","97.16339","96.0005","","","","","","","","","","93.90261","93.80741","","","","","","","","","","","","","","","","99.27739","99.25178","98.96994","98.58053","97.17614","96.54356","96.26568","","","","","","",
"中国香港特别行政区","HKG","经过培训的男性初等教育教师（占男性教师总数比例）","SE.PRM.TCAQ.MA.ZS","","","","","","","","","","","","","","","","","","","","","","","","","","","","","","","","","","","","","","","85.9137573242188","87.4299392700195","88.1707992553711","90.4112091064453","90.6738510131836","91.1266632080078","91.2776031494141","92.6847534179688","93.8621292114258","93.3800506591797","94.0510482788086","93.5872497558594","94.3893735130848","94.8209589318228","94.7027901334412","94.7243157477192","95.2057453416149","94.8205697373289","95.578534498128","95.9827586206897","95.5594184576485","94.6556886227545","94.5957693422197","95.3097857556456","94.478349317059","92.8539985326486","92.0325203252033",
"中国香港特别行政区","HKG","小学复读生，女生（占入学女生总量的百分比）","SE.PRM.REPT.FE.ZS","","","","","","","","","","","","","","","","","","","","","3.2869","2.73267","2.80314","2.3702","1.88665","1.64403","","","","","","","","","","","","","","","","","","0.69655","0.67189","0.71425","0.73308","0.73882","0.74186","0.71105","0.65761","0.61397","0.60458","0.52007","0.51177","0.48348","0.41943","0.41026","0.36839","","","","","","",
"中国香港特别行政区","HKG","五年级持续就学率，总计（占同龄人的百分比）","SE.PRM.PRS5.ZS","","","","","","","","","","","","","","","","","","","","97.6405868530273","99.0416412353516","98.4838790893555","99.4977722167969","99.431022644043","98.7714462280273","100","","","100","99.9134521484375","98.5173492431641","99.8390808105469","99.6642074584961","99.8834075927734","100","100","","","","","","","99.563850402832","99.6220779418945","99.5038528442383","","","99.6594009399414","99.6791229248047","99.4670715332031","99.7745513916016","99.6433715820312","99.8373031616211","99.508171081543","99.3027801513672","99.2695388793945","99.4370498657227","99.2122421264648","98.2984771728516","98.9976577758789","90.9600296020508","85.6163864135742","84.3138732910156","97.5939788818359","",
"中国香港特别行政区","HKG","Over-age students, primary (% of enrollment)","SE.PRM.OENR.ZS","","","","","","","","","","","","24.90201","24.14994","24.10242","23.34033","22.86185","22.55486","21.32386","19.83379","17.18642","9.35616","8.2799","7.66175","7.21598","7.02724","6.60885","","","","","","","","","","3.21948","2.86326","","","","","5.34672","5.32273","4.92138","4.23759","3.67134","3.23616","3.2246","3.22642","3.12968","2.98179","2.76034","2.49994","2.2713","1.84316","1.61669","2.49434","2.5032","2.56581","","","","","","",
"中国香港特别行政区","HKG","一年级净入学率，男童（占官方定义的学龄人口的百分比）","SE.PRM.NINT.MA.ZS","","","","","","","","","","","","","","","","","","","","","","","","","","","","","","","","","","","","","","","","","","","","","","","","","","","","","","","","","81.51186","81.05459","","","","","","","",
"中国香港特别行政区","HKG","入学率，小学（净百分比）","SE.PRM.NENR","","","","","","","","","","","","88.46549","89.63404","89.60049","91.10855","92.74867","93.85348","95.10725","94.6876","95.07646","99.23593","98.9472","98.2008","97.83636","97.16339","96.0005","","","","","","","","","","93.90261","93.80741","","","","","","","","","","","","","","","","94.19961","93.79324","94.29161","93.80718","96.37164","95.72751","95.45476","","","","","","",
"中国香港特别行政区","HKG","入学率，小学，男生（占总数的百分比）","SE.PRM.ENRR.MA","","","","","","","","","","","","","","","","","","","","","","","","","","","","","","","","","","","","","","","","","","101.30500793457","102.36173248291","103.571426391602","101.527488708496","102.019577026367","102.258796691895","101.60311126709","103.291007995605","104.968902587891","106.151869158878","105.322658610272","108.010807374444","107.615979381443","106.123977344242","106.238182934316","105.723214285714","105.205495134516","103.703422053232","102.428720626632","106.126009693053","107.343575418994","104.464812712826","","104.650822669104",
"中国香港特别行政区","HKG","初等教育，小学生（女生所占百分比）","SE.PRM.ENRL.FE.ZS","","","","","","","","","","","","47.3825","47.75888","47.9569","47.99301","47.94463","47.94113","47.8453","47.86369","47.88973","47.84088","47.88158","47.84044","47.70994","47.6377","47.65413","47.66584","47.62074","47.87473","","","","","","","48.69906","48.36034","","48.15668","47.83062","47.72233","48.06383","48.05519","48.09371","48.06212","48.03722","47.97763","47.93619","47.84286","47.86355","47.86042","47.87644","47.91636","47.9127","47.98085","47.95613","47.9031","47.85527","47.79839","","","","","","",
"中国香港特别行政区","HKG","Educational attainment, at least completed primary, population 25+ years, male (%) (cumulative)","SE.PRM.CUAT.MA.ZS","","","","","","","","","","","","63.3499984741211","","","","","","","","","","71.6500015258789","","","","","","","","","","","","","","","","","","","","","","","","","96.6900024414062","","96.9199981689453","96.9300003051758","96.620002746582","96.879997253418","100","100","97.5199966430664","97.7799987792969","100","97.8499984741211","100","97.8199996948242","100","100","97.870002746582","100","100",
"中国香港特别行政区","HKG","小学女生毕业率（相关年龄群体所占比例）","SE.PRM.CMPT.FE.ZS","","","","","","","","","","","","","","","","","","","","","","","","","","","","","","","","","","","","","","","","","","","","103.472221374512","99.1698989868164","99.4168701171875","100.09114074707","98.0952377319336","95.0781326293945","94.3478317260742","100.798076923077","101.609756097561","102.190311418685","111.788381742739","101.18431372549","93.3045112781955","93.3778625954198","110.701754385965","92.4216027874565","96.4557823129252","103.871886120997","118.59243697479","104.157088122605","","90.7207792207792",
"中国香港特别行政区","HKG","Trained teachers in preprimary education, female (% of female teachers)","SE.PRE.TCAQ.FE.ZS","","","","","","","","","","","","","","","","","","","","","","","","","","","","","","","","","","","","","","","","","74.4257965087891","76.441520690918","77.8390884399414","83.2590103149414","88.3098373413086","92.7469329833984","","96.0671997070312","96.6283416748047","95.9815979003906","95.3915662650602","95.3621223857475","95.211499725325","95.367754088535","95.1195545365215","95.9713024282561","95.7848072732737","96.5370817775825","96.8105065666041","96.8833610528599","97.4982181040627","97.7409747947992","97.8941766762962","97.7328132618235","98.0290819901892",
"中国香港特别行政区","HKG","Pupil-teacher ratio in pre-primary education (headcount basis)","SE.PRE.ENRL.TC.ZS","","","","","","","","","","","","38.3669","35.11194","38.23693","38.09809","37.80729","38.43186","39.22867","39.38769","39.65434","38.12973","38.13212","37.38594","37.5","35.29583","34.30021","32.91982","30.86076","29.51075","28.50544","28.26422","25.86781","24.78347","23.73702","22.81063","","21.36964","","","","","","","","","","","","","","","","","","","","","","","","","","","","",
"中国香港特别行政区","HKG","Primary school age children out-of-school (%)","SE.LPV.PRIM.SD","","","","","","","","","","","","","","","","","","","","","","","","","","","","","","","","","","","","","","","","","","3.73432159423828","","","","","3.73432159423828","","","","","3.73432159423828","","","","","3.73432159423828","","","","","3.73432159423828","","","",
"中国香港特别行政区","HKG","Pupils below minimum reading proficiency at end of primary (%). Low GAML threshold","SE.LPV.PRIM.LD","","","","","","","","","","","","","","","","","","","","","","","","","","","","","","","","","","","","","","","","","","3.37581419944763","","","","","0.85384577512741","","","","","0.81492269039154","","","","","1.40390419960022","","","","","1.7200767993927","","","",
"中国香港特别行政区","HKG","中学女生与男生的入学比例(%)","SE.ENR.SECO.FM.ZS","","","","","","","","","","","","0.777220010757446","0.792289972305298","0.818989992141724","0.850809991359711","0.875220000743866","0.917670011520386","0.92058002948761","0.951789975166321","0.998740017414093","1.02388000488281","1.04752004146576","1.06933999061584","1.0900399684906","1.08972001075745","1.07842004299164","1.08201003074646","1.06814002990723","1.04551994800568","","","","","","","","1.0493700504303","","","","","1.00880002975464","0.999960005283356","1.00460004806519","1.00652003288269","1.00958001613617","1.00756001472473","1.00461995601654","1.00397002696991","1.00598001480103","1.00318002700806","1.00396001338959","1.00511002540588","0.987929999828339","0.983210027217865","0.983659982681274","0.979399979114532","0.969569981098175","0.969929993152618","0.977010011672974","0.986289978027344","0.994069993495941","","","",
"中国香港特别行政区","HKG","识字率，成人总体（占 15 岁以上人口的百分比）","SE.ADT.LITR.ZS","","","","","","","","","","","","","","","","","","","","","","","","","","","","","","","","","","","","","","","","","","","","","","","","","","","","","","","","","","","","","","","","","",
"中国香港特别行政区","HKG","识字率，青年男性（占 15-24 岁男性人口的百分比）","SE.ADT.1524.LT.MA.ZS","","","","","","","","","","","","","","","","","","","","","","","","","","","","","","","","","","","","","","","","","","","","","","","","","","","","","","","","","","","","","","","","","",
"中国香港特别行政区","HKG","Regulatory Quality: Percentile Rank, Upper Bound of 90% Confidence Interval","RQ.PER.RNK.UPPER","","","","","","","","","","","","","","","","","","","","","","","","","","","","","","","","","","","","","99.4565200805664","","100","","100","","100","100","100","100","100","100","100","100","100","100","100","100","100","100","100","100","100","100","99.523811340332","99.523811340332","99.5283050537109","99.5283050537109","",
"中国香港特别行政区","HKG","Regulatory Quality: Estimate","RQ.EST","","","","","","","","","","","","","","","","","","","","","","","","","","","","","","","","","","","","","1.67779505252838","","1.83557486534119","","1.76117527484894","","1.67731201648712","1.89488017559052","1.94858276844025","1.78850102424622","1.93568968772888","1.9852135181427","1.95424950122833","1.81679880619049","1.87403082847595","1.77572727203369","1.94034564495087","1.91957795619965","2.05077266693115","2.18110251426697","2.14369583129883","2.15742993354797","2.22129154205322","1.97553372383118","1.78420507907867","1.56809985637665","1.58980143070221","1.60433173179626","",
"中国香港特别行政区","HKG","Rule of Law: Percentile Rank","RL.PER.RNK","","","","","","","","","","","","","","","","","","","","","","","","","","","","","","","","","","","","","69.8492431640625","","82.5","","71.1442794799805","","88.059700012207","91.5422897338867","92.788459777832","92.8229675292969","90.9090881347656","90.9090881347656","90.3846130371094","90.9952621459961","90.9952621459961","90.6103286743164","90.6103286743164","91.0798110961914","94.2307662963867","94.7619018554688","93.3333358764648","93.8095245361328","95.2380981445312","91.4285736083984","91.4285736083984","90","87.7358474731445","87.7358474731445","",
"中国香港特别行政区","HKG","Political Stability and Absence of Violence/Terrorism: Standard Error","PV.STD.ERR","","","","","","","","","","","","","","","","","","","","","","","","","","","","","","","","","","","","","0.431220650672913","","0.404667377471924","","0.350249618291855","","0.30580261349678","0.313252478837967","0.303381025791168","0.288493901491165","0.257662057876587","0.249552398920059","0.251419931650162","0.25938680768013","0.265753149986267","0.278900504112244","0.245286226272583","0.260376870632172","0.217278182506561","0.22024841606617","0.236355438828468","0.244548231363297","0.235524103045464","0.218431860208511","0.246939331293106","0.256318181753159","0.257859170436859","0.241688445210457","",
"中国香港特别行政区","HKG","Political Stability and Absence of Violence/Terrorism: Number of Sources","PV.NO.SRC","","","","","","","","","","","","","","","","","","","","","","","","","","","","","","","","","","","","","3","","3","","4","","5","5","6","6","7","7","7","6","6","7","7","7","7","7","6","7","7","8","6","6","6","7","",
"中国香港特别行政区","HKG","Coverage of social insurance programs in 3rd quintile (% of population)","per_si_allsi.cov_q3_tot","","","","","","","","","","","","","","","","","","","","","","","","","","","","","","","","","","","","","","","","","","","","","","","","","","","","","","","","","","","","","","","","","",
"中国香港特别行政区","HKG","Benefits incidence in poorest quintile (%) - All Social Insurance","per_si_allsi.ben_q1_tot","","","","","","","","","","","","","","","","","","","","","","","","","","","","","","","","","","","","","","","","","","","","","","","","","","","","","","","","","","","","","","","","","",
"中国香港特别行政区","HKG","Coverage of social safety net programs in 3rd quintile (% of population)","per_sa_allsa.cov_q3_tot","","","","","","","","","","","","","","","","","","","","","","","","","","","","","","","","","","","","","","","","","","","","","","","","","","","","","","","","","","","","","","","","","",
"中国香港特别行政区","HKG","Benefits incidence in poorest quintile (%) - All Social Assistance","per_sa_allsa.ben_q1_tot","","","","","","","","","","","","","","","","","","","","","","","","","","","","","","","","","","","","","","","","","","","","","","","","","","","","","","","","","","","","","","","","","",
"中国香港特别行政区","HKG","Coverage of unemployment benefits and ALMP in 3rd quintile (% of population)","per_lm_alllm.cov_q3_tot","","","","","","","","","","","","","","","","","","","","","","","","","","","","","","","","","","","","","","","","","","","","","","","","","","","","","","","","","","","","","","","","","",
"中国香港特别行政区","HKG","Benefits incidence in poorest quintile (%) - All Labor Market","per_lm_alllm.ben_q1_tot","","","","","","","","","","","","","","","","","","","","","","","","","","","","","","","","","","","","","","","","","","","","","","","","","","","","","","","","","","","","","","","","","",
"中国香港特别行政区","HKG","Adequacy of social protection and labor programs (% of total welfare of beneficiary households)","per_allsp.adq_pop_tot","","","","","","","","","","","","","","","","","","","","","","","","","","","","","","","","","","","","","","","","","","","","","","","","","","","","","","","","","","","","","","","","","",
"中国香港特别行政区","HKG","官方汇率（相当于1美元的本币单位，时期平均值）","PA.NUS.FCRF","5.7143000047143","5.7143000047143","5.7143000047143","5.7143000047143","5.7143000047143","5.7143000047143","5.7143000047143","5.7431583376003","6.0606000050606","6.0606000050606","6.0606000050606","5.98041047018348","5.64141666658333","5.1465","5.03158333333333","4.93516666658333","4.90474999983334","4.66199999991666","4.68366666658333","5.00266666641666","4.97608333333334","5.58933333333333","6.06991666666667","7.26516666658333","7.818","7.79075","7.80333333333333","7.79825","7.806","7.79991666666666","7.78975","7.77116666666667","7.74058333333333","7.73558333333333","7.72841666666667","7.73583333333333","7.73425416666667","7.74208333333333","7.74533333333333","7.7575","7.79116666666667","7.79875","7.79891666666667","7.78675","7.788","7.77733333333333","7.76783333333333","7.80141666666666","7.78683333333333","7.75175","7.76916666666667","7.784","7.75641666666666","7.756","7.75408333333333","7.75175","7.76225","7.79325","7.8385","7.83591666666667","7.75725","7.77325","7.83141666666666","7.82958333333333","7.80383333333334",
"中国香港特别行政区","HKG","来自国外的净经常转移（现价本币单位）","NY.TRF.NCTR.CN","","","","","","","","","","","","","","","","","","","","","","","","","","","","","","","","","","","","","","-10233000000","-10354000000","-9797000000","-10922000000","-11376000000","-11823000000","-11003000000","-11680000000","-12204000000","-12501000000","-14096000000","-18412000000","-16386000000","-17580000000","-19791000000","-20336000000","-20876000000","-19786000000","-22124000000","-20969000000","-20551000000","-22813000000","-21592000000","-20694000000","-19017000000","-14620000000","-17116000000","-20168000000",
"中国香港特别行政区","HKG","净产品税（现价美元）","NY.TAX.NIND.CD","","","","","","","","","","","","","","","","","","","","","","","","","","","","","","","","","","","","","","","","","4008513743.83324","3389389325.21237","3129408865.35913","3265547243.71529","4275295326.14278","4539473878.77052","5194241431.29751","8284905165.30523","7478393333.97801","7055052085.01306","8843547834.6649","8915853031.86023","8196439154.83141","9710417741.10366","10734473695.987","12311155545.522","10788495603.7231","14204434635.3231","15031574918.6707","11947931556.7023","13157582632.9088","17850705946.6761","13324919360.0596","11232143525.3959","10679239291.7685",
"中国香港特别行政区","HKG","总储蓄（占 GDP 的百分比）","NY.GNS.ICTR.ZS","","","","","","","","","","","","","","","","","","","","","","","","","","","","","","","","","","","","","","","30.7030030751778","31.4161171620656","31.9780511659929","31.6255941521679","31.0734031351075","33.165804594575","32.3057899681093","32.940889877081","34.9776120007146","34.4167444929359","36.0229572153312","31.7309332729078","30.891865807468","29.7011051351653","26.7984114975549","25.5491717088387","25.2142312299062","24.8585789100752","25.4616417796271","26.6501787796092","25.7310777729923","24.0416524248707","25.971076793207","28.6115730628268","25.4148109526957","24.6233486158486","28.7129820762866",
"中国香港特别行政区","HKG","按购买力平价 (PPP) 衡量的人均国民总收入（GNI）（2017年不变价国际元）","NY.GNP.PCAP.PP.KD","","","","","","","","","","","","","","","","","","","","","","","","","","","","","","","","","","40684.9550928468","41456.2424462007","40785.1390663072","40477.9709435337","42819.2756785645","41628.5118169217","41702.3194875713","43438.5982883555","44249.2739785707","44677.0649860249","45902.6334891611","47420.8781269032","49248.5039918639","52201.4647096078","56021.4780339483","57524.7611001495","54775.6644495544","56364.0607755831","58651.3105259009","57895.3738675566","59981.0121844565","61142.4298757034","62900.591019251","64518.4461503927","67682.0207058074","69519.0264309799","67818.3972479095","64125.1725424385","70450.3381456266","67925.2380660254","68990.5325284931","72422.0630498872",
"中国香港特别行政区","HKG","人均国民总收入（GNI）（2015年不变价美元）","NY.GNP.PCAP.KD","","","","","","","","","","","","","","","","","","","","","","","","","","","","","","","","","","27953.5325687107","28483.4632544545","28022.366268013","27811.319356337","29419.966533521","28601.8248811063","28652.5361359329","29845.4863529191","30402.4796999039","30696.4033341364","31538.4583146427","32581.6031536018","33837.3154684615","35866.2149328754","38490.842799151","39523.7079468487","37634.8779707169","38726.2221378749","40297.7295966487","39778.3459583803","41211.3316525997","42009.3103448229","43217.2953278478","44328.8798434659","46502.4863809812","47764.6433441714","46596.1870155907","44058.6721811182","48404.5224416803","46669.5944528622","47401.5294736555","49759.2413101663",
"中国香港特别行政区","HKG","按购买力平价 (PPP) 衡量的国民总收入（GNI）（现价国际元）","NY.GNP.MKTP.PP.CD","","","","","","","","","","","","","","","","","","","","","","","","","","","","","","","101214189836.467","110021302793.673","119366526195.734","135152620679.241","145869347821.038","153470914237.093","160123906246.147","172544225576.547","167564483881.762","174330755162.56","189627611470.899","197889662172.458","200982645430.064","215239061494.801","239226039613.289","260815073674.015","293015109883.321","323029490240.776","345014930353.563","329373439398.035","352888174672.696","379780810643.688","378267055024.931","391476383516.671","402243321787.729","416187562392.145","426902050223.732","457163101472.426","475445146515.694","482863342666.619","460692239607.54","522255401707.345","537286955249.946","584575610337.406","619383892408.833",
"中国香港特别行政区","HKG","GNI: linked series (current LCU)","NY.GNP.MKTP.CN.AD","","","","","","","","","","","","","","","","","","","","","","","","","","","","","","","582548979700","668512026600","779334975500","936211000000","1051860000000","1128818000000","1224628000000","1371972000000","1333641000000","1312098000000","1348246000000","1351595000000","1305731000000","1288895000000","1344927000000","1419589000000","1538864000000","1703567000000","1807994000000","1709007000000","1813928000000","1987256000000","2066514000000","2178824000000","2306612000000","2442656000000","2553191000000","2775163000000","2970244000000","2988739000000","2831876000000","3066705000000","2994738000000","3236129000000","3475900000000",
"中国香港特别行政区","HKG","国内总收入（不变价本币单位）","NY.GDY.TOTL.KN","","100528763356.519","118136284006.376","140025221238.938","152298836534.447","176267457899.435","179936174246.43","183955407246.747","192527088413.547","214273397157.191","234233504252.734","258167118265.845","287605545177.665","321200619062.185","319225807666.443","326472558055.152","386987204189.534","430544652789.372","466599619386.32","523289943686.59","581979478926.964","629010827113.361","654602044855.696","689242385208.612","767031453115.242","787427821568.087","860369017828.005","976353513707.885","1058982891119.21","1103785517343.91","1150102072734.19","1232826066427.15","1334148052304.28","1437519567057.5","1508352885839.96","1512569259760.33","1598357721011.55","1693421197302.23","1630671197715.95","1645329897745.11","1759059924232.64","1776973081405.39","1844518370481.09","1868803599499.45","1960675976415.97","2080983198796.32","2181360073671.42","2342402675834.8","2357954275401.93","2311349514816.26","2419351801111.98","2519359765923","2545863615619.92","2632583852101.42","2699040380647.99","2806763856047.96","2878424127063.04","2989683890156.95","3084358503502.24","3021203850863.76","2825072143826.51","3048419321875.38","2915113052828.6","2983408000000","3098038617109.75",
"中国香港特别行政区","HKG","自然资源租金总额（占GDP的百分比）","NY.GDP.TOTL.RT.ZS","","","","","","","","","","","0.00950559877964356","0.00713685242305314","0.00528391576765134","0.00672260139951266","0.00647824734895496","0.0086015047788877","0.00690349290605203","0.00740475522226782","0.00490066371956883","0.00551475805525282","0.00488938778053058","0.00289968454606191","0.00275054075584575","0.00281376676660714","0.00159534928118146","0.00152572300547865","0.0020746857261368","0.00163995066625124","0.00137379242329577","0.00119951994837091","0.00107915747368737","0.00105036512660392","0.00126283824459394","0.000842380001730745","0.000870257223317569","0.00136552673598051","0.00147708433810758","0.00116430442658972","0.000972112419868324","0.000529482643712148","0.000500998268973069","0.000583448601205964","0.000657691895480615","0.000974241299658627","0.00102021918538856","0.000619914123345892","0.000665683842649037","0.000902723649257638","0.00145921493633856","0.00139045653813043","0.00207769698047783","0.00836942973155063","0.00233967746770346","0.00380877580925821","0.0173546989496714","0.00132324181590028","0.00136992350320175","0.00161903902082238","0.00106133601917033","0.000885726237364786","0.000887798126199827","0.000992608591579756","","","",
"中国香港特别行政区","HKG","人均 GDP（不变价本币单位）","NY.GDP.PCAP.KN","","35960.9860799848","39395.4980031466","44063.2582069046","46721.737145466","52173.7680313516","52641.9460591201","52151.3377028043","52790.1228074789","57847.252775693","61655.4685526648","64740.810323091","70251.2367833931","76683.5628064881","76092.329480561","75030.4823381746","86070.6064630367","94784.5626895303","100772.147830745","106438.728523034","114109.932649958","121783.771269823","123444.771583246","128850.3489177","140315.493062117","139867.123639163","153407.84853202","172219.514380432","185313.988201009","187580.457950828","194140.941362083","203516.168289291","214397.551935178","223814.777156414","232039.467143851","232890.141485681","232266.024395929","242087.282141371","225951.984351361","229414.364640884","244827.456864216","244392.862993909","247343.900594594","255407.23242408","275471.069506892","294533.846063524","313229.207682548","330624.466839206","335645.893817011","326687.557365764","346244.412175052","360482.493353696","362586.816967595","372332.808647564","379940.24483021","385715.167391275","391672.709429436","403428.691229779","411607.090143037","401742.164919618","376798.957358642","404793.271370951","393437.470222295","395882.220246547","406446.2194814",
"中国香港特别行政区","HKG","人均 GDP（现价美元）","NY.GDP.PCAP.CD","426.773807917233","436.754411520393","487.821134050813","565.727810358046","629.591525784494","676.805507110096","685.926614135084","723.239225616661","714.48296958061","825.523449142012","960.031961510704","1106.46971695915","1384.7342645141","1893.18124189464","2144.61495884823","2252.12694057369","2850.0146101832","3429.42027607254","3923.9713784987","4569.4838495588","5700.43210891578","5991.28488804536","6133.7668997328","5595.26055343754","6208.22615937199","6542.97352840976","7434.99925513073","9071.39076473445","10609.7456394545","12097.7487914553","13485.6314525052","15465.9245305858","17976.4688629053","20395.5621886121","22502.5302426236","23497.3920767477","24818.3021600084","27330.0933613355","25808.8609899709","25091.6665997966","25756.7728723704","25230.3780910304","24665.8362318216","23977.1734120477","24928.1003722551","26649.637724155","28224.0951563146","30593.9511738646","31515.5292103443","30697.5383861641","32550.136489179","35142.4879344543","36730.796195815","38403.7777145477","40315.3739510191","42432.1619740441","43734.1980702999","46160.429791493","48537.5668888343","48359.0011950597","46109.2299946609","49770.5642374739","48825.8441873536","50562.3633144379","54074.6928519479",
"中国香港特别行政区","HKG","GDP（不变价本币单位）","NY.GDP.MKTP.KN","","113928000000","130210000000","150736000000","163741000000","187716000000","191085000000","194149000000","200745000000","223516000000","244094000000","261896000000","289688000000","325261000000","333117000000","334756000000","388867000000","434464000000","470354000000","524711000000","577750000000","631254000000","649875000000","688718000000","757409000000","763143000000","847517000000","961071000000","1042873000000","1066620000000","1107477000000","1170625000000","1243613000000","1320731000000","1400451000000","1433695000000","1494748000000","1570977000000","1478562000000","1515626000000","1631775000000","1640927000000","1668112000000","1719095000000","1868658000000","2006718000000","2147844000000","2286698000000","2335357000000","2277927000000","2432090000000","2549188000000","2592532000000","2672940000000","2746778000000","2812365000000","2873546000000","2982629000000","3067543000000","3016240000000","2818833000000","3000773000000","2890231000000","2983408000000","3058142000000",
"中国香港特别行政区","HKG","GDP（现价本币单位）","NY.GDP.MKTP.CN","7116188200","7455000000","8687000000","10427000000","11888000000","13953000000","14282000000","15475000000","16533000000","19437000000","23106000000","26681000000","32213000000","41327000000","47240000000","49589000000","63156000000","73284000000","85782000000","112691000000","143619000000","173578000000","196005000000","217281000000","261992000000","278128000000","320525000000","394770000000","466076000000","536558000000","599256000000","691323000000","807130000000","931010000000","1049610000000","1119006000000","1235301000000","1373083000000","1308074000000","1285946000000","1337501000000","1321142000000","1297341000000","1256669000000","1316949000000","1412125000000","1503351000000","1650756000000","1707487000000","1659245000000","1776332000000","1934430000000","2037059000000","2138305000000","2260005000000","2398280000000","2490598000000","2659611000000","2835429000000","2845022000000","2675793000000","2867973000000","2808969000000","2983408000000","3175094000000",
"中国香港特别行政区","HKG","按要素成本计算的增加值总额（不变价本币单位）","NY.GDP.FCST.KN","","","","","","","","","","","","","","","","","","","","","","","","","","","","","","","","","","","","","","","","","1577133913386.96","1595238568352.54","1630278764319.64","1686493679979.07","1829807825597.01","1956052615730.41","2073951596492.67","2208717584466.05","2260682508082.39","2216698144285.1","2371077105187.53","2500038974285.12","2548492519399.5","2616544881701.3","2689392107601.84","2737017093806.21","2800825119574.05","2890653771125.61","2978497710704.29","2946851161636.14","2741567460433.48","2896289895064.7","2813985387514.3","2914367000000","2977889018000",
"中国香港特别行政区","HKG","GDP 支出估计误差（不变价本币单位）","NY.GDP.DISC.KN","","","","","","","","","","","","","","","","","","","","","","","","","","","","","","","","","","","","","","","","","","","","","","","","","","","","","","","","","","","","","","","","0","609771000",
"中国香港特别行政区","HKG","Inflation, GDP deflator: linked series (annual %)","NY.GDP.DEFL.KD.ZG.AD","","","","","","","","","","","","","","","","","","","","","","","","","","","","","","","7.56493614762985","9.14039863547187","9.89932508775016","8.61298201277168","6.3212484593282","4.13952748822763","5.88371428114674","5.76017273592078","1.21987803214981","-4.09573706468056","-3.39421025011872","-1.7740137650017","-3.401874604949","-6.00774091225087","-3.59088245768518","-0.150093358862904","-0.534868677821166","3.1374564373978","1.28148347237271","-0.375400400770928","0.27063889422439","3.89787279394704","3.54480838540781","1.81246659349989","2.85026105901136","3.64356946616446","1.63827368479652","2.88057978613993","3.65952950249142","2.04497329596536","0.638332479637313","0.683603053456778","1.68864877684707","2.892947554779","3.82428284886707",
"中国香港特别行政区","HKG","调整后的净储蓄，不包括颗粒物排放损害（占 GNI 的百分比）","NY.ADJ.SVNX.GN.ZS","","","","","","","","","","","","","","","","","","","","","","","","","","","","","","","","","","","","","","","","","","","","","","","","","","","","","","","","","","","","","","","","","",
"中国香港特别行政区","HKG","人均调整国民收入净额（每年％的增长）","NY.ADJ.NNTY.PC.KD.ZG","","","","","","","","","","","","","","","","","","","","","","","","","","","","","","","","","","","","","","","","","","","","","","","","","","","","","","","","","","","","","","","","","",
"中国香港特别行政区","HKG","调整后的国民净收入（2015年不变价美元）","NY.ADJ.NNTY.KD","","","","","","","","","","","","","","","","","","","","","","","","","","","","","","","","","","","","","","","","","","","","","","","","","","","","","","","","","","","","","","","","","",
"中国香港特别行政区","HKG","调整后的储蓄： 总储蓄（占 GNI 的百分比）","NY.ADJ.ICTR.GN.ZS","","","","","","","","","","","","","","","","","","","","","","","","","","","","","","","","","","","","","","","30.1144044431871","30.7899487691389","31.7231950151364","30.9130275089146","30.8737423511193","32.3365607199192","31.6337450231214","32.7676949421966","34.1704226553671","33.3498186708973","34.0204331141426","30.8070018491033","30.2515878832667","28.9115789845988","26.4164432391011","25.0740406801414","24.7047549882985","24.4069645330081","24.8374291564811","25.5405209114619","24.5631820546722","22.8809643271085","24.4591940173995","26.9862779513089","","","",
"中国香港特别行政区","HKG","调整后的储蓄： 能源损耗（占 GNI 的百分比）","NY.ADJ.DNGY.GN.ZS","","","","","","","","","","","","0","0","0","0","0","0","0","0","0","0","0","0","0","0","0","0","0","0","0","0","0","0","0","0","0","0","0","0","0","0","0","0","0","0","0","0","0","0","0","0.000532070457952821","0.0054956218423654","0.000833223395957405","0.00208615974438552","0.0127176569377585","0.000159020463024574","0.000122267047316063","0.000221145607830567","0.00030189899566171","0.000210885471042165","8.34501955717353E-05","0.000241317915308983","","","",
"中国香港特别行政区","HKG","调整后的储蓄： 固定资本消耗（占 GNI 的百分比）","NY.ADJ.DKAP.GN.ZS","","","","","","","","","","","3.97754214688199","3.91441085293647","3.82178456981486","3.65509497290089","3.96911138569769","4.13978741393662","3.82365038600585","3.64871779086733","3.59270612394021","3.5706085775518","3.75328410418393","4.00410137581596","4.34352922838851","4.48809162512758","4.43475906083531","4.90978940388944","4.76010382410942","4.49220756657771","4.72805872432024","4.90068012888277","5.08308096356075","5.31071633676395","5.90577822879966","6.06722011115922","6.40081444055753","7.47387071657351","8.54832884209142","8.87871694502919","9.61108826398495","10.1218937641107","9.57896529361627","9.22048804380219","9.22605443345765","9.29821128128691","8.54683680510626","9.35325236836439","9.76530266807826","9.98366445531814","11.8646853366697","13.6675977383014","13.9603915654738","15.0759895645727","15.880275542946","14.8556607499475","19.4419661387156","20.0004047503081","19.2608778231424","20.1752673547495","18.5078176727081","18.4397431507055","18.1858968959539","17.8474332916324","","","",
"中国香港特别行政区","HKG","调整后的储蓄： 二氧化碳损害（占 GNI 的百分比）","NY.ADJ.DCO2.GN.ZS","","","","","","","","","","","0.666836242137619","0.611250256332338","0.527019828799399","0.407562822131895","0.444624375148196","0.459481318280383","0.44876119912777","0.463121047229654","0.462902615642811","0.389628643876403","0.350002333103929","0.390566270432055","0.467959192970103","0.634060308524785","0.659673368684462","0.681709180568355","0.708439022864398","0.612452156658201","0.60449442732777","0.579671076852335","0.568358442933366","0.570121096276202","0.568067225015494","0.505340755454049","0.39953767181306","0.394630687447902","0.353958861139439","0.318509130289935","0.420072389960181","0.474475675920266","0.445634710622557","0.465047852333511","0.489305456027234","0.561143130230632","0.516477838108406","0.544067581238875","0.522142905496229","0.52231311131563","0.497006642036979","0.564632149426487","0.5159536608333","0.526856122623312","0.519571093643015","0.530359692922124","0.537203604124201","0.487250182690731","0.49114112976731","0.462759287289222","0.454552737400679","0.464225013096021","0.379660262874755","0.378867124394579","","","",
"中国香港特别行政区","HKG","Services, value added (% of GDP)","NV.SRV.TOTL.ZS","","","","","","","","","","","","","","","","","","","","","","","","","","","","","","","","","","","","","","","","","83.758142984566","84.6906691332196","85.6094118662711","87.7098901938378","88.3525482004239","89.0584757015137","89.9578341984008","90.2904487398501","87.8208735996233","88.3970721623389","90.913241443604","91.5084029920959","91.9216380085211","91.1138962870124","90.4754193021697","89.8369664926531","89.5271336442091","88.6354057040673","88.6972306483428","90.0068962559868","89.4275080321983","89.6756698895004","91.0667935459594","91.3704729624644","91.7510158754355",
"中国香港特别行政区","HKG","Services, value added (current LCU)","NV.SRV.TOTL.CN","","","","","","","","","","","","","","","","","","","","","","","","","","","","","","","","","","","","","","","","","1120266000000","1118884000000","1110646000000","1102223000000","1163558000000","1257617000000","1352382000000","1490475000000","1499530000000","1466724000000","1614921000000","1770166000000","1872498000000","1948293000000","2044749000000","2154542000000","2229761000000","2357357000000","2514947000000","2560716000000","2392895000000","2571874000000","2558038000000","2725954000000","2913181000000",
"中国香港特别行政区","HKG","Medium and high-tech manufacturing value added (% manufacturing value added)","NV.MNF.TECH.ZS.UN","","","","","","","","","","","","","","","","","","","","","","","","","","","","","","","27.5554229830935","27.6856343576795","28.1735409721877","28.6053747629094","31.281227301741","33.385957526429","32.3021341755192","32.6436467179787","34.1769114595831","35.1163957607919","39.4965091107193","36.6062331193091","29.9977542388741","26.3129746496952","27.1298576169575","29.5655830983128","33.0786692377163","29.8432282528723","32.6820603907638","32.578044757073","38.0738537227195","36.1079448307306","34.1269615242218","33.9298820075651","36.0551339090988","36.6098930965755","37.3751868460389","38.4677582373155","38.0703087618565","37.3240843824042","36.7794004611837","36.0295633226348","39.750339673913","","",
"中国香港特别行政区","HKG","化学品（占制造业增加值的百分比）","NV.MNF.CHEM.ZS.UN","","","","","","","","","","","","","","1.68897092754961","1.86906929933864","1.58383397050792","1.46279659064732","1.6893527734438","1.72443085287122","1.65597958040217","1.58178484442133","1.56211368591401","1.50014403155399","1.60798947235592","1.62429510838001","1.61862787160186","1.58617870841979","1.48686795103612","1.59473559402419","1.87946413877094","1.80464264027528","2.12482843162935","1.84785312702124","2.09492146708437","2.31219598089494","2.2242492281785","2.71078572112164","2.58756823296818","2.96263885164222","3.34362218133714","3.69733201439365","3.62763015315942","3.29191151701164","4.18226548293935","3.59490418584734","4.59650685270397","4.62544850984891","5.72471560359952","6.14860864416815","6.77581001587351","6.56445753839993","7.79379915650291","7.58123771822402","8.59255913735674","10.1224228677775","9.74512290873951","11.3363228699552","12.5732767333738","11.9620591629373","10.8418258114242","11.4719446579554","11.8665528105768","12.0697463768116","","",
"中国香港特别行政区","HKG","工业（包括建筑业），增加值（2015年不变价美元）","NV.IND.TOTL.KD","","","","","","","","","","","","","","","","","","","","","","","","","","","","","","","","","","","","","","","","","19716499334.1423","18972307690.9632","18364964415.1195","17503078077.4433","17177069579.4898","16935396629.621","16573941980.5788","16544975154.2739","16783053208.8639","15994301365.4877","17217432910.2457","18743822917.1144","19560979393.6169","19854086416.5098","21322501132.1292","21836488534.847","22496844454.478","22351004150.4209","22894720956.2152","21429852515.8813","19028598571.1019","19268925557.6388","20243073915.0294","21632145371.0726","22403725770.9903",
"中国香港特别行政区","HKG","制造业，增加值（不变价本币单位）","NV.IND.MANF.KN","","","","","","","","","","","","","","","","","","","","","","","","","","","","","","","","","","","","","","","","","40218000000","36619000000","33073000000","29599000000","30288000000","30765000000","31314000000","31048000000","28860000000","26500000000","27386000000","27587000000","27369000000","27393000000","27283000000","26865000000","26747000000","26863000000","27205000000","27319000000","25725000000","27132000000","27188000000","28206000000","28435000000",
"中国香港特别行政区","HKG","制造业，增加值（现价美元）","NV.IND.MANF.CD","","","","","","","","","","","","","","","","","","","","","","","","","","","","","","","","","","","","","","","","","7880590930.72963","6869690655.55377","5869148241.99309","5011333354.73721","5067796610.16949","5097634369.00542","5108889441.88167","4148605311.0608","4046060831.1492","3704195826.7488","3914190543.20753","3928314491.26413","3945120536.96958","3888086642.59928","3596169914.61144","3446447576.35373","3458275628.84473","3502925627.4701","3517382152.19749","3747614988.7754","3290491414.42789","3367317402.63082","3396320231.70264","3602490707.35951","3801721538.63364",
"中国香港特别行政区","HKG","农业，林业、和渔业，每个工人的增加值（占 GDP 的百分比）","NV.AGR.TOTL.ZS","","","","","","","","","","","","","","","","","","","","","","","","","","","","","","","","","","","","","","","","","0.0873270375124953","0.0894680511254657","0.0881032820206869","0.0751987993656245","0.0731235605934626","0.0674869434363105","0.0629926078474022","0.0614869792991817","0.0541731796493912","0.0656925288308839","0.0533684018528068","0.0487999048815413","0.0546866831053985","0.0572883662527095","0.0661945438173809","0.0679653751855497","0.0762065977729043","0.0652727034141459","0.0621422719454446","0.0723017256105577","0.098961317261836","0.0755934592131795","0.0529019722182765","0.0379096657245673","0.0374477102095245",
"中国香港特别行政区","HKG","农业，增加值（现价本币单位）","NV.AGR.TOTL.CN","","","","","","","","","","","","","","","","","","","","","","","","","","","","","","","","","","","","","","","","","1168000000","1182000000","1143000000","945000000","963000000","953000000","947000000","1015000000","925000000","1090000000","948000000","944000000","1114000000","1225000000","1496000000","1630000000","1898000000","1736000000","1762000000","2057000000","2648000000","2168000000","1486000000","1131000000","1189000000",
"中国香港特别行政区","HKG","货物和服务对外贸易差额（占 GDP 的百分比）","NE.RSB.GNFS.ZS","","-7.59221998658618","-8.3112697133648","-7.11614078833797","-7.66318977119785","-3.44012040421415","-3.53591933902815","4.65266558966074","5.38317304784371","8.82337809332716","7.70362676361118","4.20149169821221","7.94399776487753","6.31306409853123","4.79254868755292","5.59196596019278","10.6799037304452","6.53348616341903","1.01419878296146","1.29291602701192","-0.516644733635522","-1.51804952240491","0.564271319609194","1.80503587520308","8.00253442853217","10.0392624978427","9.10350206692146","10.4136585860121","8.92601206670157","11.4628800614286","8.53792035457301","6.79957125685099","5.2001536307658","6.74622184509296","1.1571917188289","-4.48103048598488","-1.4847393469284","-3.35733528126122","0.536131747898055","5.16483584847264","4.40889389989241","4.69041178011145","8.15706895873945","9.09730406336116","8.71073974770473","12.2166238824467","11.1616648407458","10.6753511724325","10.1735474413568","7.87255649406809","5.87463379593454","3.85012639382144","1.1306005373433","0.60010148224879","0.204955298771463","2.38925396534183","2.28302600419658","1.00913253855545","-0.213759540443439","1.55910920899733","1.92925984932317","5.56884601075394","4.09189279055767","0.586510460520318","4.07597381368867",
"中国香港特别行政区","HKG","货物和服务进口（占 GDP 的百分比）","NE.IMP.GNFS.ZS","","90.6371562709591","86.6582249338091","80.1956459192481","80.585464333782","72.2640292410234","79.4426550903235","75.9741518578352","84.8303393213573","86.1449812213819","85.4842897948585","85.1542296015892","76.4442926768696","79.1080891426912","81.8416596104996","77.8075782935732","78.7621128633859","76.8285028109819","84.5701895502553","88.3389090521869","89.2618664661361","92.0514120453053","84.3044820285197","92.2620937863872","95.9544566246298","93.8805154461255","95.6019031276811","102.356815360843","111.207185094276","106.866359275232","108.731159971698","112.532781348227","117.466331322092","113.61145422713","118.135402673374","130.689647776688","123.169251866549","118.398814929615","110.298576380235","107.553738648435","121.62256327285","118.07928292341","123.919694205301","141.678675928188","159.065157420675","165.236292821103","174.023498171751","175.737056233629","183.24162936526","170.262498907636","199.447963556362","209.002290080282","214.71896493916","221.009958822525","212.885458218013","193.508347649149","184.722102884528","187.893267098083","188.553266542735","176.092205965367","174.375222597563","198.445417721854","190.394625216583","176.210494843481","177.715368426888",
"中国香港特别行政区","HKG","货物和服务进口（现价本币单位）","NE.IMP.GNFS.CN","","6757000000","7528000000","8362000000","9580000000","10083000000","11346000000","11757000000","14025000000","16744000000","19752000000","22720000000","24625000000","32693000000","38662000000","38584000000","49743000000","56303000000","72546000000","99550000000","128197000000","159781000000","165241000000","200468000000","251393000000","261108000000","306428000000","404074000000","518310000000","573400000000","651578000000","777965000000","948106000000","1057734000000","1239961000000","1462425000000","1521511000000","1625714000000","1442787000000","1383083000000","1626703000000","1559995000000","1607661000000","1780432000000","2094807000000","2333343000000","2616184000000","2900990000000","3128827000000","2825072000000","3542858000000","4043003000000","4373952000000","4725867000000","4811222000000","4640872000000","4600685000000","4997230000000","5346294000000","5009862000000","4665920000000","5691361000000","5348126000000","5257078000000","5642630000000",
"中国香港特别行政区","HKG","资本形成总额（年增长率）","NE.GDI.TOTL.KD.ZG","","","","","","","","","","","","","","","","","","","","","","","","","","","","","","","","","","","","","","","","","","","","","","","","","","","","","","","","","","","","","","","","","3.69148911867386",
"中国香港特别行政区","HKG","库存变化（不变价本币单位）","NE.GDI.STKB.KN","","712000000","826000000","963000000","1056000000","1229000000","1241000000","1262000000","1308000000","1456000000","1595000000","1709000000","1893000000","2134000000","3614000000","2903000000","13925000000","7658000000","8794000000","12006000000","12076000000","12249000000","3822000000","10390000000","12915000000","3317000000","14222000000","20974000000","28688000000","6764000000","11476000000","8176000000","12202000000","4665000000","37913000000","74494000000","17490000000","20978000000","-28140000000","-18015000000","23913000000","-7972000000","10751000000","15956000000","13108000000","-7793000000","-2308000000","21009000000","12407000000","35834000000","56735000000","16076000000","-3942000000","-1378000000","9141000000","-23341000000","512000000","13845000000","13112000000","-2944000000","55249000000","2830000000","-23124000000","-23999000000","-15679000000",
"中国香港特别行政区","HKG","固定资本形成总额（不变价本币单位）","NE.GDI.FTOT.KN","","27262000000","36746000000","49549000000","55239000000","61641000000","53579000000","44333000000","40303000000","41962000000","47890000000","59269000000","64723000000","72309000000","71122000000","72544000000","82501000000","103839000000","114508000000","131578000000","158173000000","172809000000","176105000000","161743000000","166122000000","166290000000","176505000000","201516000000","217917000000","226501000000","245030000000","268128000000","292166000000","300766000000","345795000000","371012000000","410603000000","466789000000","432275000000","361654000000","390141000000","400881000000","385282000000","391118000000","404245000000","420510000000","450232000000","464465000000","470919000000","454592000000","489556000000","539638000000","576265000000","591040000000","590368000000","571585000000","570936000000","588778000000","598724000000","509297000000","452532000000","490113000000","453659000000","505512000000","514967000000",
"中国香港特别行政区","HKG","固定资本形成总额现价美元）（现价美元）","NE.GDI.FTOT.CD","","321652622.591781","446750064.96158","633839414.974572","783436653.179405","831762652.705061","669618730.49633","521444106.133101","431381571.379271","498227648.680583","747454476.666721","1056551862.97371","1295419218.25669","1778684542.89323","2135709576.88664","2157576430.5443","2660862828.24988","3803946803.9468","4820581821.89297","6700625886.15233","9306717753.70306","10143249650.7186","9773774501.36468","7380284582.58427","7440521872.60169","7486955684.626","8832636003.10278","11946526464.2708","15117858057.9042","17801599683.6889","20166629224.3012","23421964809.1464","28323060420.6427","32499166514.0171","39865473097.5308","43700400461.0751","49528758688.2975","59064724570.8939","51004004605.0957","42776023203.3516","45502297666.0621","43703798685.6868","37835509725.2606","34947442771.3745","36897791474.0627","38850335969.927","43403739498.5191","43627458960.3402","45049893840.0246","43803270229.3031","49793240382.1413","58491007194.2446","66707475887.3846","66466735430.6343","68469218088.0705","69301125552.2946","68951141743.6954","73907637427.5009","78132168144.4154","66434470911.3177","58744779043.9849","62143119030.0068","57639249704.1085","64564358025.1975","66257952982.8483",
"中国香港特别行政区","HKG","货物和服务出口（按不变价本币单位）","NE.EXP.GNFS.KN","","56531000000","61259000000","65096000000","71099000000","77440000000","86431000000","96084000000","107865000000","124360000000","137607000000","142375000000","155058000000","169064000000","163311000000","165338000000","207533000000","216113000000","242704000000","282670000000","323945000000","366701000000","360461000000","403377000000","479580000000","504325000000","570570000000","729234000000","882733000000","944478000000","1010500000000","1150381000000","1353326000000","1517827000000","1657984000000","1822628000000","1936974000000","2058493000000","1946865000000","2009265000000","2349152000000","2324474000000","2523516000000","2854218000000","3313909000000","3717133000000","4095349000000","4432848000000","4588875000000","4170320000000","4903034000000","5138769000000","5303463000000","5718099000000","5773718000000","5694543000000","5733495000000","6068643000000","6290401000000","5903819000000","5509378000000","6448031000000","5639760000000","5274576000000","5525631000000",
"中国香港特别行政区","HKG","货物和服务出口（现价美元）","NE.EXP.GNFS.CD","","1149077545.56591","1263224321.6155","1414306395.93155","1609005531.01451","1675916230.36649","1889960077.40451","2170856894.30187","2451069004.61784","3029243796.77038","3541855147.79662","3999563824.25473","4818647513.55909","6859419022.63674","8133821900.58278","8380060897.63528","11516881422.2802","13104032604.0326","15674897468.159","20190630317.7885","25613519710.1817","28115340417.1839","27405152327.4536","28132870173.528","34837426451.7779","37099123961.1077","43008160743.6207","57087679928.189","71728414040.4817","81398943091.3175","90213678231.0087","106158058371.413","127907419893.308","144855533189.935","162013385147.308","182563661857.747","194352293058.904","204029716550.443","187183688551.545","186851434096.036","216356805084.527","207977175829.46","219708197945.946","243330657848.268","283708654340.01","322200039525.117","358398925414.591","394442958247.201","424118380347.954","381294159383.365","469446853182.587","528967240493.32","566883265817.194","610972021660.65","621073310667.425","606079014416.1","600025250410.641","644673433249.5","681282515787.459","645006704384.439","608150234620.739","752719132923.809","697583336451.117","673672659195.26","739642429559.935",
"中国香港特别行政区","HKG","国民总支出（现价本币单位）","NE.DAB.TOTL.CN","7556353800","8021000000","9409000000","11169000000","12799000000","14433000000","14787000000","14755000000","15643000000","17722000000","21326000000","25560000000","29654000000","38718000000","44976000000","46816000000","56411000000","68496000000","84912000000","111234000000","144361000000","176213000000","194899000000","213359000000","241026000000","250206000000","291346000000","353660000000","424474000000","475053000000","548092000000","644316000000","765158000000","868202000000","1037464000000","1169149000000","1253642000000","1419182000000","1301061000000","1219529000000","1278532000000","1259175000000","1191516000000","1142346000000","1202233000000","1239611000000","1335552000000","1474532000000","1533775000000","1528620000000","1671979000000","1859952000000","2014028000000","2125473000000","2255373000000","2340979000000","2433737000000","2632772000000","2841490000000","2800665000000","2624170000000","2708260000000","2694029000000","2965910000000","3045678000000",
"中国香港特别行政区","HKG","最终消费支出（不变价本币单位）","NE.CON.TOTL.KN","","77956509814.2297","85932625175.5836","94391031189.4072","102861670278.949","115850773034.863","129897109944.31","132583879283.975","145375291370.951","157935340030.611","173860571886.148","194947961662.675","209606310055.371","236821494759.309","234450989374.513","243702579703.436","261714481466.236","303660000187.106","353637057486.959","387404705139.623","433215018849.906","471145277999.917","495886263528.747","533387713027.488","563920611654.161","587884385447.536","637058835786.335","699842199461.135","761890900133.688","791882648942.004","840251983201.616","917323207683.264","1001322299335.95","1073466813681.12","1140202356212.77","1160612497523.52","1204086069140.06","1266651901038.39","1206709692878.36","1222640760474.6","1274126706420.51","1300564122957.97","1294971350374.55","1282275287156.19","1361591100588","1396771354657.15","1471909577281.27","1588020515103.62","1618389708207.1","1625909618539.96","1719348698332.32","1850978303004.84","1925748745627.22","2009813795532.4","2075642384818.21","2171647733363.3","2218934712401.19","2333149045699.58","2453526117744.66","2452266086536.92","2253811816973.62","2381114940496.03","2368381125916.27","2484397000000","2473355229000",
"中国香港特别行政区","HKG","最终消费支出（现价美元）","NE.CON.TOTL.CD","1036782137.42158","1156872935.14978","1287724117.45054","1424885853.22395","1575782323.0261","1669109947.64398","1889611408.44825","2025750326.2288","2119274950.28841","2386602336.87804","2732386952.44518","3198342532.16796","3919228094.6436","5685611580.6859","6668279147.93416","7180506758.94048","8232955472.19051","10523380523.3805","12867481825.6721","14883461161.8163","18951653338.5798","20676170126.2029","22104091373.9018","21391249506.0334","22646840624.2006","24440265699.708","27711107548.5309","32154906549.5464","37449654112.2214","42659300092.5523","49458711768.6704","58961800717.9617","69469444355.8063","79438485761.1896","91623420423.6133","101531922935.772","111298646255.993","122652392127.545","118996691297.843","115798388656.139","116749775739.629","118275364641.77","114218422891.281","110586316499.181","116563559322.034","121149499449.233","128804004926.47","143734785616.51","150831409894.112","150434031025.252","160584139844.079","178946428571.429","193424231832.817","207791387313.048","221429664861.725","235347373173.799","244526264936.069","262513729918.39","282942782420.106","291370748311.908","272811581498.479","286510146978.42","289376111628.33","317308980567.675","326001978771.201",
"中国香港特别行政区","HKG","人均居民最终消费支出（年增长率）","NE.CON.PRVT.PC.KD.ZG","","","6.12584568894083","6.07318503810251","6.29028011491938","10.1028888019786","11.1783135613683","-1.12177292395491","7.71042950247541","6.90049527164706","7.86941161261613","10.4595521678769","5.54772592843076","10.0327366328153","-4.85634668941294","1.76420978154039","6.19535565814738","15.0464612522389","14.9766872828363","3.6294987530062","9.21701227287022","5.10614252992431","3.61185608535315","6.09932138150113","4.81740142952485","3.23577548359052","7.23229213350069","9.53948822037167","8.45510435737107","2.75712206986532","5.92105294886198","8.35613499317429","7.67394763737548","6.0097638580787","4.12709689724784","-0.363544383998388","-0.778350962992434","4.66472373109374","-6.28206008058147","0.0848518855207629","3.59850383810985","0.655851909382974","-1.48365063006398","-1.36277210608999","6.29502594006985","3.09228483541413","5.41638415726395","7.71812207659278","1.29158887237131","-0.0361729885515842","5.33753852252008","7.66613480508582","2.9597879484228","4.20033745485597","2.61649728681554","3.87357987698115","1.3748254786736","4.69007040545051","4.45150952298323","-1.52811856639181","-10.277693488838","6.53924325890345","-1.3106588582319","4.14170744393429","-0.508663336095836",
"中国香港特别行政区","HKG","居民最终消费支出（2015年不变价美元）","NE.CON.PRVT.KD","","7006295958.35231","7757262812.20595","8516413698.90455","9273600417.72036","10482327508.7022","11757727187.2609","11923372012.0429","13118349927.8452","14249274146.5809","15748916325.0916","17775391977.9419","19124666192.9812","21645566550.1051","21255679225.3711","22044729112.0633","23706415140.9042","27669996807.9379","32395675613.4944","35457376861.0133","39773417542.57","42797581359.44","45037169227.5732","48515710547.9955","51355242583.8832","53589592670.9955","58185745516.7257","64381276621.2372","70414109152.7909","73108947487.9797","77686986341.0131","84879550886.9167","92163776600.6839","99395406263.3674","105854790586.8","107579220867.453","111586450709.66","117768014398.116","111294990019.941","112458432129.181","117536897310.574","119182869996.353","117935732511.218","116099126420.371","124373838349.255","128781212837.361","136631228021.81","148447225522.927","151266788518.673","151538061927.374","160803150950.935","174298839353.152","181449829012.204","189832897535.954","196172904100.289","205513722707.776","209633564841.929","221158647255.517","232859522694.615","231002620202.312","206518285459.385","218026017723.342","213223736370.357","227798080301.539","226278469082.887",
"中国香港特别行政区","HKG","一般政府最终消费支出（占 GDP 的百分比）","NE.CON.GOVT.ZS","7.81918330940151","6.31790744466801","5.73270404052032","5.44739618298648","5.42563930013459","5.17451444133878","5.69948186528497","6.02261712439418","6.19972176858404","5.77249575551783","5.65653942698866","5.25467561185863","5.29599850991836","5.19031141868512","5.82557154953429","5.99528121155902","5.44524669073406","5.579662682168","5.69933086195239","5.50709462157581","5.62042626671958","6.82344536750049","7.23961123440729","7.39089013765585","6.78074139668387","7.00540758212046","6.97886280321348","6.28011247055247","6.11488255134356","6.32923188173506","6.83664410535731","7.12850577805165","7.62417454437327","7.47628919130836","7.54184887720201","8.02694534256295","8.14433081491879","8.04386916158746","9.02471878502287","9.61198992803741","9.36776869699537","10.2037479695597","10.6355229658201","10.9931095618655","10.3537798350582","9.24606532707798","8.7695421761119","8.41838527317181","8.66870435909614","9.19165041931722","8.85932359491356","8.71145505394354","9.09693828210179","9.28642078655758","9.47856310052411","9.64286905615691","9.95636389333004","9.83027217138145","9.92512949539558","10.8764361048878","12.7458289934984","12.6776298103225","14.3371108759121","13.3006615253428","12.8485329883147",
"中国香港特别行政区","HKG","一般政府最终消费支出（现价本币）","NE.CON.GOVT.CN","556427800","471000000","498000000","568000000","645000000","722000000","814000000","932000000","1025000000","1122000000","1307000000","1402000000","1706000000","2145000000","2752000000","2973000000","3439000000","4089000000","4889000000","6206000000","8072000000","11844000000","14190000000","16059000000","17765000000","19484000000","22369000000","24792000000","28500000000","33960000000","40969000000","49281000000","61537000000","69605000000","79160000000","89822000000","100607000000","110449000000","118050000000","123605000000","125294000000","134806000000","137979000000","138147000000","136354000000","130566000000","131837000000","138967000000","148017000000","152512000000","157371000000","168517000000","185310000000","198572000000","214216000000","231263000000","247973000000","261447000000","281420000000","309437000000","341052000000","363591000000","402725000000","396813000000","407953000000",
"中国香港特别行政区","HKG","军费支出（占GDP的百分比）","MS.MIL.XPND.GD.ZS","","","","","","","","","","","","","","","","","","","","","","","","","","","","","","","","","","","","","","","","","","","","","","","","","","","","","","","","","","","","","","","","","",
"中国香港特别行政区","HKG","武装部队人员，总数","MS.MIL.TOTL.P1","","","","","","","","","","","","","","","","","","","","","","","","","","","","","","","","","","","","","","","","","","","","","","","","","","","","","","","","","","","","","","","","","",
"中国香港特别行政区","HKG","物流绩效指数：综合分数（1=很低 至 5=很高）","LP.LPI.OVRL.XQ","","","","","","","","","","","","","","","","","","","","","","","","","","","","","","","","","","","","","","","","","","","","","","","","4","","","3.88","","4.12","","3.826763","","4.069103","","3.92","","","","4","","",
"中国香港特别行政区","HKG","物流绩效指数：清关程序的效率（1=很低 至 5=很高）","LP.LPI.CUST.XQ","","","","","","","","","","","","","","","","","","","","","","","","","","","","","","","","","","","","","","","","","","","","","","","","3.84","","","3.83","","3.97","","3.724201","","3.937721","","3.81","","","","3.8","","",
"中国香港特别行政区","HKG","Individuals using the Internet, male (% of male population)","IT.NET.USER.MA.ZS","","","","","","","","","","","","","","","","","","","","","","","","","","","","","","","","","","","","","","","","","","","","","","","","68.133","70.0087","72.8643","","","75.7906","76.8774","81.8659","86.7584","88.7711","90.955","92.0172","93.1508","93.6865","94.413","96.6376","","",
"中国香港特别行政区","HKG","Fixed broadband subscriptions (per 100 people)","IT.NET.BBND.P2","","","","","","","","","","","","","","","","","","","","","","","","","","","","","","","","","","","","","","","0.168040063","1.301828796","6.62897","10.5759","15.2314","18.4864","22.034","24.0154","25.9157","27.2391","27.5683","29.0662","30.5242","32.1855","31.3154","30.7698","31.1671","31.8722","35.4485","35.7032","36.3353","37.4681","38.5246","39.2189","39.9518","39.884","",
"中国香港特别行政区","HKG","Mobile cellular subscriptions (per 100 people)","IT.CEL.SETS.P2","0","","","","","0","","","","","0","","","","","0","0","0","0","0","0","0","0","0","0.018749164","0.08130562","0.182056809","0.502999624","0.905108994","1.550452413","2.293573739","3.201919423","3.883758885","4.775897697","7.859394197","12.78653153","21.50269269","34.61854216","48.4928334","64.36421516","81.2471","85.2695","93.7596","107.148","119.247","123.678","136.258","154.226","164.943","178.317","194.234","214.098","227.571","233.65","231.702","227.037","237.378","247.079","266.34","286.619","291.916","319.852","292.808","319.494","",
"中国香港特别行政区","HKG","铁路（总公里数）","IS.RRS.TOTL.KM","","","","","","","","","","","","","","","","","","","","","","","","","","","","","","","","","","","","100","","","","","","","","","","113","","","","","","","","","","","","","","","","230.1","","","",
"中国香港特别行政区","HKG","Internally displaced persons, new displacement associated with disasters (number of cases)","VC.IDP.NWDS","","","","","","","","","","","","","","","","","","","","","","","","","","","","","","","","","","","","","","","","","","","","","","","","","","","","","","","","","220","3300","1400","200","160","400","330","1300","",
"中国香港特别行政区","HKG","Voice and Accountability: Percentile Rank, Upper Bound of 90% Confidence Interval","VA.PER.RNK.UPPER","","","","","","","","","","","","","","","","","","","","","","","","","","","","","","","","","","","","","69","","57.2139320373535","","59.2039794921875","","63.6815910339355","71.6417922973633","76.4423065185547","76.4423065185547","73.0769195556641","71.1538467407227","68.75","70.1421813964844","70.6161117553711","72.3004684448242","73.7089233398438","75.5868530273438","71.4285736083984","71.9211807250977","67.4876861572266","69.4581298828125","70.3883514404297","58.937198638916","56.038646697998","45.8937187194824","40.0966186523438","42.6470603942871","",
"中国香港特别行政区","HKG","Voice and Accountability: Estimate","VA.EST","","","","","","","","","","","","","","","","","","","","","","","","","","","","","","","","","","","","","0.33362603187561","","-0.106265157461166","","-0.0119737386703491","","0.190888628363609","0.449889957904816","0.562140464782715","0.620391666889191","0.508110165596008","0.476365208625793","0.447788029909134","0.479499638080597","0.51484227180481","0.574967980384827","0.63970947265625","0.725121140480042","0.535635888576508","0.515059173107147","0.378015637397766","0.42886358499527","0.449582636356354","0.128821641206741","0.0248016472905874","-0.253374367952347","-0.400526106357574","-0.320146769285202","",
"中国香港特别行政区","HKG","高科技出口（现价美元）","TX.VAL.TECH.CD","","","","","","","","","","","","","","","","","","","","","","","","","","","","","","","","","","","","","","","","","","","","","","","","2650471846","2354314529","1999987979","2527687279","1223153426","962304721","680834176","540927728","453118850","469857067","293611819492","330090997861","322040157458","340143502997","431668056504","404935377075","369163546379","422347931252",
"中国香港特别行政区","HKG","向地区内的发展中经济体的商品出口（占商品出口总额的百分比）","TX.VAL.MRCH.WR.ZS","17.7286291030367","20.1127157449806","14.3148003132341","11.4065298250448","12.5614355926392","10.246962756423","15.2797257285336","15.4461166353131","11.2921249191319","9.73634651600753","7.3955511778708","7.21139866240186","6.85360094451004","7.7288025627509","8.42470697418623","7.58305901516951","6.96488224236401","8.37917766400611","8.24864287621251","9.84192430540957","14.1435948000727","17.2140725601836","17.9714167457941","18.7566428525217","23.5111265323351","30.5754198396288","25.8073574033907","27.6038424374283","31.0921812754882","30.3067061924883","29.5861732837524","31.6962712780141","34.2290328843629","36.3747460880324","37.1176313833103","37.7516447552732","38.7963735171724","39.0082643003812","37.833617868333","37.0135450878682","38.336242961935","40.732723745458","43.6317306727856","46.6794361149026","48.0511343678259","48.826188177867","50.8737966607857","52.930208022238","52.9151990743221","55.4725846325597","57.3145984027548","57.3719325646487","59.1456119253037","59.8236424325822","59.3337514195164","61.2026600090875","59.8402038239749","60.6706026880584","61.7374898447033","61.8027025455009","60.9070447340357","65.536165060778","63.8634410954754","63.877825835705","",
"中国香港特别行政区","HKG","向南亚地区的发展中经济体的商品出口（占商品出口总额的百分比）","TX.VAL.MRCH.R5.ZS","1.49201334035457","1.42655864741106","1.26859827721222","1.04697616751619","0.82295119442222","0.736904999004182","0.73242948418264","0.544208546089761","0.482267835087926","0.390772128060264","0.381679389312977","0.465251526606572","0.422077922077922","0.450103402132922","0.740728010174269","0.615943258560424","0.538799554592368","0.694289863367995","1.05366200943312","1.03688432873777","0.949687329717948","0.95157843771677","0.9719280305797","1.05361417388331","1.08850788926766","1.08090843377545","1.26586993458621","1.21234224773786","0.982809634537763","0.97959703543522","1.00148598722727","0.848367534189133","0.889851460274244","0.919112028504284","0.946249503821096","1.06609533210652","0.975213847821959","0.925189335321761","0.947157440273136","1.19598966604176","1.16678912521458","1.1246317265278","1.18536318986514","1.29746355878646","1.23506227173475","1.37209188924041","1.35359485548659","1.67072408261867","2.20921070493247","2.46119494389946","2.81427775731787","3.1900103375499","2.64693803887218","2.8471947846087","3.111091180965","3.50750412234295","3.84146612442307","4.34106065655167","3.73778282100622","3.42287822883583","2.88664044395123","3.06812061826606","3.98940097148116","4.03758155979611","",
"中国香港特别行政区","HKG","向东亚和太平洋地区发展中经济体的商品出口（占商品出口总额的百分比）","TX.VAL.MRCH.R1.ZS","17.7286291030367","20.1127157449806","14.3148003132341","11.4065298250448","12.5614355926392","10.246962756423","15.2797257285336","15.4461166353131","11.2921249191319","9.73634651600753","7.3955511778708","7.21139866240186","6.85360094451004","7.7288025627509","8.42470697418623","7.58305901516951","6.96488224236401","8.37917766400611","8.24864287621251","9.84192430540957","14.1435948000727","17.2140725601836","17.9714167457941","18.7566428525217","23.5111265323351","30.5754198396288","25.8073574033907","27.6038424374283","31.0921812754882","30.3067061924883","29.5861732837524","31.6962712780141","34.2290328843629","36.3747460880324","37.1176313833103","37.7516447552732","38.7963735171724","39.0082643003812","37.833617868333","37.0135450878682","38.336242961935","40.732723745458","43.6317306727856","46.6794361149026","48.0511343678259","48.826188177867","50.8737966607857","52.930208022238","52.9151990743221","55.4725846325597","57.3145984027548","57.3719325646487","59.1456119253037","59.8236424325822","59.3337514195164","61.2026600090875","59.8402038239749","60.6706026880584","61.7374898447033","61.8027025455009","60.9070447340357","65.536165060778","63.8634410954754","63.877825835705","",
"中国香港特别行政区","HKG","对阿拉伯世界发展中的经济体的商品出口（占商品出口总额百分比）","TX.VAL.MRCH.AL.ZS","1.59733192908548","1.32088763649172","1.51918559122944","1.40515222482436","2.21739627385987","2.03146783509261","1.64407043789933","1.60575114216608","1.95847791566194","1.80790960451977","1.70319297381597","1.74469322477464","2.06906729634002","2.25457199626941","2.96119341422335","3.79068110089252","3.62911433326548","3.69192609787897","3.74655157070392","3.98410427163792","4.14541114196009","4.4613386343639","4.4092226036569","4.27822807974196","2.88849858883877","2.36757610906585","2.25524270147761","1.8612723305519","1.65182132744209","1.542958179528","1.37981374827543","1.49381350766676","1.54773105731854","1.53309864302752","1.43661302903443","1.4522465845985","1.42767832172395","1.34678356003439","1.29749328100899","1.17323256940019","1.06486266141585","1.05954393487836","1.05848935563153","1.11737598048209","1.10139157323533","0.984179994293808","1.00699336206671","1.11102719170846","1.16153509804657","1.27876630670283","1.10442803727442","1.22731041490206","1.43716084150764","1.57611483272144","1.88097299394302","1.96047577754337","2.15883775883493","1.95667975537305","1.96611310241482","2.33663986632172","2.18238632503526","2.140072011271","2.62018941233235","3.15898262444468","",
"中国香港特别行政区","HKG","信息和通信技术 (ICT) 产品出口（占产品出口总量的百分比）","TX.VAL.ICTG.ZS.UN","","","","","","","","","","","","","","","","","","","","","","","","","","","","","","","","","","","","","","","","","24.83","26.07","29.61","32.19","35.13","38.29","39.86","40.38","40.95","43.07","44.16","42.48","42.18","41.54","45.5","48.65","49.99","51.67","55.48","56.65","57.95","61.18","62.47","","",
"中国香港特别行政区","HKG","出口单位价值指数（2015年 = 100）","TX.UVI.MRCH.XD.WD","","","","","","","","","","","","","","","","","","","","","74.9","72.5","71.7","66","69.2","70.1","70.9","74.1","75.8","79.8","82.3","84.7","85.6","85.6","86.4","89.6","89.6","88","84.7","82.3","81.5","79.5","77.4","76.4","77.2","78.4","79.3","80.7","84","85.3","89.6","97.1","100.8","100.5","100.7","100","99","100.2","102","103.6","105.4","110.6","118","123.4","129.7",
"中国香港特别行政区","HKG","旅行服务（占商业服务进口比例）","TM.VAL.TRVL.ZS.WT","","","","","","","","","","","","","","","","","","","","","","","","","","","","","","","","","","","","","","","31.5570325304044","31.6262853742637","28.1655102763926","28.0482438054122","28.2300947561441","26.4617336927829","26.4712945971524","23.7116569114444","22.0973227452958","21.9348093007642","22.2071282874173","25.4969260256802","24.70860170409","25.6655499311807","26.2535589593329","28.269575473498","29.8216221523836","31.1920664511471","32.4828597453626","32.7308105558659","32.4463863791032","33.277932779491","10.0599074898198","5.45647916838058","8.70138774372722","28.7869786697411","31.7043358460524",
"中国香港特别行政区","HKG","进口价值指数（2015年 = 100）","TM.VAL.MRCH.XD.WD","","","","","","","","","","","","","","","","","","","","","4.0406385299","4.4635416783","4.243611882","4.3231199772","5.1424115783","5.346680961","6.3661378419","8.7239120014","11.5015472339","12.9881884278","14.8485914782","18.0436757143","22.2138456595","24.9576579955","29.1321480544","35.0899186571","36.0226813997","38.1725813987","33.4232226864","32.3408456631","38.3059099179","36.1522516647","37.2190559183","41.7432771841","48.8381035698","53.7","60.1","66.2","70.3","63","79","91.4","99.1","111.4","107.5","100","97.8","105.4","112.1","103.4","102","127.5","119.5","117","",
"中国香港特别行政区","HKG","从撒哈拉以南非洲地区发展中经济体的商品进口（占商品进口总额的百分比）","TM.VAL.MRCH.R6.ZS","1.81532004197272","2.78520041109969","2.11801701812801","2.11966953183677","1.75589478965097","1.92608725243313","1.84121027324968","1.90578521744048","2.47177599840851","2.16085433005173","2.41282141599155","2.1245981937854","1.79847639990576","1.98424911740744","1.79374896543422","1.63266537904394","1.61404794065798","1.74908647990256","1.89952473799659","1.65929203539823","1.42448718006991","1.06386903956609","0.759944999414426","0.936614656010825","0.934761786512469","1.09958322248825","1.08565779859887","0.784435068763511","0.830998577741415","0.793596290180888","0.628622644453444","0.549383717981161","0.507368285945828","0.481109176094427","0.377357278194668","0.393130335958641","0.414155261062077","0.362869902542492","0.320086461025219","0.376229575483734","0.315890800862381","0.323944545609434","0.309059871573608","0.332211445713581","0.318246438789354","0.298628039190528","0.255674415920412","0.21169699896554","0.242327005911852","0.315650154616002","0.219680319164979","0.264440019894158","0.319992602901473","0.266990971506519","0.332932250397505","0.739511678530619","0.813349378755574","0.696901070604314","0.582558556049473","0.484993773117722","0.45741497656095","0.503118042992088","0.499000961263554","0.593372373557132","",
"中国香港特别行政区","HKG","从欧洲和中亚地区的发展中经济体的商品进口（占商品进口总额的百分比）","TM.VAL.MRCH.R2.ZS","","","0.00924898261191269","0.0166903112743053","0.0286676700351179","","","0.0169654470395295","0.0248669617546128","0.0333722676455865","0.0211342021838676","0.0306138068268789","0.0130893478886882","0.155698379650584","0.0135434066182114","0.212759536455818","0.397216053481078","0.133495736906212","0.115007311723129","0.0499571795603768","0.00499979546291288","0.0336174417126857","0.00260255136785762","0.00591991204702102","0.000354748306076839","0.00102318538072728","0.00458446154066561","0.00961727429720723","0.0306015503728474","0.0340682349858056","0.0401870297318832","0.0319735613563261","0.0199682075423637","0.0938812350094518","0.157578530470808","0.14374543438843","0.111863566615334","0.148395499642168","0.128976323622012","0.0932785794976248","0.0723633559565818","0.0932167622050932","0.0975392319314937","0.0853462404136869","0.0698853197786593","0.0485342500959178","0.0440644020719209","0.0524188549392553","0.0547039586409842","0.0644968379406967","0.0666982841652169","0.0993717348544985","0.110209071083669","0.118457714283558","0.114950292630296","0.104063257896162","0.113198237330591","0.122870371379032","0.137178867127803","0.13428841890309","0.149162884731725","0.207622518663619","0.188378287811412","0.2694720198827","",
"中国香港特别行政区","HKG","商品进口（现价美元）","TM.VAL.MRCH.CD.WT","1026000000","1045000000","1165000000","1297000000","1496000000","1569000000","1767000000","1818000000","2058000000","2458000000","2905000000","3391000000","3856000000","5655000000","6778000000","6766000000","8838000000","10446000000","13394000000","17127000000","22994000000","26136000000","24867000000","24409000000","30444000000","31195000000","35942000000","50691000000","70325000000","77662000000","84725000000","103883000000","127340000000","141308000000","165878000000","196072000000","201284000000","213297000000","186759000000","180711000000","214042000000","202008000000","207969000000","233249000000","272893000000","300160000000","335754000000","370132000000","392962000000","352241000000","441369000000","510855000000","553486000000","622277000000","600765000000","558770000000","546520000000","588913000000","626616000000","577834000000","569769000000","712358000000","667554000000","653696000000","704141000000",
"中国香港特别行政区","HKG","保险与金融服务（占商业服务进口的百分比）","TM.VAL.INSF.ZS.WT","","","","","","","","","","","","","","","","","","","","","","","","","","","","","","","","","","","","","","","4.14386191965069","4.23402973751045","3.4798754318528","3.64089500720388","4.15817628170511","3.78485715356252","3.89010241413513","3.7882251214565","4.49110758080257","5.49639301491179","5.42825979387918","6.46862666672774","6.74134027892686","6.84570655870311","6.74241326221929","7.40499461916006","7.96385144873051","8.47272567379666","8.25809696784856","8.85934288040034","9.46055589389795","9.87733354999903","16.1663647356363","15.0174922440254","14.8989844904552","12.4251316930976","11.8772210778124",
"中国香港特别行政区","HKG","农业原材料进口（占商品进口的百分比）","TM.VAL.AGRI.ZS.UN","","","10.2556386424514","10.3534559175014","9.81310142101771","9.42738573059941","9.36978442605239","8.62041652359903","9.29014120449146","7.18724383716861","6.73466662754103","6.42969045830065","5.99572945714283","6.70153404097388","6.24026415138205","6.95081890152962","7.10847398699693","6.39464910392825","5.61006344167121","4.76365441831555","4.48405982487243","3.57475159624993","3.43891056961947","3.75795976148133","3.88580700388726","3.43074027091654","3.21989945868961","3.6140998009938","","","","","1.71160047732313","1.42787670731406","1.58425173928878","1.64866428146964","1.59104373646361","1.44244627678421","1.41454346470873","1.31800321607819","1.19712900687512","1.14312167039045","1.09478732086812","1.03056270231159","0.894553870552661","0.754449871122205","0.725841752643459","0.604606668336985","0.605996529534119","0.541929915554482","0.591188704756314","0.573849646994935","0.526788556842639","0.555870820369788","0.396092493539864","0.396706374714194","0.21893931575088","0.161242221930919","0.133320464109038","0.119412663832587","0.0904551843417715","0.0837405439413216","0.087599724140399","0.106965476063067","0.0913335982064106",
"中国香港特别行政区","HKG","初级产品最惠国简单平均税率（%）","TM.TAX.TCOM.SM.FN.ZS","","","","","","","","","","","","","","","","","","","","","","","","","","","","","0","","","","","","","","0","0","0","0","0","0","0","0","0","0","0","0","0","0","0","0","0","0","0","0","0","0","0","0","0","0","0","","",
"中国香港特别行政区","HKG","所有产品最惠国加权平均税率（%）","TM.TAX.MRCH.WM.FN.ZS","","","","","","","","","","","","","","","","","","","","","","","","","","","","","0","","","","","","","","0","0","0","0","0","0","0","0","0","0","0","0","0","0","0","0","0","0","0","0","0","0","0","0","0","0","0","","",
"中国香港特别行政区","HKG","约束税率，简单均值，所有产品（百分比）","TM.TAX.MRCH.BR.ZS","","","","","","","","","","","","","","","","","","","","","","","","","","","","","","","","","","","","","0","0","0","0","0","0","0","0","0","0","0","0","0","0","0","0","0","0","0","0","0","0","0","0","0","0","","","",
"中国香港特别行政区","HKG","工业产品最惠国简单平均税率（%）","TM.TAX.MANF.SM.FN.ZS","","","","","","","","","","","","","","","","","","","","","","","","","","","","","0","","","","","","","","0","0","0","0","0","0","0","0","0","0","0","0","0","0","0","0","0","0","0","0","0","0","0","0","0","0","0","","",
"中国香港特别行政区","HKG","进口物量指数（2015年 = 100）","TM.QTY.MRCH.XD.WD","","","","","","","","","","","","","","","","","","","","","5.5658342417","6.2159326044","6.1111237665","6.6811547519","7.6668329778","8.1634600736","9.2730986519","12.1489285757","15.3426633909","16.7954096088","18.6308204304","22.2001487052","27.068145716","30.7068098362","34.8284974012","40.0615250342","41.5003201295","45.2101395072","41.5256315041","40.9844835481","48.5438120938","47.574820614","50.9663782693","57.2762294705","65.1269651027","69.6","76.2","82.4","83.7","74.8","87.9","93.5","97.1","109.5","106.1","100","99.2","105.4","110","99.8","97.3","115.6","101.1","95.1","",
"中国香港特别行政区","HKG","国际旅游，旅行项目支出（现价美元）","ST.INT.TVLX.CD","","","","","","","","","","","","","","","","","","","","","","","","","","","","","","","","","","","","10497000000","11461000000","12678000000","13474000000","13134000000","12502000000","12317000000","12418000000","11447000000","13270000000","13305000000","14044000000","15042000000","16095000000","15547000000","17357000000","19022000000","20077000000","21215000000","22011000000","23059000000","24141000000","25386000000","26436000000","26879000000","5520000000","","","","",
"中国香港特别行政区","HKG","国际旅游，收入（占总出口的百分比）","ST.INT.RCPT.XP.ZS","","","","","","","","","","","","","","","","","","","","","","","","","","","","","","","","","","","","","","","3.91967931208903","3.93027426522633","3.78938300575516","3.80955175691424","4.48275876212291","3.69966705884431","4.18541670536704","4.21647653998944","4.33675854578891","4.62294033809258","4.77109632410995","5.32152177760431","5.79581800288631","6.27054800701015","6.54398933360137","6.94391538941495","7.46311086191683","7.01074516941323","6.30570515558946","5.92190355209155","6.21080205269722","5.06906418805101","","","","","",
"中国香港特别行政区","HKG","未能满足的避孕需求 （占15-49岁已婚妇女数量的比例）","SP.UWT.TFRT","","","","","","","","","","","","","","","","","","","","","","","","","","","","","","","","","","","","","","","","","","","","","","","","","","","","","","","","","","","","","","","","","",
"中国香港特别行政区","HKG","农村人口 （占总人口的百分比）","SP.RUR.TOTL.ZS","14.8000030517578","14.7935819146765","14.7199008048484","14.5635315567252","14.3395199171951","14.0612814226411","13.7422316094461","13.3957860139931","13.035360172665","12.6743696218447","12.3262298979153","11.9976103893243","11.6564713744798","11.2835222616821","10.8896735334502","10.4826482257712","10.0701693746318","9.6599600160189","9.2597431859195","8.8772419203204","8.5201792552085","8.20323319611209","7.945523265905","7.7258735357119","7.4876627268694","7.1784796734502","6.6721655627567","5.4902860581067","3.7576844224476","1.99426349734961","0.689436809557705","0.264144772631695","0.1745001282153","0.0947241569593018","0.0383413592810058","0.00670236484060638","0","0","0","0","0","0","0","0","0","0","0","0","0","0","0","0","0","0","0","0","0","0","0","0","0","0","0","0","0",
"中国香港特别行政区","HKG","出生登记完整性（百分比）","SP.REG.BRTH.ZS","","","","","","","","","","","","","","","","","","","","","","","","","","","","","","","","","","","","","","","","","","","","","","","","","","","","","","","","","","","","","","","","","",
"中国香港特别行政区","HKG","Completeness of birth registration, female (%)","SP.REG.BRTH.FE.ZS","","","","","","","","","","","","","","","","","","","","","","","","","","","","","","","","","","","","","","","","","","","","","","","","","","","","","","","","","","","","","","","","","",
"中国香港特别行政区","HKG","人口总数，女性","SP.POP.TOTL.FE.IN","1517326","1553930","1620301","1676377","1723212","1773769","1790896","1833421","1871138","1908872","1962377","2005626","2038445","2089688","2149815","2184023","2204717","2230041","2264229","2384640","2442270","2499905","2546720","2594836","2628981","2665463","2705909","2738961","2767432","2801543","2815859","2847387","2882714","2944221","3022520","3093761","3245972","3286259","3327176","3372486","3415832","3455617","3486811","3496256","3540359","3572775","3612029","3657879","3693758","3715993","3758325","3797743","3851200","3877091","3915693","3960934","3995956","4033925","4072423","4109737","4102464","4068311","4032283","4138892","4134633",
"中国香港特别行政区","HKG","人口增长（年度百分比）","SP.POP.GROW","","2.33958305946293","4.2364946734332","3.44066885043933","2.41727169428962","2.62739506314664","0.885475776428606","2.52709736414843","2.12352674143938","1.59656953543841","2.4314432025797","2.1564245272915","1.91708548431841","2.82139883125314","3.16057585442932","1.89611309962899","1.25619719526045","1.44371141988298","1.81170641890994","5.46545378423268","2.6700809652344","2.3482267682345","1.55249627039205","1.51940790612199","0.982973566854865","1.07425877163635","1.24582698320867","1.00675315207366","0.840468540728853","1.03591232011459","0.321315033221987","0.829228336445851","0.839650031457883","1.71777073417072","2.25203043111788","1.98013277729748","4.43860779481101","0.832512854813318","0.834808807338866","0.955125814331738","0.881594075853745","0.736962668138432","0.44284682728195","-0.197404126472125","0.77991856230718","0.436871406105885","0.642270482876128","0.859633272217027","0.598238786949717","0.215353334344996","0.734446396338105","0.672543291818633","1.1039579972368","0.401982535858444","0.702370950536049","0.851197911086988","0.619366345332479","0.768513877614955","0.800230596967774","0.739283471323064","-0.358932661902885","-0.91177674914823","-0.907914524343304","2.55352466697343","-0.159360467186035",
"中国香港特别行政区","HKG","出生人口性别比（每1000名男性的女性）","SP.POP.BRTH.MF","1.072","1.071","1.069","1.066","1.065","1.065","1.067","1.068","1.066","1.065","1.064","1.064","1.066","1.066","1.067","1.075","1.075","1.071","1.068","1.068","1.067","1.063","1.063","1.063","1.066","1.066","1.065","1.065","1.069","1.068","1.071","1.07","1.072","1.075","1.079","1.078","1.078","1.083","1.086","1.086","1.087","1.084","1.081","1.081","1.086","1.098","1.111","1.123","1.136","1.149","1.154","1.158","1.139","1.095","1.076","1.076","1.076","1.076","1.077","1.077","1.077","1.077","1.077","1.077","",
"中国香港特别行政区","HKG","Population ages 75-79, female (% of female population)","SP.POP.7579.FE.5Y","0.635262087625834","0.651656392729996","0.650846442814936","0.624281248838406","0.555776770995327","0.527745436351459","0.56227970878969","0.655336145799361","0.791780204334653","0.887193886067196","0.991917608479526","1.07451122556317","1.12873499626335","1.17975378800623","1.23068777545649","1.28540857029566","1.33636465081049","1.3769507704962","1.41037904383963","1.44344383791451","1.46966886288445","1.49247157906639","1.51855872388566","1.52956651723689","1.5301176247025","1.55366105832734","1.61799007667209","1.69992775074956","1.77823860867744","1.83544985445788","1.87476398772891","1.88370598451105","1.84738779038041","1.78470075557505","1.7101537497571","1.64883316504615","1.71406793702354","1.89905769538511","2.07593693716516","2.20746784035898","2.28799041488033","2.34918395877086","2.41930247440938","2.48818380040752","2.54652037394325","2.60526382981954","2.6575981096704","2.70082026237656","2.75851966009363","2.81603928130365","2.84596617169066","2.85742811918024","2.85555578043337","2.8315939511097","2.78794805519772","2.72545397161283","2.62320780202486","2.4847927669465","2.3684267572237","2.31353534278762","2.3419800982513","2.50919586877923","2.80341869913739","3.17835706151387","3.61929706027368",
"中国香港特别行政区","HKG","65岁和65岁以上的人口总数","SP.POP.65UP.TO","84403","88582","90621","87681","86232","89275","94398","105296","122720","142601","165015","182400","193438","205905","220203","233527","247158","261942","277734","304456","324808","344336","359720","374456","388204","405467","424660","442331","459002","476312","491715","510414","528500","552006","580593","612548","659686","677976","697436","719270","740584","762822","784070","800164","823251","842358","860471","876176","889405","903776","927024","953743","989450","1023744","1068328","1121591","1173495","1225108","1281575","1347858","1408318","1464450","1519498","1631208","1705499",
"中国香港特别行政区","HKG","65岁和65岁以上的人口总数，女性","SP.POP.65UP.FE.IN","60015","62633","63764","61339","56017","55159","59081","69610","84951","97655","111898","122633","128945","135869","143650","150423","157024","164125","171698","185738","195513","205138","212948","220572","227397","236157","245870","254163","261880","270113","277101","286038","294994","307092","321779","337975","362234","370414","378949","388853","398802","409889","421123","429755","442217","452480","461999","469721","475648","482226","493989","508180","527404","545608","569027","596968","624211","651331","681015","715790","746889","775067","804006","864202","904748",
"中国香港特别行政区","HKG","Population ages 60-64, female (% of female population)","SP.POP.6064.FE.5Y","2.51620201716638","2.53138092642691","2.39792220556312","2.16630306783401","1.83315542423861","1.68851181679431","1.76904331936342","2.04879850656417","2.44409305779316","2.71836325917448","2.99439038981369","3.18670037027964","3.28159831528717","3.35162733112697","3.4120516462853","3.45365383513401","3.47508913042743","3.49042037130467","3.5090043291545","3.53230513103898","3.59933100405997","3.68252787296887","3.73602855129626","3.7845488323741","3.83263257015421","3.87727316893946","3.93951923393826","3.9936139906932","4.01479050866157","4.03578072191528","4.07876566288094","4.11959510425242","4.12255106439917","4.12341291124493","4.10318259749977","4.0088212654863","3.91563607262391","3.85880202370841","3.76468271345351","3.63692831869228","3.48911335460417","3.31899120771578","3.15649029525791","3.03118376434037","2.98553484521767","3.03906501773173","3.21717029304409","3.55265309842091","3.97738858493259","4.41646394691733","4.8502840913203","5.21296263469507","5.46340936452237","5.65859984828835","5.82965206426433","5.97493038647967","6.17711934768331","6.51041528833584","6.88846902947607","7.18945619149919","7.39824446744557","7.56870699840367","7.78233550103098","8.03746194296674","8.25132386220985",
"中国香港特别行政区","HKG","Population ages 50-54, female (% of female population)","SP.POP.5054.FE.5Y","4.04052786265843","4.03226474452107","3.85148867532132","3.5421666709458","3.1711701662661","3.06117080464475","3.18955802311157","3.51453049000733","3.95631534631475","4.2663995993991","4.54068787986512","4.70316071228587","4.75265115762589","4.77089807684729","4.78112302786904","4.77307608132076","4.76163316925595","4.77108535976563","4.80699186202208","4.83260894451734","4.87044000039269","4.89104105310833","4.85296174743631","4.83417071981661","4.80270613290734","4.72243350914429","4.66566070128446","4.61734171407308","4.49686846598436","4.3459689632258","4.19596801326715","4.00080687697513","3.77170494618787","3.57780565576861","3.4895252938245","3.52111326277459","3.72081844793615","4.09556298238487","4.55147529829869","5.03740374460823","5.53191724656553","5.94633649087644","6.2498635441214","6.51710824591729","6.76891746945188","7.02160034835487","7.30386864871535","7.60532097854321","7.89368481604145","8.1348645342457","8.31305456824554","8.41122116581754","8.4855824172821","8.6169260446489","8.72716164884868","8.73239545727268","8.629403819225","8.41270570029833","8.15270526616296","7.98320450531787","7.9547591696564","8.03942543866163","8.18131794390015","8.31543577367242","8.40706802652805",
"中国香港特别行政区","HKG","Population ages 40-44, female (% of female population)","SP.POP.4044.FE.5Y","6.12244628957578","6.02974333657483","5.67153577660815","5.15642286192965","5.02514290013009","5.19193445455344","5.32338402633967","5.40531773501801","5.53251652511752","5.807431385173","6.03711437638602","6.12479488247091","6.0562055734868","5.92919218358145","5.76967475855752","5.56204147413154","5.33790661002296","5.12528974683491","4.92710161718896","4.76104957151618","4.62398430236578","4.46176445464399","4.25377467186299","4.06669213780067","3.98469418890557","4.031563229699","4.27900446130292","4.73110968052685","5.2557891113582","5.83183199904462","6.44755012659275","6.95193787765154","7.27744110990698","7.53035127117356","7.75204596497768","8.00050510313623","8.32784789440149","8.66624813816364","9.01099703118761","9.342646249426","9.63732911699821","9.83392638849769","9.95817432383808","10.0998245901853","10.1965822379182","10.1914502617837","10.0490317251134","9.74351442680495","9.33968475594182","8.99938895218647","8.78898105439402","8.68890104252475","8.64880933427988","8.61918183783166","8.58041957512778","8.5173013618836","8.43803363198136","8.36907095157848","8.31346131683528","8.32153286038705","8.45922310703383","8.66670918997719","8.86677810178012","9.00586283199372","9.03986152365699",
"中国香港特别行政区","HKG","Population ages 30-34, female (% of female population)","SP.POP.3034.FE.5Y","8.01089943397153","7.74287602856712","7.17932768226154","6.45047193761709","7.32516378229115","8.26565308958098","8.10409165881095","6.80921287188317","5.22041224947126","5.07892791568305","4.9158396640815","4.75574360681748","4.58839558716084","4.44696022293076","4.37236710260089","4.39639418214254","4.58318069665447","4.99340231346646","5.59659425970764","6.30124644809743","7.03751227422066","7.65841660519561","8.06608638481032","8.35487296763763","8.59648323228079","8.87369014760226","9.23643632081831","9.6353687469165","10.0557722972578","10.4489935870619","10.7874617166009","11.0087021035692","11.1274728668521","11.2290747410293","11.2888455747539","11.2554889296887","11.038543407163","10.6503655969571","10.2234179101057","9.87305198390693","9.65511059658319","9.4975112334381","9.33560944101718","9.18105270869158","9.03693869013047","8.90408302549795","8.75090916784933","8.58810070325639","8.45110894561627","8.40486240533972","8.50075130011963","8.66293698345599","8.77493570893683","8.85349120317126","8.89867393595916","8.87474614148806","8.78157800166053","8.55807280393203","8.26243970270296","8.015515735679","7.79645229485322","7.56057563253627","7.310879564671","7.04458467835155","6.79089713890657",
"中国香港特别行政区","HKG","Population ages 20-24, female (% of female population)","SP.POP.2024.FE.5Y","6.42860979492548","5.80003346415277","5.07953946506749","4.47933579632743","6.97736555325405","8.84114341512484","8.43270651689704","5.9459810141009","3.99337669312011","5.79842978753845","7.38398183606172","8.46144725821918","9.07830170647927","9.48859152397861","9.76714125237399","9.98455576597394","10.2461611640439","10.5781102661152","10.9565896461055","11.3192756650894","11.6220185471542","11.7691763588143","11.7754629922306","11.6994938694181","11.5105662933812","11.1342388053357","10.6346570429561","10.128821286252","9.58167735031901","9.01089972356889","8.45439901370779","8.10197087238727","8.00748401846584","7.97149246233118","7.90375008757563","7.72332653580909","7.4910097784732","7.33091140736364","7.25492218478535","7.25829826655175","7.30907572829492","7.3281511995241","7.30592571526273","7.29874077954709","7.27414920344569","7.19336248712129","7.07441118585616","6.96356459779804","6.85019146027092","6.71387623047911","6.54042315717641","6.38478631266567","6.32064072817098","6.2673453927782","6.15276209319906","6.02547093924463","5.90185508754972","5.71248405546894","5.40482515544385","5.01306054585236","4.60212266329984","4.20639938493764","3.864057295543","3.6105406208755","3.38163136735572",
"中国香港特别行政区","HKG","15-64岁的人口总数，男性","SP.POP.1564.MA.IN","905566","899805","884374","848337","960495","1081907","1089130","1019892","964609","1069744","1171399","1246301","1298633","1361946","1432980","1488257","1534449","1584068","1640920","1759965","1829986","1882818","1908945","1932878","1946531","1961526","1982859","2003309","2021127","2042669","2049010","2063283","2075208","2105409","2148154","2186312","2278052","2286818","2295970","2310130","2325523","2335536","2335448","2322388","2336283","2345350","2359737","2376432","2384158","2382016","2392591","2399152","2408618","2394943","2384817","2376191","2361839","2350889","2340627","2327797","2288836","2238496","2191034","2220028","2185976",
"中国香港特别行政区","HKG","Population ages 15-19, female (% of female population)","SP.POP.1519.FE.5Y","4.89690254536515","5.2058625219712","5.97055234043124","7.12801885068025","9.02829208566096","9.85391379193329","9.72611642607365","9.17388778424201","9.30379033487811","10.3390502420297","10.8151007965873","11.0477925422793","11.3183781985738","11.6428743765158","11.9609892711562","12.2351196496637","12.3853365089277","12.4002474215322","12.3188597464947","12.134495022336","11.7895808498554","11.2741439920225","10.6264792280409","9.89622414702851","9.19845335141954","8.62747129787357","8.24120098634044","7.9777024441266","7.74750235941282","7.56260362503544","7.40928703846565","7.30460556978418","7.19301794389676","6.9972228971005","6.77551160691034","6.60770253290861","6.64833625654144","6.81552125263119","6.87887462588259","6.78612909806156","6.60029023681817","6.4642821699681","6.38977866785604","6.31774255048593","6.2475799614129","6.15980848763057","6.08683338704003","6.0367247980806","5.94610779728393","5.79803495204118","5.6551140977431","5.55142082838904","5.43608026453537","5.23693220283684","4.94028284960369","4.58503394900764","4.20657521345279","3.8569917576483","3.60324534697208","3.43727795943354","3.32474869011864","3.28761590543854","3.3344273495931","3.40054041293028","3.40068830772651",
"中国香港特别行政区","HKG","Population ages 5-9, female (% of female population)","SP.POP.0509.FE.5Y","13.410396509914","14.0232029170139","15.4394925685382","17.2750512442514","15.59796911256","13.4890228844016","13.3185431407958","15.2057565545304","16.8158733947265","15.1227138326537","13.7665789361538","12.801052871342","11.9883719044851","11.1933505267114","10.3724460983393","9.63008171336873","9.11284368613916","8.81553018726115","8.62804306953704","8.51667186569734","8.38816218911313","8.20308331051","8.00433334918803","7.81899545887192","7.68784070956424","7.63787041001302","7.6221352832433","7.60293847041411","7.56555240680388","7.45468339369198","7.29133782821531","7.03817105971338","6.68852271163087","6.39991741866783","6.20547688069489","6.03785084413912","5.91848582696275","5.87692492337236","5.80672138642694","5.71294198874172","5.66431796894178","5.5663241804165","5.37308667592345","5.11005460733898","4.80258048436377","4.50589574058879","4.22108606578986","3.90315571695184","3.61758225601157","3.40554570049308","3.24697976562384","3.16010752665748","3.14494774534281","3.17957235259092","3.25667767873336","3.38774137330864","3.54883081155433","3.63601160425831","3.62355111659076","3.60971840787145","3.6043085276219","3.527929415849","3.40355778968046","3.29189515157372","3.18080336599805",
"中国香港特别行政区","HKG","Population ages 0-14, male","SP.POP.0014.MA.IN","647559","688416","773668","869844","790679","708109","714557","833800","929184","840338","772107","733606","722028","719930","718452","706216","688701","671774","656315","666377","661549","661479","662063","663502","661581","659901","657042","650062","641919","635789","625016","616955","609072","606455","605912","601454","614023","608660","602067","593466","581863","570214","558894","541747","525824","505197","486863","475534","466126","453241","440249","429142","428236","428730","429688","429552","429521","434609","438990","438298","428272","416910","407291","410174","402740",
"中国香港特别行政区","HKG","Population ages 0-4, female (% of female population)","SP.POP.0004.FE.5Y","16.5422208074531","16.6372502406271","17.4951520130311","18.4806946455745","15.8966748076831","13.9153071430037","14.1111308818463","15.6102384985219","15.8075263042743","12.9555046855998","10.8063349378002","9.53884043088649","9.12375082484008","8.93410027462625","8.87667589694254","8.86864024232097","8.78713861739912","8.59650599957437","8.34535153567043","8.09308208326081","7.9006398573945","7.85041935177922","7.89007919520763","7.87681703161083","7.71389241437699","7.41480455833189","7.12812238771089","6.87686228431296","6.63450847056399","6.42848874310662","6.19110395178127","6.01139498368748","5.96910038758146","5.87453104448577","5.68775620002406","5.44459625814571","5.28168731629678","5.20701773822273","5.04042156894678","4.71951558546105","4.26128356381594","3.91313152057126","3.76110679965668","3.65382615552742","3.504535764276","3.24869901738807","3.01285660230126","3.0200778900735","3.1661239812575","3.26623051762164","3.28295584981788","3.30066797494938","3.47029294603702","3.6744704366196","3.75645835388059","3.68338798876588","3.54515037733745","3.50008536163113","3.46643246855821","3.32644604652939","3.09366082304724","2.9105664177998","2.79481704713217","2.6702857289642","2.56230564190966",
"中国香港特别行政区","HKG","女性作为户主的家庭（以女性作为户主的家庭比例）","SP.HOU.FEMA.ZS","","","","","","","","","","","","","","","","","","","","","","","","","","","","","","","","","","","","","","","","","","","","","","","","","","","","","","","","","","","","","","","","","",
"中国香港特别行政区","HKG","总生育率(女性人均生育数）","SP.DYN.TFRT.IN","5.085","5.169","5.177","5.152","5.085","4.923","4.464","4.123","3.783","3.599","3.386","3.459","3.315","3.177","2.967","2.666","2.48","2.376","2.272","2.12","2.047","1.933","1.86","1.722","1.559","1.491","1.367","1.311","1.4","1.296","1.272","1.281","1.347","1.342","1.355","1.295","1.191","1.127","1.016","0.981","1.032","0.931","0.941","0.901","0.922","0.959","0.984","1.028","1.064","1.055","1.127","1.204","1.285","1.125","1.235","1.196","1.205","1.128","1.08","1.064","0.883","0.772","0.701","0.751","",
"中国香港特别行政区","HKG","婴儿死亡率，男性（每1000名活产婴儿）","SP.DYN.IMRT.MA.IN","","","","","","","","","","","","","","","","","","","","","","","","","","","","","","","","","","","","","","","","","","","","","","","","","","","","","","","","","","","","","","","","","",
"中国香港特别行政区","HKG","Contraceptive prevalence, modern methods (% of women ages 15-49)","SP.DYN.CONM.ZS","","","","","","","","","","","","","43.3","","","","","","","","","","","","","","","","","","","","","","","","","","","","","","","","","","","","","","","","","","","","","64.5","","","","","","","",
"中国香港特别行政区","HKG","死亡率，成年人，女性（每千名成年女性）","SP.DYN.AMRT.FE","145.864","142.729","142.24","136.757","133.046","128.204","126.317","121.663","118.863","115.488","114.074","113.379","111.742","107.353","104.197","101.627","100.03","96.89","94.08","90.82","88.093","84.579","80.799","76.874","73.234","70.129","67.435","65.161","63.484","62.401","60.676","59.485","57.666","56.522","54.194","52.067","49.848","48.731","47.388","46.044","44.577","43.283","42.651","43.616","41.512","40.455","39.661","39.103","38.972","38.788","38.408","37.958","37.35","36.967","36.473","36.308","35.904","35.453","34.967","34.5","33.581","33.789","36.351","34.985","",
"中国香港特别行政区","HKG","食用加碘盐（占住户的比例）","SN.ITK.SALT.ZS","","","","","","","","","","","","","","","","","","","","","","","","","","","","","","","","","","","","","","","","","","","","","","","","","","","","","","","","","","","","","","","","","",
"中国香港特别行政区","HKG","国际移徙者，总计","SM.POP.TOTL","","","","","","","","","","","","","","","","","","","","","","","","","","","","","","","2218473","","","","","2443798","","","","","2669122","","","","","2721235","","","","","2779950","","","","","2841113","","","","","2962492","","","","3063318",
"中国香港特别行政区","HKG","Refugees under the mandate of the UNHCR by country or territory of asylum","SM.POP.RHCR.EA","","","","","1120000","1251200","1250040","","","","1000","1000","50","","","","","","63410","55700","24070","13540","12620","12770","11960","9400","8000","9530","15359","12022","8161","4414","2605","1846","1698","1479","1350","1224","1037","973","980","1392","1490","1899","1865","1925","1932","89","90","78","149","146","105","113","160","109","91","85","128","128","245","271","285","301","260",
"中国香港特别行政区","HKG","Internally displaced people (IDP) by country or territory of asylum / origin","SM.POP.IDPC","","","","","","","","","","","","","","","","","","","","","","","","","","","","","","","","","","","","","","","","","","","","","","","","","","","","","","","","","","","","","","","","","",
"中国香港特别行政区","HKG","Children in employment, wage workers (% of children in employment, ages 7-14)","SL.WAG.0714.ZS","","","","","","","","","","","","","","","","","","","","","","","","","","","","","","","","","","","","","","","","","","","","","","","","","","","","","","","","","","","","","","","","","",
"中国香港特别行政区","HKG","Unemployment, total (% of total labor force) (national estimate)","SL.UEM.TOTL.NE.ZS","","","","","","","","","","","","","","","","9.17","5","4.3","1.59","2.09","2.4","1.53","1.85","2.11","1.92","3.18","2.82","1.73","1.36","1.07","1.32","1.8","1.96","1.96","1.9","3.22","2.83","2.22","4.58","6.25","4.92","5.09","7.28","7.86","6.74","5.58","4.77","4.01","3.56","5.26","4.329","3.422","3.285","3.4","3.296","3.314","3.392","3.124","2.805","2.917","5.808","5.174","4.318","2.949","2.988",
"中国香港特别行政区","HKG","Unemployment, female (% of female labor force) (national estimate)","SL.UEM.TOTL.FE.NE.ZS","","","","","","","","","","","","","","","","9.09","4.2","4.2","1.95","2.19","2.62","1.49","1.88","2.11","2.04","2.63","2.53","1.75","1.36","1.06","1.32","1.6","1.89","1.94","1.7","2.93","2.39","2.07","4.03","4.82","4.01","3.84","5.9","6.19","5.55","4.42","3.72","3.36","2.97","4.32","3.502","2.797","2.756","2.97","3.009","3.185","3.081","2.862","2.421","2.298","4.74","4.223","3.523","2.417","2.366",
"中国香港特别行政区","HKG","Share of youth not in education, employment or training, male (% of male youth population)  (modeled ILO estimate)","SL.UEM.NEET.MA.ME.ZS","","","","","","","","","","","","","","","","","","","","","","","","","","","","","","","","","","","","","","","","","","","","","","9.724","9.502","8.072","6.658","7.871","7.326","6.507","6.529","7.162","6.876","6.438","6.292","6.606","6.871","7.4","9.715","8.156","6.921","6.255","6.262",
"中国香港特别行政区","HKG","Unemployment with intermediate education, male (% of male labor force with intermediate education)","SL.UEM.INTM.MA.ZS","","","","","","","","","","","","","","","","","","","","","","","","","","","","","","","","","","","","","","","","","","","7.45","","6.86","5.69","5.21","4.26","3.97","5.94","5.11","4.112","3.856","3.81","3.727","3.473","3.84","3.588","3.383","3.528","7.348","6.723","5.512","3.64","3.878",
"中国香港特别行政区","HKG","Unemployment with basic education, female (% of female labor force with basic education)","SL.UEM.BASC.FE.ZS","","","","","","","","","","","","","","","","","","","","","","","","","","","","","","","","","","","","","","","","","","","8.34","","8.69","6.46","5.3","4.64","3.76","4.87","3.595","3.083","2.937","3.396","3.252","3.272","3.29","3.072","2.376","2.249","5.056","4.507","3.926","2.049","2.037",
"中国香港特别行政区","HKG","年轻群体总失业人数（占15-24岁所有劳动力数量的比例）（模拟劳工组织估计）","SL.UEM.1524.ZS","","","","","","","","","","","","","","","","","","","","","","","","","","","","","","","","4.204","4.303","4.457","4.31","6.833","6.612","5.168","10.416","13.946","11.064","11.196","14.814","14.84","12.073","10.671","10.374","8.973","8.514","12.49","12.097","9.269","9.229","9.444","9.202","10.424","9.728","8.531","8.731","8.527","15.533","12.79","11.03","8.973","9.507",
"中国香港特别行政区","HKG","年轻女性失业人数（占15-24岁女性劳动力比例）（模拟劳工组织估计）","SL.UEM.1524.FE.ZS","","","","","","","","","","","","","","","","","","","","","","","","","","","","","","","","3.659","3.858","4.076","3.573","5.889","5.55","4.566","8.943","12.007","10.198","9.123","11.806","11.608","9.215","7.898","8.081","7.183","6.873","10.09","10.271","7.697","7.645","7.715","8.073","9.548","8.557","7.944","7.556","6.566","13.699","10.431","10.11","8.371","8.621",
"中国香港特别行政区","HKG","非全日制就业，总人数（占就业总人数的比例）","SL.TLF.PART.ZS","","","","","","","","","","","","","","","","","","","","","","","","","","","","","","","","","","","","","","","","","","","","","","","","","","14.76","11.28","13.79","15.28","15.2","17.45","16.42","16.86","","","","","","","","",
"中国香港特别行政区","HKG","Labor force with intermediate education, male (% of male working-age population with intermediate education)","SL.TLF.INTM.MA.ZS","","","","","","","","","","","","","","","","","","","","","","","","","","","","","","","","","","","","","","","","","","","","","","","","","","73.94","72.894","72.225","72.315","72.957","72.81","72.989","72.962","72.487","72.872","72.022","69.771","70.026","69.631","67.53","66.666",
"中国香港特别行政区","HKG","劳动力参与率，男性（占 15 岁以上男性人口的百分比）（模拟劳工组织估计）","SL.TLF.CACT.MA.ZS","","","","","","","","","","","","","","","","","","","","","","","","","","","","","","","79.14","78.811","78.053","77.771","77.014","76.325","75.619","75.102","74.574","73.938","73.298","72.528","71.995","71.52","71.197","70.642","70.273","69.848","68.94","68.667","67.765","67.669","67.964","68.493","68.094","68.117","67.924","67.66","67.966","66.826","65.534","65.033","64.187","63.412","62.585",
"中国香港特别行政区","HKG","劳动力参与率，女性（占 15 岁以上女性人口的百分比）（模拟劳工组织估计）","SL.TLF.CACT.FE.ZS","","","","","","","","","","","","","","","","","","","","","","","","","","","","","","","47.059","47.948","46.759","46.364","46.9","47.384","47.635","47.858","48.418","48.711","48.986","50.308","51.449","51.022","51.273","51.65","52.017","52.503","52.446","52.56","51.257","52.325","52.893","53.869","53.936","54.211","54.28","54.645","54.747","54.51","53.728","53.718","52.789","52.27","52.256",
"中国香港特别行政区","HKG","Labor force with basic education, female (% of female working-age population with basic education)","SL.TLF.BASC.FE.ZS","","","","","","","","","","","","","","","","","","","","","","","","","","","","","","","","","","","","","","","","","","","","","","","","","","39.87","32.188","32.905","33.182","33.89","33.701","33.298","33.171","32.891","32.62","33.115","32.082","31.804","30.752","30.476","30.112",
"中国香港特别行政区","HKG","劳动力参与率，总数（占 15-64 岁总人口的百分比）（模拟劳工组织估计）","SL.TLF.ACTI.ZS","","","","","","","","","","","","","","","","","","","","","","","","","","","","","","","69.44","69.843","69.107","68.938","69.044","69.115","69.14","69.204","69.354","69.275","69.177","69.677","70.214","69.831","69.888","69.866","69.902","70.042","69.538","69.484","68.237","68.933","69.535","70.588","70.669","71.223","71.544","71.896","72.43","72.079","71.569","71.959","71.322","71.182","71.467",
"中国香港特别行政区","HKG","Labor force participation rate for ages 15-24, total (%) (national estimate)","SL.TLF.ACTI.1524.NE.ZS","","62.78","","","","","60.65","","","","","65.15","","","","65.01","66.48","","","61.14","63.3","66.32","63.74","65.22","65.91","62.38","62.68","61.12","59.71","57.95","56.77","56.1","54.65","53.69","52.46","50.27","50.25","49.49","49.28","47.5","45.6","44.92","44.86","44.43","44.29","43.87","42.89","42.71","40.7","39.22","36.048","36.391","36.95","38.875","38.508","40.24","40.684","39.799","40.045","39.809","35.974","34.867","31.938","30.613","29.468",
"中国香港特别行政区","HKG","Labor force participation rate for ages 15-24, female (%) (national estimate)","SL.TLF.ACTI.1524.FE.NE.ZS","","49.68","","","","","54.55","","","","","62.17","","","","63","63.87","","","59","60.63","61.95","61.22","62.92","64.03","60.57","61.45","59.77","58.33","56.88","55.72","55.2","53.87","52.14","51.61","49.35","49.61","48.72","49.12","","44.73","45.45","45.38","44.4","44.66","44.79","44.08","44.47","42.53","40.28","36.731","37.049","37.578","39.963","39.263","41.427","41.936","41.517","40.943","40.46","36.567","35.336","32.457","31.101","30.166",
"中国香港特别行政区","HKG","从事经济活动的男童，只工作（占 7-14 岁从事经济活动男童的百分比）","SL.TLF.0714.WK.MA.ZS","","","","","","","","","","","","","","","","","","","","","","","","","","","","","","","","","","","","","","","","","","","","","","","","","","","","","","","","","","","","","","","","","",
"中国香港特别行政区","HKG","从事经济活动的儿童，工学兼顾（占 7-14 岁参与经济活动儿童的比例）","SL.TLF.0714.SW.ZS","","","","","","","","","","","","","","","","","","","","","","","","","","","","","","","","","","","","","","","","","","","","","","","","","","","","","","","","","","","","","","","","","",
"中国香港特别行政区","HKG","从事经济活动的女童，工学兼顾（占 7-14 岁从事经济活动女童的百分比）","SL.TLF.0714.SW.FE.ZS","","","","","","","","","","","","","","","","","","","","","","","","","","","","","","","","","","","","","","","","","","","","","","","","","","","","","","","","","","","","","","","","","",
"中国香港特别行政区","HKG","服务业就业人员（占就业总数的百分比）","SL.SRV.EMPL.ZS","","","","","","","","","","","","","","","","","","","","","","","","","","","","","","","","63.7191880666053","65.6723349834042","69.0761331643335","71.0637080057929","71.9761488879483","73.4387134911641","74.8436881160909","76.4588898260462","77.9397342417857","78.7037054329293","79.835754181407","80.7853687591672","82.031510191875","83.5276997893708","84.0157014626361","84.3772420167857","84.9848987893948","85.6207100285458","85.8569536250019","85.9805557432341","85.9722627563245","85.9125120983399","85.8104501591429","85.7844508812036","86.0907847127284","85.6647697108142","85.7336338316202","85.8406854656978","86.1084819312946","86.3455967103828","86.1550986100745","85.8014893136207","85.7823146393718","85.6979264629397",
"中国香港特别行政区","HKG","服务业男童工雇佣率（占 7-14 岁参与经济活动男童的百分比）","SL.SRV.0714.MA.ZS","","","","","","","","","","","","","","","","","","","","","","","","","","","","","","","","","","","","","","","","","","","","","","","","","","","","","","","","","","","","","","","","","",
"中国香港特别行政区","HKG","Children in employment, self-employed, female (% of female children in employment, ages 7-14)","SL.SLF.0714.FE.ZS","","","","","","","","","","","","","","","","","","","","","","","","","","","","","","","","","","","","","","","","","","","","","","","","","","","","","","","","","","","","","","","","","",
"中国香港特别行政区","HKG","工业就业人员（占就业总数的百分比）","SL.IND.EMPL.ZS","","","","","","","","","","","","","","","","","","","","","","","","","","","","","","","","35.3332730898464","33.5165187686061","30.1709956325459","28.2084833918648","27.3579528710813","26.0905703265587","24.7704191608753","23.196019339939","21.7181534334183","20.9614715405096","19.912253489918","18.8888666575347","17.716048658024","16.1745235452442","15.6856557944803","15.3468219262231","14.805229157593","14.1100376529004","13.8780072596182","13.7639543744446","13.7796823955613","13.8453986581557","13.9535150336549","13.9852459728745","13.6838048917757","14.1153956644221","14.052140583628","13.9505828846724","13.6859454281593","13.4526758613777","13.6460978259198","14.0031930936177","14.0265540796666","14.1160895423427",
"中国香港特别行政区","HKG","Contributing family workers, total (% of total employment)","SL.FAM.WORK.ZS","","","","","","","","","","","","","","","","","","","","","","","","","","","","","","","","1.0491003442518","0.940890061966791","0.846078852417391","0.741643204921321","0.6057882413455","0.587766539404885","0.573565759006792","0.533432775146802","0.663706245705963","0.562354524577448","0.575685567364778","0.634906954087294","0.675143367171343","0.718551326044742","0.707637368557528","0.596825049972729","0.544760923151997","0.519272328639425","0.463775657655051","0.37975683133249","0.42607231062121","0.410874179714189","0.357398236817591","0.402368105610897","0.338653722172172","0.295247572735592","0.323243929648556","0.24286106097695","0.218761003797679","0.194684440278848","0.166892489891904","0.173669960800674","0.161922389428224","0.127715386820745",
"中国香港特别行政区","HKG","Children in employment, unpaid family workers, male (% of male children in employment, ages 7-14)","SL.FAM.0714.MA.ZS","","","","","","","","","","","","","","","","","","","","","","","","","","","","","","","","","","","","","","","","","","","","","","","","","","","","","","","","","","","","","","","","","",
"中国香港特别行政区","HKG","Wage and salaried workers, female (% of female employment)","SL.EMP.WORK.FE.ZS","","","","","","","","","","","","","","","","","","","","","","","","","","","","","","","","94.6682093461941","94.9400971069431","95.1760106719767","95.2623373683405","95.3621452630531","95.5820445090195","95.6995400522266","95.7702948346399","95.1782864287876","95.5651211685294","94.8564665599343","94.1921853395345","93.9341807245318","93.7067689895349","93.9815688576001","94.1281685056425","94.5898798598823","94.4961946936068","94.463008243761","94.643653808266","94.2413491312378","94.2770981367518","94.3468388820747","94.7652697584166","94.7336453663731","94.7021033501614","94.7058966635834","94.9045061939438","94.7456975020655","94.9750640205204","94.9109745036359","94.8800296566646","94.7588680432199","95.2388763431784",
"中国香港特别行政区","HKG","15 岁（含）以上总就业人口比率（百分比）（模拟劳工组织估计）","SL.EMP.TOTL.SP.ZS","","","","","","","","","","","","","","","","","","","","","","","","","","","","","","","","62.301","61.18","60.78","60.648","59.681","59.648","59.821","58.345","57.121","57.719","57.864","56.793","55.974","56.587","57.187","57.657","58.136","57.938","56.822","56.276","57.296","57.781","58.437","58.338","58.461","58.349","58.577","58.946","58.245","55.55","55.704","55.353","55.528","55.139",
"中国香港特别行政区","HKG","15 岁（含）以上女性就业人口比率（百分比）（模拟劳工组织估计）","SL.EMP.TOTL.SP.FE.ZS","","","","","","","","","","","","","","","","","","","","","","","","","","","","","","","","47.186","45.875","45.464","46.101","45.992","46.497","46.865","46.468","46.235","47.018","48.363","48.411","47.862","48.425","49.368","50.076","50.728","50.881","50.282","49.459","50.86","51.434","52.268","52.312","52.484","52.606","53.08","53.42","53.256","51.176","51.445","50.925","51.005","51.018",
"中国香港特别行政区","HKG","Self-employed, male (% of male employment)","SL.EMP.SELF.MA.ZS","","","","","","","","","","","","","","","","","","","","","","","","","","","","","","","","13.9592737950049","13.7436555460508","13.5868182487714","12.9192849922509","12.9960288035329","13.2114864985532","12.5474630577208","12.7742240123116","13.315055587168","13.1025763625947","15.2361941341802","16.6149943551956","16.0937093256016","15.6342993027108","15.4985473371489","15.6801107028636","14.445783725278","14.2019874395193","14.3031772159846","14.0774290154222","14.1814763130476","14.5645630557038","14.4266997024793","12.8960317936334","12.5060436470635","12.0716922825691","12.1200835642153","11.9899945932043","12.1484823267993","12.5341701541908","11.8285326943936","11.9454752156281","11.8308665499745","11.0316994894484",
"中国香港特别行政区","HKG","Employers, female (% of female employment)","SL.EMP.MPYR.FE.ZS","","","","","","","","","","","","","","","","","","","","","","","","","","","","","","","","1.54239313889462","1.54158222722416","1.54777035226237","1.6214309021597","1.61610251359407","1.59304368453436","1.62625244041332","1.53883609912055","1.60751947379659","1.47357161299841","1.75075235052436","1.79571156452061","1.777706267972","1.71311868007781","1.63460370070658","1.64274166967495","1.546629295438","1.44792822207479","1.52673306611023","1.5294863725944","1.62806777356133","1.42639617520485","1.34517859157017","1.1917873363238","1.34101937878218","1.11926061634225","1.21738806360295","1.02961137122513","1.15334484310821","1.23716546036021","1.04512075537931","1.09969716636518","1.03291878322019","0.900902335625535",
"中国香港特别行政区","HKG","Employment to population ratio, ages 15-24, male (%) (national estimate)","SL.EMP.1524.SP.MA.NE.ZS","","","","","","","","","","","","","","","","","","","","","","","","","","","","","","","","","","","","","","","","","","","","","","","","","","32.34","30.389","31.822","32.364","33.522","33.832","34.617","35.115","34.598","35.245","35.006","29.212","29.172","27.667","27.26","25.807",
"中国香港特别行政区","HKG","农业男性就业人员（占男性就业的百分比）","SL.AGR.EMPL.MA.ZS","","","","","","","","","","","","","","","","","","","","","","","","","","","","","","","","1.09959597477588","1.00644425434845","0.958993380557676","0.928847907411094","0.827140354057157","0.586198256449831","0.484062083220421","0.420531420455069","0.428914352506623","0.407927667144808","0.324869351899975","0.408880418442989","0.313838047449351","0.38559362226384","0.394184979684565","0.340320423769523","0.257701775035281","0.3642496542815","0.361480316766168","0.349372967749518","0.341182111107837","0.3345792346143","0.328322101261448","0.321065629131647","0.316033458460172","0.309699926514526","0.303392952307937","0.296368531950074","0.29469790835978","0.285289925470642","0.284884652199625","0.280295639073501","0.27496510313961","0.268993019701556",
"中国香港特别行政区","HKG","农业女童工雇佣率（占 7-14 岁参与经济活动女童的百分比）","SL.AGR.0714.FE.ZS","","","","","","","","","","","","","","","","","","","","","","","","","","","","","","","","","","","","","","","","","","","","","","","","","","","","","","","","","","","","","","","","","",
"中国香港特别行政区","HKG","Annualized average growth rate in per capita real survey mean consumption or income, bottom 40% of population (%)","SI.SPR.PC40.ZG","","","","","","","","","","","","","","","","","","","","","","","","","","","","","","","","","","","","","","","","","","","","","","","","","","","","","","","","","","","","","","","","","",
"中国香港特别行政区","HKG","贫困差距，以每天8.3美元为贫困线（按2021年购买力平价计算）（百分比）","SI.POV.UMIC.GP","","","","","","","","","","","","","","","","","","","","","","","","","","","","","","","","","","","","","","","","","","","","","","","","","","","","","","","","","","","","","","","","","",
"中国香港特别行政区","HKG","Multidimensional poverty headcount ratio (World Bank) (% of population)","SI.POV.MPWB","","","","","","","","","","","","","","","","","","","","","","","","","","","","","","","","","","","","","","","","","","","","","","","","","","","","","","","","","","","","","","","","","",
"中国香港特别行政区","HKG","基尼 (GINI) 系数","SI.POV.GINI","","","","","","","","","","","","","","","","","","","","","","","","","","","","","","","","","","","","","","","","","","","","","","","","","","","","","","","","","","","","","","","","","",
"中国香港特别行政区","HKG","最低10% 占有的收入份额","SI.DST.FRST.10","","","","","","","","","","","","","","","","","","","","","","","","","","","","","","","","","","","","","","","","","","","","","","","","","","","","","","","","","","","","","","","","","",
"中国香港特别行政区","HKG","第四档 20%的收入份额","SI.DST.04TH.20","","","","","","","","","","","","","","","","","","","","","","","","","","","","","","","","","","","","","","","","","","","","","","","","","","","","","","","","","","","","","","","","","",
"中国香港特别行政区","HKG","UHC service coverage sub-index on non-communicable diseases","SH_UHC_SCI_NCD","","","","","","","","","","","","","","","","","","","","","","","","","","","","","","","","","","","","","","","","","","","","","","","","","","","","","","","","","","","","","","","","","",
"中国香港特别行政区","HKG","Proportion of population pushed into poverty (based on the societal poverty line) due to out-of-pocket health expenditure (%)","SH_UHC_FH40_PUSHED","","","","","","","","","","","","","","","","","","","","","","","","","","","","","","","","","","","","","","","","","","","","","","","","","","","","","","","","","","","","","","","","","",
"中国香港特别行政区","HKG","Proportion of population facing financial hardship due to out-of-pocket health expenditure (%)","SH_UHC_FH40","","","","","","","","","","","","","","","","","","","","","","","","","","","","","","","","","","","","","","","","","","","","","","","","","","","","","","","","","","","","","","","","","",
"中国香港特别行政区","HKG","人均自付费用，购买力平价（现价国际美元）","SH.XPD.OOPC.PP.CD","","","","","","","","","","","","","","","","","","","","","","","","","","","","","","","","","","","","","","","","","","","","","","","","","","","","","","","","","","","","","","","","","",
"中国香港特别行政区","HKG","Domestic general government health expenditure per capita (current US$)","SH.XPD.GHED.PC.CD","","","","","","","","","","","","","","","","","","","","","","","","","","","","","","","","","","","","","","","","","","","","","","","","","","","","","","","","","","","","","","","","","",
"中国香港特别行政区","HKG","人均外部卫生支出，购买力平价（现价国际美元）","SH.XPD.EHEX.PP.CD","","","","","","","","","","","","","","","","","","","","","","","","","","","","","","","","","","","","","","","","","","","","","","","","","","","","","","","","","","","","","","","","","",
"中国香港特别行政区","HKG","Current health expenditure per capita (current US$)","SH.XPD.CHEX.PC.CD","","","","","","","","","","","","","","","","","","","","","","","","","","","","","","","","","","","","","","","","","","","","","","","","","","","","","","","","","","","","","","","","","",
"中国香港特别行政区","HKG","肺结核病例检出率（百分比，所有形式）","SH.TBS.DTEC.ZS","","","","","","","","","","","","","","","","","","","","","","","","","","","","","","","","","","","","","","","","","42","43","44","45","46","47","49","51","53","55","57","58","59","60","61","62","63","64","64","64","65","65","65","65","65",
"中国香港特别行政区","HKG","Prevalence of severe wasting, weight for height, female (% of children under 5)","SH.SVR.WAST.FE.ZS","","","","","","","","","","","","","","","","","","","","","","","","","","","","","","","","","","","","","","","","","","","","","","","","","","","","","","","","","","","","","","","","","",
"中国香港特别行政区","HKG","Mortality rate attributed to unsafe water, unsafe sanitation and lack of hygiene (per 100,000 population)","SH.STA.WASH.P5","","","","","","","","","","","","","","","","","","","","","","","","","","","","","","","","","","","","","","","","","","","","","","","","","","","","","","","","","","","","","","","","","",
"中国香港特别行政区","HKG","Suicide mortality rate, female (per 100,000 female population)","SH.STA.SUIC.FE.P5","","","","","","","","","","","","","","","","","","","","","","","","","","","","","","","","","","","","","","","","","","","","","","","","","","","","","","","","","","","","","","","","","",
"中国香港特别行政区","HKG","Prevalence of stunting, height for age, female (modeled estimate, % of children under 5)","SH.STA.STNT.ME.FE.ZS","","","","","","","","","","","","","","","","","","","","","","","","","","","","","","","","","","","","","","","","","","","","","","","","","","","","","","","","","","","","","","","","","",
"中国香港特别行政区","HKG","People using safely managed sanitation services, urban (% of urban population)","SH.STA.SMSS.UR.ZS","","","","","","","","","","","","","","","","","","","","","","","","","","","","","","","","","","","","","","","","","76.486950462783","76.486950462783","76.486950462783","76.486950462783","76.3765522368473","76.2661540109117","76.155755784976","76.0453575590403","75.9349593331046","75.824561107169","75.7141628812333","75.6037646552976","75.4933664293619","75.3829682034262","77.6716823822018","79.9578020530352","82.2413272159256","84.5222578708746","86.8005940178815","89.0763356569461","91.3494827880687","93.620035411249","95.077640324963","94.956006893156","94.834373461349",
"中国香港特别行政区","HKG","Mortality rate attributed to unintentional poisoning (per 100,000 population)","SH.STA.POIS.P5","","","","","","","","","","","","","","","","","","","","","","","","","","","","","","","","","","","","","","","","","","","","","","","","","","","","","","","","","","","","","","","","","",
"中国香港特别行政区","HKG","Prevalence of overweight, weight for height, female (modeled estimate, % of children under 5)","SH.STA.OWGH.ME.FE.ZS","","","","","","","","","","","","","","","","","","","","","","","","","","","","","","","","","","","","","","","","","","","","","","","","","","","","","","","","","","","","","","","","","",
"中国香港特别行政区","HKG","痢疾治疗（5 岁以下儿童中接受口服补液盐治疗并继续服用的比例）","SH.STA.ORCF.ZS","","","","","","","","","","","","","","","","","","","","","","","","","","","","","","","","","","","","","","","","","","","","","","","","","","","","","","","","","","","","","","","","","",
"中国香港特别行政区","HKG","孕产妇死亡比率（国家估算，每10万活产婴儿）","SH.STA.MMRT.NE","","","","","","","","","","","","","","","","","","","","","","","","","","","","","","","","","","","","","","","","","","","","","","","","","","","","","","","","","","","","","","","","","",
"中国香港特别行政区","HKG","营养不良患病率，基于年龄相应的体重，女性（占5岁以下儿童百分比）","SH.STA.MALN.FE.ZS","","","","","","","","","","","","","","","","","","","","","","","","","","","","","","","","","","","","","","","","","","","","","","","","","","","","","","","","","","","","","","","","","",
"中国香港特别行政区","HKG","Female genital mutilation prevalence (%)","SH.STA.FGMS.ZS","","","","","","","","","","","","","","","","","","","","","","","","","","","","","","","","","","","","","","","","","","","","","","","","","","","","","","","","","","","","","","","","","",
"中国香港特别行政区","HKG","完全母乳喂养率（占 6 个月以下儿童的百分比）","SH.STA.BFED.ZS","","","","","","","","","","","","","","","","","","","","","","","","","","","","","","","","","","","","","","","","","","","","","","","","","","","","","","","","","","","","","","","","","",
"中国香港特别行政区","HKG","儿童急性呼吸道感染治疗率（接受医疗救治的 5 岁以下儿童所占比例）","SH.STA.ARIC.ZS","","","","","","","","","","","","","","","","","","","","","","","","","","","","","","","","","","","","","","","","","","","","","","","","","","","","","","","","","","","","","","","","","",
"中国香港特别行政区","HKG","Mortality rate attributed to household and ambient air pollution, age-standardized, female (per 100,000 female population)","SH.STA.AIRP.FE.P5","","","","","","","","","","","","","","","","","","","","","","","","","","","","","","","","","","","","","","","","","","","","","","","","","","","","","","","","","","","","","","","","","",
"中国香港特别行政区","HKG","男性吸烟率（吸烟男性占所有成年人比例）","SH.PRV.SMOK.MA","","","","","","","","","","","","","","","","","","","","","","","","","","","","","","","","","","","","","","","","","","","","","","","","","","","","","","","","","","","","","","","","","",
"中国香港特别行政区","HKG","孕产妇死亡的终生风险（百分比）","SH.MMR.RISK.ZS","","","","","","","","","","","","","","","","","","","","","","","","","","","","","","","","","","","","","","","","","","","","","","","","","","","","","","","","","","","","","","","","","",
"中国香港特别行政区","HKG","经杀虫剂处理的蚊帐使用率（占5岁以下人口数量的比例）","SH.MLR.NETS.ZS","","","","","","","","","","","","","","","","","","","","","","","","","","","","","","","","","","","","","","","","","","","","","","","","","","","","","","","","","","","","","","","","","",
"中国香港特别行政区","HKG","护士和助产士（每千人）","SH.MED.NUMW.P3","","","","","","","","","","","","","","","","","","","","","","","","","","","","","","","","","","","","","","","","","","","","","","","","","","","","","","6.913","7.17","7.422","7.656","7.886","8.176","","","","","","",
"中国香港特别行政区","HKG","DPT 免疫接种率（占 12 - 23 个月年龄组的百分比）","SH.IMM.IDPT","","","","","","","","","","","","","","","","","","","","","","","","","","","","","","","","","","","","","","","","","","","","","","","","","","","","","","","","","","","","","","","","","",
"中国香港特别行政区","HKG","Incidence of HIV, ages 15-24 (per 1,000 uninfected population ages 15-24)","SH.HIV.INCD.YG.P3","","","","","","","","","","","","","","","","","","","","","","","","","","","","","","","","","","","","","","","","","","","","","","","","","","","","","","","","","","","","","","","","","",
"中国香港特别行政区","HKG","Children (ages 0-14) newly infected with HIV","SH.HIV.INCD.14","","","","","","","","","","","","","","","","","","","","","","","","","","","","","","","","","","","","","","","","","","","","","","","","","","","","","","","","","","","","","","","","","",
"中国香港特别行政区","HKG","艾滋病病毒感染率，女性（15-24岁的百分比）","SH.HIV.1524.FE.ZS","","","","","","","","","","","","","","","","","","","","","","","","","","","","","","","","","","","","","","","","","","","","","","","","","","","","","","","","","","","","","","","","","",
"中国香港特别行政区","HKG","People using safely managed drinking water services, rural (% of rural population)","SH.H2O.SMDW.RU.ZS","","","","","","","","","","","","","","","","","","","","","","","","","","","","","","","","","","","","","","","","","","","","","","","","","","","","","","","","","","","","","","","","","",
"中国香港特别行政区","HKG","Demand for family planning satisfied by modern methods (% of married women with demand for family planning)","SH.FPL.SATM.ZS","","","","","","","","","","","","","","","","","","","","","","","","","","","","","","","","","","","","","","","","","","","","","","","","","","","","","","","","","","","","","","","","","",
"中国香港特别行政区","HKG","Mortality from CVD, cancer, diabetes or CRD between exact ages 30 and 70, female (%)","SH.DYN.NCOM.FE.ZS","","","","","","","","","","","","","","","","","","","","","","","","","","","","","","","","","","","","","","","","","","","","","","","","","","","","","","","","","","","","","","","","","",
"中国香港特别行政区","HKG","艾滋病病毒感染率，总数（占15-49岁人口的百分比）","SH.DYN.AIDS.ZS","","","","","","","","","","","","","","","","","","","","","","","","","","","","","","","","","","","","","","","","","","","","","","","","","","","","","","","","","","","","","","","","","",
"中国香港特别行政区","HKG","Probability of dying among adolescents ages 10-14 years (per 1,000)","SH.DYN.1014","","","","","","","","","","","","","","","","","","","","","","","","","","","","","","","","","","","","","","","","","","","","","","","","","","","","","","","","","","","","","","","","","",
"中国香港特别行政区","HKG","五岁以下儿童死亡数","SH.DTH.MORT","","","","","","","","","","","","","","","","","","","","","","","","","","","","","","","","","","","","","","","","","","","","","","","","","","","","","","","","","","","","","","","","","",
"中国香港特别行政区","HKG","Number of deaths ages 20-24 years","SH.DTH.2024","","","","","","","","","","","","","","","","","","","","","","","","","","","","","","","","","","","","","","","","","","","","","","","","","","","","","","","","","","","","","","","","","",
"中国香港特别行政区","HKG","安全套使用率，15-24岁人口，男性（占 15-24 岁男性人口的百分比）","SH.CON.1524.MA.ZS","","","","","","","","","","","","","","","","","","","","","","","","","","","","","","","","","","","","","","","","","","","","","","","","","","","","","","","","","","","","","","","","","",
"中国香港特别行政区","HKG","Prevalence of anemia among women of reproductive age (% of women ages 15-49)","SH.ANM.ALLW.ZS","","","","","","","","","","","","","","","","","","","","","","","","","","","","","","","","","","","","","","","","","","","","","","","","","","","","","","","","","","","","","","","","","",
"中国香港特别行政区","HKG","Women who believe a husband is justified in beating his wife when she refuses sex with him (%)","SG.VAW.REFU.ZS","","","","","","","","","","","","","","","","","","","","","","","","","","","","","","","","","","","","","","","","","","","","","","","","","","","","","","","","","","","","","","","","","",
"中国香港特别行政区","HKG","航空运输，货运量（百万吨-公里）","IS.AIR.GOOD.MT.K1","","","","","","","","","","","","","","","","","","","","","","","","","","","","","","","","","","","","","","2325.3000488281","4151.1000976563","4545.7001953125","5111.511","5066.022","5714.644","5780.75","6931.629","7763.873","8325.969","10028.957","8985.895","13293.176","10373.434773","10053.898445","9468.41800958361","9396.48053","10826.12281","11294.272491","11409.118758","12415.19932","12676.721747","11739.489567","8084.89962","9027.879964","1.42667215","8638.388814","",
"中国香港特别行政区","HKG","Statistical performance indicators (SPI): Pillar 3 data products score  (scale 0-100)","IQ.SPI.PIL3","","","","","","","","","","","","","","","","","","","","","","","","","","","","","","","","","","","","","","","","","","","","","","26.69375","26.19375","25.85625","26.4125","26.4125","24.61875","24.73125","25.38125","28.58125","27.14375","28.925","28.86875","29.925","27.65625","28.7375","31.0625","43.81875","40.025","48.71875","48.34375",
"中国香港特别行政区","HKG","国家政策和制度评估 (CPIA) 公共部门透明度、问责性和腐败评级（1=低至 6=高）","IQ.CPA.TRAN.XQ","","","","","","","","","","","","","","","","","","","","","","","","","","","","","","","","","","","","","","","","","","","","","","","","","","","","","","","","","","","","","","","","","",
"中国香港特别行政区","HKG","国家政策和制度评估 (CPIA)收入动员效率评级（1=低至 6=高）","IQ.CPA.REVN.XQ","","","","","","","","","","","","","","","","","","","","","","","","","","","","","","","","","","","","","","","","","","","","","","","","","","","","","","","","","","","","","","","","","",
"中国香港特别行政区","HKG","国家政策和制度评估 (CPIA) 公共资源使用公平性评级（1=低至 6=高）","IQ.CPA.PRES.XQ","","","","","","","","","","","","","","","","","","","","","","","","","","","","","","","","","","","","","","","","","","","","","","","","","","","","","","","","","","","","","","","","","",
"中国香港特别行政区","HKG","国家政策和制度评估 (CPIA) 人力资源建设评级（1=低至 6=高）","IQ.CPA.HRES.XQ","","","","","","","","","","","","","","","","","","","","","","","","","","","","","","","","","","","","","","","","","","","","","","","","","","","","","","","","","","","","","","","","","",
"中国香港特别行政区","HKG","国家政策和制度评估 (CPIA) 预算和金融管理质量评级（1=低至 6=高）","IQ.CPA.FINQ.XQ","","","","","","","","","","","","","","","","","","","","","","","","","","","","","","","","","","","","","","","","","","","","","","","","","","","","","","","","","","","","","","","","","",
"中国香港特别行政区","HKG","国家政策和制度评估 (CPIA) 企业监管环境评级（1=低至 6=高）","IQ.CPA.BREG.XQ","","","","","","","","","","","","","","","","","","","","","","","","","","","","","","","","","","","","","","","","","","","","","","","","","","","","","","","","","","","","","","","","","",
"中国香港特别行政区","HKG","专利申请，非居民","IP.PAT.NRES","","","","","","","","","","","","","","","","","","","","","","","","871","810","955","1027","1107","1056","886","1060","1076","1248","1186","1619","1938","2059","2359","14539","5998","8244","8840","9018","8995","9878","11607","13618","13606","13489","11708","11569","13312","12817","13690","12350","11973","13859","12975","15672","16186","21133","21542","","","",
"中国香港特别行政区","HKG","Public private partnerships investment in water and sanitation (current US$)","IE.PPN.WATR.CD","","","","","","","","","","","","","","","","","","","","","","","","","","","","","","","","","","","","","","","","","","","","","","","","","","","","","","","","","","","","","","","","","",
"中国香港特别行政区","HKG","私营部门参与的供水及卫生投资（现价美元）","IE.PPI.WATR.CD","","","","","","","","","","","","","","","","","","","","","","","","","","","","","","","","","","","","","","","","","","","","","","","","","","","","","","","","","","","","","","","","","",
"中国香港特别行政区","HKG","企业与税务官员见面的平均次数","IC.TAX.METG","","","","","","","","","","","","","","","","","","","","","","","","","","","","","","","","","","","","","","","","","","","","","","","","","","","","","","","","","","","","","","","","1.891019464","",
"中国香港特别行政区","HKG","提供正式培训的公司（占公司数的百分比）","IC.FRM.TRNG.ZS","","","","","","","","","","","","","","","","","","","","","","","","","","","","","","","","","","","","","","","","","","","","","","","","","","","","","","","","","","","","","","","","44.38147736","",
"中国香港特别行政区","HKG","Firms visited or required meetings with tax officials (% of firms)","IC.FRM.METG.ZS","","","","","","","","","","","","","","","","","","","","","","","","","","","","","","","","","","","","","","","","","","","","","","","","","","","","","","","","","","","","","","","","0.4992879033","",
"中国香港特别行政区","HKG","女性参与股权的公司（占公司数的百分比）","IC.FRM.FEMO.ZS","","","","","","","","","","","","","","","","","","","","","","","","","","","","","","","","","","","","","","","","","","","","","","","","","","","","","","","","","","","","","","","","37.14170837","",
"中国香港特别行政区","HKG","取得营业执照所需时间（天）","IC.FRM.DURS","","","","","","","","","","","","","","","","","","","","","","","","","","","","","","","","","","","","","","","","","","","","","","","","","","","","","","","","","","","","","","","","3.38517952","",
"中国香港特别行政区","HKG","Firms monitoring own CO2 emissions (% of firms)","IC.FRM.CO2.ZS","","","","","","","","","","","","","","","","","","","","","","","","","","","","","","","","","","","","","","","","","","","","","","","","","","","","","","","","","","","","","","","","6.925805092","",
"中国香港特别行政区","HKG","利用银行筹措投资资金的公司（占公司数的百分比）","IC.FRM.BNKS.ZS","","","","","","","","","","","","","","","","","","","","","","","","","","","","","","","","","","","","","","","","","","","","","","","","","","","","","","","","","","","","","","","","23.9693737","",
"中国香港特别行政区","HKG","通电延误（天数）","IC.ELC.DURS","","","","","","","","","","","","","","","","","","","","","","","","","","","","","","","","","","","","","","","","","","","","","","","","","","","","","","","","","","","","","","","","1.502637267","",
"中国香港特别行政区","HKG","新企业密度（15至64岁间每1000人中的新注册）","IC.BUS.NDNS.ZS","","","","","","","","","","","","","","","","","","","","","","","","","","","","","","","","","","","","","","","","","","","","","","","16.2795570158846","19.7506689012378","19.1558009676452","21.1406368968488","26.6840927006872","28.1446065325983","28.2541099367389","32.786845095811","31.5050201238128","26.1891789997434","27.3399899269848","30.3395061728395","28.8247574650611","23.8002837541947","19.2585968163692","21.916213390838","21.0019071555144","","",
"中国香港特别行政区","HKG","B-READY: Utility Services: Overall Score","IC.BRE.US.OS","","","","","","","","","","","","","","","","","","","","","","","","","","","","","","","","","","","","","","","","","","","","","","","","","","","","","","","","","","","","","","","","","77.7111726601918",
"中国香港特别行政区","HKG","B-READY: Taxation: Overall Score","IC.BRE.TX.OS","","","","","","","","","","","","","","","","","","","","","","","","","","","","","","","","","","","","","","","","","","","","","","","","","","","","","","","","","","","","","","","","","70.5578702290853",
"中国香港特别行政区","HKG","B-READY: Market Competition Pillar 3:  Implementation of Key Services Promoting Market Competition","IC.BRE.MC.P3","","","","","","","","","","","","","","","","","","","","","","","","","","","","","","","","","","","","","","","","","","","","","","","","","","","","","","","","","","","","","","","","","62.6407367289066",
"中国香港特别行政区","HKG","B-READY: Labor Pillar 3: Operational Efficiency of Labor Regulations and Public Services in Practice","IC.BRE.LB.P3","","","","","","","","","","","","","","","","","","","","","","","","","","","","","","","","","","","","","","","","","","","","","","","","","","","","","","","","","","","","","","","","","82.5833336412906",
"中国香港特别行政区","HKG","B-READY: International Trade Pillar 3: Efficiency of Importing Goods, Exporting Goods, and Engaging in Digital Trade","IC.BRE.IT.P3","","","","","","","","","","","","","","","","","","","","","","","","","","","","","","","","","","","","","","","","","","","","","","","","","","","","","","","","","","","","","","","","","97.9499993324279",
"中国香港特别行政区","HKG","B-READY: Financial Services Pillar 3: Operational Efficiency of Receiving Financial Services","IC.BRE.FS.P3","","","","","","","","","","","","","","","","","","","","","","","","","","","","","","","","","","","","","","","","","","","","","","","","","","","","","","","","","","","","","","","","","77.9333327114582",
"中国香港特别行政区","HKG","B-READY: Dispute Resolution Pillar 3:  Ease of Resolving a Commercial Dispute","IC.BRE.DR.P3","","","","","","","","","","","","","","","","","","","","","","","","","","","","","","","","","","","","","","","","","","","","","","","","","","","","","","","","","","","","","","","","","66.6999969482422",
"中国香港特别行政区","HKG","B-READY: Business Location Pillar 3: Operational Efficiency of Establishing a Business Location","IC.BRE.BL.P3","","","","","","","","","","","","","","","","","","","","","","","","","","","","","","","","","","","","","","","","","","","","","","","","","","","","","","","","","","","","","","","","","76.8666663169861",
"中国香港特别行政区","HKG","B-READY: Business Insolvency Pillar 3: Operational Efficiency of Resolving Judicial Insolvency Proceedings","IC.BRE.BI.P3","","","","","","","","","","","","","","","","","","","","","","","","","","","","","","","","","","","","","","","","","","","","","","","","","","","","","","","","","","","","","","","","","49",
"中国香港特别行政区","HKG","B-READY: Business Entry Pillar 3: Operational Efficiency of Business Entry","IC.BRE.BE.P3","","","","","","","","","","","","","","","","","","","","","","","","","","","","","","","","","","","","","","","","","","","","","","","","","","","","","","","","","","","","","","","","","99.25",
"中国香港特别行政区","HKG","人力资本指数，男性，上界 (数值范围 0-1)","HD.HCI.OVRL.UB.MA","","","","","","","","","","","","","","","","","","","","","","","","","","","","","","","","","","","","","","","","","","","","","","","","","","","0.775219559669495","","","","","","","0.824","0.80834287405014","","0.792920470237732","","","","",
"中国香港特别行政区","HKG","人力资本指数，男性，下界 (数值范围 0-1)","HD.HCI.OVRL.LB.MA","","","","","","","","","","","","","","","","","","","","","","","","","","","","","","","","","","","","","","","","","","","","","","","","","","","0.749287009239197","","","","","","","0.796","0.783703029155731","","0.767729341983795","","","","",
"中国香港特别行政区","HKG","人力资本指数 (数值范围 0-1)","HD.HCI.OVRL","","","","","","","","","","","","","","","","","","","","","","","","","","","","","","","","","","","","","","","","","","","","","","","","","","","0.780907571315765","","","","","","","0.822","0.821718037128448","","0.812756538391113","","","","",
"中国香港特别行政区","HKG","Government Effectiveness: Percentile Rank, Lower Bound of 90% Confidence Interval","GE.PER.RNK.LOWER","","","","","","","","","","","","","","","","","","","","","","","","","","","","","","","","","","","","","75.4098358154297","","77.5956268310547","","80.3278656005859","","82.1621627807617","85.9459457397461","89.0547256469727","88.7254867553711","91.7073135375977","90.291259765625","88.3495178222656","87.5598068237305","86.6028671264648","86.2559204101562","89.5734634399414","88.6255950927734","88.461540222168","90","90","91.4285736083984","90.9523773193359","87.1428604125977","85.2380981445312","81.9047622680664","82.5471725463867","82.0754699707031","",
"中国香港特别行政区","HKG","补贴和其它拨款占支出比例","GC.XPN.TRFT.ZS","","","","","","","","","","","","","","","","","","","","","","","","","","","","","","","","","","","","","","","","","","","","","","","","","","","","","","","","","","","","","","","","","",
"中国香港特别行政区","HKG","其他支出（占支出的百分比）","GC.XPN.OTHR.ZS","","","","","","","","","","","","","","","","","","","","","","","","","","","","","","","","","","","","","","","","","","","","","","","","","","","","","","","","","","","","","","","","","",
"中国香港特别行政区","HKG","利息支付（现价本币单位）","GC.XPN.INTP.CN","","","","","","","","","","","","","","","","","","","","","","","","","","","","","","","","","","","","","","","","","","","","","","","","","","","","","","","","","","","","","","","","","",
"中国香港特别行政区","HKG","雇员报酬（现值本币）","GC.XPN.COMP.CN","","","","","","","","","","","","","","","","","","","","","","","","","","","","","","","","","","","","","","","","","","","","","","","","","","","","","","","","","","","","","","","","","",
"中国香港特别行政区","HKG","税收（占国民生产总值（GDP）比例）","GC.TAX.TOTL.GD.ZS","","","","","","","","","","","","","","","","","","","","","","","","","","","","","","","","","","","","","","","","","","","","","","","","","","","","","","","","","","","","","","","","","",
"中国香港特别行政区","HKG","国际贸易税占总税收比例","GC.TAX.INTT.RV.ZS","","","","","","","","","","","","","","","","","","","","","","","","","","","","","","","","","","","","","","","","","","","","","","","","","","","","","","","","","","","","","","","","","",
"中国香港特别行政区","HKG","货物和服务税收（占工业和服务业增加值比例）","GC.TAX.GSRV.VA.ZS","","","","","","","","","","","","","","","","","","","","","","","","","","","","","","","","","","","","","","","","","","","","","","","","","","","","","","","","","","","","","","","","","",
"中国香港特别行政区","HKG","出口产品税收（现值本币）","GC.TAX.EXPT.CN","","","","","","","","","","","","","","","","","","","","","","","","","","","","","","","","","","","","","","","","","","","","","","","","","","","","","","","","","","","","","","","","","",
"中国香港特别行政区","HKG","社会缴款（现值本币）","GC.REV.SOCL.CN","","","","","","","","","","","","","","","","","","","","","","","","","","","","","","","","","","","","","","","","","","","","","","","","","","","","","","","","","","","","","","","","","",
"中国香港特别行政区","HKG","Net lending (+) / net borrowing (-) (current LCU)","GC.NLD.TOTL.CN","","","","","","","","","","","","","","","","","","","","","","","","","","","","","","","","","","","","","","","","","","","","","","","","","","","","","","","","","","","","","","","","","",
"中国香港特别行政区","HKG","Net incurrence of liabilities, total (current LCU)","GC.LBL.TOTL.CN","","","","","","","","","","","","","","","","","","","","","","","","","","","","","","","","","","","","","","","","","","","","","","","","","","","","","","","","","","","","","","","","","",
"中国香港特别行政区","HKG","Net acquisition of financial assets (current LCU)","GC.AST.TOTL.CN","","","","","","","","","","","","","","","","","","","","","","","","","","","","","","","","","","","","","","","","","","","","","","","","","","","","","","","","","","","","","","","","","",
"中国香港特别行政区","HKG","Account ownership at a financial institution or with a mobile-money-service provider, secondary education or more (% of population ages 15+)","FX.OWN.TOTL.SO.ZS","","","","","","","","","","","","","","","","","","","","","","","","","","","","","","","","","","","","","","","","","","","","","","","","","","","","91.6726496068697","","","96.9721568303874","","","96.6577020973972","","","","98.1387178748958","","","98.4932713001205",
"中国香港特别行政区","HKG","Account ownership at a financial institution or with a mobile-money-service provider, female (% of population ages 15+)","FX.OWN.TOTL.FE.ZS","","","","","","","","","","","","","","","","","","","","","","","","","","","","","","","","","","","","","","","","","","","","","","","","","","","","89.0776274928449","","","96.2656860790006","","","94.7024235727527","","","","98.1886072222839","","","96.7510977577504",
"中国香港特别行政区","HKG","Domestic credit provided by financial sector (% of GDP)","FS.AST.DOMS.GD.ZS","","","","","","","","","","","","","","","","","","","","","","","","","","","","","","","","","","","","","","","","","","","","","","","","","","","","","","","","","","","","","","","","","",
"中国香港特别行政区","HKG","实际利率 （%）","FR.INR.RINR","","","","","","","","","","","","","","","","","","","","","","","","","","","","","","","2.26380820700539","0.253130861393987","-2.33485669940919","-1.94542307338842","0.991101549258895","4.5672435431814","2.49058041653546","2.96487847579654","8.57139473970502","13.1336571276039","13.1100254097013","8.77340518056427","8.80559662708679","11.7113271019205","8.93247030006136","6.36798461419555","8.49698304535723","4.29043309332348","3.98001331479989","5.3956557139453","4.71659616207754","1.06077937537636","1.40537380606836","3.13078890351097","2.09016381568074","1.30874548302619","3.3075397616738","2.06007802275779","1.33334308076522","2.99788737445068","4.33400217679998","4.28709026657645","3.3587995620975","2.79697087793328","1.84475195196319",
"中国香港特别行政区","HKG","批发物价指数（2010年该指数为100）","FP.WPI.TOTL","","","","","","","","","","","","","","","","","","","","","","","","","","","","","","","","","","","","","","","","","","","","","","","","","","","","","","","","","","","","","","","","","",
"中国香港特别行政区","HKG","广义货币与总储备的比率","FM.LBL.BMNY.IR.ZS","","","","","","","","","","","","","","","","","","","","","","","","","","","","","","","","5.41159354377186","4.83021218909863","4.53362854240436","4.4258689497545","4.3498498141719","4.24944667239611","3.17379189533145","3.64948960313097","3.67628084893175","3.581237799953","3.45189158384129","3.44767326020725","3.46926500188386","3.5966123340198","3.7648006950967","4.02254479352815","4.02673472623724","3.47210218144792","2.64129187215343","","2.81990071651909","2.78261304930143","3.13529322746288","3.22377761384009","3.1526235439607","3.11512026207488","3.13358538745068","3.28915134921014","3.31784767863881","3.1893961733203","3.25091891634743","3.90467406393804","4.04229142790137","",
"中国香港特别行政区","HKG","Monetary Sector credit to private sector (% GDP)","FM.AST.PRVT.GD.ZS","","","","","","","","","","","","","","","","","","","","","","","","","","","","","","","160.538234076922","137.255378455512","129.521018918885","134.908862418234","143.518640256857","149.412246225668","156.667889040809","169.280007108092","166.804706767354","152.79265225756","150.351364223279","148.976631278091","145.707823001046","146.231464371286","144.761964130729","143.12769981411","136.800320417521","136.679742857212","140.285752688015","155.426161115447","185.58191267173","202.292745511598","198.531505076682","218.160392086255","233.211001170351","207.899328185199","214.300178832553","223.371866412043","219.908123250485","236.740071570624","258.902841699638","259.183988203515","264.442110646291","248.607943667108","231.037771669122",
"中国香港特别行政区","HKG","对中央政府的债权（年增长率占广义货币的百分比）","FM.AST.CGOV.ZG.M3","","","","","","","","","","","","","","","","","","","","","","","","","","","","","","","","","-0.997782906408424","-0.590917938770276","2.79556299476498","-2.35844139391096","1.22498746837829","-1.85571985954474","-8.3827180183917","2.40803270532262","0.380388964187775","1.65237739328172","3.31631548940428","1.19815025260616","0.696982374742984","-1.03210454119688","-0.679977173552329","-3.81029673067185","-1.575826486748","9.11002636115644","0.581287893796323","-1.42651942531385","-0.65989338543132","0.619616399285098","-0.422583247622394","0.392822667149818","-13.4361834195707","-1.60703366650416","-0.613406830229917","0.491317935914621","1.18489543918851","-0.477326395957776","1.77812723356507","0.804633588770848","1.24726424490819",
"中国香港特别行政区","HKG","总储备（包括黄金，按现值美元计）","FI.RES.TOTL.CD","","","","","","","","","","","","","","","","","","","","","","","","","","","","","","","24655780000","28888620800","35249981000","43012564199.32","49277061000","55423912250","63832739750","92823443400.67","89669416282.7921","96255446750","107560388150","111173525500","111918964250","118388035750","123569257524","124278371000","133210591900","152692861250","182527273250","255840862500","","285398502220.272","317362272179.561","311209660700.802","328516955803.693","358772789814.908","386293451174.891","431441967070.678","424619925347.188","441349592235.762","491775722027.416","496867134129.408","424029810371.016","425554111033.182","",
"中国香港特别行政区","HKG","商业银行的借款人 (每10万成年人)","FB.CBK.BRWR.P3","","","","","","","","","","","","","","","","","","","","","","","","","","","","","","","","","","","","","","","","","","","","","","","","","","","","","","","","","","","","","","","","","",
"中国香港特别行政区","HKG","银行不良贷款与贷款总额的比率（百分比）","FB.AST.NPER.ZS","","","","","","","","","","","","","","","","","","","","","","","","","","","","","","","","","","","","","","","","","","","","","","","","","1.23","1.58","0.83","0.69","0.6","0.54","0.51","0.73","0.854318088546397","0.668925745235763","0.546970804225276","0.568032237016265","0.902373530647949","0.878169345365409","1.01785430019981","1.20273871538593","",
"中国香港特别行政区","HKG","人均可再生内陆淡水资源（立方米）","ER.H2O.INTR.PC","","","","","","","","","","","","","","","","","","","","","","","","","","","","","","","","","","","","","","","","","","","","","","","","","","","","","","","","","","","","","","","","","",
"中国香港特别行政区","HKG","Level of water stress: freshwater withdrawal as a proportion of available freshwater resources","ER.H2O.FWST.ZS","","","","","","","","","","","","","","","","","","","","","","","","","","","","","","","","","","","","","","","","","","","","","","","","","","","","","","","","","","","","","","","","","",
"中国香港特别行政区","HKG","水的生产率，总（2015年不价变美元GDP每立方米的总的淡水撤出）","ER.GDP.FWTL.M3.KD","","","","","","","","","","","","","","","","","","","","","","","","","","","","","","","","","","","","","","","","","","","","","","","","","","","","","","","","","","","","","","","","","",
"中国香港特别行政区","HKG","人口超过100万的城市群中的人口（占总人口的百分比）","EN.URB.MCTY.TL.ZS","84.383651497331","85.1295413654872","84.1609282342975","83.6393054459353","83.845089311191","83.8109730676228","85.2227885065704","85.2116686365102","85.4768191022169","86.0772276715236","85.8256883051276","85.6996761674041","85.785599961199","85.130752546209","84.4318607519759","85.1597409001255","86.858388667552","88.7314832995179","90.3862238885913","88.549810333286","88.8109656139519","88.9093838021376","89.351049482382","89.5905595779312","90.2545990107264","90.9006451376416","92.5403830141549","95.7470477555775","97.996268391499","99.3209700678836","100","100","100","100","100","99.7401114341872","96.9902882448916","97.953092013006","98.9323471430536","99.5922803299781","99.9798049512378","100","100","100","100","100","100","99.7411477234938","99.748814280376","100","100","99.91819390237","99.3888057509685","99.577525804789","99.516743896535","99.3746108375736","99.5398822342775","99.6169858789158","99.6818157421571","99.7719202440096","100","100","100","100","100",
"中国香港特别行政区","HKG","Population living in slums (% of urban population)","EN.POP.SLUM.UR.ZS","","","","","","","","","","","","","","","","","","","","","","","","","","","","","","","","","","","","","","","","","","","","","","","","","","","","","","","","","","","","","","","","","",
"中国香港特别行政区","HKG","人口密度（每公里土地面积人数）","EN.POP.DNST","","3105.98039215686","3240.39215686275","3353.82352941176","3435.88235294118","3527.35294117647","3558.72549019608","3649.80392156863","3728.13725490196","3788.13725490196","3881.37254901961","3965.98039215686","4042.74509803922","4158.43137254902","4291.96078431373","4417.42574257426","4473.26732673267","4583.7","4667.5","4929.7","5063.1","5183.4","5317.67676767677","5399.09090909091","5452.42424242424","5511.31313131313","5580.40404040404","5636.86868686869","5684.44444444444","5743.63636363636","5762.12121212121","5810.10101010101","5859.09090909091","5960.60606060606","6096.36363636364","5862.95238095238","6129.04761904762","6180.28571428571","6232.09523809524","6291.90476190476","6347.61904761905","6394.57142857143","6422.95238095238","6410.28571428571","6460.47619047619","6488.7619047619","6530.57142857143","6586.95238095238","6626.47619047619","6640.7619047619","6689.71428571429","6734.85714285714","6809.61904761905","6837.04761904762","6885.2380952381","6944.09523809524","6987.2380952381","7041.14285714286","7097.71428571429","7150.38095238095","7124.7619047619","7060.09523809524","6996.28571428571","7177.2380952381","",
"中国香港特别行政区","HKG","Nitrous oxide (N2O) emissions (total) excluding LULUCF (% change from 1990)","EN.GHG.N2O.ZG.AR5","","","","","","","","","","","","","","","","","","","","","","","","","","","","","","","","28.3976833976834","38.976833976834","45.1544401544401","39.2471042471042","36.042471042471","13.6293436293436","11.2741312741313","56.969111969112","85.3474903474903","40.019305019305","24.3822393822394","9.15057915057915","13.957528957529","-6.06177606177607","-1.52509652509653","-3.26254826254827","1.33204633204633","-0.193050193050193","12.8378378378378","6.08108108108107","11.3706563706564","11.2741312741313","6.7181467181467","8.99613899613898","6.37065637065637","11.4092664092664","15.7915057915058","15.7335907335907","15.8880308880309","11.1776061776062","5.52123552123551","-7.45173745173746","0.270270270270268","3.7065637065637",
"中国香港特别行政区","HKG","Nitrous oxide (N2O) emissions (total) excluding LULUCF (Mt CO2e)","EN.GHG.N2O.MT.CE.AR5","","","","","","","","","","","0.2279","0.2316","0.2423","0.236","0.2361","0.2386","0.2573","0.2731","0.2876","0.3125","0.3058","0.3259","0.3529","0.3891","0.4031","0.4062","0.4539","0.4519","0.4918","0.4966","0.518","0.6651","0.7199","0.7519","0.7213","0.7047","0.5886","0.5764","0.8131","0.9601","0.7253","0.6443","0.5654","0.5903","0.4866","0.5101","0.5011","0.5249","0.517","0.5845","0.5495","0.5769","0.5764","0.5528","0.5646","0.551","0.5771","0.5998","0.5995","0.6003","0.5759","0.5466","0.4794","0.5194","0.5372",
"中国香港特别行政区","HKG","Nitrous oxide (N2O) emissions from Building (Energy) (Mt CO2e)","EN.GHG.N2O.BU.MT.CE.AR5","","","","","","","","","","","0.0023","0.0023","0.0019","0.0016","0.0023","0.002","0.0022","0.0028","0.0027","0.0018","0.0015","0.001","0.0015","0.0007","0.0008","0.0007","0.0008","0.0008","0.0008","0.0008","0.0008","0.0009","0.0009","0.0009","0.0013","0.0013","0.0012","0.0012","0.0011","0.0012","0.0011","0.0012","0.0013","0.0015","0.0015","0.0011","0.001","0.0009","0.001","0.001","0.0009","0.0009","0.0009","0.0008","0.0009","0.0008","0.0008","0.0008","0.0009","0.0008","0.0009","0.0009","0.0009","0.0009","0.0011",
"中国香港特别行政区","HKG","Carbon dioxide (CO2) emissions from Waste (Mt CO2e)","EN.GHG.CO2.WA.MT.CE.AR5","","","","","","","","","","","0.0038","0.0039","0.0039","0.004","0.0041","0.0042","0.0044","0.0045","0.0047","0.0048","0.005","0.0051","0.0052","0.0053","0.0054","0.0055","0.0057","0.0059","0.006","0.0062","0.0064","0.0066","0.0068","0.0071","0.0073","0.0075","0.0077","0.0079","0.0078","0.008","0.0083","0.0084","0.0085","0.0087","0.009","0.0093","0.0094","0.0096","0.0098","0.01","0.0102","0.0104","0.0106","0.0106","0.0106","0.0106","0.0106","0.0107","0.0108","0.0109","0.011","0.011","0.0111","0.0112","0.0113",
"中国香港特别行政区","HKG","Carbon dioxide (CO2) emissions from Power Industry (Energy) (Mt CO2e)","EN.GHG.CO2.PI.MT.CE.AR5","","","","","","","","","","","4.4215","4.4215","4.826","5.3084","5.0749","5.5355","6.1826","6.9885","7.6668","8.0993","9.0265","9.7359","11.026","14.5223","16.3789","18.0684","20.3865","20.7125","22.2537","23.7877","25.2944","28.3055","30.2811","31.1251","23.2721","24.5351","22.7976","21.6389","23.6281","21.3479","23.0479","24.8939","26.7626","30.4583","30.2882","32.4399","32.6781","34.418","32.7123","33.5832","31.3412","34.5183","34.1274","35.2084","36.4747","32.1922","32.4552","30.7589","31.1047","30.2371","22.0786","23.5337","23.2316","23.5885","22.7198",
"中国香港特别行政区","HKG","Carbon dioxide (CO2) net fluxes from LULUCF - Other Land (Mt CO2e)","EN.GHG.CO2.LU.OL.MT.CE.AR5","","","","","","","","","","","","","","","","","","","","","","","","","","","","","","","","","","","","","","","","","","","","","","","","","","","","","","","","","","","","","","","","","",
"中国香港特别行政区","HKG","Carbon dioxide (CO2) emissions from Industrial Processes (Mt CO2e)","EN.GHG.CO2.IP.MT.CE.AR5","","","","","","","","","","","0.2582","0.2968","0.2483","0.2627","0.3309","0.3133","0.4101","0.5355","0.6255","0.6428","0.726","0.7295","0.6894","0.8056","0.8581","0.8404","1.0092","0.9922","0.9563","0.9607","0.8278","0.7609","0.7478","0.7983","0.902","0.8709","0.9189","0.8707","0.7263","0.7622","0.7435","0.6131","0.5732","0.5546","0.5256","0.4807","0.479","0.4753","0.6224","0.5116","0.6147","0.6242","0.6371","0.8465","0.8995","0.9119","0.8672","0.7088","0.7297","0.7087","0.6252","0.6255","0.6644","0.6648","0.6731",
"中国香港特别行政区","HKG","Carbon dioxide (CO2) emissions from Agriculture (Mt CO2e)","EN.GHG.CO2.AG.MT.CE.AR5","","","","","","","","","","","","","","","","","","","","","","","","","","","","","","","","","","","","","","","","","","","","","","","","","","","","","","","","","","","","","","","","","",
"中国香港特别行政区","HKG","Methane (CH4) emissions from Power Industry (Energy) (Mt CO2e)","EN.GHG.CH4.PI.MT.CE.AR5","","","","","","","","","","","0.0013","0.0013","0.0014","0.0016","0.0017","0.0018","0.002","0.0022","0.0026","0.0027","0.0034","0.0046","0.0043","0.0044","0.0044","0.0046","0.0048","0.0045","0.0047","0.0051","0.0054","0.0064","0.0069","0.0071","0.0049","0.0055","0.0119","0.0156","0.0153","0.016","0.0152","0.0157","0.0156","0.0128","0.0156","0.016","0.0166","0.0157","0.0167","0.0163","0.0184","0.0164","0.016","0.0152","0.015","0.0176","0.0185","0.018","0.0175","0.0188","0.0217","0.0222","0.0218","0.0231","0.025",
"中国香港特别行政区","HKG","Methane (CH4) emissions from Fugitive Emissions (Energy) (Mt CO2e)","EN.GHG.CH4.FE.MT.CE.AR5","","","","","","","","","","","0.0022","0.0023","0.0025","0.0027","0.0031","0.0035","0.004","0.0046","0.0054","0.0063","0.0074","0.0088","0.0104","0.0122","0.0143","0.0165","0.019","0.0216","0.0243","0.027","0.0298","0.0322","0.0347","0.0371","0.0395","0.0414","0.043","0.0443","0.0456","0.0466","0.0473","0.0481","0.0487","0.0497","0.0504","0.0512","0.0519","0.0526","0.0533","0.054","0.0548","0.0569","0.0562","0.0579","0.0587","0.0598","0.0608","0.0621","0.0633","0.0645","0.0656","0.0669","0.0681","0.0693","0.0705",
"中国香港特别行政区","HKG","Total greenhouse gas emissions excluding LULUCF (Mt CO2e)","EN.GHG.ALL.MT.CE.AR5","","","","","","","","","","","11.596","11.8309","12.1689","12.2797","13.7717","13.7131","15.6822","17.908","19.069","18.1907","18.7494","20.0001","22.4061","25.9773","28.5168","29.6729","33.6472","33.709","37.3559","38.4046","39.2454","42.8758","47.9249","48.9442","42.5962","43.0589","40.4693","38.8199","47.236","50.4132","46.6437","46.5067","45.5224","49.1286","45.298","47.6275","47.1061","49.1864","47.9182","50.021","47.1274","50.1637","49.6625","51.2224","52.6497","49.3688","50.2764","49.4158","49.396","48.9478","39.5989","40.028","37.6408","39.7307","40.3071",
"中国香港特别行政区","HKG","减少灾害风险进展评分 （1-5分；5为最佳）","EN.CLC.DRSK.XQ","","","","","","","","","","","","","","","","","","","","","","","","","","","","","","","","","","","","","","","","","","","","","","","","","","","","","","","","","","","","","","","","","",
"中国香港特别行政区","HKG","PM2.5 pollution, population exposed to levels exceeding WHO Interim Target-2 value (% of total)","EN.ATM.PM25.MC.T2.ZS","","","","","","","","","","","","","","","","","","","","","","","","","","","","","","","","","","","","","","","","","","","","","","","","","","","","","","","","","","","","","","","","","",
"中国香港特别行政区","HKG","耗电量（人均千瓦时）","EG.USE.ELEC.KH.PC","","","","","","","","","","","","","","","","","","","","","","","","","","","","","","","4177.92970461916","4401.25173852573","4507.88725109904","4698.69513641756","4835.47072273586","4849.82375205081","5308.67842436485","5354.96894888509","5680.27262863518","5623.55256187088","5825.95648912228","5916.32783760035","6039.35291588203","6125.12628513698","6210.80563131127","6327.42323724535","6305.72691079319","6360.04800254471","6313.92106700394","6406.89536484626","6398.16633922724","6426.69268623791","6521.30739430218","6456.00300881751","6498.37471471056","6406.40215050814","6390.4260829267","6290.10442027809","6298.07047205002","6338.12384288549","6164.81753776233","6477.18228541366","6374.67499761778","","",
"中国香港特别行政区","HKG","可替代能源和核能（占能源使用总量的百分比）","EG.USE.COMM.CL.ZS","","","","","","","","","","","","","","","","","","","","","","","","","","","","","","","0","0","0","0","0","0","0","0","0","0","0","0","0","0","0","0","0","0","0","0","0","0","0","0","0","0","0","0","0","0.01","0.04","0.08","0.14","","",
"中国香港特别行政区","HKG","Renewable energy consumption (% of total final energy consumption)","EG.FEC.RNEW.ZS","","","","","","","","","","","","","","","","","","","","","","","","","","","","","","","0.2","0.2","0.2","0.2","0.1","0.1","0.1","0.1","0.1","0.1","0","0.1","0.1","0.1","0.1","0.1","0.1","0.1","0.1","0.1","0.1","0.5","0.2","0.3","0.2","0.2","0.2","0.2","0.2","0.2","0.3","0.4","","","",
"中国香港特别行政区","HKG","石油发电量（占总发电量的比例）","EG.ELC.PETR.ZS","","","","","","","","","","","","","","","","","","","","","","","","","","","","","","","1.79348952933859","3.55582104568177","4.20546022287793","5.01529902642559","2.00052350147702","2.40005731480155","2.10252443569369","1.26446709276214","1.14905942642518","0.976337378805343","0.488334237655996","0.477923038973853","0.504167395232267","0.56605367653271","0.638263492405472","0.392707601882916","0.378071833648393","0.28753337440953","0.36058324998684","0.351130847877724","0.279118299204382","0.294305822136916","2.13670807773597","0.404050736497545","0.471757295927329","0.605247230336044","0.949019607843137","1.10231540269635","0.782318507577001","0.49282426211752","0.42647560559536","0.539650845902701","0.54852203784248","","",
"中国香港特别行政区","HKG","水力发电量（占总发电电量的比例）","EG.ELC.HYRO.ZS","","","","","","","","","","","","","","","","","","","","","","","","","","","","","","","0","0","0","0","0","0","0","0","0","0","0","0","0","0","0","0","0","0","0","0","0","0","0","0.00327332242225859","0.00429098391508369","0.00449988158206363","0.00447058823529412","0.00769999729824656","0.00839761474916571","0.00834010289737341","0.00284317070396907","0.0026982542295135","0.00277031332243677","","",
"中国香港特别行政区","HKG","Access to electricity, urban (% of urban population)","EG.ELC.ACCS.UR.ZS","","","","","","","","","","","","","","","","","","","","","","","","","","","","","","","100","100","100","100","100","100","100","100","100","100","100","100","100","100","100","100","100","100","100","100","100","100","100","100","100","100","100","100","100","100","100","100","100","100","",
"中国香港特别行政区","HKG","Access to clean fuels and technologies for cooking, urban (% of urban population)","EG.CFT.ACCS.UR.ZS","","","","","","","","","","","","","","","","","","","","","","","","","","","","","","","","","","","","","","","","","","","","","","","","","","","","","","","","","","","","","","","","","",
"中国香港特别行政区","HKG","公共和政府担保的债务还本付息（在商品与服务的出口和初次收入中所占%）","DT.TDS.DPPG.XP.ZS","","","","","","","","","","","","","","","","","","","","","","","","","","","","","","","","","","","","","","","","","","","","","","","","","","","","","","","","","","","","","","","","","",
"中国香港特别行政区","HKG","国际货币基金组织（IMF）回购和收费（TDS，现价美元）","DT.TDS.DIMF.CD","","","","","","","","","","","","","","","","","","","","","","","","","","","","","","","","","","","","","","","","","","","","","","","","","","","","","","","","","","","","","","","","","",
"中国香港特别行政区","HKG","获得的净官方发展援助（ODA）净额（占中央政府支出的百分比）","DT.ODA.ODAT.XP.ZS","","","","","","","","","","","","","","","","","","","","","","","","","","","","","","","","","","","","","","","","","","","","","","","","","","","","","","","","","","","","","","","","","",
"中国香港特别行政区","HKG","已收到的官方发展援助（ODA）净额（占GNI的百分比）","DT.ODA.ODAT.GN.ZS","0.439410638566536","0.335803330403397","0.11090741668395","0.276208961390082","0.012362123850658","0.17499640575599","0.0994955531329279","0.0986967032920826","0.048742838865598","0.0405757679455583","0.0372347541802994","0.0814502293402152","0.0509204076743439","0.0113988097814044","0.0110325289823696","-0.0114172748701167","0.0209426515017214","0.0132585114256984","0.01290493264738","0.0532398330196025","0.0382165545523516","0.0311627832179445","0.0250064634773065","0.0299935409150278","0.041910501363845","0.0587342622136414","0.0461118153532464","0.039327120043586","0.0379130258232354","0.060480283908867","0.0510269297809875","0.0419298352408172","-0.0387359410895578","0.025011039279721","0.0197424154617483","0.0121504366114658","0.00833658476899171","","","","","","","","","","","","","","","","","","","","","","","","","","","","",
"中国香港特别行政区","HKG","已收到的净官方援助（现价美元）","DT.ODA.OATL.CD","","","","","","","","","","","","","","","","","","","","","","","","","","","","","","","","","","","","","","8439999.5803833","6820000.17166138","3750000","4329999.92370605","3569999.9332428","3960000.03814697","5019999.98092651","6949999.80926514","","","","","","","","","","","","","","","","","","","","",
"中国香港特别行政区","HKG","来自联合国机构的净官方流动，WHO（现价美元）","DT.NFL.WHOL.CD","","","","","","","","","","","","","","","","","","","","","","","","","","","","","","","","","","","","","","","","","","","","","","","","","","","","","","","","","","","","","","","","","",
"中国香港特别行政区","HKG","来自联合国机构的净官方流动，UNTA（现价美元）","DT.NFL.UNTA.CD","","","","","","","","","","9999.99977648258","39999.9991059303","29999.9993294477","39999.9991059303","59999.9986588955","50000.0007450581","79999.9982118607","90000.0035762787","29999.9993294477","59999.9986588955","39999.9991059303","","90000.0035762787","59999.9986588955","70000.0002980232","50000.0007450581","29999.9993294477","50000.0007450581","50000.0007450581","29999.9993294477","100000.001490116","109999.999403954","129999.995231628","159999.996423721","129999.995231628","9999.99977648258","79999.9982118607","29999.9993294477","","","","","","","","","","","","","","","","","","","","","","","","","","","","",
"中国香港特别行政区","HKG","Net official flows from UN agencies, UNIDIR (current US$)","DT.NFL.UNID.CD","","","","","","","","","","","","","","","","","","","","","","","","","","","","","","","","","","","","","","","","","","","","","","","","","","","","","","","","","","","","","","","","","",
"中国香港特别行政区","HKG","来自联合国机构的净官方流动，UNDP（现价美元）","DT.NFL.UNDP.CD","","","","","","","","","50000.0007450581","19999.9995529652","19999.9995529652","50000.0007450581","39999.9991059303","59999.9986588955","150000.005960464","100000.001490116","29999.9993294477","","79999.9982118607","129999.995231628","59999.9986588955","239999.994635582","70000.0002980232","70000.0002980232","59999.9986588955","50000.0007450581","140000.000596046","59999.9986588955","","9999.99977648258","70000.0002980232","","59999.9986588955","39999.9991059303","29999.9993294477","9999.99977648258","50000.0007450581","","","","","","","","","","","","","","","","","","","","","","","","","","","","",
"中国香港特别行政区","HKG","来自联合国机构的净官方流动，UNICEF（现价美元）","DT.NFL.UNCF.CD","","","","","","","","","","","39999.9991059303","39999.9991059303","19999.9995529652","9999.99977648258","9999.99977648258","29999.9993294477","39999.9991059303","29999.9993294477","9999.99977648258","","","","","","","","","","","","","","","","","","","","","","","","","","","","","","","","","","","","","","","","","","","","","","",
"中国香港特别行政区","HKG","Net official flows from UN agencies, SDGFUND (current US$)","DT.NFL.SDGF.CD","","","","","","","","","","","","","","","","","","","","","","","","","","","","","","","","","","","","","","","","","","","","","","","","","","","","","","","","","","","","","","","","","",
"中国香港特别行政区","HKG","PPG，其他私人债权人（NFL，现价美元）","DT.NFL.PROP.CD","","","","","","","","","","","","","","","","","","","","","","","","","","","","","","","","","","","","","","","","","","","","","","","","","","","","","","","","","","","","","","","","","",
"中国香港特别行政区","HKG","PPG，商业银行（NFL，现价美元）","DT.NFL.PCBK.CD","","","","","","","","","","","","","","","","","","","","","","","","","","","","","","","","","","","","","","","","","","","","","","","","","","","","","","","","","","","","","","","","","",
"中国香港特别行政区","HKG","净金融流动，其他（NFL，现价美元）","DT.NFL.MOTH.CD","","","","","","","","","","","","","","","","","","","","","","","","","","","","","","","","","","","","","","","","","","","","","","","","","","","","","","","","","","","","","","","","","",
"中国香港特别行政区","HKG","净金融流动，IMF非优惠贷款（NFL，现价美元）","DT.NFL.IMFN.CD","","","","","","","","","","","","","","","","","","","","","","","","","","","","","","","","","","","","","","","","","","","","","","","","","","","","","","","","","","","","","","","","","",
"中国香港特别行政区","HKG","来自联合国机构的净官方流动，IAEA（现价美元）","DT.NFL.IAEA.CD","","","","","","","","","","","","","","","","","","","","","","","","","","","","","","","","","","","","","","","","","","","","","","","","","","","","","","","","","","","","","","","","","",
"中国香港特别行政区","HKG","债券投资，债券（PPF+PNG）（NFL，现价美元）","DT.NFL.BOND.CD","","","","","","","","","","","","","","","","","","","","","","","","","","","","","","","","","","","","","","","","","","","","","","","","","","","","","","","","","","","","","","","","","",
"中国香港特别行政区","HKG","外债的现值（现价美元）","DT.DOD.PVLX.CD","","","","","","","","","","","","","","","","","","","","","","","","","","","","","","","","","","","","","","","","","","","","","","","","","","","","","","","","","","","","","","","","","",
"中国香港特别行政区","HKG","短期外债（占总外债比例）","DT.DOD.DSTC.ZS","","","","","","","","","","","","","","","","","","","","","","","","","","","","","","","","","","","","","","","","","","","","","","","","","","","","","","","","","","","","","","","","","",
"中国香港特别行政区","HKG","公共外债和公共担保的外债存量 (PPG)（DOD，现价美元）","DT.DOD.DPPG.CD","","","","","","","","","","","","","","","","","","","","","","","","","","","","","","","","","","","","","","","","","","","","","","","","","","","","","","","","","","","","","","","","","",
"中国香港特别行政区","HKG","外债存量（占 GNI 的百分比）","DT.DOD.DECT.GN.ZS","","","","","","","","","","","","","","","","","","","","","","","","","","","","","","","","","","","","","","","","","","","","","","","","","","","","","","","","","","","","","","","","","",
"中国香港特别行政区","HKG","Net ODA provided, total (current US$)","DC.ODA.TOTL.CD","","","","","","","","","","","","","","","","","","","","","","","","","","","","","","","","","","","","","","","","","","","","","","","","","","","","","","","","","","","","","","","","","",
"中国香港特别行政区","HKG","来自DAC捐助国的双边援助净流量，总额（现价美元）","DC.DAC.TOTL.CD","5829999.99262393","4919999.9962002","1819999.99657273","5190000.00879168","-0.00186264520016266","4219999.8833239","2440000.04790723","2619999.96751547","1269999.99769032","1169999.99247491","1289999.99165535","3510000.07614493","2790000.01586973","779999.997466802","820000.039413571","-1349999.99962747","2490000.07659196","2009999.99605119","2090000.00543892","3239999.93316829","3640000.0732392","3569999.95186926","3669999.96639788","4659999.94426965","9269999.74623322","16720000.3899634","14060000.0787526","14989999.8828769","13570000.0990182","14090000.461787","22449999.6490777","15399999.8159707","-58049997.5644052","12909999.942407","12180000.0760704","14090000.0967085","10940000.1447648","29999.9993294477","","","29999.9993294477","","","","","","","","","","","","","","","","","","","","","","","","",
"中国香港特别行政区","HKG","来自DAC捐助国的双边援助净流量，葡萄牙（现价美元）","DC.DAC.PRTL.CD","","","","","","","","","","","","","","","","","","","","","","","","","","","","","","","","","","","","","","","","","","","","","","","","","","","","","","","","","","","","","","","","","",
"中国香港特别行政区","HKG","来自DAC捐助国的双边援助净流量，荷兰（现价美元）","DC.DAC.NLDL.CD","","","","","","","","","","","","","","","9999.99977648258","9999.99977648258","","","","29999.9993294477","","39999.9991059303","180000.007152557","129999.995231628","39999.9991059303","9999.99977648258","109999.999403954","180000.007152557","140000.000596046","100000.001490116","180000.007152557","129999.995231628","889999.985694885","100000.001490116","50000.0007450581","90000.0035762787","59999.9986588955","","","","","","","","","","","","","","","","","","","","","","","","","","","","",
"中国香港特别行政区","HKG","来自DAC捐助国的双边援助净流量，日本（现价美元）","DC.DAC.JPNL.CD","","","","9999.99977648258","19999.9995529652","39999.9991059303","29999.9993294477","39999.9991059303","79999.9982118607","109999.999403954","109999.999403954","129999.995231628","159999.996423721","209999.993443489","490000.009536743","449999.988079071","540000.021457672","500000","740000.009536743","1019999.98092651","1090000.0333786","1909999.9666214","1360000.01430511","1370000.00476837","1169999.95708466","1250000","1559999.94277954","2559999.94277954","2900000.09536743","4010000.22888184","9229999.54223633","6659999.84741211","6420000.07629395","6230000.01907349","4900000.09536743","5820000.17166138","5860000.1335144","","","","","","","","","","","","","","","","","","","","","","","","","","","","",
"中国香港特别行政区","HKG","Net bilateral aid flows from DAC donors, Hungary (current US$)","DC.DAC.HUNL.CD","","","","","","","","","","","","","","","","","","","","","","","","","","","","","","","","","","","","","","","","","","","","","","","","","","","","","","","","","","","","","","","","","",
"中国香港特别行政区","HKG","来自DAC捐助国的双边援助净流量，芬兰（现价美元）","DC.DAC.FINL.CD","","","","","","","","","","","","","","","","","","","","","","9999.99977648258","","","","","9999.99977648258","9999.99977648258","79999.9982118607","79999.9982118607","159999.996423721","79999.9982118607","1450000.04768372","","-140000.000596046","-140000.000596046","-140000.000596046","","","","","","","","","","","","","","","","","","","","","","","","","","","","",
"中国香港特别行政区","HKG","来自DAC捐助国的双边援助净流量，德国（现价美元）","DC.DAC.DEUL.CD","","","","1240000.00953674","","2329999.92370605","79999.9982118607","100000.001490116","100000.001490116","170000.001788139","1009999.99046326","600000.023841858","550000.011920929","970000.028610229","720000.028610229","730000.019073486","1580000.04291534","670000.016689301","740000.009536743","1919999.95708466","1340000.0333786","1139999.98569489","1539999.96185303","1759999.99046326","1620000.00476837","1759999.99046326","2599999.90463257","2440000.05722046","1740000.00953674","1509999.99046326","2220000.02861023","2059999.94277954","1940000.05722046","1159999.9666214","1389999.98569489","2170000.07629395","1570000.05245209","","","","","","","","","","","","","","","","","","","","","","","","","","","","",
"中国香港特别行政区","HKG","Cause of death, by non-communicable diseases (% of total)","SH.DTH.NCOM.ZS","","","","","","","","","","","","","","","","","","","","","","","","","","","","","","","","","","","","","","","","","","","","","","","","","","","","","","","","","","","","","","","","","",
"中国香港特别行政区","HKG","Cause of death, by communicable diseases and maternal, prenatal and nutrition conditions (% of total)","SH.DTH.COMM.ZS","","","","","","","","","","","","","","","","","","","","","","","","","","","","","","","","","","","","","","","","","","","","","","","","","","","","","","","","","","","","","","","","","",
"中国香港特别行政区","HKG","Number of deaths ages 5-9 years","SH.DTH.0509","","","","","","","","","","","","","","","","","","","","","","","","","","","","","","","","","","","","","","","","","","","","","","","","","","","","","","","","","","","","","","","","","",
"中国香港特别行政区","HKG","Prevalence of anemia among children (% of children under 5)","SH.ANM.CHLD.ZS","","","","","","","","","","","","","","","","","","","","","","","","","","","","","","","","","","","","","","","","","","","","","","","","","","","","","","","","","","","","","","","","","",
"中国香港特别行政区","HKG","Total alcohol consumption per capita, female (liters of pure alcohol, projected estimates, female 15+ years of age)","SH.ALC.PCAP.FE.LI","","","","","","","","","","","","","","","","","","","","","","","","","","","","","","","","","","","","","","","","","","","","","","","","","","","","","","","","","","","","","","","","","",
"中国香港特别行政区","HKG","Women who believe a husband is justified in beating his wife when she goes out without telling him (%)","SG.VAW.GOES.ZS","","","","","","","","","","","","","","","","","","","","","","","","","","","","","","","","","","","","","","","","","","","","","","","","","","","","","","","","","","","","","","","","","",
"中国香港特别行政区","HKG","Proportion of time spent on unpaid domestic and care work, male (% of 24 hour day)","SG.TIM.UWRK.MA","","","","","","","","","","","","","","","","","","","","","","","","","","","","","","","","","","","","","","","","","","","4.58333","","","","","","","","","","","3.33333","","","","","","","","","","","",
"中国香港特别行政区","HKG","Women making their own informed decisions regarding sexual relations, contraceptive use and reproductive health care (% of women age 15-49)","SG.DMK.SRCR.FN.ZS","","","","","","","","","","","","","","","","","","","","","","","","","","","","","","","","","","","","","","","","","","","","","","","","","","","","","","","","","","","","","","","","","",
"中国香港特别行政区","HKG","Expenditure on tertiary as % of government expenditure on education (%)","SE.XPD.TERT.ZS","","","","","","","","","","","","24.58131","27.04488","20.53477","19.14795","22.95178","22.84042","24.07422","27.0656","","31.84732","30.73586","3.07927","28.35589","27.96404","26.66659","","","","","31.76391","","34.65119","","","","40.02293","","","","","","","","30.34683","28.35577","29.88298","30.69473","30.84998","45.5057","27.77816","28.65495","32.79963","38.87206","29.23212","29.5277","30.43803","28.49483","29.38676","","","","","","",
"中国香港特别行政区","HKG","Expenditure on primary as % of government expenditure on education (%)","SE.XPD.PRIM.ZS","","","","","","","","","","","","49.56888","47.3176","52.69483","52.23172","46.98212","46.54975","45.58963","40.69317","","33.69747","31.82835","42.16059","32.37046","31.24783","31.43877","","","","","27.09341","","23.85434","","","","21.27088","","","","","23.32797","23.28514","23.3798","22.97219","23.10701","22.20584","21.47341","21.39712","16.28242","20.93063","20.50594","18.65048","17.54439","18.85407","20.94026","21.33549","21.69319","22.08105","","","","","","",
"中国香港特别行政区","HKG","Current education expenditure, secondary (% of total expenditure in secondary public institutions)","SE.XPD.CSEC.ZS","","","","","","","","","","","","","","","","","","","","","","","","","","","","","","","","","","","","","","","","","","","","","","","","91.9345703125","92.9841766357422","92.9457321166992","92.9506683349609","91.9634475708008","95.6573181152344","","","","","","","","","","","","",
"中国香港特别行政区","HKG","入学率，高等院校，女生（占总人数的百分比）","SE.TER.ENRR.FE","","","","","","","","","","","","","","","","","","","","","","","","","","","","","","","","","","","","","","","","","","","","32.3638801574707","32.8251609802246","33.0804290771484","33.1670188903809","41.7405395507812","55.0602912902832","55.6044616699219","59.191235059761","61.8981316725979","63.2913602941177","72.2173030442804","74.3136119888476","73.1265401493931","74.6725994304699","76.7319279012346","82.1955750133476","87.8519210977702","94.5834378920954","101.944909344491","104.50752688172","110.140271493213","126.023529411765",
"中国香港特别行政区","HKG","Educational attainment, at least completed short-cycle tertiary, population 25+, male (%) (cumulative)","SE.TER.CUAT.ST.MA.ZS","","","","","","","","","","","","","","","","","","","","","","","","","","","","","","","","","","","","","","","","","","","","","","","17.3600006103516","","17.9300003051758","18.8999996185303","19.5900001525879","21.3299999237061","21.9433914485497","22.630956694572","23.3299999237061","24.6700000762939","24.8882311274091","25.7600002288818","26.2680223739831","26.2800006866455","26.7816264003253","26.2035480090695","26.6100006103516","27.462298713191","27.879299928133",
"中国香港特别行政区","HKG","Educational attainment, at least Master's or equivalent, population 25+, female (%) (cumulative)","SE.TER.CUAT.MS.FE.ZS","","","","","","","","","","","","","","","","","","","","","","","","","","","","","","","","","","","","","","","","","","","","","","","","","","","","","","","","","","","","","","","","","",
"中国香港特别行政区","HKG","Educational attainment, at least Bachelor's or equivalent, population 25+, total (%) (cumulative)","SE.TER.CUAT.BA.ZS","","","","","","","","","","","","","","","","","","","","","","","","","","","","","","","","","","","","","","","","","","","","","","","","","","","","","","","","","","","","","","","","","",
"中国香港特别行政区","HKG","Adolescents out of school, male (% of male lower secondary school age)","SE.SEC.UNER.LO.MA.ZS","","","","","","","","","","","","","","","","","","","","","","","","","","","","","","","","","","","","","","","","","","7.04107999801636","5.91375017166138","7.85361003875732","6.04592990875244","6.85800981521606","3.78168988227844","3.59333992004394","3.13807010650635","3.77673006057739","3.26178861788618","1.74028268551237","0.0793804453049371","","","","","2.26360338573156","","1.59154929577465","2.10939226519337","4.08870116156283","","","",
"中国香港特别行政区","HKG","中学教育，教师","SE.SEC.TCHR","","","","","","","","","","","","10542","11220","11939","12442","13687","15149","13077","14079","15064","15621","15986","16039","16871","17480","18307","18773","19500","20183","","","","","","","","23536","","","24871","25369","26012","26452","26558","27319","27581","28089","29273","29802","30311","30474","30828","32490","30926","30574","30405","30063","31007","31106","31050","31437","31760","31676","31510","31678",
"中国香港特别行政区","HKG","Trained teachers in upper secondary education, female (% of female teachers)","SE.SEC.TCAQ.UP.FE.ZS","","","","","","","","","","","","","","","","","","","","","","","","","","","","","","","","","","","","","","","","","","","","","","","","","","","","","","","","","","","","","","","","","",
"中国香港特别行政区","HKG","Trained teachers in lower secondary education, female (% of female teachers)","SE.SEC.TCAQ.LO.FE.ZS","","","","","","","","","","","","","","","","","","","","","","","","","","","","","","","","","","","","","","","","","","","","","","","","","","","","","","","","","","","","","","","","","",
"中国香港特别行政区","HKG","Progression to secondary school, female (%)","SE.SEC.PROG.FE.ZS","","","","","","","","","","","","","","","","","","","","92.36679","92.62141","93.47987","94.66492","94.78293","94.41633","","","","","","","","","","","","","","","","","","100","99.76569","100","100","99.66786","99.94425","99.70184","","99.56538","99.90408","99.91875","99.47115","99.58346","99.23659","99.09205","99.8591","","","","","","","",
"中国香港特别行政区","HKG","入学率，中学（净百分比）","SE.SEC.NENR","","","","","","","","","","","","33.87941","35.30299","37.22131","39.62656","43.02282","45.34576","48.34647","51.56288","55.39661","58.50658","60.87547","","65.0753","66.39646","68.429","","","","","","","","","","","77.28146","","","","","72.8222","72.80981","73.28081","74.14769","75.10865","75.59361","76.89025","78.07838","78.97387","79.86728","78.43632","90.01135","88.72314","88.86817","89.30273","91.4471","93.73494","96.14117","","","","","","",
"中国香港特别行政区","HKG","中学教育，接受职业教育的学生（女性所占百分比）","SE.SEC.ENRL.VO.FE.ZS","","","","","","","","","","","","33.46568","32.52837","31.23501","29.83969","29.52769","29.39235","29.31848","29.39068","29.89955","30.61755","32.1029","33.84833","32.66336","33.16755","29.31745","30.1624","30.93064","31.5282","","","","","","","","32.02834","","","","","10.44606","9.37409","10.76657","12.31032","14.7937","15.43091","15.03779","10.04666","9.5057","11.42602","13.86492","14.4127","16.1579","13.39933","14.96231","15.88089","15.66446","15.61041","","","","","","",
"中国香港特别行政区","HKG","Pupil-teacher ratio, lower secondary","SE.SEC.ENRL.LO.TC.ZS","","","","","","","","","","","","","","","","","","","","","","","","","","","","","","","","","","","","","","","","","","18.26814","17.94744","17.90467","17.63718","17.756","","","","","","","","","","","","","","","","","","","",
"中国香港特别行政区","HKG","中学教育，学生","SE.SEC.ENRL","","","","","","","","","","","","230879","250906","273988","301096","338400","368655","395621","424538","453546","463798","468975","464923","459611","453369","454061","450367","455738","458444","","","","","","","","473817","","","","","490039","488537","487218","492779","498354","500708","510284","513787","511872","508269","486817","486942","438868","415782","393791","371740","356998","348937","341264","342433","343352","338837","333676","340877",
"中国香港特别行政区","HKG","Educational attainment, at least completed upper secondary, population 25+, female (%) (cumulative)","SE.SEC.CUAT.UP.FE.ZS","","","","","","","","","","","","10.210000038147","","","","","13.8000001907349","","","","","19.4300003051758","","","","","","","","","","33.3300018310547","","","","","41.3800010681152","","","","","","","","","","52.2799987792969","","53.4700012207031","54.2000007629395","55.3899993896484","57.3600006103516","58.1293673174791","58.9922063864612","59.6199989318848","60.5","61.215540315275","61.5999984741211","62.3077521311052","62.2799987792969","63.1834220493797","63.4654273992526","63.4700012207031","64.0669789171699","64.7597391424604",
"中国香港特别行政区","HKG","Educational attainment, at least completed lower secondary, population 25+, total (%) (cumulative)","SE.SEC.CUAT.LO.ZS","","","","","","","","","","","","25.3700008392334","","","","","29.2000007629394","","","","","37.6599998474121","","","","","46","","","","","53.9700012207031","","","","","61.7000007629395","","","","","","","","","","71.2300033569336","","72.2600021362305","73.1100006103516","73.9599990844727","75.4000015258789","","","77.4599990844727","78.4100036621094","","79.4000015258789","","79.870002746582","","","80.620002746582","","",
"中国香港特别行政区","HKG","Lower secondary completion rate, male (% of relevant age group)","SE.SEC.CMPT.LO.MA.ZS","","","","","","","","","","","","","","","","","","","","","","","","","","","","","","","","","","","","","","","","","","","","89.8851089477539","94.0810775756836","91.4610366821289","101.720756530762","98.5011367797852","103.740379333496","98.9953384399414","96.8139534883721","98.6625310173697","97.4418604651163","105.602409638554","106.572368421053","103.948387096774","114.106463878327","104.431734317343","98.7482014388489","97.8960573476703","112.345381526104","","","","129.310810810811",
"中国香港特别行政区","HKG","Children out of school, male (% of male primary school age)","SE.PRM.UNER.MA.ZS","","","","","","","","","","","","","","","","","","","","","","","","","","","","","","","","","","","","","","","","","","3.94478988647461","3.53802990913391","1.46869003772736","2.26208996772766","1.13750994205475","0.387290000915527","1.15443003177643","","","","","","","","","","","","","","","","","",
"中国香港特别行政区","HKG","失学儿童，小学","SE.PRM.UNER","","","","","","","","","","","","","","","","","","","","","","","","","","","","","","","","","","","","","","","","","","19780","18027","9681","14673","9515","5601","7466","1798","1420","1390.081709972","914.932863069058","959.525463872007","1059.13770558225","2425.87892720307","2775.92804569204","2271.07991979376","740.051952358568","441.179223458923","245.851719278784","2372.43198825821","3586.89679278055","3955.81941990217","4755.10323468689","4490.55652522587",
"中国香港特别行政区","HKG","初等教育，教师 （女性所占百分比）","SE.PRM.TCHR.FE.ZS","","","","","","","","","","","","65.2727508544922","65.9521636962891","66.3856582641602","67.0438613891602","68.0328979492188","68.5764083862305","69.7385101318359","70.5080490112305","70.6948318481445","71.7594909667969","72.5595092773438","73.1415100097656","73.1638107299805","73.2952499389648","73.6506805419922","","","","","","","","","","","76.1085662841797","","77.1907577514648","77.4171676635742","77.5003204345703","77.3410720825195","77.4358367919922","77.9697418212891","78.0714263916016","78.2644119262695","78.1261596679688","77.8363571166992","77.8867034912109","77.8932876586914","78.0542986425339","78.1244468047442","78.1140758440639","77.9979053936115","77.9894903234075","77.788734130408","77.5019052585135","77.3428649556623","76.9051094890511","76.5794825047332","76.4533296943231","76.5432937181664","76.412927991226","76.2543554006969","76.0818837505303",
"中国香港特别行政区","HKG","经过培训的女性初等教育教师（占女性教师总数比例）","SE.PRM.TCAQ.FE.ZS","","","","","","","","","","","","","","","","","","","","","","","","","","","","","","","","","","","","","","","84.6004486083984","86.0863037109375","87.368766784668","89.1024627685547","90.6115798950195","91.1469421386719","92.0097579956055","93.2973098754883","95.1036376953125","94.8963012695312","95.42333984375","95.5603408813477","95.9476031215162","96.0629921259843","96.09698068317","96.3690276379098","96.7515749109833","96.56155918238","96.9050822896181","97.1614728016566","96.8488990129081","96.3876934346672","96.0151717983043","96.4067074793718","96.043956043956","94.603609778387","94.0331799804824",
"中国香港特别行政区","HKG","小学最高年级持续就学率，总计（占同龄人的百分比）","SE.PRM.PRSL.ZS","","","","","","","","","","","","","","","","","","","","96.353141784668","97.4505996704102","97.192741394043","98.5337066650391","98.0078506469727","97.5897674560547","99.007080078125","","","98.7637481689453","98.7634429931641","97.2599792480469","98.5600280761719","98.3792419433594","98.8581008911133","99.1786804199219","99.4029998779297","","","","","","","99.3294830322266","99.3175506591797","99.2563323974609","","","99.5137634277344","99.5605316162109","99.2311172485352","99.4252014160156","99.0222396850586","98.9971389770508","98.4496078491211","98.3023223876953","98.2454681396484","98.8446197509766","98.6987762451172","97.3531875610352","98.188591003418","","81.2841415405273","","95.5795135498047","",
"中国香港特别行政区","HKG","五年级持续就学率，男童（占同龄人的百分比）","SE.PRM.PRS5.MA.ZS","","","","","","","","","","","","","","","","","","","","97.5666198730469","98.9329986572266","97.9342575073242","99.5039520263672","99.3942337036133","99.334587097168","","","","","","","","","","","","","","","","","","99.1611480712891","99.5299911499023","99.0460433959961","","","99.7847595214844","","99.5208587646484","99.9648208618164","99.6530685424805","99.9453125","99.2783737182617","99.3476409912109","99.2748184204102","99.3368530273438","99.3562698364258","97.728889465332","99.4772415161133","90.6860198974609","85.5178298950195","84.5268707275391","98.3544082641602","",
"中国香港特别行政区","HKG","Over-age students, primary, male (% of male enrollment)","SE.PRM.OENR.MA.ZS","","","","","","","","","","","","25.73997","24.78043","24.7341","23.93316","23.52439","23.40167","22.33101","20.80176","18.12956","10.28942","9.18903","8.46585","8.03452","7.82932","7.37115","","","","","","","","","","3.68847","3.28244","","","","","5.60037","5.55037","5.14534","4.43291","3.89693","3.4569","3.47536","3.5264","3.3772","3.28891","3.08475","2.80575","2.55778","2.09451","1.82247","2.77961","2.72207","2.78077","","","","","","",
"中国香港特别行政区","HKG","一年级净入学率，女童（占官方定义的学龄人口的百分比）","SE.PRM.NINT.FE.ZS","","","","","","","","","","","","","","","","","","","","","","","","","","","","","","","","","","","","","","","","","","","","","","","","","","","","","","","","","89.55909","89.06373","","","","","","","",
"中国香港特别行政区","HKG","一年级新生总入学率，总体（占相关年龄组的百分比）","SE.PRM.GINT.ZS","","","","","","","","","","","","","","","","","","","","","108.92868","111.09572","104.50691","102.90026","104.16488","103.21615","104.62524","","","109.64765","107.33484","98.90837","97.67544","93.28382","93.13501","103.20818","101.81361","","99.55834","","","","","","","","","","","","","","111.3307","115.82775","119.1108","115.60631","107.70631","108.1033","113.61493","","","","","","",
"中国香港特别行政区","HKG","入学率，小学，女生（占总数的百分比）","SE.PRM.ENRR.FE","","","","","","","","","","","","","","","","","","","","","","","","","","","","","","","","","","","","","","","","","","100.479232788086","101.449493408203","101.797660827637","99.0706176757812","99.3718490600586","99.7832565307617","99.7970886230469","101.610572814941","103.661376953125","104.653074027603","103.83009079118","106.621418826739","106.100828729282","103.901135604542","103.956323337679","103.693333333333","104.378094059406","103.135103244838","101.957555178268","104.058925476603","104.640522875817","101.507211538462","","101.573264781491",
"中国香港特别行政区","HKG","初等教育，小学生","SE.PRM.ENRL","","","","","","","","","","","","739619","739944","725172","704536","677421","642611","606860","574822","553530","542327","540260","537123","538458","539856","536220","534903","531993","534309","535037","534450","524919","515938","501625","485061","476847","467718","","461911","480069","496801","498175","497376","487465","472863","451171","429892","414501","389937","369047","348549","334415","326208","320654","324171","332531","340932","352469","365732","376310","377202","368255","352975","337549","329780",
"中国香港特别行政区","HKG","Educational attainment, at least completed primary, population 25+ years, female (%) (cumulative)","SE.PRM.CUAT.FE.ZS","","","","","","","","","","","","30.7600002288818","","","","","","","","","","48.810001373291","","","","","","","","","","","","","","","","","","","","","","","","","89.9100036621094","","90.75","91.1999969482422","91.2900009155273","91.8499984741211","","100","93","93.4400024414062","100","93.9100036621094","100","94.0500030517578","100","100","94.6800003051758","100","100",
"中国香港特别行政区","HKG","小学入学年龄（年）","SE.PRM.AGES","","","","","","","","","","","6","6","6","6","6","6","6","6","6","6","6","6","6","6","6","6","6","6","6","6","6","6","6","6","6","6","6","6","6","6","6","6","6","6","6","6","6","6","6","6","6","6","6","6","6","6","6","6","6","6","6","6","6","6","6",
"中国香港特别行政区","HKG","学校入学率，学前班，男生（占总数的百分比）","SE.PRE.ENRR.MA","","","","","","","","","","","","52.4140205383301","56.2873687744141","62.3501205444336","67.1790008544922","72.5080718994141","77.4664077758789","80.4184036254883","81.7385406494141","82.4853210449219","81.1400833129883","84.0764236450195","83.9827880859375","84.8133773803711","86.7957992553711","93.7127990722656","94.9225692749023","96.4409408569336","94.3107528686523","","","","","","","85.0329284667969","87.0482406616211","","81.8491821289063","","","","","","","","","","","","","","112.511001586914","109.419158935547","104.768203735352","104.616630554199","105.826843261719","105.34049987793","103.853218078613","99.2923889160156","91.5473098754883","","","","",
"中国香港特别行政区","HKG","Preprimary education, duration (years)","SE.PRE.DURS","","","","","","","","","","","","","","","","","","","","","","","","","","","","","","","","","","","","","","","","5","5","5","5","5","5","5","3","3","3","3","3","3","3","3","3","3","3","3","3","3","3","3","3","3","3",
"中国香港特别行政区","HKG","Learning poverty: Share of Male Children at the End-of-Primary age below minimum reading proficiency adjusted by Out-of-School Children (%)","SE.LPV.PRIM.MA","","","","","","","","","","","","","","","","","","","","","","","","","","","","","","","","","","","","","","","","","","","","","","","","","","","","","","","","","","","","","","","","","",
"中国香港特别行政区","HKG","Learning poverty: Share of Female Children at the End-of-Primary age below minimum reading proficiency adjusted by Out-of-School Children (%)","SE.LPV.PRIM.FE","","","","","","","","","","","","","","","","","","","","","","","","","","","","","","","","","","","","","","","","","","","","","","","","","","","","","","","","","","","","","","","","","",
"中国香港特别行政区","HKG","中小学女生与男生的入学比例（%）","SE.ENR.PRSC.FM.ZS","","","","","","","","","","","","0.914879977703094","0.920549988746643","0.924880027770996","0.929319977760315","0.933719992637634","0.952220022678375","0.952620029449463","0.968479990959167","0.991970002651215","1.0025600194931","1.01170003414154","1.02742004394531","1.03751003742218","1.03708004951477","1.03279995918274","1.03375995159149","1.02339994907379","1.01681995391846","","","","","","","","1.0251499414444","","","","","","","","","","","","","","","","1.00409996509552","0.993939995765686","0.994249999523163","0.998780012130737","1.00293004512787","1.00416994094849","1.0073299407959","1.01391994953156","1.01534998416901","1.01925003528595","","","",
"中国香港特别行政区","HKG","识字率，成年男性（占 15 岁以上男性人口的百分比）","SE.ADT.LITR.MA.ZS","","","","","","","","","","","","","","","","","","","","","","","","","","","","","","","","","","","","","","","","","","","","","","","","","","","","","","","","","","","","","","","","","",
"中国香港特别行政区","HKG","女性与男性青年识字人数比（% ages 15-24）","SE.ADT.1524.LT.FM.ZS","","","","","","","","","","","","","","","","","","","","","","","","","","","","","","","","","","","","","","","","","","","","","","","","","","","","","","","","","","","","","","","","","",
"中国香港特别行政区","HKG","Regulatory Quality: Percentile Rank, Lower Bound of 90% Confidence Interval","RQ.PER.RNK.LOWER","","","","","","","","","","","","","","","","","","","","","","","","","","","","","","","","","","","","","85.3260879516602","","91.3043441772461","","89.6739120483398","","87.5675659179688","92.4324340820312","93.532341003418","91.6666641235352","94.1176452636719","94.6601943969727","93.689323425293","92.3444976806641","92.3444976806641","90.9952621459961","94.3127975463867","92.4170608520508","93.2692337036133","97.6190490722656","95.2380981445312","95.7142868041992","97.6190490722656","93.8095245361328","90","84.2857131958008","84.9056625366211","86.3207550048828","",
"中国香港特别行政区","HKG","Rule of Law: Standard Error","RL.STD.ERR","","","","","","","","","","","","","","","","","","","","","","","","","","","","","","","","","","","","","0.204597070813179","","0.209876537322998","","0.167974591255188","","0.188467010855675","0.185965478420258","0.178627610206604","0.174536272883415","0.167040169239044","0.166189149022102","0.162870168685913","0.160648807883263","0.161227062344551","0.148044466972351","0.157146528363228","0.156969264149666","0.166444763541222","0.161516204476357","0.181695178151131","0.164208993315697","0.157242313027382","0.160482123494148","0.153463944792747","0.160372227430344","0.168175846338272","0.167651817202568","",
"中国香港特别行政区","HKG","Rule of Law: Number of Sources","RL.NO.SRC","","","","","","","","","","","","","","","","","","","","","","","","","","","","","","","","","","","","","6","","6","","7","","7","7","7","7","9","9","9","9","9","10","10","10","10","9","8","9","9","9","8","9","9","10","",
"中国香港特别行政区","HKG","Political Stability and Absence of Violence/Terrorism: Percentile Rank, Upper Bound of 90% Confidence Interval","PV.PER.RNK.UPPER","","","","","","","","","","","","","","","","","","","","","","","","","","","","","","","","","","","","","90.4255294799805","","94.1489334106445","","95.7671966552734","","94.7089920043945","97.487434387207","100","100","100","100","100","97.1563949584961","95.2606658935547","98.1042633056641","98.1042633056641","95.2606658935547","99.523811340332","97.6190490722656","90","92.8571395874023","90.5660400390625","52.8301887512207","60.3773574829102","67.9245300292969","83.0188674926758","87.6777267456055","",
"中国香港特别行政区","HKG","Political Stability and Absence of Violence/Terrorism: Estimate","PV.EST","","","","","","","","","","","","","","","","","","","","","","","","","","","","","","","","","","","","","0.576565086841583","","0.701060175895691","","0.935157179832458","","0.908920228481293","0.947880446910858","1.14497804641724","1.33629047870636","1.1909122467041","1.10401487350464","1.13101947307587","0.965701699256897","0.935810565948486","0.948596119880676","1.0062894821167","0.922868311405182","1.15322852134705","1.03520536422729","0.73615837097168","0.818203508853912","0.776628255844116","-0.227037355303764","0.0566066689789295","0.263934075832367","0.5749272108078","0.673060536384583","",
"中国香港特别行政区","HKG","Coverage of social insurance programs in 2nd quintile (% of population)","per_si_allsi.cov_q2_tot","","","","","","","","","","","","","","","","","","","","","","","","","","","","","","","","","","","","","","","","","","","","","","","","","","","","","","","","","","","","","","","","","",
"中国香港特别行政区","HKG","Adequacy of social insurance programs (% of total welfare of beneficiary households)","per_si_allsi.adq_pop_tot","","","","","","","","","","","","","","","","","","","","","","","","","","","","","","","","","","","","","","","","","","","","","","","","","","","","","","","","","","","","","","","","","",
"中国香港特别行政区","HKG","Coverage of social safety net programs in 2nd quintile (% of population)","per_sa_allsa.cov_q2_tot","","","","","","","","","","","","","","","","","","","","","","","","","","","","","","","","","","","","","","","","","","","","","","","","","","","","","","","","","","","","","","","","","",
"中国香港特别行政区","HKG","Adequacy of social safety net programs (% of total welfare of beneficiary households)","per_sa_allsa.adq_pop_tot","","","","","","","","","","","","","","","","","","","","","","","","","","","","","","","","","","","","","","","","","","","","","","","","","","","","","","","","","","","","","","","","","",
"中国香港特别行政区","HKG","Coverage of unemployment benefits and ALMP in 2nd quintile (% of population)","per_lm_alllm.cov_q2_tot","","","","","","","","","","","","","","","","","","","","","","","","","","","","","","","","","","","","","","","","","","","","","","","","","","","","","","","","","","","","","","","","","",
"中国香港特别行政区","HKG","Adequacy of unemployment benefits and ALMP (% of total welfare of beneficiary households)","per_lm_alllm.adq_pop_tot","","","","","","","","","","","","","","","","","","","","","","","","","","","","","","","","","","","","","","","","","","","","","","","","","","","","","","","","","","","","","","","","","",
"中国香港特别行政区","HKG","PPP转换因子，私人消费（每一国际元的本币单位）","PA.NUS.PRVT.PP","","","","","","","","","","","","","","","","","","","","","","","","","","","","","","","5.26220374166127","5.61174698006085","5.97252440453869","6.31196717347046","6.68908431904634","7.09717250998755","7.32776935202642","7.57401107203198","7.67546864082384","7.20996969652223","6.71740869370355","6.42445694367862","6.13549557684406","5.8388963993107","5.67102861614948","5.53026860751281","5.46460286043561","5.4211610421664","5.44538808583631","5.49648346152747","5.53178810185846","5.64699649810791","5.74455792853594","6.09589928266164","6.31362795256376","6.32683671157611","6.45557580328873","6.43576574325562","6.50768184661865","6.49642324447632","6.55228757858276","6.38834095001221","6.02625960059061","5.90935732371966","5.83933992666934",
"中国香港特别行政区","HKG","世行发展经济学部替代换算因子（1美元的本币单位）","PA.NUS.ATLS","5.3878","5.3878","5.3878","5.3878","5.3878","5.73","5.7361","5.7475","6.0851","6.0936","6.0793","5.9609","5.641417","5.1465","5.031583","4.935167","4.9048","4.662","4.683667","5.002667","4.976083","5.589333","6.069917","7.265167","7.818","7.79075","7.803333","7.79825","7.806","7.799917","7.78975","7.771167","7.740583","7.735583","7.728417","7.735833","7.734254","7.742083","7.745333","7.7575","7.791167","7.79875","7.798917","7.78675","7.788","7.777333","7.767833","7.801417","7.786833","7.75175","7.769167","7.784","7.756417","7.756","7.754083","7.75175","7.76225","7.7932","7.8385","7.835917","7.7572","7.77325","7.831417","7.829583","7.803833",
"中国香港特别行政区","HKG","来自国外的净经常转移（现价美元）","NY.TRF.NCTR.CD","","","","","","","","","","","","","","","","","","","","","","","","","","","","","","","","","","","","","","-1321737315.3969","-1336805015.3557","-1262906864.32485","-1401843908.62113","-1458695303.73457","-1515979718.72248","-1413041384.40299","-1499743194.65845","-1569175448.70459","-1609329139.79999","-1806851242.53709","-2364504285.63191","-2113845260.74757","-2262790850.03579","-2542523124.35766","-2621829125.4841","-2691593604.95101","-2551687930.08793","-2854065211.08137","-2701407452.736","-2637042549.91531","-2910378261.1469","-2755516680.43447","-2667715154.95282","-2446467050.46152","-1866839679.20493","-2186067891.48285","-2584371039.20599",
"中国香港特别行政区","HKG","国外净收入（不变本币单位）","NY.GSR.NFCY.KN","","","","","","","","","","","","","","","","","","","","","","","","","","","","","","","","","","","","","","","","","","","","","","","","","","","","","","","","","","","","","","","","","",
"中国香港特别行政区","HKG","总储蓄（占 GNI 的百分比）","NY.GNS.ICTR.GN.ZS","","","","","","","","","","","","","","","","","","","","","","","","","","","","","","","","","","","","","","","30.1144011353581","30.7899487691389","31.7231984464012","30.9130329051109","30.8737403773852","32.3365662013275","31.6337450231214","32.7676912949262","34.1704192046122","33.3498168678901","34.0204287993955","30.8070080335575","30.2515920000745","28.9115789845988","26.416441082324","25.0740406801414","24.7047568688381","24.406970375057","24.8374344469551","25.5405209114619","24.5631820546722","22.8855815329175","24.539642797116","26.7574543465102","23.8382843864747","22.7004224019845","26.2281472748137",
"中国香港特别行政区","HKG","按购买力平价 (PPP) 衡量的人均国民总收入（GNI）（现价国际元）","NY.GNP.PCAP.PP.CD","","","","","","","","","","","","","","","","","","","","","","","","","","","","","","","17740","19130","20580","22900","24170","24930","24880","26590","25610","26390","28450","29470","29800","31980","35270","38280","42730","46710","49590","47240","50240","53710","52900","54530","55640","57080","58190","61840","63800","64310","61580","70450","73140","77570","82320",
"中国香港特别行政区","HKG","GNI per capita (current LCU)","NY.GNP.PCAP.CN","2309.78334905843","2592.97026609009","2807.2849146799","3107.63360519162","3482.07364606517","3867.81180688735","3922.97319485385","4145.26708391533","4333.49982906882","5013.84626931339","5814.85226067189","6567.12720935407","7764.57444951014","9686.43938608072","10730.2751838823","11044.6920387305","13892.4299468792","15879.3107533216","18273.1654204606","22701.5847617502","28005.7671584602","32941.698730563","36563.3958400608","39788.4049877458","47517.1816076622","49788.3130933617","56576.2242696304","68898.4882716602","80855.4243016561","92128.4865463754","102120.953580507","116222.535917942","134356.516765796","158652.940179631","174281.737747291","183365.767287731","190292.595757905","211420.64629467","203805.339486835","198607.129342314","202287.471867967","201300.95467882","193610.859862695","191492.096036132","198264.465246554","208358.627370399","224419.06928585","246311.900871853","259851.389807123","245096.231069298","258239.799550127","281019.288421291","289018.894840632","303503.879424424","319055.536344146","335009.669057644","348007.387618243","375366.95882703","398551.378042562","398079.22321821","378542.440850154","413687.2563435","407663.658267652","429416.939796446","461968.873353624",
"中国香港特别行政区","HKG","GNI（不变价本币单位）","NY.GNP.MKTP.KN","","","","","","","","","","","","","","","","","","","","","","","","","","","","","","","","","","1494339000000","1557348000000","1562778000000","1621402000000","1729525000000","1695524000000","1714831000000","1802045000000","1849254000000","1875419000000","1923065000000","2002226000000","2088497000000","2227988000000","2411671000000","2491245000000","2377303000000","2464273000000","2581577000000","2576592000000","2680164000000","2751317000000","2854627000000","2946242000000","3114551000000","3224788000000","3169244000000","2985918000000","3250668000000","3105830000000","3236129000000","3391682000000",
"中国香港特别行政区","HKG","国民总收入（GNI）（现价本币）","NY.GNP.MKTP.CN","7148409900","8214789100","9278638100","10630903800","12203275300","13916000100","14240000400","15432000300","16478999800","19373000600","23021000100","26565999700","32017999200","41086001300","46974998700","49276998000","62765998500","72785996700","85289999600","111912002400","141795999700","170750001200","192487997400","212673003500","256492994600","271654993900","312561008600","384488013800","455021985800","523861000200","582548979700","668512026600","779334975500","936211000000","1051860000000","1128818000000","1224628000000","1371972000000","1333641000000","1312098000000","1348246000000","1351595000000","1305731000000","1288895000000","1344927000000","1419589000000","1538864000000","1703567000000","1807994000000","1709007000000","1813928000000","1987256000000","2066514000000","2178824000000","2306612000000","2442656000000","2553191000000","2775163000000","2970244000000","2988739000000","2831876000000","3066705000000","2994738000000","3236129000000","3475900000000",
"中国香港特别行政区","HKG","国内总储蓄（占 GDP 的百分比）","NY.GDS.TOTL.ZS","21.5032733395106","16.391683433937","20.1335328652009","26.3738371535437","28.5834454912517","31.4556009460331","24.1072678896513","24.7625201938611","21.9984273876489","25.178782733961","28.1095819267723","28.5446572467299","31.3631142706361","29.196409127205","28.9754445385267","28.5385871866745","36.061498511622","33.0549642486764","29.7440022382318","33.9281752757541","34.3366824723748","33.4212861076865","31.5476646003928","28.4746480364137","32.4204555864301","31.5394350802508","32.535995632166","36.4814955543734","37.2780404912504","37.9863873057526","35.7084451386386","33.7209958297352","33.3770272446818","33.9960902675589","32.536465925439","29.809670368166","30.3156072892356","30.8428550932464","29.5399954436828","30.144345096917","31.9913031840724","30.1816156022593","31.338021383738","31.4769442072654","31.0681734828","33.2764450739134","33.4468131527501","32.071426667539","31.2147618107781","29.719420579842","29.7651002177521","27.9933106910046","26.3507340729944","24.63049003767","24.0274247180869","23.9307336924796","23.7904310531045","23.0781493985399","21.7809015849101","19.7490564220593","20.9111467142638","22.345328913487","19.321822348342","16.7262070759346","19.87434072818",
"中国香港特别行政区","HKG","石油租金（占GDP的百分比）","NY.GDP.PETR.RT.ZS","","","","","","","","","","","","0","0","0","0","0","0","0","0","0","0","0","0","0","0","0","0","0","0","0","0","0","0","0","0","0","0","0","0","0","0","0","0","0","0","0","0","0","0","0","0.000638697278003601","0.00668432568577963","0.00100349590596334","0.00265792478709432","0.0157873788944443","0.000197504854942892","0.000152821067876972","0.000282557257171556","0.000401062964781817","0.000293788423858794","0.00011978734728514","0.00035629289325357","","","",
"中国香港特别行政区","HKG","人均 GDP增长（年增长率）","NY.GDP.PCAP.KD.ZG","","","9.55066114016627","11.8484609672538","6.03332355968347","11.669152773389","0.897343713965853","-0.931972301640911","1.22486811041129","9.57968972085361","6.5832266775719","5.00416563664703","8.51151913731417","9.15617477728949","-0.771003986107289","-1.39547198730146","14.7141851962279","10.1241952213219","6.31704675457196","5.62316157219043","7.20715498331379","6.72495236975168","1.36389298516899","4.37894393186895","8.89803111960488","-0.319543774653226","9.68113488041034","12.2625185271958","7.60336241086586","1.22304299412119","3.49742370976298","4.82908286187961","5.34669247035933","4.39241266340737","3.67477522795076","0.36660760874021","-0.267987767009188","4.22845216857921","-6.66507453315447","1.53235223822557","6.7184512388573","-0.177510266157995","1.20749745493134","3.25996792728786","7.85562604957764","6.92006481506586","6.3474408353708","5.55352397860919","1.51877053317028","-2.66898437200337","5.98640945097021","4.11214756917033","0.583751958193886","2.68790568876102","2.04318180024958","1.51995547711607","1.54454440525488","3.00148096033243","2.0272229246582","-2.39668495991923","-6.20876017979512","7.42950941492767","-2.80533347557801","0.621382102439426","2.66847024053622",
"中国香港特别行政区","HKG","天然气租金（占GDP的百分比）","NY.GDP.NGAS.RT.ZS","","","","","","","","","","","","0","0","0","0","0","0","0","0","0","0","0","0","0","0","0","0","0","0","0","0","0","0","0","0","0","0","0","0","0","0","0","0","0","0","0","0","0","0","0","0","0","0","0","0","0","0","0","0","0","0","0","","","",
"中国香港特别行政区","HKG","GDP 增长率（年百分比）","NY.GDP.MKTP.KD.ZG","","","14.2914823397233","15.7637662237923","8.6276669143403","14.6420261266268","1.79473246819664","1.60347489337207","3.39739066387156","11.3432464071334","9.20649975840655","7.29309200553885","10.6118459235727","12.2797630554251","2.41529110468208","0.492019320539043","16.1643107218392","11.7256028410742","8.26075348015026","11.5566148050192","10.1082310071639","9.2607529208135","2.94984269406611","5.97699557607231","9.97374832660103","0.757054642867999","11.0561192332237","13.3984333057626","8.51154597319032","2.2770749650245","3.83051133487089","5.70196943141934","6.23495995728777","6.20112526967796","6.0360512473774","2.37380672369116","4.25843711528601","5.09978939593832","-5.88264500371425","2.50675994648854","7.6634341189713","0.560861638399899","1.65668551983116","3.05632955101336","8.70010092519611","7.38818981322424","7.03267723716037","6.46480843115236","2.1279154483889","-2.45915292608368","6.76768834119794","4.81470669259771","1.70030613669923","3.10152391561608","2.76242639191302","2.38777942738729","2.17542886502997","3.79611114629799","2.84695146463069","-1.6724459934221","-6.54480412699255","6.45444409087024","-3.68378414495199","3.2238599613664","2.50498758466826",
"中国香港特别行政区","HKG","GDP（现价美元）","NY.GDP.MKTP.CD","1320796651.69457","1383681651.13776","1612346412.26475","1935298266.45384","2206466461.26434","2435078534.03141","2489845016.64894","2692474989.12571","2716964388.42418","3189740055.13982","3800766535.62088","4476001946.01486","5710090213.15035","8030117555.62033","9388695366.84578","10048089558.0636","12876366008.8077","15719433719.4337","18315136409.1427","22526184533.17","28861857810.6515","31055226088.6943","32291215843.6433","29907227184.179","33511383985.6741","35699772165.7093","41075396884.8952","50622896162.6006","59707404560.5944","68790219177.9733","76928784620.8158","88959997899.9293","104272507639.282","120354212475","135811771026.33","144652295363.667","159718183550.734","177353174849.714","168885443660.072","165768095391.557","171668891194.349","169404327616.605","166348866131.028","161385558801.811","169099768875.193","181569311742.213","193535442896.365","211596944503.8","219278749139.734","214047795659.045","228638668727.291","248513617677.287","262628865879.697","275696879834.966","291459995978.893","309385622601.348","320860317562.562","341273289534.466","361731070995.726","363074545072.389","344943149590.058","368954169748.818","358679533984.718","381043026173.935","406863396487.342",
"中国香港特别行政区","HKG","按要素成本计算的增加值总额（2015年不变价美元）","NY.GDP.FCST.KD","","","","","","","","","","","","","","","","","","","","","","","","","","","","","","","","","","","","","","","","","172860992267.694","174845344132.46","178685907696.982","184847316071.155","200555193003.629","214392191565.293","227314451767.121","242085412056.083","247781002128.168","242960117417.158","259880748024.575","274015550699.023","279326277845.441","286785123777.164","294769508391.704","299989421743.477","306983069242.429","316828694721.324","326456786813.811","322988182260.111","300488162455.154","317446439332.853","308425493982.238","319427771590.006","326390071347.257",
"中国香港特别行政区","HKG","GDP 支出估计误差（按现价本币单位）","NY.GDP.DISC.CN","","0","0","0","0","0","0","0","0","0","0","0","0","0","0","0","0","0","0","0","0","0","0","0","0","0","0","0","0","0","0","0","0","0","0","0","0","0","0","0","0","0","0","0","0","0","0","0","0","0","0","0","0","0","0","0","0","0","0","0","0","0","0","0","0",
"中国香港特别行政区","HKG","按 GDP 平减指数衡量的通货膨胀（年通胀率）","NY.GDP.DEFL.KD.ZG","","","1.95494818229709","3.68523217194887","4.95641085904504","2.37995748144438","0.553253963674166","6.6431752835086","3.32643107976907","5.58778736305017","8.85466531126042","7.62311866669425","9.15092732116733","14.2618417828311","11.6120808311628","4.45852482426343","9.63684911917137","3.85845154891733","8.12246944107029","17.7599840332504","15.7451708618161","10.616163722718","9.68488462613533","4.6027248927228","9.64207627617404","5.36132389169641","3.77068957369792","8.61134161583638","8.80194208237187","12.5593652583089","7.56493614762985","9.14039863547187","9.89932508775016","8.61298201277168","6.3212484593282","4.13952748822763","5.88371428114674","5.76017273592078","1.21987803214981","-4.09573706468056","-3.39421025011872","-1.7740137650017","-3.401874604949","-6.00774091225087","-3.59088245768518","-0.150093358862904","-0.534868677821166","3.1374564373978","1.28148347237271","-0.375400400770928","0.27063889422439","3.89787279394704","3.5448083854078","1.81246659349989","2.85026105901136","3.64356946616446","1.63827368479652","2.88057978613993","3.65952950249142","2.04497329596536","0.638332479637313","0.683603053456778","1.68864877684707","2.892947554779","3.82428284886707",
"中国香港特别行政区","HKG","调整后的净储蓄，不包括颗粒物排放损害（现价美元）","NY.ADJ.SVNX.CD","","","","","","","","","","","","","","","","","","","","","","","","","","","","","","","","","","","","","","","","","","","","","","","","","","","","","","","","","","","","","","","","","",
"中国香港特别行政区","HKG","调整后的国民净人均收入（2015年不变价美元）","NY.ADJ.NNTY.PC.KD","","","","","","","","","","","","","","","","","","","","","","","","","","","","","","","","","","","","","","","","","","","","","","","","","","","","","","","","","","","","","","","","","",
"中国香港特别行政区","HKG","调整后的国民净收入（现价美元）","NY.ADJ.NNTY.CD","","","","","","","","","","","","","","","","","","","","","27425880736.3175","","","","","","","","","","","","","","","","","","","","","","","","","","","","","","","","","","","","","","","","","","","","",
"中国香港特别行政区","HKG","调整后的储蓄： 自然资源损耗（占 GNI 的百分比）","NY.ADJ.DRES.GN.ZS","","","","","","","","","","","","","","","","","","","","","4.78510690592134E-05","","","","","","","","","","","","","","","","","","","","","","","","","","","","","","","","","","","","","","","","","","","","",
"中国香港特别行政区","HKG","调整后的储蓄： 能源损耗（现价美元）","NY.ADJ.DNGY.CD","","","","","","","","","","","","0","0","0","0","0","0","0","0","0","0","0","0","0","0","0","0","0","0","0","0","0","0","0","0","0","0","0","0","0","0","0","0","0","0","0","0","0","0","0","1242261.11009299","14030328.21168","2219931.68592842","5860462.76289457","37831212.0097974","501086.571028347","402163.179475087","787500.780762588","1143986.3245139","804303.121961452","304637.643438715","954520.825792162","","","",
"中国香港特别行政区","HKG","调整后的储蓄： 固定资本消耗（现价美元）","NY.ADJ.DKAP.CD","","","","","","","","","","","150620956.625145","174453920.624045","216906965.1131","291796826.597163","370556089.878575","413349603.090006","489306871.620797","569660148.188118","654230424.394768","798756582.846141","1069513618.51827","1223230663.45606","1377415184.46906","1313791672.49226","1454956039.70725","1711979271.14529","1906658532.03691","2214841651.19423","2756047488.75123","3291420651.51707","3801308928.41255","4568506461.01992","5946024250.38112","7342931650.40655","8711713520.83853","10905969382.0175","13535191100.9823","15733910753.5496","16549057316.6554","17120098696.8768","16576139286.9609","15979850153.3092","15446723616.732","15390684272.6079","14759722115.795","17072472678.634","19345854328.1361","21801011748.0874","27548261032.2427","30132382424.6513","32594276311.0445","38489016852.6908","42309333883.4452","41732684602.6865","57834013488.548","63022921986.853","63353258583.3408","71844243029.8318","70131701722.8492","70327950574.245","66388205998.1568","70594620967.0632","","","",
"中国香港特别行政区","HKG","调整后的储蓄： 二氧化碳损害（现价美元）","NY.ADJ.DCO2.CD","","","","","","","","","","","25251652.6523346","27241648.2852419","29911228.5193095","32536921.4805066","41510114.9625861","45878302.8082748","57427305.3973901","72305291.753235","84294390.9793844","87161176.4219418","99734592.7931594","119315819.771623","148398701.65857","185607430.234684","216425681.493665","237703064.24099","283765093.637429","301963906.570712","352367736.007835","389321747.851736","425038680.11337","490442672.275861","571938424.527559","611595188.484916","543783571.597337","575850233.128528","560448821.741425","564427750.225577","723310604.13268","802524763.678544","771158763.80791","805965471.578588","819219764.843628","928821306.362832","891917038.230129","993085458.428135","1034407322.69568","1140558592.1817","1153984983.25757","1244820939.38816","1204632126.97321","1345064222.53329","1384277421.23743","1489892248.02908","1598019473.20273","1535365440.60813","1615471074.61929","1647888482.25558","1722437380.81003","1770523239.37039","1385962093.88228","1498589775.15025","","","",
"中国香港特别行政区","HKG","Services, value added (constant LCU)","NV.SRV.TOTL.KN","","","","","","","","","","","","","","","","","","","","","","","","","","","","","","","","","","","","","","","","","1393666493675.94","1419573415270.63","1461094229942.62","1526386042813.7","1673975412866.37","1804003120982.25","1926847794207.29","2063628949924.48","2113891448298.05","2077439517302.03","2221064501206.15","2336205500444.28","2377395187469.42","2442921672399.17","2502478876053.29","2545700355082.33","2603746027811.9","2695822803934.27","2779173199439.07","2760471229494.64","2576063999196.37","2729464818480.74","2637802251657.6","2725954000000","2782870000000",
"中国香港特别行政区","HKG","Services, value added (current US$)","NV.SRV.TOTL.CD","","","","","","","","","","","","","","","","","","","","","","","","","","","","","","","","","","","","","","","","","143786675346.582","143469658599.134","142410285940.984","141551096413.78","149403954802.26","161702861379.344","174100292835.853","191051830712.292","192572513112.841","189211984390.621","207862824933.484","227410842754.368","241412755399.819","251198169159.36","263699653459.99","277942658109.459","287257045315.469","302488964738.49","320845442367.8","326792129115.201","308474062806.167","330862123307.497","326637950705.473","348160815205.612","373301299502.437",
"中国香港特别行政区","HKG","其他制造业（占制造业增加值的百分比）","NV.MNF.OTHR.ZS.UN","","","","","","","","","","","","","","40.4614674665436","42.0396817789706","40.0951860809862","40.2441833678876","44.1706569107441","45.5742439687394","47.3199277843491","47.289346213842","50.5158346631903","48.4056814908374","47.5889171308565","47.177623320906","45.789617379773","46.0149028485191","46.7329231329596","46.8069717808869","45.5109004531341","42.2695458564595","41.4645390442463","41.3871336882432","44.4643351874347","45.05425571721","47.0226400972963","47.5296679108049","50.0167862427415","48.600544820675","54.1228883786702","57.5358765931214","58.803836263363","55.6761612456488","51.3616429564659","41.1668986189915","22.7252486269853","20.7595987209842","-86.5442300073575","-86.3499111900533","-78.4400385944163","-68.6336203197849","-66.4424940157301","-70.6091760886281","-68.2860046293683","-77.9784233330425","-78.4985202633327","-78.1315396113602","-79.0406884403246","-77.7505699569366","-74.6966972110417","-89.4183961055598","-83.5723329701717","-78.6713088768116","","",
"中国香港特别行政区","HKG","工业增加值（占 GDP 的百分比）","NV.IND.TOTL.ZS","","","","","","","","","","","","","","","","","","","","","","","","","","","","","","","","","","","","","","","","","12.0823834898067","11.3479853036237","10.6365250153969","9.85860238455791","9.17294443444659","8.45767902983093","7.99587055850563","6.89108505436297","7.00210309068239","6.87119744221016","6.83582798711052","6.71717250042648","6.84452438540072","6.94769922906227","7.0675064878175","7.05801657854796","7.47571466772237","7.21876244307908","6.47887850480474","6.25471437479218","6.17058195458318","5.98949153287008","6.26265366403118","6.277451826904","6.19613151610629",
"中国香港特别行政区","HKG","工业增加值（现价本币单位）","NV.IND.TOTL.CN","","","","","","","","","","","","","","","","","","","","","","","","","","","","","","","","","","","","","","","","","161602000000","149923000000","137992000000","123890000000","120803000000","119433000000","120206000000","113755000000","119560000000","114010000000","121427000000","129939000000","139427000000","148563000000","159726000000","169271000000","186190000000","191991000000","183704000000","177948000000","165112000000","171777000000","175916000000","187282000000","196733000000",
"中国香港特别行政区","HKG","制造业，增加值（年增长百分比）","NV.IND.MANF.KD.ZG","","","","","","","","","","","","","","","","","","","","","","","","","","","","","","","","","","","","","","","","","","-8.94872942463574","-9.68349763783827","-10.5040365252623","2.32778134396432","1.57488114104596","1.78449536811311","-0.849460305294755","-7.04715279567122","-8.17740817740817","3.34339622641508","0.733951654129839","-0.790227280965667","0.0876904527019633","-0.401562442959886","-1.53208957959168","-0.439233203052297","0.433693498336268","1.27312660536798","0.419040617533554","-5.83476701196969","5.46938775510203","0.206398348813224","3.7442989554215","0.811883996312844",
"中国香港特别行政区","HKG","工业（包括建筑业），每个工人的增加值（2015年不变价美元）","NV.IND.EMPL.KD","","","","","","","","","","","","","","","","","","","","","","","","","","","","","","","","","","","","","","","","","29451.4153990079","29380.0862357555","30271.2641885089","31104.3205275292","32596.8246584716","32406.1998815821","31719.9477940627","32106.696434528","33944.6638824254","33312.001477402","36054.2657861691","38080.8632809357","38717.0466568956","38387.1919021573","40899.7630624633","42321.6719410895","42066.0783925302","41525.3567649118","42250.2013129713","40452.0366570966","38363.5670639254","38457.055881882","39905.0777632062","41269.9322360758","42747.1661734501",
"中国香港特别行政区","HKG","农业，增加值（不变价本币单位）","NV.AGR.TOTL.KN","","","","","","","","","","","","","","","","","","","","","","","","","","","","","","","","","","","","","","","","","2282000000","2288000000","2228000000","2110000000","2118000000","2113000000","2043000000","1954000000","1622000000","1548000000","1608000000","1621000000","1569000000","1646000000","1547000000","1442000000","1414000000","1341000000","1317000000","1307000000","1357000000","1323000000","1114000000","1131000000","1057000000",
"中国香港特别行政区","HKG","农业，增加值（现价美元）","NV.AGR.TOTL.CD","","","","","","","","","","","","","","","","","","","","","","","","","","","","","","","","","","","","","","","","","149913357.010574","151562750.440776","146558810.665635","121360002.568466","123651771.956857","122535578.713166","121913022.58944","130104569.464752","118790270.704406","140613409.875189","122020803.517288","121274409.044193","143623015.626932","157942238.267148","192930614.748385","210275099.171155","244516731.617765","222758302.109531","224787905.849333","262509161.340019","341360284.638787","278905219.824398","189748547.421239","144452137.489315","152361025.665208",
"中国香港特别行政区","HKG","货物和服务对外贸易差额（不变价本币单位）","NE.RSB.GNFS.KN","","","","","","","","","","","","","","","","","","","","","","","","","","","","","","","","","","","","","","","","","","","","","","","","","","","","","","","","","","","","","","","94299000000","17498000000","84889000000",
"中国香港特别行政区","HKG","货物和服务进口（不变价本币单位）","NE.IMP.GNFS.KN","","47075000000","54403000000","59681000000","65926000000","69290000000","78789000000","80934000000","93701000000","104422000000","117186000000","132127000000","138575000000","152809000000","141154000000","146524000000","181097000000","195563000000","236118000000","277192000000","330085000000","370569000000","362760000000","396151000000","451544000000","477543000000","532697000000","675765000000","832058000000","886549000000","976451000000","1143489000000","1382652000000","1542993000000","1748756000000","1969015000000","2065482000000","2244585000000","2088821000000","2040960000000","2389805000000","2366516000000","2533175000000","2822680000000","3229095000000","3530382000000","3880006000000","4231505000000","4368911000000","4017961000000","4750376000000","5016529000000","5229260000000","5662368000000","5720473000000","5619557000000","5668317000000","6043241000000","6314375000000","5856926000000","5455261000000","6318369000000","5545461000000","5257078000000","5440742000000",
"中国香港特别行政区","HKG","货物和服务进口（现价美元）","NE.IMP.GNFS.CD","","1254129700.43431","1397230780.65259","1552024945.24667","1778091243.17903","1759685863.87435","1977998988.86003","2045585036.9726","2304810109.94067","2747800971.51109","3249058279.73615","3811504974.0811","4365038074.65394","6352472554.16302","7683864104.00067","7818175149.89868","10141697928.5598","12077005577.0056","15489145577.5998","19899385667.6849","25762632978.5898","28586774128.5051","27222942257.6948","27593033993.5751","32155666410.8468","33515130122.2604","39268861139.2081","51815984355.4644","66398923904.6887","73513602772.9526","83645559870.3424","100109159924.114","122485089301.413","136736171016.457","160441782579.796","189045575311.67","196723691774.281","209984057262.109","186278240070.504","178289784079.923","208788105812.647","200031415290.912","206139006223.556","228648922849.713","268978813559.322","300018399623.624","336797147930.446","371854241351.283","401809952775.409","364443125745.799","456015168678.959","519399152106.886","563913982448.339","609317560598.246","620475947961.867","598687006159.899","592699925923.54","641229533439.409","682055750462.461","639345975716.69","601495384932.708","732172643360.242","682906554458.791","671437801987.667","723058784061.627",
"中国香港特别行政区","HKG","资本形成总额（2015年不变价美元）","NE.GDI.TOTL.KD","","","","","","","","","","","","","","","","","","","","","","","","","","","","","","","","","","","","","","","","","","","","","","","","","","","","","","","","66646241171.3484","","","","","","","","","",
"中国香港特别行政区","HKG","库存变化（现价本币单位）","NE.GDI.STKB.CN","","55000000","64000000","77000000","88000000","103000000","107000000","115000000","122000000","143000000","171000000","197000000","236000000","303000000","678000000","731000000","2979000000","1702000000","2067000000","3256000000","3745000000","3953000000","1403000000","4329000000","5803000000","1469000000","6183000000","9746000000","14132000000","3463000000","5728000000","4098000000","8187000000","2299000000","21263000000","45656000000","9762000000","12313000000","-15651000000","-10612000000","14399000000","-4060000000","5660000000","9111000000","7076000000","-4761000000","-2129000000","12841000000","8480000000","22941000000","37522000000","11739000000","-3662000000","-1673000000","7473000000","-20580000000","447000000","10973000000","11204000000","-3067000000","52221000000","-1909000000","-23593000000","-23999000000","-15453000000",
"中国香港特别行政区","HKG","固定资本形成总额（年增长率）","NE.GDI.FTOT.KD.ZG","","","34.7883500843665","34.8418875523867","11.4835819088175","11.5896377559333","-13.0789571875862","-17.256761044439","-9.0902939119843","4.11631888445029","14.127067346647","23.7607016078513","9.20211240277379","11.7207175192744","-1.64156605678409","1.99938134473159","13.7254631671813","25.8639289220737","10.2745596548503","14.9072553882698","20.2123455288878","9.25315951521435","1.9073080684455","-8.15536185798246","2.70738146318543","0.101130494455887","6.14288291538878","14.1701368233194","8.13880783659857","3.93911443347696","8.18053783427004","9.42660082438884","8.96512113617376","2.94353210161347","14.9714395909112","7.29247097268613","10.6710834150917","13.6837772739118","-7.39391887983651","-16.3370539587068","7.87686573354642","2.75285089236968","-3.89117967676194","1.51473466188403","3.35627611104576","4.02355007483087","7.0680839932463","3.16125908420548","1.38955572540449","-3.46705059681176","7.69129241165705","10.2300860371439","6.78732780122971","2.56392458330804","-0.113697888467783","-3.18157488210743","-0.113543917352615","3.12504378774503","1.68926148735179","-14.9362644557425","-11.1457558163508","8.30460608310572","-7.43787657132131","11.4299506898353","1.87038092072986",
"中国香港特别行政区","HKG","固定资本形成总额，私营部门（占 GDP 的百分比）","NE.GDI.FPRV.ZS","","","","","","","23.0289875367596","16.6203554119548","13.7301155265227","13.916756701137","17.9433913269281","21.4459727896256","20.4358488808866","19.4763713794856","19.1088060965284","18.0826392950049","17.588194312496","20.0630424103488","21.1454617518827","24.5041751337729","27.4462292593598","27.7926926223369","24.1697915869493","18.8626709192244","17.7936730892546","17.7483029396537","18.7208486077529","20.7612027256377","22.3727460757473","22.524871495719","22.8251365025966","23.2668376431856","24.2954666534511","23.354528952428","25.4191556863978","25.2557180211724","25.5533671550497","28.4251571099489","25.2276247368268","20.3631412205489","21.6223389739522","21.0411901218794","18.2376106204922","17.1669707775078","17.7718347483464","18.1070372665309","19.7359099771111","18.3187581932157","18.0339293944844","17.5460525721036","18.1180094712025","19.5338678577152","20.9108818154015","19.4581689702825","18.5518616109256","17.4677268709242","16.5288818187439","16.7369965006161","16.8554035385827","13.6742000589099","11.95843624675","11.8744144383507","9.92107780470343","11.0994205284695","10.1021261102821",
"中国香港特别行政区","HKG","货物和服务出口（年增长率）","NE.EXP.GNFS.KD.ZG","","","8.36355274097397","6.2635694346953","9.22176477817378","8.91855019057934","11.6102789256198","11.1684465064618","12.2611464968153","15.292263477495","10.6521389514313","3.46494001031925","8.90816505706759","9.03274903584466","-3.40285335730847","1.24119012191464","25.5204490195841","4.13428225872512","12.3042112228325","16.4669721141803","14.6018325255598","13.1985367886524","-1.70165884467181","11.905864989555","18.8912605329506","5.15972309103799","13.1353789718931","27.807981492192","21.0493476716664","6.99475379304954","6.99031634405461","13.8427511133102","17.6415465832624","12.1553121716423","9.23405631867136","9.93037327260093","6.27368832257598","6.27365158231343","-5.42280202070155","3.20515289966177","16.9159866916509","-1.05050673604772","8.56288347385259","13.1048109066873","16.1056723768122","12.1676243976524","10.1749385884228","8.24103147253139","3.5197913395632","-9.12108087494211","17.569730859982","4.80794136854854","3.20493098638994","7.81821236426086","0.972683404047388","-1.37130008774243","0.684023283343365","5.84543982335381","3.65416123505699","-6.14558594913106","-6.68111607080095","17.0373679206618","-12.535159958133","-6.47516915613431","4.75971907504982",
"中国香港特别行政区","HKG","国民总支出（占 GDP 的百分比）","NE.DAB.TOTL.ZS","106.185412578043","107.592219986586","108.311269713365","107.116140788338","107.663189771198","103.440120404214","103.535919339028","95.3473344103393","94.6168269521563","91.1766219066728","92.2963732363888","95.7985083017878","92.0560022351225","93.6869359014688","95.2074513124471","94.4080340398072","89.3200962695548","93.466513836581","98.9858012170385","98.7070839729881","100.516644733636","101.518049522405","99.4357286803908","98.1949641247969","91.9974655714678","89.9607375021573","90.8964979330785","89.5863414139879","91.0739879332984","88.5371199385714","91.462079645427","93.200428743149","94.7998463692342","93.253778154907","98.8428082811711","104.481030485985","101.484739346928","103.357335281261","99.4638682521019","94.8351641515274","95.5911061001076","95.3095882198886","91.8429310412605","90.9026959366388","91.2892602522953","87.7833761175533","88.8383351592542","89.3246488275675","89.8264525586432","92.1274435059319","94.1253662040655","96.1498736061786","98.8693994626567","99.3998985177512","99.7950447012285","97.6107460346582","97.7169739958034","98.9908674614446","100.213759540443","98.4408907910027","98.0707401506768","94.4311539892461","95.9081072094423","99.4134895394797","95.9240261863113",
"中国香港特别行政区","HKG","国民总支出（现价美元）","NE.DAB.TOTL.CD","1402493373.91885","1488733806.00616","1746352871.30183","2073016815.76896","2375552173.42886","2518848167.53927","2577883928.10446","2567203131.79643","2570705493.74702","2908297229.88053","3507969667.56041","4287943095.84123","5256480774.24519","7523171087.1466","8938737570.26367","9486203810.32699","11501182515.0873","14692406692.4067","18129384518.5834","22234939883.0664","29010971079.0596","31526659800.0155","32109005773.8846","29367391004.2261","30829623944.7429","32115778326.862","37336097280.4826","45351200589.8759","54377914424.8014","60904878859.6084","70360666260.1496","82911099452.6305","98850177047.3878","112234850301.522","134240168458.819","151134208817.59","162089582266.111","183307515561.381","167979995179.032","157206445375.443","164100191922.468","161458567078.057","152779674408.639","146703823803.256","154369928094.504","159387671840.72","171933665412.22","189008227607.882","196970321567.189","197196762021.479","215206984223.663","238945529290.853","259659582510.842","274042418772.563","290862633273.335","301993614345.148","313534993075.461","337829389724.375","362504305670.728","357413816404.64","338288299902.026","348407680185.251","344002751992.392","378808168966.342","390279750989.033",
"中国香港特别行政区","HKG","Final consumption expenditure (annual % growth)","NE.CON.TOTL.KD.ZG","","","10.2314936627627","9.84306716633034","8.97398723459692","12.6277385159011","12.1245085738185","2.06838269212986","9.64778837069527","8.63974100496267","10.0833871965897","12.1289085545721","7.51910831366365","12.9839529624603","-1.0009671576498","3.94606580829755","7.39093602731612","16.0272058641438","16.4582286995517","9.54867340335488","11.82492445304","8.75552727851121","5.25124344530401","7.56251024819264","5.72433482829393","4.24949421924508","8.36464644342685","9.85519078427114","8.86609877488516","3.93648864989112","6.1081442211464","9.17239423678397","9.15697879974377","7.20492436780987","6.21682400248605","1.79004553003583","3.74574388172645","5.1961262157126","-4.73233475676228","1.32020714594904","4.21104445478528","2.07494406986667","-0.430026669557819","-0.980412672040046","6.18555268328656","2.58376057642839","5.3794217910893","7.88845589528779","1.91239299584855","0.464653865180026","5.74688031406487","7.65578296015192","4.03950940435116","4.36531765091712","3.27535761930481","4.62533186098426","2.17747005241293","5.14725974856623","5.15942486687497","-0.051355932126711","-8.09268907044081","5.64834750460001","-0.534783699988338","4.89853059603513","-0.444444708313526",
"中国香港特别行政区","HKG","Households and NPISHs final consumption expenditure (% of GDP)","NE.CON.PRVT.ZS","70.6775433510879","77.290409121395","74.1337630942788","68.1787666634698","65.9909152086137","63.3698846126281","70.1932502450637","69.2148626817447","71.801850843767","69.0487215105212","66.2338786462391","66.2006671414115","63.3408872194456","65.6132794541099","65.198983911939","65.4661316017665","58.4932547976439","61.3653730691556","64.5566668998158","60.5647301026701","60.0428912609056","59.7552685248131","61.2127241651999","64.1344618259305","60.798803016886","61.4551573376287","60.4851415646205","57.2383919750741","56.6070769574061","55.6843808125123","57.4549107560041","59.1504983922132","58.998798210945","58.5276205411328","59.921685197359","62.163384289271","61.5400618958456","61.1132757451662","61.4352857712943","60.2436649750456","58.6409281189322","59.6146364281811","58.0264556504419","57.5299462308691","58.5780466821418","57.4774895990086","57.783644671138","59.5101880592892","60.1165338301258","61.0889290008407","61.3755761873343","63.2952342550519","64.5523276449038","66.0830891757724","66.494012181389","66.4263972513635","66.2532050535654","67.0915784300787","68.2939689196943","69.3745074730529","66.3430242922379","64.9770412761905","66.3410667757458","69.9731313987225","67.2771262835053",
"中国香港特别行政区","HKG","人均居民最终消费支出（2015年不变价美元）","NE.CON.PRVT.PC.KD","","2211.51351231095","2346.98741746519","2489.52430614883","2646.1223585346","2913.45715798164","3239.13253457696","3202.79682283306","3449.74621396513","3687.79578834362","3978.0036183611","4394.08498206361","4637.85677393083","5103.1607294665","4855.33355232563","4940.99182178217","5247.10383818155","6036.60728405828","6940.6910794846","7192.60337566451","7855.54651153838","8256.66191292203","8554.88065867094","9076.67032384716","9513.92996978143","9821.77938326959","10532.1191609756","11536.8294276924","12512.2803953356","12857.2592395589","13618.5443669056","14756.5283183096","15888.9365745511","16843.8241422416","17538.9850857939","17475.2230905042","17339.2045232942","18148.0305114751","17007.960331302","17022.3919063317","17634.9433324192","17750.6024449835","17487.2455199683","17248.9342158987","18334.7590991751","18901.7220744086","19925.511954297","21463.3872913157","21740.6060132043","21732.7417862801","22892.7352511226","24647.7231960451","25377.2435367622","26443.1734020469","27135.0583166593","28186.1564752206","28573.6669359007","29913.7920326134","31245.4073336306","30767.9404630206","27605.7058494032","29410.910108233","29025.4334096128","30227.5819457729","30073.8253190265",
"中国香港特别行政区","HKG","Households and NPISHs final consumption expenditure: linked series (current LCU)","NE.CON.PRVT.CN.AD","","","","","","","","","","","","","","","","","","","","","","","","","","","","","","","344302000000","408921000000","476197000000","544898000000","628944000000","695612000000","760205000000","839136000000","803619000000","774701000000","784323000000","787594000000","752801000000","722961000000","771443000000","811654000000","868691000000","982368000000","1026482000000","1013615000000","1090234000000","1224402000000","1314969000000","1413058000000","1502768000000","1593091000000","1650101000000","1784375000000","1936427000000","1973720000000","1775202000000","1863524000000","1863500000000","2087584000000","2136112000000",
"中国香港特别行政区","HKG","一般政府最终消费支出（不变价本币单位）","NE.CON.GOVT.KN","","16143000000","16863000000","18624000000","20460000000","22110000000","24590000000","27127000000","28640000000","31239000000","32826000000","33831000000","36027000000","39765000000","43399000000","46316000000","49167000000","53470000000","58505000000","64417000000","69379000000","84025000000","88835000000","94513000000","98444000000","101342000000","107750000000","111382000000","115843000000","121906000000","128334000000","138741000000","157475000000","161604000000","168026000000","173526000000","180589000000","185770000000","187845000000","194377000000","199135000000","211746000000","217821000000","222999000000","226091000000","220285000000","222250000000","229276000000","233920000000","239354000000","247379000000","253451000000","262473000000","269572000000","277832000000","287344000000","297231000000","305668000000","318631000000","334783000000","361260000000","382480000000","412905000000","396813000000","400307000000",
"中国香港特别行政区","HKG","一般政府最终消费支出（现价美元）","NE.CON.GOVT.CD","103275511.340436","87419726.0477375","92431047.9230855","105423363.89621","119714911.466647","126003490.401396","141908265.197608","162157459.765115","168444232.63381","184127609.294998","214991857.615186","235199382.643561","302406292.603436","416788108.4232","546945166.163412","602411225.39521","701149893.981406","877091377.091377","1043840221.77495","1240538296.87245","1622159437.45311","2119036385.91582","2337758489.94311","2210410304.40181","2272320286.51829","2500914546.09633","2866595594.47226","3179174814.86231","3651037663.3359","4353892483.72771","5259347219.10203","6341518590.45109","7949917984.21385","8998028978.55275","10242718528.2575","11611160685.6043","13007977239.951","14266057338.8325","15241436359.1598","15933612632.9359","16081544651.7832","17285590639.5256","17692071860.7468","17741291296.112","17508217770.9296","16788017177.6109","16972172290.5217","17813046014.5894","19008626485.2476","19674525107.2338","20255839525.6531","21649152106.8859","23891185840.0599","25602372356.885","27626219631.6444","29833650466.0238","31946020805.8231","33548093209.4647","35902277221.4072","39489570907.9103","43965863971.5361","46774643810.504","51424282476.594","50681243177.3186","52275977715.0536",
"中国香港特别行政区","HKG","军费支出（现价本币单位）","MS.MIL.XPND.CN","","","","","","","","","","","","","","","","","","","","","","","","","","","","","","","","","","","","","","","","","","","","","","","","","","","","","","","","","","","","","","","","","",
"中国香港特别行政区","HKG","Arms imports (SIPRI trend indicator values)","MS.MIL.MPRT.KD","","","","","","","","","","","","","","","","","","","","","","","","","","","","","","","","","","","","","","","","","","","","","","","","","","","","","","","","","","","","","","","","","",
"中国香港特别行政区","HKG","物流绩效指数：物流服务的能力和质量（1=很低 至 5=很高）","LP.LPI.LOGS.XQ","","","","","","","","","","","","","","","","","","","","","","","","","","","","","","","","","","","","","","","","","","","","","","","","3.99","","","3.83","","4.08","","3.808917","","3.99988","","3.93","","","","4","","",
"中国香港特别行政区","HKG","进口周转时间，中值（天数）","LP.IMP.DURS.MD","","","","","","","","","","","","","","","","","","","","","","","","","","","","","","","","","","","","","","","","","","","","","","","","2.4","","","1.62","","1","","1","","3","","2","","","","","","",
"中国香港特别行政区","HKG","Individuals using the Internet, female (% of female population)","IT.NET.USER.FE.ZS","","","","","","","","","","","","","","","","","","","","","","","","","","","","","","","","","","","","","","","","","","","","","","","","61.5412","63.5181","66.1265","","","70.1591","71.6802","78.0303","83.2947","86.3007","88.0177","89.1429","90.4722","91.2712","91.8974","94.6831","","",
"中国香港特别行政区","HKG","Fixed broadband subscriptions","IT.NET.BBND","","","","","","","","","","","","","","","","","","","","","","","","","","","","","","","","","","","","","","","11000","86500","444450","716435","1039000","1267970","1517740","1659100","1796240","1898930","1935490","2053370","2167710","2299000","2255040","2235220","2281280","2347830","2626030","2658070","2714680","2804790","2885590","2935380","2982770","2968460","",
"中国香港特别行政区","HKG","来自DAC捐助国的双边援助净流量，英国（现价美元）","DC.DAC.GBRL.CD","819999.992847443","-90000.0035762787","-200000.002980232","-70000.0002980232","-50000.0007450581","-270000.010728836","550000.011920929","980000.019073486","129999.995231628","-180000.007152557","90000.0035762787","2690000.05722046","1990000.00953674","-540000.021457672","-439999.997615814","-1620000.00476837","300000.011920929","769999.980926514","479999.989271164","50000.0007450581","540000.021457672","-70000.0002980232","-140000.000596046","-109999.999403954","-259999.990463257","400000.005960464","289999.99165535","360000.014305115","490000.009536743","400000.005960464","540000.021457672","-2019999.98092651","-77489997.8637695","600000.023841858","500000","430000.007152557","119999.997317791","","","","","","","","","","","","","","","","","","","","","","","","","","","","",
"中国香港特别行政区","HKG","来自DAC捐助国的双边援助净流量，西班牙（现价美元）","DC.DAC.ESPL.CD","","","","","","","","","","","","","","","","","","","","","","","","","","","","","","9999.99977648258","9999.99977648258","","","","","9999.99977648258","","","","","","","","","","","","","","","","","","","","","","","","","","","","","",
"中国香港特别行政区","HKG","来自DAC捐助国的双边援助净流量，瑞士（现价美元）","DC.DAC.CHEL.CD","","","","","","19999.9995529652","","","29999.9993294477","9999.99977648258","39999.9991059303","50000.0007450581","59999.9986588955","79999.9982118607","29999.9993294477","59999.9986588955","50000.0007450581","29999.9993294477","39999.9991059303","119999.997317791","100000.001490116","29999.9993294477","9999.99977648258","9999.99977648258","","","","19999.9995529652","","29999.9993294477","","19999.9995529652","","","19999.9995529652","","29999.9993294477","","","","","","","","","","","","","","","","","","","","","","","","","","","","",
"中国香港特别行政区","HKG","来自DAC捐助国的双边援助净流量，澳大利亚（现价美元）","DC.DAC.AUTL.CD","","","","","","129999.995231628","","9999.99977648258","","","","","","","","","","9999.99977648258","29999.9993294477","39999.9991059303","59999.9986588955","29999.9993294477","9999.99977648258","29999.9993294477","","439999.997615814","39999.9991059303","9999.99977648258","319999.992847443","109999.999403954","-59999.9986588955","109999.999403954","39999.9991059303","29999.9993294477","29999.9993294477","50000.0007450581","70000.0002980232","","","","","","","","","","","","","","","","","","","","","","","","","","","","",
"中国香港特别行政区","HKG","股票交易总额（按现值美元计）","CM.MKT.TRAD.CD","","","","","","","","","","","","","","","","484000000","646000000","327870000","408440000","1073940000","777050000","","","","","","15316600000","45408110000","23422710000","34582330000","34583770000","38525460000","78452650000","132114100000","125745700000","95588900000","166243900000","453034520000","205945810000","227669000000","372996060000","238191310000","178937670000","272849940000","403727910000","421194600000","755545250000","2015819340000","1568212800000","1413270670000","1487593610000","1436954110000","1076727570000","1267004630000","1450936260000","2068670580000","1351097197683.87","1953131618025.77","2266769160000","1822240530000","3069358660000","4068106120000","2848838860000","2279385630000","2996539390000",
"中国香港特别行政区","HKG","S&P全球股票指数（年变化率）","CM.MKT.INDX.ZG","","","","","","","","","","","","","","","","","","","","","","","","","","","","","","","2.11225769961492","44.9926209001386","28.1937879854218","113.2023","-32.7857157263313","20.4223376579876","34.7253055460424","-21.9198951881971","-14.232689016238","58.1519519056611","-12.567156893204","-18.9522343496126","-18.92248459194","39.4362314394491","19.2580234371356","8.07599132659633","28.2076646089523","36.0896848880319","-53.8814799819749","67.1034738956805","21.286055833275","-20.1694324537805","22.624033095648","7.6244842702671","0.117343820071936","-5.36620886836691","-3.06862200048225","27.8190047148049","-11.4565808932326","5.09074320780772","5.10208299587394","-7.281518022615","-9.65072868457846","","",
"中国香港特别行政区","HKG","Control of Corruption: Percentile Rank","CC.PER.RNK","","","","","","","","","","","","","","","","","","","","","","","","","","","","","","","","","","","","","89.7849426269531","","86.6310195922852","","85.638298034668","","91.5343933105469","92.5925903320312","94.0886688232422","93.1707305908203","93.6585388183594","93.689323425293","94.1747589111328","94.2583694458008","94.7619018554688","94.3127975463867","93.3649291992188","91.9431304931641","91.8269195556641","91.9047622680664","91.4285736083984","91.9047622680664","91.9047622680664","91.9047622680664","92.8571395874023","94.2857131958008","92.4528274536133","93.3962249755859","",
"中国香港特别行政区","HKG","私人转移和雇员报酬，收讫（现价美元，单位：百万美元）","BX.TRF.PWKR.CD.DT","","","","","","","","","","","","","","","","","","","","","","","","","","","","","","","","","","","","","","","153640902.048545","130454560.120602","135538206.510579","152845007.823522","120529560.770874","119691117.92926","239856567.542055","296761189.341991","294033632.386511","316866690.062737","355347245.020959","347792446.94627","339569368.877098","351638509.254505","366815267.282392","360237541.426858","372449060.135887","386750552.610118","399492889.185886","436898438.64628","424573814.619566","451246722.143141","426572579.596946","453090876.703471","418510210.064583","453768540.088612","462446994.526593",
"中国香港特别行政区","HKG","外国直接投资净流入（占 GDP 的百分比）","BX.KLT.DINV.WD.GD.ZS","","","","","","","","","","","1.31084289269194","1.32894029576909","1.93415677996911","3.37821436387483","1.63435298414151","3.75553597148394","1.98318244080144","1.74139398330604","2.60649245758114","2.87694477928882","2.46069194145188","6.64231384440302","3.8303195940003","3.82558729150674","3.84269326671349","-0.748521922379866","4.59718890895098","12.3458547563647","8.33891460706031","2.96712963818199","4.25727809966442","1.1475495549678","3.72818031138965","5.75769286965291","5.7638146979781","4.29537774314548","6.54914392178605","6.40989254330133","8.25373758316011","15.2957120663804","41.0649470707168","18.4716176291754","4.05644798053661","11.5049681043857","13.1249372796878","22.5606006200286","23.2008118497036","29.358179802523","30.570763400766","25.3568166432836","36.174608362048","38.684029536737","28.5144344855168","27.8775202185389","44.5506957088126","58.5183725103253","41.5318364506118","36.8375516616862","26.8255240590301","16.0571325877868","34.0497513548395","37.1838191639948","34.127375983385","32.0136011857385","28.7630942369098",
"中国香港特别行政区","HKG","商品与服务的出口和初次收入（国际收支平衡，现价美元）","BX.GSR.TOTL.CD","","","","","","","","","","","","","","","","","","","","","","","","","","","","","","","","","","","","","","","233265493200.206","233869824414.926","271158524739.594","256328640138.146","261619636136.612","287088484353.486","336373508262.44","387886990601.551","443307899205.808","510281438014.494","544948123437.728","482855822870.096","589109723320.584","665069143621.483","707588668926.128","763575669713.637","782902875149.722","770492552625.378","764137700164.118","827070955494.453","889275467781.406","858641551427.422","807321560774.538","968092234817.891","928401724759.608","932246142623.297","1022143819504.58",
"中国香港特别行政区","HKG","保险与金融服务（占服务出口的百分比，BoP）","BX.GSR.INSF.ZS","","","","","","","","","","","","","","","","","","","","","","","","","","","","","","","","","","","","","","","12.0580906955222","15.3456555884669","15.8335827237665","16.454331443214","14.37118275092","12.5926511470315","12.4289089920833","14.3135336963476","17.8655007782443","20.3798766857434","18.0183332687948","18.4108285163621","17.3095047282234","16.6751274813611","16.7405513554926","16.7340520747322","17.654545297528","19.6318928950952","19.5584676796826","20.7160730532755","20.9449250814969","22.5806175053361","34.2471999548774","31.7077073207369","32.6964853013148","27.3216605114127","26.8788632075973",
"中国香港特别行政区","HKG","信息和通信技术 (ICT) 服务出口（占服务出口的百分比，BoP）","BX.GSR.CCIS.ZS","","","","","","","","","","","","","","","","","","","","","","","","","","","","","","","","","","","","","","","3.37201300396289","1.85264151406126","1.14455729889004","1.87449809399123","2.45144394953391","2.64875987974004","2.31638527073358","2.00293570669545","1.69676456050393","1.29219176045865","1.76803191315057","1.97682810369792","2.27264365931951","2.40011888418984","2.43861759997193","2.51697969136235","2.63818274813773","2.72290689492076","2.8945061376709","2.72153806606637","2.60869984820648","3.03099506639794","4.95383855500041","4.75248305208722","4.78802732568447","4.11914642710229","",
"中国香港特别行政区","HKG","净资本账户（BoP，现价美元）","BN.TRF.KOGT.CD","","","","","","","","","","","","","","","","","","","","","","","","","","","","","","","","","","","","","","","-4906180.06541573","24322677.7156899","9352242.6391157","-55392550.0085517","-849852813.74216","-78253083.1694722","-73110631.4955074","-74475248.6462946","-98549971.1292107","-87126433.3418053","-251507282.174289","-389712542.365608","-570669876.588389","-259761119.129353","-184710659.552586","-207340695.197236","-96460407.8191773","-27735545.7238727","-48186568.4889389","-82653269.6521476","-200728753.261731","-87150028.8631367","-11568856.4189671","-1334201264.16372","157338143.480434","733639849.235479","-87794043.4130629",
"中国香港特别行政区","HKG","对外投资净额（国际收支，现价美元)","BN.KLT.DINV.CD","","","","","","","","","","","","","","","","","","","","","","","","","","","","","","","","","","","","","","","2686262695.81683","-3150441784.48573","-511357032.067358","-11005660158.8034","9500965832.40513","-5768019624.57965","14476866907.6546","-7046765337.84627","2675540709.17145","5776874925.41054","-9956594156.08338","3667674306.64516","15721643054.2373","-229107860.408299","13235718096.7306","6470876900.52123","11044480660.8314","-102532361408.385","-57706925767.8982","-23954948816.9666","-22024252706.9308","-20531402022.1782","-34029267969.6373","-43744587327.8477","-3405694645.97204","-25798129957.4876","-38925262501.4017",
"中国香港特别行政区","HKG","净初次收入（国际收支平衡，现价美元）","BN.GSR.FCTY.CD","","","","","","","","","","","","","","","","","","","","","","","","","","","","","","","","","","","","","","","3300955414.01274","3370642705.27204","1380274662.08161","3904817326.70841","1075799262.19876","4135893432.02548","3591892299.69328","949111433.297897","4570914463.46221","6766074708.61477","12909955119.3976","6419130656.53798","4840262727.33907","6787914509.03569","3795747127.09063","5223643638.45996","6010109632.05487","5724785806.97643","8062299733.24277","14828289541.7415","17190045937.068","18340974400.9265","20128728514.0211","25570514000.4792","23689899355.1929","32278607767.2893","38541228970.3496",
"中国香港特别行政区","HKG","已付劳工汇款和职工报酬（按现值美元计）","BM.TRF.PWKR.CD.DT","","","","","","","","","","","","","","","","","","","","","","","","","","","","","","","","","","","","","","","175202272.33603","167069717.541443","225384932.677877","308510999.738257","298887656.533509","317206835.767579","320620656.09914","348086664.354963","376550918.428137","387625008.907917","393106655.333527","413326243.774106","482936786.176408","554344973.678521","607118505.223146","656398055.161942","711498699.134628","758670560.600778","816526002.584576","875473343.789957","933973045.814541","997216059.343349","908545967.361153","905015570.978271","901370910.144518","966748038.671346","1082018167.63882",
"中国香港特别行政区","HKG","旅行服务（占国际收支统计口径的服务进口比例）","BM.GSR.TRVL.ZS","","","","","","","","","","","","","","","","","","","","","","","","","","","","","","","","","","","","","","","31.4708152901582","31.5418873959363","28.0960413383084","27.9835292362341","28.1460814413127","26.3815177185033","26.3901569872756","23.6523714387942","22.0435990520731","21.8896826658157","22.1632561632898","25.4426706842887","24.6554677181299","25.6161792280206","26.202624656964","28.2132030705884","29.7589713579075","31.1226635779193","32.4134237061717","32.6547477790856","32.3820851908905","33.2092656396123","10.0370469337207","5.44723573062139","8.68477750812622","28.7337738148904","31.7043358460524",
"中国香港特别行政区","HKG","服务进口（BoP，按当值美元计）","BM.GSR.NFSV.CD","","","","","","","","","","","","","","","","","","","","","","","","","","","","","","","","","","","","","","","42814425890.859","41643032812.956","44496609531.6113","44015099163.3805","44119363635.6402","43393394319.3722","50280703075.3778","56253395084.5231","63704532145.6011","68719306280.4989","72609188864.4863","61107878216.858","70398365756.9427","74258833365.0299","76618079454.9404","75197163101.0901","73964403142.7623","74092823144.5949","74478386990.1775","77739349905.8146","81642991496.5235","80941656215.1476","54945310546.3582","61746072698.8067","63229377274.1449","78987067775.3664","90012464838.6114",
"中国香港特别行政区","HKG","初次收入的支付（国际收支平衡，现价美元）","BM.GSR.FCTY.CD","","","","","","","","","","","","","","","","","","","","","","","","","","","","","","","","","","","","","","","42780986400.4131","43667436531.7604","53436833878.7797","44446470355.7808","40835382267.8626","39579468075.1356","49082394214.2827","64678161007.8733","80381779214.6911","109026042932.099","107900721101.372","95135988292.0054","114827657552.181","129316297133.316","136890890832.603","147371208136.875","155811148465.196","158683963624.045","156015885646.316","167686278843.828","190804652613.826","195270403598.888","179000804286.177","189900230044.166","207129298112.785","226230052309.6","243876061136.359",
"中国香港特别行政区","HKG","国土面积（平方千米）","AG.SRF.TOTL.K2","","1070","1070","1070","1070","1070","1070","1070","1070","1070","1070","1070","1070","1070","1070","1070","1070","1070","1070","1070","1070","1070","1070","1070","1070","1070","1070","1070","1070","1070","1070","1070","1070","1070","1070","1080","1090","1090","1090","1090","1100","1100","1100","1100","1100","1100","1100","1100","1100","1100","1100","1100","1100","1100","1105","1106","1110","1110","1110","1110","1110","1110","1110","1110","",
"中国香港特别行政区","HKG","谷物产量（公吨）","AG.PRD.CREL.MT","","29891","19428","14500","12060","20800","16630","12196","17707","19082","16239","10650","7822","7000","3080","3540","3450","1380","350","100","70","30","20","12","24","15","11","5","3","3","2","0","0","0","0","0","0","0.07","0.05","0.04","0.03","0.03","0.03","0.03","0.03","0.03","0","0.03","0.04","0.05","0.05","0.05","0.05","0.05","0.05","0.05","0.05","0.05","0.05","0.05","0.06","0.05","0.06","0.06","",
"中国香港特别行政区","HKG","平均降水深度（年毫米）","AG.LND.PRCP.MM","","","","","","","","","","","","","","","","","","","","","","","","","","","","","","","","","","","","","","","","","","","","","","","","","","","","","","","","","","","","","","","","","",
"中国香港特别行政区","HKG","海拔低于5米的土地面积(占土地总面积的比例)","AG.LND.EL5M.ZS","","","","","","","","","","","","","","","","","","","","","","","","","","","","","","","13.3085477908236","","","","","","","","","","13.3085477908364","","","","","","","","","","","","","","","13.3085477908195","","","","","","","","","",
"中国香港特别行政区","HKG","Rural land area where elevation is below 5 meters (sq. km)","AG.LND.EL5M.RU.K2","","","","","","","","","","","","","","","","","","","","","","","","","","","","","","","83.8769652572","","","","","","","","","","78.7051383495","","","","","","","","","","","","","","","74.9537466205","","","","","","","","","",
"中国香港特别行政区","HKG","耕地（人均公顷数）","AG.LND.ARBL.HA.PC","","0.00410340582683627","0.0039331961757231","0.0038001695460259","0.00342407122068139","0.00333527891269907","0.0033058761949365","0.00322338025142366","0.00315565256265285","0.0031056704366055","0.0030310684516292","0.00271920500333721","0.00266757202444466","0.00259336099585062","0.00251267760062132","0.00201721355567509","0.00199203187250996","0.00174531492026092","0.0017139796464917","0.00162281680426801","0.00158005964725168","0.00135046494578848","0.0013296609364612","0.0013096106714561","0.00129680060764371","0.00128294417360067","0.00126706005864678","0.00125436788818206","0.00124386950031985","0.00105518624037143","0.00105180120957139","0.00104311543810848","0.00103439358675976","0.00101677681748856","0.000994134605825629","0.000974643036987703","0.000932328490404786","0.000770499129335984","0.000764093708452405","0.000756830394308635","0.000750187546886722","0.000744679266639858","0.00074138876944292","0.0007428537469543","0.000737082626962482","0.000733869547349263","0.000583336979189453","0.000578343912207394","0.000574894363160769","0.00057365764111978","0.00049827738390137","0.000494937496464732","0.000433560369785038","0.000431821031077185","0.000428798672107338","0.000425164236830195","0.000408908758825614","0.000419304225504518","0.000402544078576604","0.000399579110004129","0.000267343937976206","0.000269792664337457","0.000272253304474483","0.00026538925969666","",
"中国香港特别行政区","HKG","化肥消费量（每公顷耕地千克数）","AG.CON.FERT.ZS","","","","","","","","","","","","","","","","","","","","","","","","","","","","","","","","","","","","","","","","","","","359.2","352.6","376.2","398.2","412","423","403.75","414","469.428571428571","487.142857142857","511.935483870968","511.612903225806","531.290322580645","532.258064516129","527.666666666667","512.903225806452","496","474","514","502","484","484","",
"中国香港特别行政区","HKG","Intentional homicides, male (per 100,000 male)","VC.IHR.PSRC.MA.P5","","","","","","","","","","","","","","","","","","","","","","","","","","","","","","","","","","","","","","","","","","","","0.910164627543948","0.759144771792731","0.639124752129921","0.51827901489793","0.213131714790793","0.333986682129238","0.66674303905114","0.484573819597104","0.241918595904469","0.451479294482336","0.748255890345194","0.417279981305857","0.386367469642291","0.503978540000851","0.266054780087987","0.944340009620464","0.324659369602999","0.384307597436018","0.325728028052882","0.504770826621613","0.447077965479322","",
"中国香港特别行政区","HKG","因战死亡（人数）","VC.BTL.DETH","","","","","","","","","","","","","","","","","","","","","","","","","","","","","","","","","","","","","","","","","","","","","","","","","","","","","","","","","","","","","","","","","",
"中国香港特别行政区","HKG","Voice and Accountability: Percentile Rank","VA.PER.RNK","","","","","","","","","","","","","","","","","","","","","","","","","","","","","","","","","","","","","62","","46.766170501709","","51.7412948608398","","54.2288551330566","62.6865653991699","65.3846130371094","67.3076934814453","61.538459777832","60.0961532592773","59.1346168518066","60.6635055541992","63.5071105957031","65.7276992797852","66.6666641235352","69.9530487060547","65.5172424316406","64.5320205688477","58.1280784606934","59.6059112548828","61.1650466918945","51.2077293395996","46.8599052429199","37.1980667114258","35.2657012939453","37.2549018859863","",
"中国香港特别行政区","HKG","交通服务（占商业服务出口比例）","TX.VAL.TRAN.ZS.WT","","","","","","","","","","","","","","","","","","","","","","","","","","","","","","","","","","","","","","","40.3648656358759","39.7773580256011","40.500066065051","38.626121202347","39.8029078535954","40.9651949596411","42.7949430285494","43.253506362356","41.4684383398955","39.9217481421741","41.471450303168","36.6724350534873","37.1029953636834","35.2148889733457","32.5487253188632","29.8511953163129","29.9023181669584","28.5662827332082","28.6283075582511","29.2905378063031","29.2080529730028","30.9084022161735","35.8546474897135","41.6832135786119","40.1737463956606","30.8183094000525","32.8965674886423",
"中国香港特别行政区","HKG","计算机、通信和其他服务（占商业服务出口额的百分比）","TX.VAL.OTHR.ZS.WT","","","","","","","","","","","","","","","","","","","","","","","","","","","","","","","","","","","","","","","26.6517373195642","25.6985588423829","24.8882224738994","25.7625716076474","23.5225866743568","25.2994732038158","22.662186694804","20.6588873227671","19.247371946605","18.3124291360009","18.5760369185046","19.4986377779803","17.9839023573391","16.9067794019586","17.0932519293525","16.2139311036182","16.5088568820261","17.1118271357152","18.4185465030277","17.9192290905633","17.217054184108","18.1179049740016","25.5750144542976","24.2302161626849","23.3163698501121","20.3783650039858","19.5419262872501",
"中国香港特别行政区","HKG","报告经济体的商品出口，剩余（占商品出口总额的百分比）","TX.VAL.MRCH.RS.ZS","0.544146041776373","0.545966889749912","0.532498042286609","0.468384074941452","0.514344496513887","0.37841067516431","0.389590151160979","0.389680193496372","0.405810739281303","0.367231638418079","0.385783468767955","0.370747310264612","0.410271546635183","0.249381614695268","0.323101777059774","0.393660705195643","0.331661059160191","0.430353716835734","0.347957639939486","0.347210448864446","0.34043436518851","0.316572082997751","0.388576437075451","0.0693167219659983","0.0658184198571311","0.119353808395112","0.0796541063410972","0.0687496986960613","0.077468710262591","0.0378577283443395","0.0533026225580273","0.103300240387482","0.140455211069415","0.132970411086641","0.0588072669164223","0.0677649230180729","0.0527691053012167","0.093561993023723","0.131641190439632","0.100637862503933","0.101693464761572","0.108943599081587","0.0557366984629426","0.0179027445071414","0.0295132469253024","0.0417025443982783","0.0532139538662473","0.044278005639224","0.0414079574160884","0.0372525249125888","0.0401863354902292","0.0321073374702126","0.0383115095492767","0.0517599948708958","0.0267004106166758","0.00440414477750041","0.00491774875293488","0.00427698212726119","0.00354918379822362","0.00233558809822562","0.00092744276417271","0.00144928786749854","0.00205662003137658","0.00134879084470804","",
"中国香港特别行政区","HKG","向拉丁美洲和加勒比地区的发展中经济体的商品出口（占商品出口总额的百分比）","TX.VAL.MRCH.R3.ZS","1.19361067228366","1.10954561465305","1.17462803445576","1.07452817192451","0.925820093724997","0.965943039235212","0.794763908368396","0.786079011018543","0.782214903252367","0.918079096045198","0.824919970450628","0.934137830764757","0.894332939787485","0.725842423259397","0.864469116282267","0.610852818407032","0.450196961170512","0.585111457372722","0.651419417994127","0.924990336427937","1.15052284698617","0.929697720215455","0.546344313782777","0.306842022569525","0.30655644466066","0.35268209860978","0.463311834365303","0.497177699106883","0.498828078383389","0.690974794154682","0.910897156666218","1.03229155805963","1.20088989594987","1.33479139750203","1.54199212882375","1.62950264329697","1.4867295267492","1.50549091105654","1.53459937998933","1.22291869677382","1.41664025493284","1.38853388868737","1.44221489111412","0.989469619174802","1.0404146853394","1.08247686826347","1.14923858629996","1.18364577280686","1.30121127989998","1.0620919663691","1.24504804375309","1.43553303474016","1.38391188654159","1.5485709489687","1.74895493733676","1.46325461959241","1.63481604924335","1.39783878898374","1.55761363828302","1.69571302671573","1.40011490752129","1.60362827315951","1.61316676299115","1.46816233865949","",
"中国香港特别行政区","HKG","向高收入经济体的商品出口（占商品出口总额的百分比）","TX.VAL.MRCH.HI.ZS","71.7044058276286","68.8094399436421","75.4737666405638","78.5645405703265","78.7289975997257","81.6869149571799","78.5024154589372","78.2047836603064","82.426630594601","84.1949152542373","86.2431256669129","86.7839488223321","87.5295159386068","87.2267953448765","84.8073419722957","85.3005056503886","87.3837090961338","85.1008575274801","85.3128059090505","83.9910213547989","78.1525208230624","75.1584024282941","76.1677987972634","76.8509875322323","72.9400444274334","66.1643720476743","70.4792713081898","68.5457552301124","65.4025699484345","66.2567122168728","66.3829904611418","64.2877906130218","61.3957576545307","59.3448436283417","58.7634043815029","57.7064741883079","57.0157320777024","56.9660708995311","58.100043976527","59.1075097425759","57.7984620224556","55.6076245816284","52.748212540098","50.0290874100478","48.6135780350458","47.767485700844","45.6064537380637","43.1938684914807","42.4885718450379","39.9650684544104","37.6175525297975","36.969223917643","35.7868813754216","34.6651604362236","34.4910404610396","32.5610650193308","33.2805943438716","32.2992120290355","31.5315328410227","31.5633831896308","33.2483399223798","28.4932931333911","29.4162720008091","29.3164126885705","",
"中国香港特别行政区","HKG","制造业出口（占商品出口的百分比）","TX.VAL.MANF.ZS.UN","","","89.6402274215488","91.6640100456312","92.0317286095846","93.1785303384984","94.0806386067051","94.7987298446914","95.2491224131277","95.5266423890876","95.685968392063","96.2321194584825","96.4068575727063","96.4547933169975","96.2565204502239","96.7886585469873","96.8558862804665","96.4981795816952","96.0815359482013","95.8986423137702","95.6678441163422","96.4551194726266","96.3117762092519","95.3912168726771","95.8818132843806","95.1230118827254","95.6861253514614","95.579905000128","","","","","93.424368799674","93.5461041415321","93.7643773887556","93.5702728636427","93.3954698267868","93.3110072039997","93.7724026260149","93.3319126246288","94.0785846238126","92.6721469048762","86.6277502166045","74.4838520193129","74.7550285809458","80.3388239921962","69.2300731608409","67.7029865473633","56.9216449213255","35.1522077132368","46.4221159624277","34.8917769225469","23.2575825177295","24.703463337307","30.4434701188738","30.9469095183985","13.6645737831493","86.7476825769188","89.710301115979","91.6845086065143","88.5472124882341","91.1956627423385","91.369417153298","88.7740683942936","87.4051813645123",
"中国香港特别行政区","HKG","食品出口（占商品出口的百分比）","TX.VAL.FOOD.ZS.UN","","","6.21905629842375","5.44014335682377","5.03350489076943","4.09266567387396","3.42552240039396","2.85074660260386","2.59222991887282","2.36725082312325","1.97325364968268","2.09353760210709","1.92475761934633","1.73660447422896","1.53010302159014","1.78301362223578","1.83276854507012","1.95651082331938","1.89029807298893","1.64916521762242","1.37454194932781","1.51271155829936","1.62424480301163","1.69938758541227","1.47776030661071","1.90220105979829","1.80318697534402","1.6793884343363","","","","","2.46383495619498","2.46974979649361","2.69295460991444","2.61588078359125","2.78889882382924","2.91442674260843","1.88151444474555","1.65636389235239","1.54024025929132","1.63185565886666","1.92200431102074","1.8722301051512","2.10155632807538","2.10376659336523","1.95511366923801","2.65564175719313","2.90844834322879","3.04986698468633","4.08560293255449","4.14164991028397","3.51608806323638","4.22345289411779","5.82426465670098","7.48740236957417","3.74623737515695","2.09192968118563","2.14470201262937","2.05982287606386","1.48777169951167","1.36711003936878","1.3876184794602","1.54878966062733","1.55192925879907",
"中国香港特别行政区","HKG","Medium and high-tech exports (% manufactured exports)","TX.MNF.TECH.ZS.UN","","","","","","","","","","","","","","","","","","","","","","","","","","","","","","","40.979450806777","40.979450806777","40.979450806777","41.8659029612276","42.4968479371274","44.4785205409439","43.0231931955019","42.8230085315319","39.8786588589989","36.5443336321532","37.105129510588","32.2716514401829","27.0882512591468","22.789879730965","24.871236773466","35.6188709360816","36.8944233153211","32.9261968256997","38.3796410105069","51.0557324618299","53.7367194083724","44.7770550897117","41.4745983783374","40.8879277797393","41.3947636031391","38.8127310935556","38.7510214123087","38.7510214123087","38.7510214123087","38.7510214123087","38.7510214123087","38.7510214123087","38.7510214123087","","",
"中国香港特别行政区","HKG","商业服务进口额（现价美元）","TM.VAL.SERV.CD.WT","","","","","","","","","","","","","","","","","","","","","","","","","","","","","","","","","","","","","","","42697452229.2994","41531904119.2368","44386860686.9366","43913544919.933","43988063545.4598","43261851789.2026","50126586847.496","56112746578.6757","63549651720.432","68577929576.197","72465743061.6148","60977845726.2346","70246979376.5014","74115987767.3742","76469433382.5384","75047212325.2121","73809014928.2593","73927965365.1384","74319180435.137","77558692271.0508","81481194083.9818","80774637666.6647","54820450516.0449","61641473017.9039","63108677578.3768","78841081788.9842","90012464838.6114",
"中国香港特别行政区","HKG","报告经济体的商品进口（现价美元）","TM.VAL.MRCH.WL.CD","953000000","973000000","1081200000","1198300000","1395300000","1469300000","1705400000","1768300000","2010700000","2397200000","2839000000","3266500000","3819900000","5523500000","6645300000","6627200000","8735800000","10262500000","13129600000","16814400000","22000900000","24392100000","23054300000","23649000000","28189000000","29320200000","34900500000","47830600000","63068700000","71319528359.1934","81527716099.3846","99036999300.2946","121950481676.759","137194343455.13","160267205000.113","191390927695.044","197285548638.612","208601268818.999","184576991201.683","179616666450.474","213298425646","201452766174","207972858698","232535879774","271401557009","299901895491","334642087641","368164203937","388818267058","347626383182","433477513880","483955454440","504699704417","524070472535","544894108286","559418619760","547269723106","589787803086","627374564333","578706304198","573674064791","713704884970","668818084949","655421461853","",
"中国香港特别行政区","HKG","从中东和北非地区发展中经济体的商品进口（占商品进口总额的百分比）","TM.VAL.MRCH.R4.ZS","0.419727177334732","0.606372045220966","0.638179800221976","0.801134941166653","0.659356410807712","0.578506771932213","0.603963879441773","0.848272351976475","0.860396876709604","0.846821291506758","0.517787953504755","0.370427062605235","0.308908610173041","0.179234181225672","0.218199328848961","0.241429261226461","0.169417798026512","0.159805115712546","0.141664635632464","0.292606337425064","0.153630078769505","0.015168845650846","0.0143140325232169","0.00591991204702102","0.0170279186916882","0.0375167972933336","0.0177647884700792","0.0158894097084293","0.0252106036750401","0.00748486882882683","0.0223248329247643","0.0166641474741733","0.0194674077605211","0.0329594251650914","0.0447354381884665","0.0297379046631823","0.0276315703279391","0.0401431424603894","0.060218723082551","0.0617058926837134","0.0523832548982039","0.0545900883311839","0.082483939526504","0.114129436394045","0.124751394108167","0.169447630588667","0.146246056331391","0.156310461431627","0.157787878291347","0.144029674450189","0.188429502303115","0.128349371683135","0.131344156376263","0.100200570251538","0.140204482922949","0.108152501834774","0.0904177002870954","0.0739911038710252","0.0667729086921742","0.0611900809497392","0.0658000579366477","0.0520359356956918","0.0757524387275852","0.0898262535278475","",
"中国香港特别行政区","HKG","从地区外的发展中经济体的商品进口（占商品进口总额的百分比）","TM.VAL.MRCH.OR.ZS","6.1594963273872","7.19424460431655","6.60377358490566","7.81941083201202","6.96624381853365","6.38399237732254","6.10413979125132","6.16976757337556","7.70378475157905","6.9372601368263","6.45649876717154","5.8900964334915","5.91114950653158","6.62804381279986","4.90572284170767","5.93161516175761","5.8804001923121","4.5320341047503","4.66198513282964","4.28442287563041","3.6007617870178","2.72588256033716","2.50799200149213","2.82168379212652","2.46230799247934","2.73736195523905","2.65297058781393","2.46683085723365","3.04493354072622","2.90316008596141","2.43922621154988","2.38265853350668","2.18869531291956","2.32796517716009","2.40951747509096","2.48021388162745","2.58806564328106","2.55244006538446","2.51754397135307","2.62426363970509","2.55386476037131","2.51542171261285","2.58148403143128","2.86348033407639","2.7943927763644","2.8885812018017","2.75561453342732","3.05366174570405","3.33962817082949","3.61399111856897","3.66990008976657","3.8775304470355","3.7418643040053","3.92886005032938","4.146543440903","3.71224211752361","4.0186730985555","4.0800319075929","3.53272258424491","3.22979641994793","2.81688348781939","3.01138639732071","2.95931990273697","3.04295927472591","",
"中国香港特别行政区","HKG","矿石和金属进口（商品进口的百分比）","TM.VAL.MMTL.ZS.UN","","","1.72373391583404","1.64127898139761","2.01581364394109","1.8543625275597","1.72006417658535","1.79975842033292","2.16001462866548","1.88831130286321","2.07866523698372","1.98865726123101","1.81584037935715","1.7774840589332","2.14292103029263","1.90129688687525","1.95184253533524","1.70687046923036","1.64739971176348","1.72805735493927","1.90482207487037","1.69130858228726","1.73466139812133","1.75412990921518","1.79519357324689","2.19050332454924","1.79451533301826","1.83279867866281","","","","","1.82760628036333","1.50948902731466","1.41599585619836","2.06651447813495","2.05003536648718","2.04313012961343","2.02160494603495","1.66744036418972","1.74338290261714","1.67578084822769","1.68783081942345","1.72447659878547","1.81521477467725","1.74743176842433","2.47627140524416","2.44626216943691","2.17018651770214","2.13938131086","1.7477676773503","1.70079238943054","1.39804922125765","1.16273900136959","1.17711900808343","1.07466824910354","0.931551939160645","1.10047529570268","1.06994204904435","1.44015868544986","1.6853287271402","1.90538279364688","1.48477290011974","1.48971385870772","1.60314315586748",
"中国香港特别行政区","HKG","燃料进口（占商品进口的百分比）","TM.VAL.FUEL.ZS.UN","","","3.59651491345603","3.52749333570698","3.06384395943329","3.24953725849795","3.33372776967294","3.65130520725966","3.43605964680648","3.22619091088371","2.9257376570511","3.22275217334125","3.07115233666806","2.72577460902543","6.25044685437412","6.35097017600092","6.19081218980099","6.14998603647906","4.95161344470389","5.71528609337449","5.52498993751824","7.92355061293291","8.03190205730516","6.64428679064641","5.48993840210374","4.67787314702093","3.21057764193485","2.50624792558116","","","","","1.92073328716894","1.78330059703905","1.90155457712344","1.88951498023359","2.22536931848937","1.92588941479932","1.71407023732678","2.03670440613032","2.11775840900495","1.99876934952098","1.99126940918756","2.00614402792062","2.35199045406253","2.65426211955333","2.91060804114866","3.06354347492511","3.6580153295266","3.29875863550892","3.47810021322884","3.67675321642986","3.31165783360409","2.85268053113292","2.62431653531121","2.16743979774249","1.77373905214909","2.118646784524","2.5133527211218","2.48571410605072","1.54409726352082","1.58709250774907","2.18462068979739","2.21994202178943","2.10520424813809",
"中国香港特别行政区","HKG","初级产品最惠国加权平均税率（%）","TM.TAX.TCOM.WM.FN.ZS","","","","","","","","","","","","","","","","","","","","","","","","","","","","","0","","","","","","","","0","0","0","0","0","0","0","0","0","0","0","0","0","0","0","0","0","0","0","0","0","0","0","0","0","0","0","","",
"中国香港特别行政区","HKG","约束税率，简单均值，初级产品（百分比）","TM.TAX.TCOM.BR.ZS","","","","","","","","","","","","","","","","","","","","","","","","","","","","","","","","","","","","","0","0","0","0","0","0","0","0","0","0","0","0","0","0","0","0","0","0","0","0","0","0","0","0","0","0","","","",
"中国香港特别行政区","HKG","所有产品最惠国简单平均税率（%）","TM.TAX.MRCH.SM.FN.ZS","","","","","","","","","","","","","","","","","","","","","","","","","","","","","0","","","","","","","","0","0","0","0","0","0","0","0","0","0","0","0","0","0","0","0","0","0","0","0","0","0","0","0","0","0","0","","",
"中国香港特别行政区","HKG","工业产品最惠国加权平均税率（%）","TM.TAX.MANF.WM.FN.ZS","","","","","","","","","","","","","","","","","","","","","","","","","","","","","0","","","","","","","","0","0","0","0","0","0","0","0","0","0","0","0","0","0","0","0","0","0","0","0","0","0","0","0","0","0","0","","",
"中国香港特别行政区","HKG","约束税率，简单均值，制成品（百分比）","TM.TAX.MANF.BR.ZS","","","","","","","","","","","","","","","","","","","","","","","","","","","","","","","","","","","","","0","0","0","0","0","0","0","0","0","0","0","0","0","0","0","0","0","0","0","0","0","0","0","0","0","0","","","",
"中国香港特别行政区","HKG","国际旅游，支出（占总进口的百分比）","ST.INT.XPND.MP.ZS","","","","","","","","","","","","","","","","","","","","","","","","","","","","","","","","","","","","","","","7.23326598682506","7.36730482256396","5.9882635078566","6.15752426286301","6.02408134328842","5.00552295945532","4.93364758554168","4.43403624554107","4.17030929672397","4.04470258041042","4.0056118966425","4.26587573785226","3.80630040578378","3.662287591464","3.56020284694965","3.48173749185653","3.54739850218584","3.85157187101355","4.07283270577509","3.95990371867228","3.88507395387148","","","","","","",
"中国香港特别行政区","HKG","国际旅游，客运项目支出（现价美元）","ST.INT.TRNX.CD","","","","","","","","","","","","","","","","","","","","","","","","","","","","","","","","","","","","","","","","","","","","","","","","","","","","","","","","","","","","","","","","","",
"中国香港特别行政区","HKG","国际旅游，离境人数","ST.INT.DPRT","","","","","","","","","","","","","","","","","","","","","","","","","","","","","","","","","","","","","","","47594000","53144000","58901000","61096000","64540000","60936000","68903000","72300000","75812000","80682000","81911000","81958000","84442000","84816000","85276000","84414000","84519000","89082000","91758000","91304000","92214000","94715000","8261000","","","","",
"中国香港特别行政区","HKG","城镇人口","SP.URB.TOTL","2636804","2699425","2818678","2922696","3002057","3091989","3131071","3224102","3307004","3374175","3471005","3559961","3642934","3762998","3901072","3993906","4063030","4140916","4235301","4492079","4631715","4758194","4846208","4932144","4993723","5064528","5155990","5274115","5416133","5572802","5665171","5736806","5790378","5895410","6033086","6155687","6435500","6489300","6543700","6606500","6665000","6714300","6744100","6730800","6783500","6813200","6857100","6916300","6957800","6972800","7024200","7071600","7150100","7178900","7229500","7291300","7336600","7393200","7452600","7507900","7481000","7413100","7346100","7536100","7524100",
"中国香港特别行政区","HKG","农村人口","SP.RUR.TOTL","458036","468675","486522","498204","502543","505911","498829","498698","495696","489725","487995","485339","480666","478602","476728","467694","454970","442784","432199","437621","431385","425206","418292","412956","404177","391672","368610","306385","211467","113398","39329","15194","10122","5590","2314","413","0","0","0","0","0","0","0","0","0","0","0","0","0","0","0","0","0","0","0","0","0","0","0","0","0","0","0","0","0",
"中国香港特别行政区","HKG","农村出生登记完整性（百分比）","SP.REG.BRTH.RU.ZS","","","","","","","","","","","","","","","","","","","","","","","","","","","","","","","","","","","","","","","","","","","","","","","","","","","","","","","","","","","","","","","","","",
"中国香港特别行政区","HKG","Population, male","SP.POP.TOTL.MA.IN","1577514","1614170","1684899","1744523","1781388","1824131","1839004","1889379","1931562","1955028","1996623","2039674","2085155","2151912","2227985","2277577","2313283","2353659","2403271","2545060","2620830","2683495","2717780","2750264","2768919","2790737","2818691","2841539","2860168","2884657","2888641","2904613","2917786","2956779","3012880","3062339","3189528","3203041","3216524","3234014","3249168","3258683","3257289","3234544","3243141","3240425","3245071","3258421","3264042","3256807","3265875","3273857","3298900","3301809","3313807","3330366","3340644","3359275","3380177","3398163","3378536","3344789","3313817","3397208","3389467",
"中国香港特别行政区","HKG","每100万人中研发技术人员的数量","SP.POP.TECH.RD.P6","","","","","","","","","","","","","","","","","","","","","","","","","","","","","","","","","","","","","","","220.97581","199.61775","207.98244","174.34955","228.59616","317.93349","430.56885","346.55061","466.916","380.55472","332.17749","355.68626","309.91924","351.38348","394.36071","293.42152","278.21889","374.61752","324.56497","398.01148","315.80104","","","","","","",
"中国香港特别行政区","HKG","老年抚养比（占工作年龄人口的百分比）","SP.POP.DPND.OL","4.81186778779961","5.08582494661956","5.29489715906369","5.33741995178845","4.59150992372509","4.19893769580737","4.41475851367271","5.29653418456683","6.58510763313352","6.88368630884943","7.2628850574662","7.5521664656482","7.71200560067074","7.85572822816235","8.01171980028459","8.20722552991987","8.45101918420129","8.70218675904987","8.93179542164041","9.15082498569319","9.4092781656531","9.68537495330804","9.93370442507153","10.1616557982518","10.4102793074366","10.7409330405275","11.0881453506346","11.3987499619896","11.6918847720105","11.9709166580797","12.2844662828294","12.6149407319184","12.9223859736975","13.236293810877","13.5761591726814","14.0041636545785","14.3972431433229","14.6501821073456","14.9170163486252","15.196600619721","15.4523305334508","15.7552675251126","16.0957959235288","16.4152872958382","16.684795462795","16.9026039213829","17.0573705984851","17.1434933260442","17.241412733334","17.431018547806","17.6975492678807","18.0613987910373","18.5780562822445","19.2461409263807","20.0753270117974","21.050020851249","22.0591303759373","23.0546376854958","24.144043429983","25.4413059333564","26.9326403824183","28.5630138763059","30.2384291836748","31.9932342251397","33.9201492765885",
"中国香港特别行政区","HKG","Population ages 80 and above, female (% of female population)","SP.POP.80UP.FE.5Y","0.376814087146043","0.384009436228424","0.410185768011865","0.420185617427606","0.475458272643202","0.509226206604105","0.510084967889382","0.498347705432174","0.527013677559653","0.638636526217898","0.768482610963635","0.867289116680685","0.918981173255478","0.960759302639661","1.00392768692484","1.05055771612205","1.10049448648137","1.14992670833231","1.19780212156321","1.2436819010323","1.30741207313336","1.38080968088787","1.44454338577224","1.50818099509766","1.57407142763342","1.65107445093234","1.71892368445495","1.75385009032549","1.77014497921191","1.78850492015148","1.81731042647338","1.93417168856056","2.1333924452708","2.32988355930295","2.51388321575066","2.67459841804146","2.71719153076541","2.64859300565013","2.59305133837826","2.59296311615071","2.66121232148857","2.79023228679127","2.94699330636067","3.10846849506968","3.27432611661137","3.44587008323114","3.62147009719383","3.78770927295456","3.94144953884261","4.09549451511211","4.26379759807661","4.4420177723463","4.60570103073247","4.76385286416913","4.92082234081544","5.06045249850253","5.19521171790773","5.32959375125781","5.45618968969036","5.55848338796429","5.60153143185738","5.59343024590565","5.57145471626749","5.56702380238843","5.60864284397777",
"中国香港特别行政区","HKG","Population ages 70-74, female (% of female population)","SP.POP.7074.FE.5Y","1.14451306294328","1.19225155765691","1.16803565887258","1.08240428179299","0.919431175120915","0.8484911299729","0.896724830486978","1.05265834148668","1.29224098494341","1.48046474473615","1.67533093139812","1.80457921170657","1.8541274923928","1.87823877776421","1.89721431872994","1.914937734031","1.94043393527604","1.98085289711476","2.03284676596896","2.08498861816574","2.17170937569779","2.27967669466032","2.35293716262362","2.40745498908296","2.45961696076061","2.50745071068317","2.54238462483409","2.55093145085445","2.54763119376979","2.57048700378124","2.63497624894552","2.68073030262732","2.68655371116063","2.7179173476995","2.79019258707","2.89963990462957","2.9873975677839","3.02346837032387","3.0463803047466","3.06724917049162","3.10777191803815","3.14336924553402","3.15968017293957","3.19665757222656","3.23511870984683","3.24545561822293","3.25787143178581","3.26895292123035","3.2441864333656","3.19590888813602","3.12499794394179","3.00775115795533","2.85050247515276","2.71034188138759","2.64109247235233","2.65614656835269","2.801900938077","3.10333533187457","3.47916950137088","3.887939088938","4.30574005755529","4.66884038688747","4.96450750966923","5.23623188583073","5.52101527721161",
"中国香港特别行政区","HKG","Population ages 65 and above, male","SP.POP.65UP.MA.IN","24388","25949","26857","26342","30215","34115","35317","35686","37769","44946","53117","59767","64494","70036","76553","83104","90133","97817","106036","118718","129295","139198","146772","153884","160807","169310","178790","188168","197122","206199","214614","224375","233507","244914","258814","274573","297452","307562","318487","330418","341781","352933","362948","370409","381034","389878","398472","406456","413757","421550","433035","445563","462046","478136","499302","524623","549284","573777","600560","632068","661428","689383","715492","767007","800751",
"中国香港特别行政区","HKG","Population ages 65-69, female (% of female population)","SP.POP.6569.FE.5Y","1.79872295119079","1.80269071667956","1.70626547375415","1.53217341920729","1.30007665439245","1.22426839835494","1.32985536655574","1.59039927432298","1.92901326650357","2.10956315425519","2.26641953238324","2.36807571127845","2.42378919863623","2.48312303005893","2.55012820350055","2.63654316112241","2.74491283083648","2.85202154839117","2.94206026821332","3.01683507128488","3.05658120682874","3.05287030074148","3.04560673411134","3.05521792968472","3.08580415761262","3.14770701816713","3.20710452751836","3.2748351460016","3.36689454812013","3.44714656124235","3.51366598714563","3.54702831122408","3.56586124905061","3.59782280022363","3.63181090537999","3.70133006734333","3.74082555423381","3.70046899811662","3.67414660215139","3.66246417947876","3.61813821506248","3.57875281158629","3.55160981075944","3.49854096476661","3.43478580155016","3.36806990836362","3.2536260236398","3.08385618516563","2.93291592704763","2.86958730964851","2.90910196245986","3.07389955141614","3.38277537065414","3.76681776657613","4.18209234648332","4.62933970923127","5.00075591409842","5.22861223405113","5.41881139724393","5.6569667490839","5.95662330766542","6.27986116301417","6.59984626834714","6.89841142084076","7.13322261574115",
"中国香港特别行政区","HKG","Population ages 55-59, female (% of female population)","SP.POP.5559.FE.5Y","3.26057048367639","3.1737601282903","2.95641595286906","2.63461938617262","2.2778092667508","2.19005675196911","2.37296776823314","2.77447552651912","3.28722212277317","3.56704699907003","3.79068100203746","3.92495915345585","3.98023724931126","4.01630070660747","4.04982468118401","4.10302047425374","4.16759563697681","4.21721559728013","4.24993409139789","4.27711415071174","4.26732432746879","4.2564261924276","4.29533805722983","4.34678935831236","4.39064888636204","4.42759336351573","4.42006807307069","4.40042684805171","4.45286050804763","4.48898341779636","4.43673013093182","4.33961983101168","4.24225972499673","4.12691039365183","3.99640642494471","3.85590515657795","3.64583898589137","3.40954552728437","3.2336501192471","3.1632936138439","3.20268893222215","3.39469824171525","3.75988755752058","4.20504998948159","4.68313628099597","5.17366332274513","5.59869361943915","5.89138948264316","6.1016692674069","6.29691345817869","6.49548594886527","6.72669856040241","6.98695512445762","7.24286761527231","7.47122102269703","7.66163543481243","7.79983146833216","7.94259513390698","8.14632450260968","8.32409530690361","8.40353268394851","8.37155765077536","8.22311831236808","8.0428318224686","7.94948057873216",
"中国香港特别行政区","HKG","Population ages 45-49, female (% of female population)","SP.POP.4549.FE.5Y","5.25694370987391","5.10702730641733","4.71962519491679","4.18453525324758","3.8620324698149","3.88890671832409","4.08380940843016","4.40935291071531","4.81469326597318","5.07073109664497","5.26172696588544","5.36325300032182","5.39468751397253","5.42317145732624","5.44579223086317","5.46593788108607","5.45961768879701","5.4123791648794","5.34525267276726","5.24719794943989","5.08103126639043","4.91492617020174","4.80754506897896","4.69960128887611","4.60246141296413","4.49096046227048","4.28186955258135","4.03797365641183","3.86423793869454","3.79730118829479","3.84787666829822","4.0584870949037","4.45028693046242","4.9502618952178","5.49779970363085","6.05400576906382","6.47456384272338","6.7388936075926","6.9750353157183","7.20018012774148","7.43698015182357","7.73957067127573","8.08909030642957","8.44279898433802","8.75469821284323","9.00847907351958","9.17768224544293","9.26514331062918","9.37337006565885","9.45928842479417","9.43715587342471","9.30369659380742","9.03166166471087","8.66796814463177","8.35813087299363","8.18395861597101","8.15439235659318","8.22695337507088","8.32126274943305","8.3829461619005","8.38479879080571","8.35546533688809","8.33127951098693","8.31214534636946","8.36234004993336",
"中国香港特别行政区","HKG","Population ages 35-39, female (% of female population)","SP.POP.3539.FE.5Y","7.35982005191368","7.10086128777349","6.56438440891627","5.86435802803613","6.11357690666452","6.64914003957433","6.78680543198846","6.48410185194926","6.0622816264561","6.10594463123256","6.04407311966935","5.86177928886186","5.58525443890484","5.29448546268803","5.02556311500886","4.79864387152036","4.60171125912016","4.41862680165681","4.25019425693255","4.15786980747699","4.16121406846577","4.34684549504363","4.80381219129754","5.41218970827157","6.06836708918451","6.7330436551676","7.26433594300079","7.62518329231906","7.94178633961275","8.2385520665662","8.5434392823879","8.88392008687567","9.2316286596473","9.60561471564025","9.96559434439893","10.2775602938682","10.4773063262564","10.6144521584992","10.7520679750673","10.8292922525235","10.7938819487279","10.6146166347241","10.2883904614435","9.87862213408304","9.52670443039524","9.28779784928131","9.15568829227362","9.08222992678854","9.01125633997506","8.92151056969285","8.81544334602322","8.70179183289573","8.59470545095658","8.49717783704864","8.44694545684774","8.49884687574421","8.62975079618821","8.78791530402957","8.92968876203022","8.97091781831351","8.89896442593155","8.74359198461565","8.517917058113","8.29291652956553","8.10160478335339",
"中国香港特别行政区","HKG","Population ages 25-29, female (% of female population)","SP.POP.2529.FE.5Y","8.02730987694474","7.45743674529638","6.6555368018078","5.78304166869447","7.6345375379543","9.24001710924293","8.79150750173204","6.23862476723512","3.43042875801394","3.73077473352887","4.30306567705066","4.85142930672235","5.30550897362133","5.89059840068902","6.60825213935036","7.36640024154773","8.03500517931475","8.53836326546037","8.8994607635685","9.15419502195296","9.36161937623461","9.64317560620775","10.0164949041202","10.4284423116195","10.8154357413168","11.1165893887912","11.2951635761133","11.3898687276983","11.4138796342712","11.3524317219541","11.1815304834497","10.8669961294671","10.4615028266825","10.02483721851","9.64571196673051","9.40981694360095","9.2396812012317","9.0540948090156","8.87104605700458","8.717928069107","8.57134251189446","8.38612795879839","8.19298107821268","8.02359212186933","7.90405464947827","7.86380759880118","7.91605650336955","8.02521622645675","8.16551493583291","8.28164350479814","8.31676534210901","8.22716570491899","8.00736184076442","7.76394309589644","7.5949964168953","7.47422931591956","7.30458381352466","7.07591916998215","6.84357098881137","6.63218508477976","6.44632167494395","6.2021384518415","5.87120703749344","5.48708721344843","5.05169670578759",
"中国香港特别行政区","HKG","15-64岁的人口总数","SP.POP.1564.TO","1754059","1741743","1711478","1642760","1878075","2126133","2138237","1988017","1863599","2071579","2272031","2415201","2508271","2621081","2748511","2845383","2924594","3010071","3109498","3327088","3451997","3555216","3621207","3684990","3729045","3774970","3829856","3880522","3925817","3978910","4002738","4046107","4089802","4170397","4276563","4374042","4582030","4627765","4675439","4733098","4792701","4841695","4871272","4874505","4934139","4983599","5044570","5110837","5158539","5184872","5238149","5280560","5325907","5319217","5321597","5328218","5319770","5313933","5308038","5297912","5229038","5127085","5025056","5098603","5027982",
"中国香港特别行政区","HKG","15-64岁的人口总数，女性","SP.POP.1564.FE.IN","848492","841939","827104","794423","917580","1044226","1049107","968125","898991","1001835","1100632","1168900","1209638","1259135","1315532","1357127","1390145","1426003","1468579","1567122","1622011","1672398","1712261","1752112","1782513","1813444","1846997","1877213","1904690","1936240","1953728","1982825","2014595","2064988","2128409","2187730","2303977","2340947","2379469","2422968","2467178","2506159","2535825","2552117","2597855","2638248","2684834","2734406","2774381","2802856","2845558","2881408","2917289","2924274","2936779","2952027","2957931","2963044","2967411","2970115","2940202","2888590","2834022","2878575","2842006",
"中国香港特别行政区","HKG","Population ages 10-14, female (% of female population)","SP.POP.1014.FE.5Y","10.1718384276555","11.1276922490727","12.0836935712145","13.1959360214228","12.0063671135795","10.6154908095692","10.691391022656","12.5829800216721","14.7914221877465","14.3228235209958","13.6382737353833","13.2645913108284","13.2210256957032","13.1159745579017","12.876140794857","12.4749874059647","11.9245747495162","11.2830715805343","10.5835339498678","9.88393891046759","9.2917704183397","8.84222528172045","8.50995765190755","8.28074173725988","8.14620780647349","8.05257476520583","7.90542352415965","7.70324442027264","7.51186527923298","7.36189250910508","7.29383343312717","7.2681561227982","7.22383161342749","7.15824291237737","7.04235289607648","6.87890554974018","6.66076205369171","6.41007176532861","6.24717263143419","6.19224639485458","6.17155577324044","6.13479379979613","6.06202936899116","5.94855253572366","5.82383676811913","5.73762832991856","5.64514660147546","5.48157020182582","5.22924523442078","4.92434680901163","4.61274192896816","4.28654623792254","3.9400827530304","3.64891752514254","3.45466281610084","3.32892941240266","3.26181890280927","3.26444540972906","3.32142624884463","3.37671880675895","3.42698778596424","3.50799052768913","3.57908029428631","3.60838777624605","3.63812085069789",
"中国香港特别行政区","HKG","0-14岁的人口总数","SP.POP.0014.TO","1256378","1337774","1503101","1690459","1540293","1382492","1397266","1629486","1816381","1649720","1521954","1447699","1421891","1414614","1409086","1382689","1346248","1311687","1280267","1298156","1286295","1283849","1283574","1285654","1280652","1275763","1270084","1257647","1242782","1230978","1210047","1195479","1182197","1178597","1178244","1169510","1193784","1183559","1170825","1154132","1131715","1109783","1088757","1056132","1026110","987243","952059","929287","909856","884152","859027","837297","834743","835939","839575","841491","843335","854159","862987","862130","843644","821564","801545","806289","790619",
"中国香港特别行政区","HKG","0-14岁的人口总数,女性","SP.POP.0014.FE.IN","608819","649359","729433","820615","749615","674384","682709","795686","887197","809382","749848","714093","699862","694684","690634","676473","657547","639913","623952","631779","624747","622370","621511","622152","619071","615862","613042","607585","600863","595190","585031","578524","573125","572141","572332","568056","579761","574899","568758","560666","549852","539569","529864","514384","500286","482047","465196","453753","443729","430911","418778","408156","406507","407209","409887","411939","413813","419550","423997","423832","415373","404654","394255","396116","387879",
"中国香港特别行政区","HKG","初婚年龄是18岁的妇女（占20-24岁妇女的百分比）","SP.M18.2024.FE.ZS","","","","","","","","","","","","","","","","","","","","","","","","","","","","","","","","","","","","","","","","","","","","","","","","","","","","","","","","","","","","","","","","","",
"中国香港特别行政区","HKG","存活至65岁的男性（占同层人群比例）","SP.DYN.TO65.MA.ZS","56.280515","58.026653","59.077332","60.403379","61.784287","63.25597","64.268796","65.249348","65.840901","66.350855","66.747039","67.241404","67.731931","68.86976","69.671543","70.446916","71.117872","71.820733","72.485473","73.290279","74.144079","74.954112","75.595274","76.405568","77.30876","78.268674","78.998341","79.486529","79.803994","80.069492","80.459083","80.818101","81.221046","81.683416","82.278807","82.982568","83.652068","84.126539","84.625511","85.083148","85.529031","85.864139","86.035099","85.941459","86.531033","86.92814","87.296981","87.500878","87.707417","87.946853","88.198339","88.454699","88.685263","88.928857","89.098524","89.186732","89.247641","89.331391","89.519608","89.599627","89.410502","89.964127","88.564939","90.123822","",
"中国香港特别行政区","HKG","出生时的预期寿命，总体（岁）","SP.DYN.LE00.IN","65.6971219512195","66.4416585365854","66.9104634146342","67.6451707317073","68.2190975609756","68.8668048780488","69.2658536585366","69.8278536585366","70.2170243902439","70.6271707317073","70.9346829268293","71.4680487804878","71.4509756097561","72.090243902439","72.5978048780488","73.3621951219512","72.7890243902439","73.3492682926829","73.5407317073171","73.6631707317073","74.6534146341464","75.3490243902439","75.4385365853659","75.2863414634146","76.009512195122","76.4292682926829","76.6843902439024","76.8978048780488","77.0834146341464","77.0287804878049","77.3707317073171","77.8729268292683","77.6734146341464","78.0160975609756","78.5436585365854","78.6787804878049","79.6275609756098","80.1121951219512","80.1068292682927","80.3726829268293","80.8731707317073","81.4192682926829","81.4521951219512","81.3434146341464","81.7992682926829","81.6090243902439","82.3848780487805","82.3668292682927","82.3404878048781","82.7751219512195","82.9575609756098","83.4119512195122","83.450243902439","83.8312195121951","83.9356097560976","84.2526829268293","84.2114634146342","84.6956097560976","84.869756097561","85.1558536585366","85.4963414634146","85.5326829268293","83.6609756097561","85.2473170731707","",
"中国香港特别行政区","HKG","婴儿死亡率，女性（每1000名活产婴儿）","SP.DYN.IMRT.FE.IN","","","","","","","","","","","","","","","","","","","","","","","","","","","","","","","","","","","","","","","","","","","","","","","","","","","","","","","","","","","","","","","","","",
"中国香港特别行政区","HKG","粗出生率（每千人）","SP.DYN.CBRT.IN","36.271","35","34","33.5","30.7","28.1","25.3","23.7","21.7","21.3","20","19.7","19.5","19.4","19.1","17.9","17.4","17.5","17.3","16.8","17","16.8","16.4","15.6","14.4","14","13","12.6","13.4","12.3","12","12","12.3","12","11.9","11.2","9.9","9.1","8.1","7.8","8.1","7.2","7.1","6.9","7.2","8.4","9.6","10.2","11.3","11.8","12.6","13.5","12.8","8","8.6","8.2","8.3","7.6","7.2","7","5.8","5","4.4","4.4","",
"中国香港特别行政区","HKG","维生素A补充剂覆盖率（占6-59个月儿童数量比例）","SN.ITK.VITA.ZS","","","","","","","","","","","","","","","","","","","","","","","","","","","","","","","","","","","","","","","","","","","","","","","","","","","","","","","","","","","","","","","","","",
"中国香港特别行政区","HKG","营养不良的发生率（占人口的百分比）","SN.ITK.DEFC.ZS","","","","","","","","","","","","","","","","","","","","","","","","","","","","","","","","","","","","","","","","","","2.5","2.5","2.5","2.5","2.5","2.5","2.5","2.5","2.5","2.5","2.5","2.5","2.5","2.6","2.5","2.5","2.5","2.5","2.5","2.5","2.7","2.9","3.1","",
"中国香港特别行政区","HKG","Refugees under the mandate of the UNRWA by country or territory of asylum","SM.POP.RRWA.EA","","","","","","","","","","","","","","","","","","","","","","","","","","","","","","","","","","","","","","","","","","","","","","","","","","","","","","","","","","","","","","","","","",
"中国香港特别行政区","HKG","Other people in need of international protection by country or territory of asylum","SM.POP.OPIP.EA","","","","","","","","","","","","","","","","","","","","","","","","","","","","","","","","","","","","","","","","","","","","","","","","","","","","","","","","","","","","","","","","","",
"中国香港特别行政区","HKG","Asylum-seekers by country or territory of origin","SM.POP.ASYS.EO","","","","","","","","","","","","","","","","","","","","","","","","","","","","","","","","","","","","","","","","","8","18","17","21","10","19","18","25","49","66","81","5","64","52","38","80","112","104","22","222","487","816","985","683","855",
"中国香港特别行政区","HKG","Children in employment, wage workers, female (% of female children in employment, ages 7-14)","SL.WAG.0714.FE.ZS","","","","","","","","","","","","","","","","","","","","","","","","","","","","","","","","","","","","","","","","","","","","","","","","","","","","","","","","","","","","","","","","","",
"中国香港特别行政区","HKG","Unemployment, male (% of male labor force) (national estimate)","SL.UEM.TOTL.MA.NE.ZS","","","","","","","","","","","","","","","","9.21","5.4","4.4","1.4","2.04","2.29","1.55","1.83","2.11","1.85","3.49","2.99","1.71","1.35","1.08","1.32","1.94","2","1.97","2.02","3.39","3.12","2.31","4.96","6.7","5.56","5.97","8.35","9.17","7.69","6.54","5.63","4.53","4.05","6.07","5.056","3.988","3.772","3.803","3.567","3.438","3.692","3.382","3.183","3.538","6.88","6.137","5.114","3.487","3.63",
"中国香港特别行政区","HKG","Share of youth not in education, employment or training, total (% of youth population)  (modeled ILO estimate)","SL.UEM.NEET.ME.ZS","","","","","","","","","","","","","","","","","","","","","","","","","","","","","","","","","","","","","","","","","","","","","","8.97","8.938","7.641","6.286","7.41","6.954","6.156","6.144","6.675","6.622","6.603","6.099","6.384","6.488","6.725","8.992","7.242","6.701","5.942","5.668",
"中国香港特别行政区","HKG","Share of youth not in education, employment or training, female (% of female youth population) (modeled ILO estimate)","SL.UEM.NEET.FE.ME.ZS","","","","","","","","","","","","","","","","","","","","","","","","","","","","","","","","","","","","","","","","","","","","","","8.26","8.407","7.235","5.935","6.971","6.596","5.816","5.771","6.203","6.375","6.763","5.91","6.167","6.115","6.068","8.288","6.344","6.483","5.628","5.066",
"中国香港特别行政区","HKG","Unemployment with basic education (% of total labor force with basic education)","SL.UEM.BASC.ZS","","","","","","","","","","","","","","","","","","","","","","","","","","","","","","","","","","","","","","","","","","","10.3","","10.31","8.54","7.01","5.68","4.75","6.56","5.108","4.232","3.824","4.116","3.913","3.708","3.825","3.615","3.149","3.438","7.219","6.121","5.249","3.222","3.027",
"中国香港特别行政区","HKG","Unemployment with advanced education, male (% of male labor force with advanced education)","SL.UEM.ADVN.MA.ZS","","","","","","","","","","","","","","","","","","","","","","","","","","","","","","","","","","","","","","","","","","","4.43","","3.51","3.23","2.86","2.7","2.5","4.33","3.51","2.512","2.848","2.9","2.468","2.855","2.999","2.555","2.447","2.85","4.712","4.356","3.684","2.786","3.118",
"中国香港特别行政区","HKG","年轻男性失业人数（占15-24岁男性劳动力比例）（模拟劳工组织估计）","SL.UEM.1524.MA.ZS","","","","","","","","","","","","","","","","","","","","","","","","","","","","","","","","4.721","4.731","4.817","5.026","7.745","7.651","5.759","11.916","15.91","11.931","13.415","18.059","18.265","15.166","13.747","12.947","11.037","10.421","15.155","14.07","10.953","10.92","11.329","10.411","11.378","11.004","9.186","9.993","10.609","17.478","15.255","11.986","9.59","10.422",
"中国香港特别行政区","HKG","劳动力，总数","SL.TLF.TOTL.IN","","","","","","","","","","","","","","","","","","","","","","","","","","","","","","","2841258","2890794","2881959","2927654","3002840","3075031","3217627","3245999","3285298","3322073","3358981","3416906","3464010","3447305","3493354","3528607","3575148","3626034","3633423","3651728","3626540","3698563","3773047","3837047","3854786","3899877","3921737","3953897","3996403","3987130","3914381","3872131","3786090","3850529","3827176",
"中国香港特别行政区","HKG","非全日制就业，女性（占女性就业总数的比例）","SL.TLF.PART.FE.ZS","","","","","","","","","","","","","","","","","","","","","","","","","","","","","","","","","","","","","","","","","","","","","","","","","","16.52","13.16","16.07","17.01","17.5","19.27","18.51","18.95","","","","","","","","",
"中国香港特别行政区","HKG","劳动力参与率，总数（占 15 岁以上总人口的百分比）（模拟劳工组织估计）","SL.TLF.CACT.ZS","","","","","","","","","","","","","","","","","","","","","","","","","","","","","","","63.217","63.443","62.403","61.995","61.823","61.666","61.385","61.179","61.146","60.929","60.705","60.967","61.252","60.749","60.676","60.567","60.544","60.565","60.077","59.976","58.823","59.326","59.744","60.493","60.326","60.465","60.397","60.466","60.647","59.995","58.975","58.744","57.851","57.216","56.838",
"中国香港特别行政区","HKG","劳动参与率的男女比率（%）（模拟劳工组织估计）","SL.TLF.CACT.FM.ZS","","","","","","","","","","","","","","","","","","","","","","","","","","","","","","","59.4629770027799","60.8392229511109","59.9067300424071","59.6160522559823","60.8980185420833","62.0818866688503","62.9934275777252","63.7240020239141","64.926113658916","65.8808731640023","66.8312914404213","69.3635561438341","71.4619070768803","71.339485458613","72.0156748177592","73.1151439653464","74.0213168642295","75.167506585729","76.0748476936466","76.5433177508847","75.6393418431344","77.3249198303507","77.8250250132423","78.6489130276087","79.2081534349576","79.5851255927302","79.9128437665626","80.7641146911026","80.5505694023482","81.5700475862688","81.9849238563188","82.6011409592053","82.2425101656099","82.4291932126412","83.4960453782855",
"中国香港特别行政区","HKG","Labor force with basic education (% of total working-age population with basic education)","SL.TLF.BASC.ZS","","","","","","","","","","","","","","","","","","","","","","","","","","","","","","","","","","","","","","","","","","","","","","","","","","50.14","42.996","42.877","42.969","43.739","43.153","42.133","41.989","41.39","41.182","40.651","39.394","38.494","37.417","36.657","35.772",
"中国香港特别行政区","HKG","Labor force with advanced education, male (% of male working-age population with advanced education)","SL.TLF.ADVN.MA.ZS","","","","","","","","","","","","","","","","","","","","","","","","","","","","","","","","","","","","","","","","","","","","","","","","","","79.13","79.706","80.653","80.94","79.925","79.526","80.277","79.488","79.833","79.849","79.326","79.432","79.591","77.224","76.723","76.273",
"中国香港特别行政区","HKG","劳动力参与率，女性（占 15-64 岁女性人口的百分比）（模拟劳工组织估计）","SL.TLF.ACTI.FE.ZS","","","","","","","","","","","","","","","","","","","","","","","","","","","","","","","52.9","53.943","52.96","52.695","53.505","54.238","54.709","55.127","55.823","56.236","56.624","58.225","59.662","59.301","59.679","60.173","60.659","61.195","61.125","61.258","59.813","61.141","61.924","63.287","63.652","64.27","64.717","65.364","65.874","65.889","65.6","66.105","65.514","65.438","66.061",
"中国香港特别行政区","HKG","Labor force participation rate for ages 15-24, male (%) (national estimate)","SL.TLF.ACTI.1524.MA.NE.ZS","","73.59","","","","","66.04","","","","","67.98","","","","66.85","68.97","","","63.17","65.78","70.28","66.2","67.42","67.76","64.1","63.86","62.46","61.08","58.98","57.74","56.99","55.4","55.17","53.31","51.21","50.84","50.29","49.46","","46.4","44.38","44.34","44.48","43.93","42.89","41.69","40.92","38.79","38.12","35.363","35.734","36.327","37.799","37.765","39.071","39.453","38.099","39.152","39.154","35.388","34.41","31.433","30.137","28.791",
"中国香港特别行政区","HKG","从事经济活动的儿童，只工作（占 7-14 岁从事经济活动儿童的百分比）","SL.TLF.0714.WK.ZS","","","","","","","","","","","","","","","","","","","","","","","","","","","","","","","","","","","","","","","","","","","","","","","","","","","","","","","","","","","","","","","","","",
"中国香港特别行政区","HKG","从事经济活动的女童，只工作（占 7-14 岁从事经济活动女童的百分比）","SL.TLF.0714.WK.FE.ZS","","","","","","","","","","","","","","","","","","","","","","","","","","","","","","","","","","","","","","","","","","","","","","","","","","","","","","","","","","","","","","","","","",
"中国香港特别行政区","HKG","从事经济活动的男童，工学兼顾（占 7-14 岁从事经济活动男童的百分比）","SL.TLF.0714.SW.MA.ZS","","","","","","","","","","","","","","","","","","","","","","","","","","","","","","","","","","","","","","","","","","","","","","","","","","","","","","","","","","","","","","","","","",
"中国香港特别行政区","HKG","从事经济活动的男童（占 7-14 岁男童的比例）","SL.TLF.0714.MA.ZS","","","","","","","","","","","","","","","","","","","","","","","","","","","","","","","","","","","","","","","","","","","","","","","","","","","","","","","","","","","","","","","","","",
"中国香港特别行政区","HKG","服务业女性就业人员（占女性就业的百分比）","SL.SRV.EMPL.FE.ZS","","","","","","","","","","","","","","","","","","","","","","","","","","","","","","","","73.1676862098197","76.0724918158694","79.8999363129952","82.6689233702347","83.5206789397914","85.6901053463911","87.5143161629579","89.0686037354176","89.8472818097612","90.9795286046254","91.4761953623441","91.924892291839","92.8607085246564","93.6415461884464","94.2423039832881","94.4190353617001","94.7841590491816","95.2971099568438","95.4181276695421","95.566878874093","95.5782023834683","95.6280049339902","95.6063602149278","95.4148851432391","95.6631020930445","95.5478685329945","95.8815646379281","95.857908819742","95.6432146913641","95.5198868538532","95.6568211891296","95.5181448004414","95.5261579229602","95.5605703007467",
"中国香港特别行政区","HKG","Children in employment, self-employed (% of children in employment, ages 7-14)","SL.SLF.0714.ZS","","","","","","","","","","","","","","","","","","","","","","","","","","","","","","","","","","","","","","","","","","","","","","","","","","","","","","","","","","","","","","","","","",
"中国香港特别行政区","HKG","制造业男童工雇佣率（占 7-14 岁参与经济活动的男童的百分比例）","SL.MNF.0714.MA.ZS","","","","","","","","","","","","","","","","","","","","","","","","","","","","","","","","","","","","","","","","","","","","","","","","","","","","","","","","","","","","","","","","","",
"中国香港特别行政区","HKG","工业女性就业人员（占女性就业的百分比）","SL.IND.EMPL.FE.ZS","","","","","","","","","","","","","","","","","","","","","","","","","","","","","","","","26.135912357474","23.4419734685885","19.6896672238121","16.926426334811","16.0654505646106","14.0150235979211","12.2467561305809","10.6953688525232","9.93167466202153","8.78573272841282","8.36644706418137","7.85271573747802","6.96216718717554","6.16720049020788","5.57213068556404","5.37974981557924","5.06062248525333","4.53999811817276","4.42238698590028","4.28095696347162","4.27363483502247","4.22796559208723","4.25387460147851","4.4485351340027","4.20436888767023","4.32316186788342","3.99306804670787","4.0203823846735","4.23778738458504","4.3581062841209","4.22599159825491","4.36772159260198","4.36303960512099","4.33161444713761",
"中国香港特别行政区","HKG","Contributing family workers, female (% of female employment)","SL.FAM.WORK.FE.ZS","","","","","","","","","","","","","","","","","","","","","","","","","","","","","","","","2.5063769178485","2.25695698626283","2.02704519181654","1.74567339875298","1.4361923914405","1.36291266470141","1.33041823491162","1.19657678053913","1.46458618470268","1.21271808491018","1.19385131782575","1.28621294100259","1.35304803671203","1.42466666131505","1.36688806099418","1.15926106132187","1.07749504528067","0.981966221800309","0.843856139319322","0.691295982351113","0.749370595315759","0.727881247978964","0.630932187458622","0.646653285157026","0.576612826088343","0.502634574573754","0.526107924591197","0.397524060262744","0.336249608492231","0.267885782521842","0.232482613726774","0.243244133195814","0.24324563725212","0.177462524777336",
"中国香港特别行政区","HKG","Wage and salaried workers, total (% of total employment)","SL.EMP.WORK.ZS","","","","","","","","","","","","","","","","","","","","","","","","","","","","","","","","89.2944242152809","89.5126241518997","89.7056052419202","90.2179526347967","90.2663659938812","90.2752838895729","90.754155651364","90.7194860608078","90.2302581696109","90.5545792348094","89.1528381610214","88.2016459068571","88.4119903830766","88.5866686979926","88.8430635198225","88.8595756872903","89.773761176264","89.9028966402006","89.8822102265157","90.074323551908","89.8835472563887","89.7282815581981","89.8662336118045","90.8731117632658","91.0702885631065","91.2974242230571","91.2988323759336","91.469380040452","91.3476563967578","91.3087632377699","91.6309364241308","91.5452280688031","91.5354366444782","92.196707386366",
"中国香港特别行政区","HKG","男性弱势群体就业率（占所有男性就业人员比例）","SL.EMP.VULN.MA.ZS","","","","","","","","","","","","","","","","","","","","","","","","","","","","","","","","5.68571577201186","5.55546050755632","5.45897552636395","5.29711143645017","5.56829853730344","5.54258244360033","5.12452244698431","5.49300892234898","6.10286680321779","6.21147409637776","8.03844783080618","9.42251957633702","8.95863441738553","8.81361577845573","9.0020315435362","9.322377731327","8.54249643848744","8.86624684140224","8.94736123736443","8.777308875956","9.00535423959887","9.48891250113052","9.39458532172068","8.26154644525169","8.01372037575403","7.62007437998906","7.70101795841111","7.93175376555742","7.96772516449936","8.3936379569868","8.38802398130181","8.4965935907806","8.25836970730951","7.95013798919409",
"中国香港特别行政区","HKG","15 岁（含）以上男性就业人口比率（百分比）（模拟劳工组织估计）","SL.EMP.TOTL.SP.MA.ZS","","","","","","","","","","","","","","","","","","","","","","","","","","","","","","","","77.292","76.491","76.238","75.456","73.73","73.261","73.362","70.877","68.713","69.216","68.169","65.979","64.957","65.718","66.022","66.305","66.666","66.135","64.485","64.334","64.966","65.398","65.886","65.663","65.774","65.414","65.37","65.801","64.459","61.017","61.034","60.896","61.197","60.309",
"中国香港特别行政区","HKG","Female share of employment in senior and middle management (%)","SL.EMP.SMGT.FE.ZS","","","","","","","","","","","","","","","","","","","","","","","","","","","","","","","","","","","","","","","","","","","","","","","","","","","","","","","","","","","","","","","","","",
"中国香港特别行政区","HKG","Employers, total (% of total employment)","SL.EMP.MPYR.ZS","","","","","","","","","","","","","","","","","","","","","","","","","","","","","","","","5.73502187845845","5.69581202872179","5.65557265755698","5.32120183362738","5.15931326585832","5.25975446858681","5.10225312791049","4.9332848927933","4.87267208288409","4.60528732154652","4.82902267014067","4.78722798441821","4.72791904582127","4.51274777944637","4.2698896836382","4.17545069894987","3.86876597627132","3.50098721136335","3.52764494915043","3.50507487518427","3.46376029531553","3.30383655806074","3.22810192608455","2.94076344486025","2.93561142996344","2.79417388579003","2.81544736799123","2.53860045053975","2.64552348344834","2.65466469282414","2.21090063948929","2.24746964442474","2.27517756323603","1.9588583179121",
"中国香港特别行政区","HKG","Employment to population ratio, ages 15-24, total (%) (national estimate)","SL.EMP.1524.SP.NE.ZS","","","","","","","","","","","","","","","","","","","","","","","","","","","","","","","","","","","","","","","","","","","","","","","","","","34.3","31.665","33.004","33.525","35.187","34.947","36.022","36.713","36.394","36.541","36.409","30.378","30.397","28.411","27.88","26.683",
"中国香港特别行政区","HKG","Employment to population ratio, ages 15-24, female (%) (national estimate)","SL.EMP.1524.SP.FE.NE.ZS","","","","","","","","","","","","","","","","","","","","","","","","","","","","","","","","","","","","","","","","","","","","","","","","","","36.2","32.939","34.189","34.697","36.871","36.079","37.447","38.337","38.208","37.844","37.803","31.555","31.652","29.175","28.515","27.585",
"中国香港特别行政区","HKG","农业童工雇佣率（占 7-14 岁参与经济活动儿童的百分比）","SL.AGR.0714.ZS","","","","","","","","","","","","","","","","","","","","","","","","","","","","","","","","","","","","","","","","","","","","","","","","","","","","","","","","","","","","","","","","","",
"中国香港特别行政区","HKG","Annualized average growth rate in per capita real survey mean consumption or income, total population (%)","SI.SPR.PCAP.ZG","","","","","","","","","","","","","","","","","","","","","","","","","","","","","","","","","","","","","","","","","","","","","","","","","","","","","","","","","","","","","","","","","",
"中国香港特别行政区","HKG","Average transaction cost of sending remittances from a specific country (%)","SI.RMT.COST.OB.ZS","","","","","","","","","","","","","","","","","","","","","","","","","","","","","","","","","","","","","","","","","","","","","","","","","","","","","","","","","","","","","","","","","",
"中国香港特别行政区","HKG","Poverty headcount ratio at societal poverty line (% of population)","SI.POV.SOPO","","","","","","","","","","","","","","","","","","","","","","","","","","","","","","","","","","","","","","","","","","","","","","","","","","","","","","","","","","","","","","","","","",
"中国香港特别行政区","HKG","贫困差距，以每天4.2美元为贫困线（按2021年购买力平价计算）（百分比）","SI.POV.LMIC.GP","","","","","","","","","","","","","","","","","","","","","","","","","","","","","","","","","","","","","","","","","","","","","","","","","","","","","","","","","","","","","","","","","",
"中国香港特别行政区","HKG","贫困人口比例，以每天3美元为贫困线（按2021年购买力平价计算）（占总人口的百分比）","SI.POV.DDAY","","","","","","","","","","","","","","","","","","","","","","","","","","","","","","","","","","","","","","","","","","","","","","","","","","","","","","","","","","","","","","","","","",
"中国香港特别行政区","HKG","最高10% 占有的收入份额","SI.DST.10TH.10","","","","","","","","","","","","","","","","","","","","","","","","","","","","","","","","","","","","","","","","","","","","","","","","","","","","","","","","","","","","","","","","","",
"中国香港特别行政区","HKG","第二个20% 占有的收入份额","SI.DST.02ND.20","","","","","","","","","","","","","","","","","","","","","","","","","","","","","","","","","","","","","","","","","","","","","","","","","","","","","","","","","","","","","","","","","",
"中国香港特别行政区","HKG","UHC service coverage sub-index on service capacity and access","SH_UHC_SCI_CAPACITY","","","","","","","","","","","","","","","","","","","","","","","","","","","","","","","","","","","","","","","","","","","","","","","","","","","","","","","","","","","","","","","","","",
"中国香港特别行政区","HKG","Proportion of population facing impoverishing out-of-pocket health expenditure, based on the societal poverty line (%)","SH_UHC_FH40_IMPOV","","","","","","","","","","","","","","","","","","","","","","","","","","","","","","","","","","","","","","","","","","","","","","","","","","","","","","","","","","","","","","","","","",
"中国香港特别行政区","HKG","Domestic private health expenditure per capita (current US$)","SH.XPD.PVTD.PC.CD","","","","","","","","","","","","","","","","","","","","","","","","","","","","","","","","","","","","","","","","","","","","","","","","","","","","","","","","","","","","","","","","","",
"中国香港特别行政区","HKG","Out-of-pocket expenditure (% of current health expenditure)","SH.XPD.OOPC.CH.ZS","","","","","","","","","","","","","","","","","","","","","","","","","","","","","","","","","","","","","","","","","","","","","","","","","","","","","","","","","","","","","","","","","",
"中国香港特别行政区","HKG","Domestic general government health expenditure (% of GDP)","SH.XPD.GHED.GD.ZS","","","","","","","","","","","","","","","","","","","","","","","","","","","","","","","","","","","","","","","","","","","","","","","","","","","","","","","","","","","","","","","","","",
"中国香港特别行政区","HKG","External health expenditure (% of current health expenditure)","SH.XPD.EHEX.CH.ZS","","","","","","","","","","","","","","","","","","","","","","","","","","","","","","","","","","","","","","","","","","","","","","","","","","","","","","","","","","","","","","","","","",
"中国香港特别行政区","HKG","新生儿破伤风预防（%）","SH.VAC.TTNS.ZS","","","","","","","","","","","","","","","","","","","","","","","","","","","","","","","","","","","","","","","","","","","","","","","","","","","","","","","","","","","","","","","","","",
"中国香港特别行政区","HKG","Prevalence of severe wasting, weight for height (% of children under 5)","SH.SVR.WAST.ZS","","","","","","","","","","","","","","","","","","","","","","","","","","","","","","","","","","","","","","","","","","","","","","","","","","","","","","","","","","","","","","","","","",
"中国香港特别行政区","HKG","消瘦患病率，男性（占5岁以下儿童中百分比）","SH.STA.WAST.MA.ZS","","","","","","","","","","","","","","","","","","","","","","","","","","","","","","","","","","","","","","","","","","","","","","","","","","","","","","","","","","","","","","","","","",
"中国香港特别行政区","HKG","Suicide mortality rate (per 100,000 population)","SH.STA.SUIC.P5","","","","","","","","","","","","","","","","","","","","","","","","","","","","","","","","","","","","","","","","","","","","","","","","","","","","","","","","","","","","","","","","","",
"中国香港特别行政区","HKG","Prevalence of stunting, height for age (modeled estimate, % of children under 5)","SH.STA.STNT.ME.ZS","","","","","","","","","","","","","","","","","","","","","","","","","","","","","","","","","","","","","","","","","","","","","","","","","","","","","","","","","","","","","","","","","",
"中国香港特别行政区","HKG","营养不良患病率，基于年龄相应的身高，女性（占5岁以下儿童百分比）","SH.STA.STNT.FE.ZS","","","","","","","","","","","","","","","","","","","","","","","","","","","","","","","","","","","","","","","","","","","","","","","","","","","","","","","","","","","","","","","","","",
"中国香港特别行政区","HKG","Mortality rate attributed to unintentional poisoning, male (per 100,000 male population)","SH.STA.POIS.P5.MA","","","","","","","","","","","","","","","","","","","","","","","","","","","","","","","","","","","","","","","","","","","","","","","","","","","","","","","","","","","","","","","","","",
"中国香港特别行政区","HKG","Prevalence of overweight, weight for height (modeled estimate, % of children under 5)","SH.STA.OWGH.ME.ZS","","","","","","","","","","","","","","","","","","","","","","","","","","","","","","","","","","","","","","","","","","","","","","","","","","","","","","","","","","","","","","","","","",
"中国香港特别行政区","HKG","超重率，女性（占5岁以下儿童中百分比）","SH.STA.OWGH.FE.ZS","","","","","","","","","","","","","","","","","","","","","","","","","","","","","","","","","","","","","","","","","","","","","","","","","","","","","","","","","","","","","","","","","",
"中国香港特别行政区","HKG","People practicing open defecation, urban (% of urban population)","SH.STA.ODFC.UR.ZS","","","","","","","","","","","","","","","","","","","","","","","","","","","","","","","","","","","","","","","","","0","0","0","0","0","0","0","0","0","0","0","0","0","0","0","0","0","0","0","0","0","0","0","0","0",
"中国香港特别行政区","HKG","营养不良发生率，年龄体重（占5岁以下儿童的百分比）","SH.STA.MALN.ZS","","","","","","","","","","","","","","","","","","","","","","","","","","","","","","","","","","","","","","","","","","","","","","","","","","","","","","","","","","","","","","","","","",
"中国香港特别行政区","HKG","People with basic handwashing facilities including soap and water, urban (% of urban population)","SH.STA.HYGN.UR.ZS","","","","","","","","","","","","","","","","","","","","","","","","","","","","","","","","","","","","","","","","","","","","","","","","","","","","","","","","","","","","","","","","","",
"中国香港特别行政区","HKG","低出生重量婴儿（占出生儿的百分比）","SH.STA.BRTW.ZS","","","","","","","","","","","","","","","","","","","","","","","","","","","","","","","","","","","","","","","","","","","","","","","","","","","","","","","","","","","","","","","","","",
"中国香港特别行政区","HKG","People using at least basic sanitation services, urban (% of urban population)","SH.STA.BASS.UR.ZS","","","","","","","","","","","","","","","","","","","","","","","","","","","","","","","","","","","","","","","","","97.3886755292959","97.3886755292959","97.3886755292959","97.3886755292959","97.2670420974889","97.1454086656819","97.0237752338749","96.9021418020679","96.7805083702609","96.6588749384539","96.5372415066469","96.4156080748399","96.293974643033","96.172341211226","96.050707779419","95.929074347612","95.807440915805","95.685807483998","95.564174052191","95.442540620384","95.320907188577","95.19927375677","95.077640324963","94.956006893156","94.834373461349",
"中国香港特别行政区","HKG","Mortality rate attributed to household and ambient air pollution, age-standardized (per 100,000 population)","SH.STA.AIRP.P5","","","","","","","","","","","","","","","","","","","","","","","","","","","","","","","","","","","","","","","","","","","","","","","","","","","","","","","","","","","","","","","","","",
"中国香港特别行政区","HKG","Specialist surgical workforce (per 100,000 population)","SH.SGR.IRSK.ZS","","","","","","","","","","","","","","","","","","","","","","","","","","","","","","","","","","","","","","","","","","","","","","","","","","","","","","","","","","","","","","","","","",
"中国香港特别行政区","HKG","Prevalence of current tobacco use (% of adults)","SH.PRV.SMOK","","","","","","","","","","","","","","","","","","","","","","","","","","","","","","","","","","","","","","","","","","","","","","","","","","","","","","","","","","","","","","","","","",
"中国香港特别行政区","HKG","孕产妇死亡数","SH.MMR.DTHS","","","","","","","","","","","","","","","","","","","","","","","","","","","","","","","","","","","","","","","","","","","","","","","","","","","","","","","","","","","","","","","","","",
"中国香港特别行政区","HKG","Specialist surgical workforce (per 100,000 population)","SH.MED.SAOP.P5","","","","","","","","","","","","","","","","","","","","","","","","","","","","","","","","","","","","","","","","","","","","","","","","","","","","","","","27.84","","","","","","","","","","",
"中国香港特别行政区","HKG","医院床位（每千人）","SH.MED.BEDS.ZS","2.64033937454224","","","","","","","","","","4.17829990386963","","","","","5.04129981994629","","","","","4.02099990844727","4.10979986190796","","","","4.89090013504028","","","","","","","","","","","","","","","","","","","","","","","","","","","","","","","","","","","","","","","",
"中国香港特别行政区","HKG","Antiretroviral therapy coverage for PMTCT (% of pregnant women living with HIV)","SH.HIV.PMTC.ZS","","","","","","","","","","","","","","","","","","","","","","","","","","","","","","","","","","","","","","","","","","","","","","","","","","","","","","","","","","","","","","","","","",
"中国香港特别行政区","HKG","Incidence of HIV, all (per 1,000 uninfected population)","SH.HIV.INCD.TL.P3","","","","","","","","","","","","","","","","","","","","","","","","","","","","","","","","","","","","","","","","","","","","","","","","","","","","","","","","","","","","","","","","","",
"中国香港特别行政区","HKG","抗逆转录病毒治疗覆盖率（艾滋病病毒感染者的比例）","SH.HIV.ARTC.ZS","","","","","","","","","","","","","","","","","","","","","","","","","","","","","","","","","","","","","","","","","","","","","","","","","","","","","","","","","","","","","","","","","",
"中国香港特别行政区","HKG","People using safely managed drinking water services (% of population)","SH.H2O.SMDW.ZS","","","","","","","","","","","","","","","","","","","","","","","","","","","","","","","","","","","","","","","","","98.3669535559738","98.4529719551525","98.5390232434892","98.6251074209837","98.7112244876363","98.7973744434468","98.8835572884152","98.9697730225416","99.056021645826","99.1423031582683","99.2286175598686","99.3149648506268","99.401345030543","99.4877580996171","99.5742040578491","99.6606829052392","99.7471946417872","99.8337392674931","99.920316782357","99.9877564110667","100","100","100","100","100",
"中国香港特别行政区","HKG","People using at least basic drinking water services, urban (% of urban population)","SH.H2O.BASW.UR.ZS","","","","","","","","","","","","","","","","","","","","","","","","","","","","","","","","","","","","","","","","","98.9070064531479","98.9655415410239","99.0240766288998","99.0826117167757","99.1411468046516","99.1996818925276","99.2582169804035","99.3167520682794","99.3752871561554","99.4338222440313","99.4923573319072","99.5508924197831","99.609427507659","99.667962595535","99.7264976834109","99.7850327712868","99.8435678591627","99.9021029470387","99.9606380349146","100","100","100","100","100","100",
"中国香港特别行政区","HKG","Mortality from CVD, cancer, diabetes or CRD between exact ages 30 and 70 (%)","SH.DYN.NCOM.ZS","","","","","","","","","","","","","","","","","","","","","","","","","","","","","","","","","","","","","","","","","","","","","","","","","","","","","","","","","","","","","","","","","",
"中国香港特别行政区","HKG","死亡率，5岁以下，女性（每千人活产婴儿）","SH.DYN.MORT.FE","","","","","","","","","","","","","","","","","","","","","","","","","","","","","","","","","","","","","","","","","","","","","","","","","","","","","","","","","","","","","","","","","",
"中国香港特别行政区","HKG","Probability of dying among youth ages 20-24 years (per 1,000)","SH.DYN.2024","","","","","","","","","","","","","","","","","","","","","","","","","","","","","","","","","","","","","","","","","","","","","","","","","","","","","","","","","","","","","","","","","",
"中国香港特别行政区","HKG","新生儿死亡数","SH.DTH.NMRT","","","","","","","","","","","","","","","","","","","","","","","","","","","","","","","","","","","","","","","","","","","","","","","","","","","","","","","","","","","","","","","","","",
"中国香港特别行政区","HKG","婴儿死亡数","SH.DTH.IMRT","","","","","","","","","","","","","","","","","","","","","","","","","","","","","","","","","","","","","","","","","","","","","","","","","","","","","","","","","","","","","","","","","",
"中国香港特别行政区","HKG","Number of deaths ages 10-14 years","SH.DTH.1014","","","","","","","","","","","","","","","","","","","","","","","","","","","","","","","","","","","","","","","","","","","","","","","","","","","","","","","","","","","","","","","","","",
"中国香港特别行政区","HKG","Prevalence of anemia among non-pregnant women (% of women ages 15-49)","SH.ANM.NPRG.ZS","","","","","","","","","","","","","","","","","","","","","","","","","","","","","","","","","","","","","","","","","","","","","","","","","","","","","","","","","","","","","","","","","",
"中国香港特别行政区","HKG","Total alcohol consumption per capita (liters of pure alcohol, projected estimates, 15+ years of age)","SH.ALC.PCAP.LI","","","","","","","","","","","","","","","","","","","","","","","","","","","","","","","","","","","","","","","","","","","","","","","","","","","","","","","","","","","","","","","","","",
"中国香港特别行政区","HKG","Women who believe a husband is justified in beating his wife when she neglects the children (%)","SG.VAW.NEGL.ZS","","","","","","","","","","","","","","","","","","","","","","","","","","","","","","","","","","","","","","","","","","","","","","","","","","","","","","","","","","","","","","","","","",
"中国香港特别行政区","HKG","来自DAC捐助国的双边援助净流量，加拿大（现价美元）","DC.DAC.CANL.CD","9999.99977648258","9999.99977648258","19999.9995529652","9999.99977648258","29999.9993294477","50000.0007450581","50000.0007450581","50000.0007450581","39999.9991059303","29999.9993294477","19999.9995529652","19999.9995529652","9999.99977648258","","","","","","","","","","","39999.9991059303","50000.0007450581","100000.001490116","29999.9993294477","50000.0007450581","9999.99977648258","39999.9991059303","","19999.9995529652","9999.99977648258","","","","","","","","","","","","","","","","","","","","","","","","","","","","","","","","",
"中国香港特别行政区","HKG","Stocks traded, turnover ratio of domestic shares (%)","CM.MKT.TRNR","","","","","","","","","","","","","","","","5.97527913442403","5.52136280225402","3.11417501954255","3.15870879928232","4.83309151524534","1.99175665734506","","","","","","28.4463736473133","83.9744519149043","31.4789891978544","44.5847145326578","41.4743768938311","31.6091036413417","45.6163818040684","34.3115416226261","46.657531248721","31.4742305435059","37.0073360914995","109.607977381734","59.9435020634868","37.4357452575056","59.8327578152593","47.0665986237715","38.6428611966805","38.1823357015203","46.8653845251981","39.9236845005739","44.0563175701728","75.9421015558503","118.020018942803","61.3094626445292","54.8661064300225","63.6373653519662","38.0207681653914","40.8608735393964","44.8785193832639","64.9529757567632","40.8758724146427","43.3825684339181","59.3517","37.1944","50.0677","74.8615","62.3814","57.3462","65.8621",
"中国香港特别行政区","HKG","Market capitalization of listed domestic companies (% of GDP)","CM.MKT.LCAP.GD.ZS","","","","","","","","","","","","","","","","80.6127369107665","90.8642235860409","66.9763948747339","70.6006207714905","98.6432476715266","135.172518193206","125.521353116766","67.1617324817122","65.3961327793917","70.4761999984732","96.9012626731217","131.085209355092","106.81672543253","124.62012131927","112.756494930367","108.393588188103","137.006410608399","164.936572346524","319.924605945953","198.442173283897","209.955382482153","281.257124275588","233.050567236951","203.431700538692","366.873606506416","363.139608849831","298.736712999057","278.363736868074","442.788874856864","509.440625336289","581.044951857205","886.118441322569","1254.46804830981","605.972295634199","1076.92901153341","1185.85197118775","908.616284735038","1078.30715809329","1124.70520227002","1109.25363158042","1029.41894753261","995.21049131838","1274.78907474258","1055.8162420184","1349.37429420264","1777.22631607139","1472.85965725758","1273.22822388706","1043.13245932117","1118.24283021772",
"中国香港特别行政区","HKG","Control of Corruption: Percentile Rank, Upper Bound of 90% Confidence Interval","CC.PER.RNK.UPPER","","","","","","","","","","","","","","","","","","","","","","","","","","","","","","","","","","","","","93.0107498168945","","91.9786071777344","","91.4893646240234","","93.6507949829102","96.8253936767578","97.0443344116211","97.5609741210938","96.5853652954102","97.0873794555664","97.0873794555664","97.1291885375977","98.5714263916016","97.1563949584961","95.2606658935547","94.7867279052734","94.711540222168","94.2857131958008","92.8571395874023","93.8095245361328","94.7619018554688","95.7142868041992","95.2380981445312","96.1904754638672","95.7547149658203","96.2264175415039","",
"中国香港特别行政区","HKG","Control of Corruption: Estimate","CC.EST","","","","","","","","","","","","","","","","","","","","","","","","","","","","","","","","","","","","","1.44489419460297","","1.30338191986084","","1.29281973838806","","1.66694176197052","1.80016040802002","1.84927427768707","1.7701940536499","1.85716688632965","1.90817785263062","1.88683724403381","1.8766952753067","1.95441770553589","1.84563553333282","1.7325896024704","1.6361495256424","1.61528539657593","1.61059677600861","1.51709091663361","1.57213044166565","1.63755881786346","1.65272867679596","1.61711072921753","1.67944252490997","1.61076176166534","1.62514543533325","",
"中国香港特别行政区","HKG","再分配收入的接入（国际收支平衡，现价美元）","BX.TRF.CURR.CD","","","","","","","","","","","","","","","","","","","","","","","","","","","","","","","","","","","","","","","668660698.915476","569514815.888343","538171774.946554","605096056.388244","777416051.976625","528740520.997261","625521651.041045","942918366.453949","959874877.797219","937794882.416531","611414556.066245","469174702.152123","572733854.298313","881201573.933373","905084800.207692","1042943991.69876","1135148643.58948","1245011749.79229","1345247333.23381","1579780467.76258","1631828933.84706","1700940508.13943","1919261851.71711","1935359703.04989","2179062866.29202","2263627786.89944","2189080366.89179",
"中国香港特别行政区","HKG","旅行服务（占国际收支统计口径的服务出口比例）","BX.GSR.TRVL.ZS","","","","","","","","","","","","","","","","","","","","","","","","","","","","","","","","","","","","","","","20.865665266605","19.1105071784457","18.704271640253","19.0666140099587","22.2432641324818","21.0876686440236","22.0662168311807","21.7298059521822","21.3747501030024","21.3448296160549","21.8962341544629","25.3722855258237","27.5644075928995","31.1649394116569","33.5778592323611","37.1589424730368","35.8905852671739","34.6409092909612","33.3432251269711","32.0251604259506","32.584663776146","28.3454844719985","4.26711942259221","2.33807146504648","3.77389173083454","21.434219656282","20.6826430165102",
"中国香港特别行政区","HKG","服务出口（BoP，按当值美元计）","BX.GSR.NFSV.CD","","","","","","","","","","","","","","","","","","","","","","","","","","","","","","","","","","","","","","","27204122912.7216","28895828314.7109","31577762775.2253","31179096092.4306","33511864408.0058","33863976860.6632","40782720969.7282","47380140883.2413","54441185845.7665","64453682301.5041","69906235238.0406","64669934378.7851","80541056477.3256","91303602909.3133","98504137880.5298","104776785001.348","106921698475.953","104356153986.205","98510222276.5456","104096174274.843","113149464374.127","101970856998.349","66924311899.6452","79120709395.4442","83075056877.4596","97350391408.2202","108585811468.115",
"中国香港特别行政区","HKG","初次收入的接收（国际收支平衡，现价美元）","BX.GSR.FCTY.CD","","","","","","","","","","","","","","","","","","","","","","","","","","","","","","","","","","","","","","","46081812704.4241","47038079237.0324","54817236789.8353","48351415898.5761","41911181530.0614","43715233280.1137","52674157973.7643","65627400843.8419","84952693678.1533","115792245719.952","120810805192.009","101555118898.632","119667791457.809","136104211642.352","140686766908.758","152594722787.46","161821387046.316","164408620415.411","164077927840.956","182514696442.939","207994698550.895","213611250231.501","199129404138.762","215470744177.428","230819069361.393","258508532270.473","282417417956.698",
"中国香港特别行政区","HKG","技术合作捐助（BoP，现价美元）","BX.GRT.TECH.CD.WD","","200000","90000","260000","280000","30000","350000","460000","440000","740000","1550000","1100000","1050000","1610000","1640000","1710000","2610000","2260000","2550000","12210000","11250000","9710000","8490000","9340000","14180000","20370000","18410000","18880000","21140000","37760000","34010000","35990000","33050000","28260000","9770000","11630000","10250000","","","","","","","","","","","","","","","","","","","","","","","","","","","","",
"中国香港特别行政区","HKG","净储备变动率（BoP，现价美元）","BN.RES.INCL.CD","","","","","","","","","","","","","","","","","","","","","","","","","","","","","","","","","","","","","","","-5185703219.14271","6426199089.10163","12848709949.6022","3863629558.86691","-1414326520.76883","-266222916.819215","2707526945.26032","-1773482626.16367","9708572382.22216","8246743606.21102","28766792850.6233","79016989831.1152","7615918192.99713","11152666036.0085","24360107361.3076","7463843915.0523","17939059399.5794","36381128958.1796","1140411018.84345","32136503634.758","993352625.63615","-1145829405.09286","33920826027.7633","-1179163581.10408","-46832629524.836","-10188461713.8873","-11456188754.6999",
"中国香港特别行政区","HKG","净货物贸易（BoP，现价美元）","BN.GSR.MRCH.CD","","","","","","","","","","","","","","","","","","","","","","","","","","","","","","","","","","","","","","","16515751420.21","21304800359.3585","20485086921.4675","20781534795.9526","24176639101.4046","24215274772.8152","24227979194.3026","31067637830.3825","30856959323.2502","26860969916.269","25029002700.2614","13288275707.8072","3292143709.26491","-7481974206.09141","-18912698210.319","-27920889805.6119","-32358676195.2317","-22870031241.6466","-16704486413.0846","-22927264441.2086","-32271922448.0179","-15361570826.4199","-5314818877.44146","3159976993.96355","-5143917471.0523","-16117745730.5613","-1983257380.95557",
"中国香港特别行政区","HKG","经常账户余额（占 GDP 的比例）","BN.CAB.XOKA.GD.ZS","","","","","","","","","","","","","","","","","","","","","","","","","","","","","","","","","","","","","","","1.69913927220226","6.4339880453203","4.39495330629626","6.13423210834757","7.89242487198891","10.7870611277598","9.94811890844339","11.8823196567725","12.6877195301892","13.0222250225228","14.9909891618182","9.88359042348118","7.00327306349556","5.55641787886819","1.57916253447198","1.52003210528648","1.39201098734822","3.31756278823978","3.95440937584325","4.57729182218874","3.73603565842395","5.85365354996682","6.99412189485109","11.8330568374943","10.1832120347633","8.48670143944498","12.9150749330683",
"中国香港特别行政区","HKG","对外直接投资净流出（占 GDP 的百分比）","BM.KLT.DINV.WD.GD.ZS","","","","","","","","","","","","","","","","","","","","","0.284111994931033","0.0998221681319061","0.161034506262595","1.89251914433383","3.21084918623469","2.69189393013289","3.34019900974963","4.57895572105277","4.24235489490984","3.98312439288949","3.18216388321519","3.17558460733984","7.91579696975704","14.7173909709885","15.7843461122703","17.2828228803063","16.6110554291225","13.7616933109215","9.84432031048126","13.3952783508445","40.7669984240544","11.9748601137718","9.76776396648834","7.93090629402071","21.686000647035","18.6795673825115","24.5833334511422","32.088311345281","26.0300939713823","27.070300445045","43.0508043330449","38.5917866315641","33.5540895994695","30.2246653343849","48.3401041129192","25.3776953512224","23.5467346883503","29.8182653648236","20.7369883848508","10.4022602151502","24.1845697995372","25.3274100308885","33.1779024510167","25.2432365225511","19.1959682110431",
"中国香港特别行政区","HKG","商品与服务的进口和初次收入（国际收支平衡，现价美元）","BM.GSR.TOTL.CD","","","","","","","","","","","","","","","","","","","","","","","","","","","","","","","","","","","","","","","229059218454.122","221941585848.54","262211881663.457","244478162870.348","246974697000.643","268266861834.401","318051747414.306","364743367136.481","417143371718.931","480919889289.367","509711990273.276","459586360393.735","570834754985.309","648718433774.255","700819432634.703","756693422968.405","776294017430.643","757374596234.049","748748309096.195","808812977967.522","872850871414.751","834633074838.027","780528778446.107","921987106994.028","890010191378.738","897722084760.132","967012373435.69",
"中国香港特别行政区","HKG","保险与金融服务（占服务进口的百分比，BoP）","BM.GSR.INSF.ZS","","","","","","","","","","","","","","","","","","","","","","","","","","","","","","","","","","","","","","","4.1325404388261","4.22273079595614","3.47129247885305","3.63249451862255","4.14580146766013","3.7733837555","3.87817879585872","3.77875354729913","4.48018866140756","5.4850852475309","5.41753579191049","6.45486196631705","6.72684353467467","6.83253803718936","6.72933236464172","7.39022830826848","7.94712058084537","8.4538737164647","8.24044428735194","8.83875474926375","9.44180727338833","9.85695222856898","16.1296276097402","14.9920521661706","14.8705435509303","12.4021672362918","11.8772210778124",
"中国香港特别行政区","HKG","服务贸易额（占国民生产总值（GDP）比例）","BG.GSR.NFSV.GD.ZS","","","","","","","","","","","","","","","","","","","","","","","","","","","","","","","","","","","","","","","41.4591970072399","42.5527366777358","44.3145940872372","44.3874110618886","46.6677229903678","47.8713038227362","53.8518914903527","57.0765703594782","61.046036954912","62.9371037915018","64.99281150665","58.7615547305116","66.0165767560087","66.6210720449687","66.6804910225249","65.2796463312067","62.062068247546","57.6784970259385","53.9139930362355","53.2814989502112","53.8500757854312","50.3787763961882","35.3303501144572","38.1800217057181","40.7897357639139","46.2775715787785","48.8120283174467",
"中国香港特别行政区","HKG","食品生产指数（2014-2016 = 100）","AG.PRD.FOOD.XD","","129.37","159.2","145.52","114.22","109.55","129.96","143.41","158.99","171.62","182.05","192.57","200.72","167.48","164.49","150.65","161.49","181.27","183.68","203.52","137","221.96","214.45","213.59","199.26","207.26","189.99","193.93","197.24","178.19","154.62","134.52","95.32","103.79","72.09","82.65","84.8","88.49","92.92","102.88","103.52","104.26","95.83","110.92","103.43","107.74","110.25","114.49","97.59","114.5","101.31","92.89","96.84","104.29","97.05","96.64","106.3","99.93","97.27","191.92","219.98","162.56","141.66","","",
"中国香港特别行政区","HKG","Rural land area (sq. km)","AG.LND.TOTL.RU.K2","","","","","","","","","","","","","","","","","","","","","","","","","","","","","","","662.58723900153","","","","","","","","","","623.53623735349","","","","","","","","","","","","","","","591.19585189281","","","","","","","","","",
"中国香港特别行政区","HKG","森林面积（占土地面积的百分比）","AG.LND.FRST.ZS","","","","","","","","","","","","","","","","","","","","","","","","","","","","","","","","","","","","","","","","","","","","","","","","","","","","","","","","","","","","","","","","","",
"中国香港特别行政区","HKG","Urban land area where elevation is below 5 meters (sq. km)","AG.LND.EL5M.UR.K2","","","","","","","","","","","","","","","","","","","","","","","","","","","","","","","63.5697105276","","","","","","","","","","68.7415374353","","","","","","","","","","","","","","","72.4929291643","","","","","","","","","",
"中国香港特别行政区","HKG","谷物耕地（公顷）","AG.LND.CREL.HA","","14821","11295","7877","8638","8538","9469","6309","9955","8067","6861","4653","3803","3144","1906","1975","1829","733","186","66","33","20","13","9","11","6","5","4","1","1","1","0","0","0","0","0","0","0","0","0","0","0","0","0","0","0","0","0","0","0","0","0","0","0","0","0","0","0","0","0","0","0","0","0","",
"中国香港特别行政区","HKG","农业用地（占土地面积的百分比）","AG.LND.AGRI.ZS","","13.7254901960784","13.7254901960784","13.7254901960784","12.7450980392157","12.7450980392157","12.7450980392157","12.7450980392157","12.7450980392157","12.7450980392157","12.7450980392157","11.7647058823529","11.7647058823529","11.7647058823529","11.7647058823529","9.9009900990099","9.9009900990099","9","8","8","9","9","9.09090909090909","9.09090909090909","9.09090909090909","9.09090909090909","9.09090909090909","9.09090909090909","9.09090909090909","8.08080808080808","8.08080808080808","8.08080808080808","8.08080808080808","8.08080808080808","8.08080808080808","7.61904761904762","7.61904761904762","6.66666666666667","6.66666666666667","6.66666666666667","6.66666666666667","6.66666666666667","6.66666666666667","6.66666666666667","6.66666666666667","6.66666666666667","5.71428571428571","5.71428571428571","5.71428571428571","5.71428571428571","5.23809523809524","5.23809523809524","4.85714285714286","4.85714285714286","4.85714285714286","4.85714285714286","4.76190476190476","4.85714285714286","4.76190476190476","4.76190476190476","3.80952380952381","3.80952380952381","3.80952380952381","3.80952380952381","",
"中国香港特别行政区","HKG","Mobile cellular subscriptions","IT.CEL.SETS","0","","","","","0","","","","","0","","","","","0","0","0","0","0","0","0","0","0","1000","4400","10000","28060","51280","89193","133912","189664","233324","290843","484823","798373","1361861","2229862","3174369","4275048","5447350","5776360","6395730","7349200","8213960","8544260","9444140","10751600","11580100","12597200","13793700","15292900","16387500","16973100","16959500","16724400","17585000","18394800","19898800","21455700","21865200","23939700","21860800","23779100","",
"中国香港特别行政区","HKG","铁路客运量 （百万乘客-公里）","IS.RRS.PASG.KM","","","","","","","","","","","","","","","","","","","","","","","","","","","","","","","","","","","","","","","","","","","","","","","","","","","","","","","","","","","","","","","","","",
"中国香港特别行政区","HKG","航空运输量，注册承运人全球出港量","IS.AIR.DPRT","","","","","","","","","","","","","","","","","","","","","","","","","","","","","","","","124500","147100","167200","181500","193700","195200","224800","234700","72400","79182","85003","91096","87070","111136","122705","130014","141372","144039","149809","158255","173112","185506.37822568","199639","215562","228582","235581","243518","245146","242173","70874","55653","55658","143874","",
"中国香港特别行政区","HKG","Statistical performance indicators (SPI): Pillar 2 data services score (scale 0-100)","IQ.SPI.PIL2","","","","","","","","","","","","","","","","","","","","","","","","","","","","","","","","","","","","","","","","","","","","","","","","","","","","","","","","","","","","","","","","","",
"中国香港特别行政区","HKG","国家政策和制度评估 (CPIA) 贸易评级（1=低至 6=高）","IQ.CPA.TRAD.XQ","","","","","","","","","","","","","","","","","","","","","","","","","","","","","","","","","","","","","","","","","","","","","","","","","","","","","","","","","","","","","","","","","",
"中国香港特别行政区","HKG","国家政策和制度评估 (CPIA) 公共部门管理和机构集群平均值（1=低至 6=高）","IQ.CPA.PUBS.XQ","","","","","","","","","","","","","","","","","","","","","","","","","","","","","","","","","","","","","","","","","","","","","","","","","","","","","","","","","","","","","","","","","",
"中国香港特别行政区","HKG","国家政策和制度评估 (CPIA) 公共管理质量评级（1=低至 6=高）","IQ.CPA.PADM.XQ","","","","","","","","","","","","","","","","","","","","","","","","","","","","","","","","","","","","","","","","","","","","","","","","","","","","","","","","","","","","","","","","","",
"中国香港特别行政区","HKG","国家政策和制度评估 (CPIA) 性别平等评级（1=低至 6=高）","IQ.CPA.GNDR.XQ","","","","","","","","","","","","","","","","","","","","","","","","","","","","","","","","","","","","","","","","","","","","","","","","","","","","","","","","","","","","","","","","","",
"中国香港特别行政区","HKG","国家政策和制度评估 (CPIA) 环境可持续性政策和制度评级（1=低至 6=高）","IQ.CPA.ENVR.XQ","","","","","","","","","","","","","","","","","","","","","","","","","","","","","","","","","","","","","","","","","","","","","","","","","","","","","","","","","","","","","","","","","",
"中国香港特别行政区","HKG","Trademark applications, resident, by count","IP.TMK.RSCT","","","","","","","","","","","","","","","","","","","","","","","","","","","","","","","","","","","","","","","","","","","","","13849","","14315","14815","15221","16871","19839","22317","25163","25684","29448","28916","27064","29536","31718","29179","29657","31154","","","",
"中国香港特别行政区","HKG","科技期刊文章","IP.JRN.ARTC.SC","","","","","","","","","","","","","","","","","","","","","","","","","","","","","","","","","","","","","","","","","","","","","","","","","","","","","","","","","","","","","","","","","",
"中国香港特别行政区","HKG","Public private partnerships investment in transport (current US$)","IE.PPN.TRAN.CD","","","","","","","","","","","","","","","","","","","","","","","","","","","","","","","","","","","","","","","","","","","","","","","","","","","","","","","","","","","","","","","","","",
"中国香港特别行政区","HKG","私营部门参与的交通运输投资（现价美元）","IE.PPI.TRAN.CD","","","","","","","","","","","","","","","","","","","","","","","","","","","","","","","","","","","","","","","","","","","","","","","","","","","","","","","","","","","","","","","","","",
"中国香港特别行政区","HKG","在与税务官会面时被期待送礼的企业（占企业的百分比）","IC.TAX.GIFT.ZS","","","","","","","","","","","","","","","","","","","","","","","","","","","","","","","","","","","","","","","","","","","","","","","","","","","","","","","","","","","","","","","","0","",
"中国香港特别行政区","HKG","Firms filling taxes electronically (% of firms)","IC.FRM.TAXE.ZS","","","","","","","","","","","","","","","","","","","","","","","","","","","","","","","","","","","","","","","","","","","","","","","","","","","","","","","","","","","","","","","","61.91091537","",
"中国香港特别行政区","HKG","Firms where largest owner is also the top manager (% of firms)","IC.FRM.LOTM.ZS","","","","","","","","","","","","","","","","","","","","","","","","","","","","","","","","","","","","","","","","","","","","","","","","","","","","","","","","","","","","","","","","83.26031494","",
"中国香港特别行政区","HKG","有女高管企业的百分比（​​企业报告平均）","IC.FRM.FEMM.ZS","","","","","","","","","","","","","","","","","","","","","","","","","","","","","","","","","","","","","","","","","","","","","","","","","","","","","","","","","","","","","","","","43.64096451","",
"中国香港特别行政区","HKG","Firms that are partially credit constrained (% of firms)","IC.FRM.CRDC.PT.ZS","","","","","","","","","","","","","","","","","","","","","","","","","","","","","","","","","","","","","","","","","","","","","","","","","","","","","","","","","","","","","","","","2.278786898","",
"中国香港特别行政区","HKG","Firms competing against unregistered firms (% of firms)","IC.FRM.CMPU.ZS","","","","","","","","","","","","","","","","","","","","","","","","","","","","","","","","","","","","","","","","","","","","","","","","","","","","","","","","","","","","","","","","25.31655693","",
"中国香港特别行政区","HKG","Firms with a bank loan/line of credit (% of firms)","IC.FRM.BNKL.ZS","","","","","","","","","","","","","","","","","","","","","","","","","","","","","","","","","","","","","","","","","","","","","","","","","","","","","","","","","","","","","","","","14.92813778","",
"中国香港特别行政区","HKG","Average time to clear imports through customs (days)","IC.CUS.DURS.IM","","","","","","","","","","","","","","","","","","","","","","","","","","","","","","","","","","","","","","","","","","","","","","","","","","","","","","","","","","","","","","","","2.2396245","",
"中国香港特别行政区","HKG","B-READY: Utility Services Pillar 3: Operational Efficiency of Utility Service Provision","IC.BRE.US.P3","","","","","","","","","","","","","","","","","","","","","","","","","","","","","","","","","","","","","","","","","","","","","","","","","","","","","","","","","","","","","","","","","86.5",
"中国香港特别行政区","HKG","B-READY: Taxation Pillar 3: Operational Efficiency of Tax Systems in Practice","IC.BRE.TX.P3","","","","","","","","","","","","","","","","","","","","","","","","","","","","","","","","","","","","","","","","","","","","","","","","","","","","","","","","","","","","","","","","","85.75",
"中国香港特别行政区","HKG","B-READY: Pillar 3: Operational Efficiency","IC.BRE.P3.OE","","","","","","","","","","","","","","","","","","","","","","","","","","","","","","","","","","","","","","","","","","","","","","","","","","","","","","","","","","","","","","","","","78.5174073159695",
"中国香港特别行政区","HKG","B-READY: Market Competition Pillar 2: Public Services that Promote Market Competition","IC.BRE.MC.P2","","","","","","","","","","","","","","","","","","","","","","","","","","","","","","","","","","","","","","","","","","","","","","","","","","","","","","","","","","","","","","","","","71.4902980923653",
"中国香港特别行政区","HKG","B-READY: Labor Pillar 2: Adequacy of Public Services for Labor","IC.BRE.LB.P2","","","","","","","","","","","","","","","","","","","","","","","","","","","","","","","","","","","","","","","","","","","","","","","","","","","","","","","","","","","","","","","","","54.1666666666666",
"中国香港特别行政区","HKG","B-READY: International Trade Pillar 2: Quality of Public Services for the Facilitation of International Trade","IC.BRE.IT.P2","","","","","","","","","","","","","","","","","","","","","","","","","","","","","","","","","","","","","","","","","","","","","","","","","","","","","","","","","","","","","","","","","89.5634921573809",
"中国香港特别行政区","HKG","B-READY: Financial Services Pillar 2: Accessibility of Information in Credit Infrastructure","IC.BRE.FS.P2","","","","","","","","","","","","","","","","","","","","","","","","","","","","","","","","","","","","","","","","","","","","","","","","","","","","","","","","","","","","","","","","","51.6666657924652",
"中国香港特别行政区","HKG","B-READY: Dispute Resolution Pillar 2: Public Services for Dispute Resolution","IC.BRE.DR.P2","","","","","","","","","","","","","","","","","","","","","","","","","","","","","","","","","","","","","","","","","","","","","","","","","","","","","","","","","","","","","","","","","76.6964416503906",
"中国香港特别行政区","HKG","B-READY: Business Location Pillar 2: Quality of Public Services and Transparency of Information for Business Location","IC.BRE.BL.P2","","","","","","","","","","","","","","","","","","","","","","","","","","","","","","","","","","","","","","","","","","","","","","","","","","","","","","","","","","","","","","","","","53.300000578165",
"中国香港特别行政区","HKG","B-READY: Business Insolvency Pillar 2: Quality of Institutional and Operational Infrastructure for Judicial Insolvency Proceedings","IC.BRE.BI.P2","","","","","","","","","","","","","","","","","","","","","","","","","","","","","","","","","","","","","","","","","","","","","","","","","","","","","","","","","","","","","","","","","26.66667",
"中国香港特别行政区","HKG","B-READY: Business Entry Pillar 2: Digital Public Services and Transparency of Information for Business Entry","IC.BRE.BE.P2","","","","","","","","","","","","","","","","","","","","","","","","","","","","","","","","","","","","","","","","","","","","","","","","","","","","","","","","","","","","","","","","","65.3333327770233",
"中国香港特别行政区","HKG","人力资本指数，女性，上界 (数值范围 0-1)","HD.HCI.OVRL.UB.FE","","","","","","","","","","","","","","","","","","","","","","","","","","","","","","","","","","","","","","","","","","","","","","","","","","","0.811656177043915","","","","","","","0.847","0.862000346183777","","0.859379291534424","","","","",
"中国香港特别行政区","HKG","人力资本指数，女性，下界 (数值范围 0-1)","HD.HCI.OVRL.LB.FE","","","","","","","","","","","","","","","","","","","","","","","","","","","","","","","","","","","","","","","","","","","","","","","","","","","0.789955615997314","","","","","","","0.82","0.835835099220276","","0.8364297747612","","","","",
"中国香港特别行政区","HKG","Primary government expenditures as a proportion of original approved budget (%)","GF.XPD.BUDG.ZS","","","","","","","","","","","","","","","","","","","","","","","","","","","","","","","","","","","","","","","","","","","","","","","","","","","","","","","","","","","","","","","","","",
"中国香港特别行政区","HKG","Government Effectiveness: Percentile Rank","GE.PER.RNK","","","","","","","","","","","","","","","","","","","","","","","","","","","","","","","","","","","","","83.606559753418","","83.606559753418","","86.8852462768555","","87.0270233154297","90.2702713012695","91.5422897338867","91.6666641235352","98.0487823486328","97.0873794555664","97.5728149414062","95.2153091430664","93.7799072265625","93.8388595581055","96.6824645996094","95.2606658935547","97.5961532592773","99.0476226806641","95.7142868041992","97.1428604125977","97.6190490722656","96.1904754638672","94.2857131958008","93.3333358764648","95.7547149658203","92.9245300292969","",
"中国香港特别行政区","HKG","补贴和其它拨款（现值本币）","GC.XPN.TRFT.CN","","","","","","","","","","","","","","","","","","","","","","","","","","","","","","","","","","","","","","","","","","","","","","","","","","","","","","","","","","","","","","","","","",
"中国香港特别行政区","HKG","其他支出（现价本币单位）","GC.XPN.OTHR.CN","","","","","","","","","","","","","","","","","","","","","","","","","","","","","","","","","","","","","","","","","","","","","","","","","","","","","","","","","","","","","","","","","",
"中国香港特别行政区","HKG","货物和服务支出（占支出的百分比）","GC.XPN.GSRV.ZS","","","","","","","","","","","","","","","","","","","","","","","","","","","","","","","","","","","","","","","","","","","","","","","","","","","","","","","","","","","","","","","","","",
"中国香港特别行政区","HKG","所得税、利润税和资本收益税（占总税收比例）","GC.TAX.YPKG.ZS","","","","","","","","","","","","","","","","","","","","","","","","","","","","","","","","","","","","","","","","","","","","","","","","","","","","","","","","","","","","","","","","","",
"中国香港特别行政区","HKG","税收（现值本币）","GC.TAX.TOTL.CN","","","","","","","","","","","","","","","","","","","","","","","","","","","","","","","","","","","","","","","","","","","","","","","","","","","","","","","","","","","","","","","","","",
"中国香港特别行政区","HKG","国际贸易税（现值本币）","GC.TAX.INTT.CN","","","","","","","","","","","","","","","","","","","","","","","","","","","","","","","","","","","","","","","","","","","","","","","","","","","","","","","","","","","","","","","","","",
"中国香港特别行政区","HKG","货物和服务税收（占总税收比例）","GC.TAX.GSRV.RV.ZS","","","","","","","","","","","","","","","","","","","","","","","","","","","","","","","","","","","","","","","","","","","","","","","","","","","","","","","","","","","","","","","","","",
"中国香港特别行政区","HKG","收入，不包括捐赠（占GDP的比例）","GC.REV.XGRT.GD.ZS","","","","","","","","","","","","","","","","","","","","","","","","","","","","","","","","","","","","","","","","","","","","","","","","","","","","","","","","","","","","","","","","","",
"中国香港特别行政区","HKG","赠款和其他收入（占收入的百分比）","GC.REV.GOTR.ZS","","","","","","","","","","","","","","","","","","","","","","","","","","","","","","","","","","","","","","","","","","","","","","","","","","","","","","","","","","","","","","","","","",
"中国香港特别行政区","HKG","Net investment in nonfinancial assets (% of GDP)","GC.NFN.TOTL.GD.ZS","","","","","","","","","","","","","","","","","","","","","","","","","","","","","","","","","","","","","","","","","","","","","","","","","","","","","","","","","","","","","","","","","",
"中国香港特别行政区","HKG","中央政府债务，总额（占 GDP 的百分比）","GC.DOD.TOTL.GD.ZS","","","","","","","","","","","","","","","","","","","","","","","","","","","","","","","","","","","","","","","","","","","","","","","","","","","","","","","","","","","","","","","","","",
"中国香港特别行政区","HKG","研发支出（占GDP的比例）","GB.XPD.RSDV.GD.ZS","","","","","","","","","","","","","","","","","","","","","","","","","","","","","","","","","","","","","","","0.4283","0.45767","0.46493","0.53645","0.58147","0.68027","0.72176","0.77343","0.79468","0.75161","0.71996","0.77342","0.74946","0.72086","0.72733","0.73017","0.74014","0.76183","0.7915","0.83519","0.8633","0.92557","0.99236","0.97026","1.07288","1.10339","",
"中国香港特别行政区","HKG","Account ownership at a financial institution or with a mobile-money-service provider, primary education or less (% of population ages 15+)","FX.OWN.TOTL.PL.ZS","","","","","","","","","","","","","","","","","","","","","","","","","","","","","","","","","","","","","","","","","","","","","","","","","","","","79.2928076134232","","","92.710738155912","","","87.0591996972445","","","","96.1359607847227","","","93.4275524548894",
"中国香港特别行政区","HKG","Account ownership at a financial institution or with a mobile-money-service provider, richest 60% (% of population ages 15+)","FX.OWN.TOTL.60.ZS","","","","","","","","","","","","","","","","","","","","","","","","","","","","","","","","","","","","","","","","","","","","","","","","","","","","","","","97.6887507088126","","","97.2190840924705","","","","98.6919995434548","","","99.6574393780457",
"中国香港特别行政区","HKG","对国内经济其他部门债权（占 GDP 的百分比）","FS.AST.DOMO.GD.ZS","","","","","","","","","","","","","","","","","","","","","","","","","","","","","","","","","","","","","","","","","","","","","","","","","","","","","","","","","","","","","","","","","",
"中国香港特别行政区","HKG","利差（贷款利率减去存款利率，百分比）","FR.INR.LNDP","","","","","","","","","","","","","","","","","","","","","","","","","","","","","","","","","","","3.835","3.26833333333333","3.8775","2.91824166666666","3.27416666666666","4.00083333333333","4.47","4.46625","4.75916666666667","4.93333333333333","4.99583333333333","4.9475","5.21666666666667","5.13916666666667","4.86416666666667","4.98916666666667","4.99","4.99","4.99","4.99","4.99","4.99","4.99","4.99","4.9975","4.96583333333334","4.94166666666667","4.98","5.0525","5.28083333333333","5.20541666666666",
"中国香港特别行政区","HKG","按消费者价格指数衡量的通货膨胀（年通胀率）","FP.CPI.TOTL.ZG","","","","","","","","","","","","","","","","","","","","","","","10.9704641350212","9.8859315589355","8.65051903114184","3.50318471337575","3.38461538461534","5.65476190476196","7.8873239436618","10.1827676240209","10.4265402843602","11.1587982832617","9.65250965250966","8.80281690140857","8.73786407766985","9.07738095238091","6.27557980900412","5.77663671373521","2.91262135922399","-4.00943396226445","-3.68550368550369","-1.65816326530609","-2.98313878080415","-2.67379679144394","-0.274725274725253","0.826446280991827","2.00025160397534","2.03502713369511","4.30315484104921","0.579441418472608","2.29289088604673","5.3052489299392","4.05390950903844","4.33799342105267","4.42364532019699","2.99084819322581","2.40930743862224","1.49387243939522","2.40613432046534","2.88320853773996","0.2509620210808","1.56875834445922","1.88136707196853","2.09660511249089","1.72972119105914",
"中国香港特别行政区","HKG","广义货币（占 GDP 的百分比）","FM.LBL.BMNY.GD.ZS","","","","","","","","","","","","","","","","","","","","","","","","","","","","","","","","175.734574528219","163.288379407451","162.024232244088","160.585354691219","166.665654212562","169.832775135713","166.110526417948","193.768980529516","213.46813128096","224.385050279324","226.534329092191","231.958311065905","254.495800069468","262.821598558486","257.688533947066","276.872062745161","290.577753041637","289.017219457601","315.700700680129","315.264425681686","323.843597959089","336.252603827381","353.915337054349","363.365683969726","365.587623171606","375.038760169244","396.15178949102","386.098765724693","403.314068678555","454.703219307323","437.798213895319","461.609332570064","451.448686099923","453.8712379539",
"中国香港特别行政区","HKG","净外国资产（现价本币单位）","FM.AST.NFRG.CN","","","","","","","","","","","","","","","","","","","","","","","","","","","","","","","","482769200000","535467100000","608860500000","546959000000","648533600000","686137000000","575538000000","1089321000000","1498763000000","1807699000000","1878516000000","1998372000000","2212638000000","2455835000000","2488136000000","3072629000000","3597937000000","3474370000000","3844074000000","3784469000000","3974829000000","4447014000000","4866026000000","5064252000000","4991297000000","6552992841509.41","7475696342708.46","7855139236026.36","8147261151118.81","8459411340958.04","8597326163555.89","8784376218479.38","9368807483818.83","10535931240000",
"中国香港特别行政区","HKG","总储备减黄金（按现值美元计）","FI.RES.XGLD.CD","","","","","","","","","","","","","","","","","","","","","","","","","","","","","","","24568000000","28808000000","35174000000","42986000000","49251000000","55398000000","63808000000","92804000000","89650133683.4621","96236000000","107542000000","111155000000","111896000000","118360080000","123540000000","124244000000","133168000000","152637000000","182469000000","255768000000","","285295925220.272","317250784179.561","311128959200.802","328436153803.693","358701769814.908","386216675874.891","431355101570.678","424534054797.188","441247551235.762","491649018327.416","496745187429.408","423908382921.016","425415930233.182","",
"中国香港特别行政区","HKG","银行流动准备金对银行资产的比率（百分比）","FD.RES.LIQU.AS.ZS","","","","","","","","","","","","","","","","","","","","","","","","","","","","","","","","","","","","","","","","","","","","","","","","","3.47866805230215","9.29778411535417","7.27886316979835","6.52436572034729","7.22589481240931","6.28193796561097","6.31483718468737","7.84754949443334","7.34048272128673","6.35904757659782","5.86615441452845","6.10666109532574","7.62012048997919","7.01839992511715","6.50223095000433","6.32667542380105","6.0109810807924",
"中国香港特别行政区","HKG","商业银行分支机构 (每10万成年人)","FB.CBK.BRCH.P5","","","","","","","","","","","","","","","","","","","","","","","","","","","","","","","","","","","","","","","","","","","","","23.6538097232626","23.2902252333102","23.1151650395669","23.4991701751073","23.9044721048872","23.6283675147739","23.9364624050676","23.8990545026846","23.3709423290705","22.9674841313772","22.7207103267586","22.2788536754058","21.570585497901","21.1345265566761","21.2215172454196","20.9470397858761","20.1369127279607","19.6447268806984","18.9891518859772","18.1580591293256","",
"中国香港特别行政区","HKG","陆地及海洋保护区面积（占总领土面积比例）","ER.PTD.TOTL.ZS","","","","","","","","","","","","","","","","","","","","","","","","","","","","","","","","","","","","","","","","","","","","","","","","","","","","","","42.1","42.1","41.9","41.9","41.9","41.9","41.9","41.9","41.9","41.9","41.9","42",
"中国香港特别行政区","HKG","可再生内陆淡水资源总量（十亿立方米）","ER.H2O.INTR.K3","","","","","","","","","","","","","","","","","","","","","","","","","","","","","","","","","","","","","","","","","","","","","","","","","","","","","","","","","","","","","","","","","",
"中国香港特别行政区","HKG","年度淡水抽取量，工业用水（占淡水总抽取量的百分比）","ER.H2O.FWIN.ZS","","","","","","","","","","","","","","","","","","","","","","","","","","","","","","","","","","","","","","","","","","","","","","","","","","","","","","","","","","","","","","","","","",
"中国香港特别行政区","HKG","Total fisheries production (metric tons)","ER.FSH.PROD.MT","50450","54865","59480","61000","63820","66860","64550","68129","112182","117460","136337","128074","135397","128506","142471","151186","157256","158739","162943","189932","194684","182511","181167","189282","200392","198196","213557","228102","238168","242514","234495","230912","229516","226844","219976","203570","192274","194310","186439","133832","162000","179599","174092","162301","172159","166094","158661","158661","162880","163784","172348","174158","159323","173893","164686","149087","147033","131726","128432","126716.1","123262.7","119187.869","80561.198","88637.811","",
"中国香港特别行政区","HKG","人口超过100万的城市群中的人口。","EN.URB.MCTY","2611539","2696989","2781687","2861217","2938435","3015435","3093502","3172260","3250427","3325938","3397839","3466809","3537455","3610906","3696258","3799487","3924262","4067185","4218777","4365240","4496588","4608529","4703886","4788705","4871853","4959721","5112486","5343164","5514838","5647589","5753523","5844232","5918031","5983355","6055086","6140101","6241810","6356470","6473836","6579564","6663654","6722306","6759491","6782571","6802597","6827761","6860376","6898397","6940323","6983272","7025221","7065815","7106399","7148571","7194563","7245701","7302843","7364883","7428887","7490776","7547652","7598189","7643256","7684801","7725859",
"中国香港特别行政区","HKG","生活在海拔低于5米地区的人口 （占总人口的百分比）","EN.POP.EL5M.ZS","","","","","","","","","","","","","","","","","","","","","","","","","","","","","","","6.89605313159033","","","","","","","","","","7.15115555781751","","","","","","","","","","","","","","","7.28685820893967","","","","","","","","","",
"中国香港特别行政区","HKG","受到威胁的哺乳动物种类","EN.MAM.THRD.NO","","","","","","","","","","","","","","","","","","","","","","","","","","","","","","","","","","","","","","","","","","","","","","","","","","","","","","","","","","","4","","","","6","","",
"中国香港特别行政区","HKG","Nitrous oxide (N2O) emissions from Waste (Mt CO2e)","EN.GHG.N2O.WA.MT.CE.AR5","","","","","","","","","","","0.1044","0.1042","0.1043","0.1046","0.105","0.1056","0.106","0.1061","0.1058","0.1054","0.1049","0.1045","0.1042","0.1041","0.1042","0.1043","0.1044","0.1044","0.1043","0.1042","0.104","0.1038","0.1038","0.1039","0.1042","0.1045","0.1047","0.1047","0.1045","0.1041","0.1102","0.1115","0.1116","0.1144","0.1199","0.1244","0.1276","0.1312","0.138","0.1476","0.1574","0.1635","0.1648","0.1653","0.1652","0.1695","0.174","0.1783","0.1824","0.1824","0.1831","0.1751","0.1761","0.1757","0.1753",
"中国香港特别行政区","HKG","Nitrous oxide (N2O) emissions from Industrial Processes (Mt CO2e)","EN.GHG.N2O.IP.MT.CE.AR5","","","","","","","","","","","0.0633","0.0633","0.0712","0.074","0.0753","0.0774","0.0881","0.0962","0.1055","0.104","0.103","0.1187","0.1286","0.142","0.1475","0.148","0.1726","0.1677","0.1866","0.1906","0.1997","0.2295","0.2573","0.2711","0.2496","0.2473","0.2199","0.2108","0.3076","0.3648","0.3018","0.2667","0.2262","0.2302","0.1772","0.1878","0.1733","0.1755","0.1666","0.1895","0.1692","0.1756","0.1777","0.1693","0.1721","0.1656","0.1691","0.1695","0.1634","0.1625","0.1391","0.1332","0.1126","0.1267","0.133",
"中国香港特别行政区","HKG","Nitrous oxide (N2O) emissions from Agriculture (Mt CO2e)","EN.GHG.N2O.AG.MT.CE.AR5","","","","","","","","","","","0.0336","0.0374","0.0384","0.0303","0.0264","0.0263","0.029","0.0328","0.0352","0.039","0.0395","0.0357","0.0362","0.0381","0.0367","0.0362","0.0305","0.0316","0.0302","0.029","0.0267","0.023","0.0196","0.0141","0.0138","0.0142","0.0136","0.015","0.0142","0.0133","0.0141","0.0145","0.0139","0.0126","0.0125","0.0125","0.0127","0.0107","0.0107","0.0115","0.0121","0.0124","0.0124","0.0126","0.0127","0.0135","0.0135","0.0145","0.0146","0.0148","0.0155","0.015","0.0151","0.0152","0.0152",
"中国香港特别行政区","HKG","Carbon dioxide (CO2) emissions from Transport (Energy) (Mt CO2e)","EN.GHG.CO2.TR.MT.CE.AR5","","","","","","","","","","","1.2876","1.2876","1.4995","1.536","1.3767","1.4508","1.6237","1.6925","1.9144","2.7887","2.499","2.9498","3.1767","3.2147","3.0778","2.8443","3.6273","3.463","4.2168","4.1029","4.5873","5.5888","6.3595","7.1493","7.8695","7.5107","7.0581","7.1855","11.7566","15.288","11.5629","10.0948","7.9799","7.7416","5.2423","6.1153","5.4175","5.3762","5.3402","7.1419","6.5621","6.4113","6.3204","6.5081","6.5734","7.2854","7.721","8.3435","7.9346","8.1881","8.9087","7.957","5.9945","7.4118","8.412",
"中国香港特别行政区","HKG","Carbon dioxide (CO2) emissions excluding LULUCF per capita (t CO2e/capita)","EN.GHG.CO2.PC.CE.AR5","","","","","","","","","","","2.40628946703713","2.36449707067461","2.38893200116403","2.34298377970577","2.60130659235232","2.52577550654474","2.89566179725542","3.30916072168772","3.46457418318157","3.0672251861168","3.07256423930003","3.22959833314041","3.61935606420363","4.21937849619277","4.61694362622501","4.75482936842491","5.39289722332839","5.34204820356599","5.92691378207406","6.02754036087369","6.14327285476378","6.69278511821975","7.49809499181105","7.53496017624131","6.31918348411042","6.27467065187375","5.60891927589154","5.30257500809024","6.50592172624051","6.89319609475517","6.28672168042011","6.23399311916358","6.07216678281757","6.61398347893267","6.00745927618486","6.3120706863148","6.18806784209068","6.42411404941949","6.19885596021731","6.47451525929325","6.01174510976339","6.38924712936252","6.24424833219116","6.43354831520149","6.57781312677225","6.06825943247432","6.14445383420113","5.96964778445058","5.91190993747149","5.79498927796055","4.55312124047587","4.65895509301102","4.37404881501749","4.52746115364711","4.60070971943488",
"中国香港特别行政区","HKG","Carbon dioxide (CO2) net fluxes from LULUCF - Total excluding non-tropical fires (Mt CO2e)","EN.GHG.CO2.LU.MT.CE.AR5","","","","","","","","","","","","","","","","","","","","","","","","","","","","","","","","","","","","","","","","","","","","","","","","","","","","","","","","","","","","","","","","","",
"中国香港特别行政区","HKG","Carbon dioxide (CO2) emissions from Industrial Combustion (Energy) (Mt CO2e)","EN.GHG.CO2.IC.MT.CE.AR5","","","","","","","","","","","2.5397","2.5397","2.4394","2.117","3.5576","2.9922","3.8187","4.592","4.6527","2.68","2.2324","2.3196","2.9643","2.9873","3.3866","2.9148","3.2305","3.4697","4.1541","4.0045","3.0424","2.219","3.7649","3.0268","3.3555","2.9729","2.6881","2.6406","4.4356","5.885","4.2909","3.7751","2.9272","2.8978","1.8589","1.8065","1.8325","2.2483","2.5553","2.0998","1.8953","1.811","1.7624","1.8344","1.8216","2.1092","2.2609","2.5552","2.4439","2.5134","0.6027","0.5051","0.3914","0.4712","0.5337",
"中国香港特别行政区","HKG","Methane (CH4) emissions (total) excluding LULUCF (% change from 1990)","EN.GHG.CH4.ZG.AR5","","","","","","","","","","","","","","","","","","","","","","","","","","","","","","","","1.56778637022716","2.5434992750121","4.87252295795069","6.67895118414692","7.82382793620107","9.60608989850169","11.3188738521025","12.1495891735138","13.8140405993233","16.7411793136781","16.5418076365394","16.7351377477042","17.4329386176897","18.8315611406477","20.6772595456742","22.3235862735621","23.8883518608023","24.9305219913001","25.3564523924601","26.9665297245046","28.4225471242146","29.2925326244563","30.4555340744321","31.7000966650556","32.7754954084099","34.0291203479942","35.6996133397777","37.2130256162397","40.106935717738","43.6080231996133","42.9072015466409","45.2875785403577","46.9913001449976","48.6708554857419",
"中国香港特别行政区","HKG","Methane (CH4) emissions (total) excluding LULUCF (Mt CO2e)","EN.GHG.CH4.MT.CE.AR5","","","","","","","","","","","1.7136","1.9061","1.9475","1.9775","2.0196","2.0775","2.1606","2.2435","2.3485","2.4315","2.5009","2.5629","2.6175","2.6463","2.7092","2.7558","2.8608","2.9382","3.0647","3.202","3.3104","3.3623","3.3946","3.4717","3.5315","3.5694","3.6284","3.6851","3.7126","3.7677","3.8646","3.858","3.8644","3.8875","3.9338","3.9949","4.0494","4.1012","4.1357","4.1498","4.2031","4.2513","4.2801","4.3186","4.3598","4.3954","4.4369","4.4922","4.5423","4.6381","4.754","4.7308","4.8096","4.866","4.9216",
"中国香港特别行政区","HKG","Methane (CH4) emissions from Building (Energy) (Mt CO2e)","EN.GHG.CH4.BU.MT.CE.AR5","","","","","","","","","","","0.0099","0.0099","0.0084","0.0079","0.0089","0.0074","0.0086","0.0101","0.01","0.0088","0.009","0.008","0.0092","0.0084","0.0081","0.008","0.0082","0.0082","0.0081","0.0085","0.0083","0.0087","0.0087","0.009","0.0092","0.0089","0.0087","0.0079","0.0072","0.0077","0.0066","0.0073","0.0083","0.0087","0.0086","0.0067","0.0063","0.0056","0.0066","0.0062","0.0055","0.0061","0.0057","0.0048","0.0064","0.0056","0.005","0.005","0.0054","0.0049","0.0054","0.0054","0.0052","0.0055","0.006",
"中国香港特别行政区","HKG","Total greenhouse gas emissions including LULUCF (Mt CO2e)","EN.GHG.ALL.LU.MT.CE.AR5","","","","","","","","","","","","","","","","","","","","","","","","","","","","","","","","","","","","","","","","","","","","","","","","","","","","","","","","","","","","","","","","","",
"中国香港特别行政区","HKG","受胁鸟类","EN.BIR.THRD.NO","","","","","","","","","","","","","","","","","","","","","","","","","","","","","","","","","","","","","","","","","","","","","","","","","","","","","","","","","","","21","","","","21","","",
"中国香港特别行政区","HKG","PM2.5 pollution, population exposed to levels exceeding WHO Interim Target-1 value (% of total)","EN.ATM.PM25.MC.T1.ZS","","","","","","","","","","","","","","","","","","","","","","","","","","","","","","","","","","","","","","","","","","","","","","","","","","","","","","","","","","","","","","","","","",
"中国香港特别行政区","HKG","可燃性再生资源和废弃物（占能源总量的百分比）","EG.USE.CRNW.ZS","","","","","","","","","","","","","","","","","","","","","","","","","","","","","","","0.117674627108974","0.119947340192111","0.0953908858344532","0.109596608742334","0.0918590698576501","0.0871286956180798","0.0806888951088099","0.0783054514957963","0.0503961647972783","0.0418702234690916","0.031084284022509","-0.0261825798568685","0.0450416635387734","0.0430574274062274","0.0475128197699685","0.0404198399374338","0.13863470488779","0.422648133613525","0.486047951198089","0.47996083868253","0.506346575926341","0.615360648076023","0.497033086877743","0.528676007597863","0.520692359477262","0.672363550699146","0.719542595482881","0.811235201139984","0.781745122662916","0.982894683317738","0.887132242309208","0.970072875929743","1.17068067608885","","",
"中国香港特别行政区","HKG","能源净进口（占能源使用量的百分比）","EG.IMP.CONS.ZS","","","","","","","","","","","","","","","","","","","","","","","","","","","","","","","127.266128046295","121.39036520552","125.43467892295","138.018439852178","137.007269867454","144.105199187089","148.173894409069","150.523928338928","144.290769496675","141.495054174325","140.762477214713","149.578854058642","166.610028910889","162.64855687606","203.442168593254","182.173158594292","193.814434880198","193.806449434979","185.88489775875","209.037278690779","234.044423378603","207.103744535007","202.986835664786","209.129123576926","200.947864831665","203.741968587536","202.968093657828","230.018642326729","226.605754647412","220.536719141955","191.265441386389","181.84809194587","175.706507863695","","",
"中国香港特别行政区","HKG","可再生能源发电量，不包括水电（占总发电量的比例）","EG.ELC.RNWX.ZS","","","","","","","","","","","","","","","","","","","","","","","","","","","","","","","0","0","0","0","0","0","0","0","0","0","0","0","0","0","0.201982117849833","0.187251306858079","0.212341714788824","0.272129800780448","0.165815655103437","0.193096147888051","0.213355941046041","0.227818298144594","0.220655703902263","0.196603927986907","0.227673082231312","0.202520986289834","0.376313725490196","0.387134250128333","0.393265495924285","0.42231248307609","0.548106448311157","0.836701654029843","","","",
"中国香港特别行政区","HKG","核能发电量（占总发电量的比例）","EG.ELC.NUCL.ZS","","","","","","","","","","","","","","","","","","","","","","","","","","","","","","","0","0","0","0","0","0","0","0","0","0","0","0","0","0","0","0","0","0","0","0","0","0","0","0","0","0","0","0","0","0","0","0","","","",
"中国香港特别行政区","HKG","石油、天然气和煤炭能源的发电量（占总发电量的比例）","EG.ELC.FOSL.ZS","","","","","","","","","","","","","","","","","","","","","","","","","","","","","","","100","100","100","100","100","100","100","100","100","100","100","100","100","100","100","100","99.9974104668928","99.899876771411","99.8973522135074","99.8941443767427","99.8930481283422","99.8797184900832","99.8840146399299","99.8977086743044","99.8820606760182","99.8000052630194","99.7516339869281","99.7406316699538","99.731932819082","99.6344435418359","99.5195041510292","99.2876608834084","99.0774856636286","","",
"中国香港特别行政区","HKG","Access to electricity, rural (% of rural population)","EG.ELC.ACCS.RU.ZS","","","","","","","","","","","","","","","","","","","","","","","","","","","","","","","100","100","100","100","100","100","100","100","100","100","100","100","100","100","100","100","100","100","100","100","100","100","100","100","100","100","100","100","100","100","100","100","100","100","",
"中国香港特别行政区","HKG","Access to clean fuels and technologies for cooking, rural (% of rural population)","EG.CFT.ACCS.RU.ZS","","","","","","","","","","","","","","","","","","","","","","","","","","","","","","","","","","","","","","","","","","","","","","","","","","","","","","","","","","","","","","","","","",
"中国香港特别行政区","HKG","公共和公共担保债务服务（占GNI的比例）","DT.TDS.DPPG.GN.ZS","","","","","","","","","","","","","","","","","","","","","","","","","","","","","","","","","","","","","","","","","","","","","","","","","","","","","","","","","","","","","","","","","",
"中国香港特别行政区","HKG","偿还债务总量（占国民总收入（GNI）比例）","DT.TDS.DECT.GN.ZS","","","","","","","","","","","","","","","","","","","","","","","","","","","","","","","","","","","","","","","","","","","","","","","","","","","","","","","","","","","","","","","","","",
"中国香港特别行政区","HKG","已收到的人均官方发展援助（ODA）净额（现价美元）","DT.ODA.ODAT.PC.ZS","1.88378072007149","1.61611056644648","0.577877274180503","1.59314794623203","0.0798949954893834","1.18124461491426","0.680459524672919","0.711829831139849","0.347121795685195","0.333859562062432","0.356150534635363","0.897337679391126","0.700843948225863","0.214541688567061","0.235277986977425","-0.255513713845905","0.593182839034351","0.451600221053472","0.503481500724707","2.41596848640122","2.15085626263017","1.83663241458573","1.50631585684084","1.64262590652583","2.54728690787158","3.75352801257951","3.34322834474071","3.47459894089211","3.92707377593818","7.14361065947114","6.68945566612536","6.27086225570657","-6.72355831393845","5.12963912180371","4.45206628214093","2.8800700999393","2.0511226492526","","","","","","","","","","","","","","","","","","","","","","","","","","","","",
"中国香港特别行政区","HKG","已收到的官方发展援助（ODA）净额（占总资本形成的百分比）","DT.ODA.ODAT.GI.ZS","1.59415389571973","1.54281517804336","0.416458835295944","0.840879409288623","0.0350100720915006","0.500154035736291","0.358869482373636","0.48942402146929","0.29240379756739","0.247270958400366","0.181798786788579","0.333149617893316","0.21611473650329","0.0495222072007226","0.045365286642553","-0.0494427481272686","0.082001648954652","0.0496518815022532","0.0446606492324233","0.162008220373205","0.108257842373347","0.0877379799802028","0.0792610462349613","0.110078284530943","0.168035733825208","0.26682256335275","0.191896301479059","0.14693518748817","0.130550924745919","0.2226292706331","0.182566658361869","0.150609836615423","-0.132740052501055","0.0922968166808183","0.0630503313322643","0.0357443194946292","0.0259888886604403","","","","","","","","","","","","","","","","","","","","","","","","","","","","",
"中国香港特别行政区","HKG","已收到的净官方发展援助和官方援助（2018年不变价美元）","DT.ODA.ALLD.KD","48961124.420166","39841770.1721191","14209692.9550171","39816009.5214844","2121990.91911316","28268030.166626","18800977.7069092","20509443.2830811","9501012.80212402","7721899.98626709","11173810.005188","27395391.4642334","19547611.2365723","3622277.02140808","3434807.06214905","-6818233.96682739","10438415.5273438","7795221.80557251","6661307.81173706","31575025.5584717","26461057.6629639","23386373.5198975","20599014.2822266","23013446.8078613","37391178.1311035","61903495.7885742","46604740.1428223","41107006.072998","39965995.7885742","70758239.7460938","57752124.786377","53581138.6108398","-57281322.479248","41732849.1210938","35554916.3818359","19394252.7770996","13994491.5771484","11630000.1144409","9159999.84741211","4190000.05722046","5289999.96185303","4409999.84741211","5260000.22888184","6460000.03814697","8729999.54223633","","","","","","","","","","","","","","","","","","","","",
"中国香港特别行政区","HKG","来自联合国机构的净官方流动，WFP（现价美元）","DT.NFL.WFPG.CD","","","","","","","","","","","","","","","","","","","","","","","","","","","","","","","","","","","","","","","","","","","","","","","","","","","","","","","","","","","","","","","","","",
"中国香港特别行政区","HKG","来自联合国机构的净官方流动，UNRWA（现价美元）","DT.NFL.UNRW.CD","","","","","","","","","","","","","","","","","","","","","","","","","","","","","","","","","","","","","","","","","","","","","","","","","","","","","","","","","","","","","","","","","",
"中国香港特别行政区","HKG","来自联合国机构的净官方流动，UNFPA（现价美元）","DT.NFL.UNFP.CD","","","","","","","","","","","","","","","","","","","","","","39999.9991059303","29999.9993294477","19999.9995529652","50000.0007450581","29999.9993294477","39999.9991059303","39999.9991059303","19999.9995529652","29999.9993294477","","200000.002980232","","","","","","","","","","","","","","","","","","","","","","","","","","","","","","","","","",
"中国香港特别行政区","HKG","Net official flows from UN agencies, UNCOVID (current US$)","DT.NFL.UNCV.CD","","","","","","","","","","","","","","","","","","","","","","","","","","","","","","","","","","","","","","","","","","","","","","","","","","","","","","","","","","","","","","","","","",
"中国香港特别行政区","HKG","Net official flows from UN agencies, UNCDF (current US$)","DT.NFL.UNCD.CD","","","","","","","","","","","","","","","","","","","","","","","","","","","","","","","","","","","","","","","","","","","","","","","","","","","","","","","","","","","","","","","","","",
"中国香港特别行政区","HKG","净金融流动，RDB非优惠（NFL，现价美元）","DT.NFL.RDBN.CD","","","","","","","","","","","","","","","","","","","","","","","","","","","","","","","","","","","","","","","","","","","","","","","","","","","","","","","","","","","","","","","","","",
"中国香港特别行政区","HKG","PNG，商业银行和其他债权人（NFL，现价美元）","DT.NFL.PNGC.CD","","","","","","","","","","","","","","","","","","","","","","","","","","","","","","","","","","","","","","","","","","","","","","","","","","","","","","","","","","","","","","","","","",
"中国香港特别行政区","HKG","PPG，债券（NFL，现价美元）","DT.NFL.PBND.CD","","","","","","","","","","","","","","","","","","","","","","","","","","","","","","","","","","","","","","","","","","","","","","","","","","","","","","","","","","","","","","","","","",
"中国香港特别行政区","HKG","净金融流动，多边（NFL，现价美元）","DT.NFL.MLAT.CD","","","","","","","","","","","","","","","","","","","","","","","","","","","","","","","","","","","","","","","","","","","","","","","","","","","","","","","","","","","","","","","","","",
"中国香港特别行政区","HKG","净金融流动，IMF优惠贷款（NFL，现价美元）","DT.NFL.IMFC.CD","","","","","","","","","","","","","","","","","","","","","","","","","","","","","","","","","","","","","","","","","","","","","","","","","","","","","","","","","","","","","","","","","",
"中国香港特别行政区","HKG","Net official flows from UN agencies, FAO (current US$)","DT.NFL.FAOG.CD","","","","","","","","","","","","","","","","","","","","","","","","","","","","","","","","","","","","","","","","","","","","","","","","","","","","","","","","","","","","","","","","","",
"中国香港特别行政区","HKG","净金融流动，双边（NFL，现价美元）","DT.NFL.BLAT.CD","","","","","","","","","","","","","","","","","","","","","","","","","","","","","","","","","","","","","","","","","","","","","","","","","","","","","","","","","","","","","","","","","",
"中国香港特别行政区","HKG","国际复兴开发银行（IBRD ）贷款和国际开发协会（ IDA ）信贷（DOD，现价美元）","DT.DOD.MWBG.CD","","","","","","","","","","","","","","","","","","","","","","","","","","","","","","","","","","","","","","","","","","","","","","","","","","","","","","","","","","","","","","","","","",
"中国香港特别行政区","HKG","短期债（在商品与服务的出口和初次收入中所占%）","DT.DOD.DSTC.XP.ZS","","","","","","","","","","","","","","","","","","","","","","","","","","","","","","","","","","","","","","","","","","","","","","","","","","","","","","","","","","","","","","","","","",
"中国香港特别行政区","HKG","私人无担保 (PNG) 外债存量（DOD，现价美元）","DT.DOD.DPNG.CD","","","","","","","","","","","","","","","","","","","","","","","","","","","","","","","","","","","","","","","","","","","","","","","","","","","","","","","","","","","","","","","","","",
"中国香港特别行政区","HKG","外债总额存量（DOD，现价美元）","DT.DOD.DECT.CD","","","","","","","","","","","","","","","","","","","","","","","","","","","","","","","","","","","","","","","","","","","","","","","","","","","","","","","","","","","","","","","","","",
"中国香港特别行政区","HKG","Net ODA provided to the least developed countries (% of GNI)","DC.ODA.TLDC.GN.ZS","","","","","","","","","","","","","","","","","","","","","","","","","","","","","","","","","","","","","","","","","","","","","","","","","","","","","","","","","","","","","","","","","",
"中国香港特别行政区","HKG","来自DAC捐助国的双边援助净流量，瑞典（现价美元）","DC.DAC.SWEL.CD","","","","","","","","","","","","","","","","","","","","","","","","","","","","","","","","140000.000596046","","649999.976158142","","180000.007152557","270000.010728836","","","","","","","","","","","","","","","","","","","","","","","","","","","","",
"中国香港特别行政区","HKG","Net bilateral aid flows from DAC donors, Poland (current US$)","DC.DAC.POLL.CD","","","","","","","","","","","","","","","","","","","","","","","","","","","","","","","","","","","","","","","","","","","","","","","","","","","","","","","","","","","","","","","","","",
"中国香港特别行政区","HKG","来自DAC捐助国的双边援助净流量，卢森堡（现价美元）","DC.DAC.LUXL.CD","","","","","","","","","","","","","","","","","","","","","","","","","","","","","","","","","","","","","","","","","","","","","","","","","","","","","","","","","","","","","","","","","",
"中国香港特别行政区","HKG","来自DAC捐助国的双边援助净流量，意大利（现价美元）","DC.DAC.ITAL.CD","","","","","","","","9999.99977648258","","","","","","9999.99977648258","","9999.99977648258","","","","","","9999.99977648258","","19999.9995529652","19999.9995529652","9999.99977648258","50000.0007450581","70000.0002980232","","","","","","","","70000.0002980232","50000.0007450581","","","","","","","","","","","","","","","","","","","","","","","","","","","","",
"中国香港特别行政区","HKG","Women who believe a husband is justified in beating his wife when she argues with him (%)","SG.VAW.ARGU.ZS","","","","","","","","","","","","","","","","","","","","","","","","","","","","","","","","","","","","","","","","","","","","","","","","","","","","","","","","","","","","","","","","","",
"中国香港特别行政区","HKG","Women Business and the Law Index Score (scale 1-100)","SG.LAW.INDX","","","","","","","","","","","59.375","59.375","59.375","68.75","68.75","68.75","68.75","68.75","68.75","68.75","68.75","68.75","71.875","71.875","71.875","71.875","71.875","74.375","74.375","74.375","74.375","74.375","74.375","74.375","74.375","74.375","86.875","86.875","86.875","86.875","86.875","86.875","86.875","86.875","86.875","86.875","86.875","86.875","86.875","86.875","86.875","86.875","86.875","86.875","86.875","89.375","89.375","89.375","89.375","89.375","89.375","91.875","91.875","91.875","",
"中国香港特别行政区","HKG","教育公共开支总额，总数（占GDP的比例）","SE.XPD.TOTL.GD.ZS","","","","","","","","","","","","2.36814999580383","2.29560995101929","2.1833701133728","2.36029005050659","2.44919991493225","2.43336009979248","2.21923995018005","2.32255005836487","","2.19214010238648","2.27172994613648","1.66982996463776","2.57859992980957","2.58169007301331","2.55896997451782","","","","","2.46608996391296","","2.82820010185242","","","","2.72831010818481","","","","","3.90370011329651","4.01554012298584","4.28529977798462","4.5589599609375","4.13463020324707","3.84278988838196","3.45455002784729","3.26062989234924","4.39212989807129","3.51003003120422","3.41822004318237","3.50960993766785","3.76031994819641","3.57255005836487","3.26212000846863","3.29269003868103","3.30989003181458","3.32624006271362","3.81017994880676","4.40562009811401","4.00030994415283","3.72866010665894","3.80327010154724","3.80804991722107",
"中国香港特别行政区","HKG","Expenditure on secondary as % of government expenditure on education (%)","SE.XPD.SECO.ZS","","","","","","","","","","","","23.06025","22.87732","25.36238","27.3896","29.21649","29.7052","29.49046","29.61881","","32.51751","35.95637","50.37701","37.59399","38.875","40.34155","","","","","40.00907","","37.35679","","","","34.99181","","","","","","31.8486","32.14857","32.49201","33.81572","33.14844","34.0201","34.05481","26.87913","35.53743","35.14551","33.57882","30.48825","31.31349","33.91297","33.04545","32.65564","31.31521","","","","","","",
"中国香港特别行政区","HKG","Current education expenditure, total (% of total expenditure in public institutions)","SE.XPD.CTOT.ZS","","","","","","","","","","","","","","","","","","","","","","","","","","","","","","","","","","","","","","","","","","","","","","","","86.0014572143555","86.8964233398438","66.5150985717773","87.3248596191406","84.1318206787109","81.7899322509766","","","","","","","","","","","","",
"中国香港特别行政区","HKG","高等教育，教师 （女性所占百分比）","SE.TER.TCHR.FE.ZS","","","","","","","","","","","","15.0268297195435","16.2343902587891","16.1729393005371","16.3579006195068","14.3769998550415","14.656590461731","14.9919700622559","","16.0093803405762","14.9824304580688","","15.5649003982544","15.8861999511719","17.4325199127197","","","","","","","","24.774169921875","24.7054901123047","25.4612503051758","","","","","","","","","","","","","","","","","","","","","","","","","","","","","","",
"中国香港特别行政区","HKG","Pupil-teacher ratio, tertiary","SE.TER.ENRL.TC.ZS","","","","","","","","","","","","15.21527","13.36744","12.10769","13.47931","13.5836","14.61781","14.19262","","11.28992","11.73197","","12.8147","12.61389","11.97992","","","","","","","","14.2546","14.75859","14.97417","","","","","","","","","","","","","","","","","","","","","","","","","","","","","","",
"中国香港特别行政区","HKG","Educational attainment, at least Master's or equivalent, population 25+, total (%) (cumulative)","SE.TER.CUAT.MS.ZS","","","","","","","","","","","","","","","","","","","","","","","","","","","","","","","","","","","","","","","","","","","","","","","","","","","","","","","","","","","","","","","","","",
"中国香港特别行政区","HKG","Educational attainment, Doctoral or equivalent, population 25+, male (%) (cumulative)","SE.TER.CUAT.DO.MA.ZS","","","","","","","","","","","","","","","","","","","","","","","","","","","","","","","","","","","","","","","","","","","","","","","","","","","","","","","","","","","","","","","","","",
"中国香港特别行政区","HKG","Educational attainment, at least Bachelor's or equivalent, population 25+, female (%) (cumulative)","SE.TER.CUAT.BA.FE.ZS","","","","","","","","","","","","","","","","","","","","","","","","","","","","","","","","","","","","","","","","","","","","","","","","","","","","","","","","","","","","","","","","","",
"中国香港特别行政区","HKG","中学教育，教师 （女性所占百分比）","SE.SEC.TCHR.FE.ZS","","","","","","","","","","","","36.0368118286133","37.2459907531738","37.9931297302246","39.5274085998535","39.2416191101074","40.9135894775391","45.4997291564941","47.0629997253418","47.5570907592773","48.5884399414062","48.6926116943359","48.6688690185547","48.3907318115234","48.6784896850586","47.9871101379395","","48.6410293579102","48.7687683105469","","","","","","","","50.3568992614746","","","53.1864395141602","53.5259590148926","53.6406288146973","54.0450592041016","54.8911781311035","55.5108184814453","55.9515609741211","56.086009979248","56.1746292114258","56.3418617248535","56.5669212341309","56.9239351578395","57.1169067081874","57.0175438596491","57.4177067839358","57.3035912867142","57.4017431343529","57.4194192196387","56.2163382462025","56.2206648235067","55.768115942029","55.7718611826828","55.8217884130982","55.7393610304331","55.3411615360203","55.1549971589115",
"中国香港特别行政区","HKG","Trained teachers in upper secondary education (% of total teachers)","SE.SEC.TCAQ.UP.ZS","","","","","","","","","","","","","","","","","","","","","","","","","","","","","","","","","","","","","","","","","","","","","","","","","","","","","","","","","","","","","","","","","",
"中国香港特别行政区","HKG","Trained teachers in lower secondary education (% of total teachers)","SE.SEC.TCAQ.LO.ZS","","","","","","","","","","","","","","","","","","","","","","","","","","","","","","","","","","","","","","","","","","","","","","","","","","","","","","","","","","","","","","","","","",
"中国香港特别行政区","HKG","Effective transition rate from primary to lower secondary general education, both sexes (%)","SE.SEC.PROG.ZS","","","","","","","","","","","","","","","","","","","","89.07729","89.30212","90.45054","91.49042","91.35985","91.09534","","","","","","98.43076","98.72892","98.86352","99.18158","99.28307","99.24045","","","","","","99.03403","99.86439","99.78889","99.8867","99.94512","99.83983","99.97307","99.85646","","99.79166","99.95428","99.96111","99.74758","99.79976","99.63259","99.56228","99.93234","","","","","","","",
"中国香港特别行政区","HKG","入学率，中学，男生（净百分比）","SE.SEC.NENR.MA","","","","","","","","","","","","37.93928","39.25104","40.74558","42.65279","45.84587","47.11695","49.95725","52.3959","54.85764","57.54774","59.0857","","61.99498","63.23861","65.48248","","","","","","","","","","","75.42427","","","","","72.03643","72.193","72.56144","73.56278","74.49569","75.10634","76.58814","77.74197","78.5706","79.58861","78.2114","89.45403","88.19284","88.27593","88.66643","90.65574","93.28205","95.76465","","","","","","",
"中国香港特别行政区","HKG","入学率，中学，女生（占总人数的百分比）","SE.SEC.ENRR.FE","","","","","","","","","","","","","","","","","","","","","","","","","","","","","","","","","","","","","","","","","","78.5087585449219","79.802360534668","80.3769378662109","81.7905578613281","83.0064697265625","82.9267272949219","84.1592788696289","85.9268798828125","86.8064117431641","87.7130156472262","86.5290014684288","107.646090534979","101.180897250362","103.578616352201","105.413190529876","105.614832535885","104.087170042971","105.382222222222","102.312146003776","97.6744464392579","97.5304295942721","103.838896020539","","105.643880208333",
"中国香港特别行政区","HKG","Pupil-teacher ratio, upper secondary","SE.SEC.ENRL.UP.TC.ZS","","","","","","","","","","","","","","","","","","","","","","","","","","","","","","","","","","","","","","","","","","","","","","","","","","","","","","","","","","","","","","","","","",
"中国香港特别行政区","HKG","中学教育，一般学生","SE.SEC.ENRL.GC","","","","","","","","","","","","216775","235750","257308","282195","317799","347146","372100","398033","425870","434181","437956","432431","428117","422405","416203","411388","413466","412501","","","431381","446339","445785","455935","458199","459845","","458118","455872","453465","475086","474861","475673","481049","488005","491901","502610","507357","506086","502659","481487","480642","432836","408799","385992","364243","349159","341591","","","","","","",
"中国香港特别行政区","HKG","Educational attainment, at least completed upper secondary, population 25+, total (%) (cumulative)","SE.SEC.CUAT.UP.ZS","","","","","","","","","","","","16.3600006103516","","","","","19.2999992370606","","","","","24.4799995422363","","","","","","","","","","36.1599998474121","","","","","43.0800018310547","","","","","","","","","","54.1100006103516","","55.2900009155273","55.9700012207031","57.060001373291","59.1800003051758","59.9901290164892","60.629555588523","61.2200012207031","62.1599998474121","62.7083195479809","63.2700004577637","63.8737555059777","63.9599990844727","64.8349991887004","64.8975275400859","65.0500030517578","65.7594038385819","66.3396742462141",
"中国香港特别行政区","HKG","Educational attainment, at least completed post-secondary, population 25+, male (%) (cumulative)","SE.SEC.CUAT.PO.MA.ZS","","","","","","","","","","","","4.82000017166138","","","","","5.55000019073486","","","","","9.10999965667725","","","","","9.52000045776367","","","","","12.8900003433228","","","","","16.8500003814697","","","","","","","","","","24.4099998474121","","25.1800003051758","25.8400001525879","25.8999996185303","27.7399997711182","","","30.3600006103516","31.7900009155273","","32.7799987792969","","34.6599998474121","","","35.689998626709","","",
"中国香港特别行政区","HKG","Educational attainment, at least completed lower secondary, population 25+, female (%) (cumulative)","SE.SEC.CUAT.LO.FE.ZS","","","","","","","","","","","","16.2399997711182","","","","","20.5","","","","","29.2800006866455","","","","","38.5","","","","","47.8899993896484","","","","","56.7799987792969","","","","","","","","","","67.4000015258789","","68.7200012207031","69.75","70.7900009155273","72.2399978637695","","","74.6600036621094","75.6500015258789","","76.5899963378906","","77.0999984741211","","","77.870002746582","","",
"中国香港特别行政区","HKG","中学入学年龄（年）","SE.SEC.AGES","","","","","","","","","","","12","12","12","12","12","12","12","12","12","12","12","12","12","12","12","12","12","12","12","12","12","12","12","12","12","12","12","12","12","12","12","12","12","12","12","12","12","12","12","12","12","12","12","12","12","12","12","12","12","12","12","12","12","12","12",
"中国香港特别行政区","HKG","Children out of school, female (% of female primary school age)","SE.PRM.UNER.FE.ZS","","","","","","","","","","","","","","","","","","","","","","","","","","","","","","","","","","","","","","","","","","4.0725998878479","3.86121010780335","2.64567995071411","4.01090002059937","3.16413998603821","2.29994988441467","2.51833009719849","","","","","","","","","","","","","","","","","",
"中国香港特别行政区","HKG","小学女生总入学率（净比例）","SE.PRM.TENR.FE","","","","","","","","","","","","87.50555","88.76435","88.82329","90.21617","91.99724","93.85934","95.28625","94.97205","95.46696","99.33509","98.88392","98.72351","98.51133","97.75575","96.53091","","","","","","","","","","95.01585","94.16782","","","","","","","","","","","","","","","","","","","","","","","","","","","","",
"中国香港特别行政区","HKG","经过培训的初等教育教师（占教师总数的比例）","SE.PRM.TCAQ.ZS","","","","","","","","","","","","","","","","","","","","","","","","","","","","","","","","","","","","","","","84.9000015258789","86.3897323608398","87.5492324829102","89.3990097045898","90.6256332397461","91.1424713134766","91.8492126464844","93.1641693115234","94.8320693969727","94.5602416992188","95.1198806762695","95.124153137207","95.6056387051862","95.7912904938927","95.7918491968671","96.0071565718276","96.4113299440338","96.1748633879781","96.6066343106975","96.8944099378882","96.551094890511","95.9820489446743","95.6809497816594","96.1494057724958","95.6746752579086","94.1881533101045","93.5546598783765",
"中国香港特别行政区","HKG","小学复读生，男生（占入学男生总量的百分比）","SE.PRM.REPT.MA.ZS","","","","","","","","","","","","","","","","","","","","","4.94498","4.30542","4.37249","3.58609","2.78795","2.41798","","","","","","","","","","","","","","","","","","0.99634","1.01142","1.0348","1.02307","1.04771","1.07975","0.98021","0.9404","0.85308","0.82519","0.67297","0.55091","0.516","0.52079","0.44289","0.43317","","","","","","",
"中国香港特别行政区","HKG","小学最高年级持续就学率，女童（占同龄人的百分比）","SE.PRM.PRSL.FE.ZS","","","","","","","","","","","","","","","","","","","","96.6955490112305","98.1095962524414","98.4291000366211","98.7440032958984","98.3423690795898","97.3446502685547","","","","","","","","","","","","","","","","","","100","99.7215118408203","99.9700622558594","","","99.5041275024414","","99.2197494506836","99.2766265869141","99.1007766723633","98.9243927001953","98.8647384643555","98.2696075439453","98.2758102416992","99.1456680297852","98.5751571655273","98.2117080688477","97.4846878051758","","81.2662887573242","","94.8337097167969","",
"中国香港特别行政区","HKG","入学率，小学，私立（占总小学人数的百分比）","SE.PRM.PRIV.ZS","","","","","","","","","","","","92.4808578491211","92.7545928955078","93.8811798095703","94.6051025390625","95.3517837524414","95.8677978515625","","","","","94.1602172851562","94.0320892333984","93.6929168701172","93.4171295166016","93.2300186157227","10.21399974823","9.84185981750488","9.74267959594727","9.68251037597656","9.59097957611084","9.49956035614014","9.58545017242432","9.72978019714355","9.91689968109131","10.39976978302","10.3301601409912","","","","","","10.4295301437378","10.4294700622559","10.6857595443726","11.172929763794","12.1544504165649","12.8038301467896","13.6483602523804","14.8227701187134","15.7601900100708","16.6888408660889","17.5676307678223","18.3874206542969","18.8508491516113","19.0018405914307","18.9448299407959","18.8847808837891","18.7738609313965","18.7688293457031","19.1425304412842","19.2733306884766","19.6566295623779","19.8332691192627","20.6004009246826",
"中国香港特别行政区","HKG","一年级学生净入学率（占官方学龄人口的百分比）","SE.PRM.NINT.ZS","","","","","","","","","","","","","","","","","","","","","","","","","","","","","","","","","","","","","","","","","","","","","","","","","","","","","","","","","85.22928","84.75255","","","","","","","",
"中国香港特别行政区","HKG","入学率，小学，女生（净百分比）","SE.PRM.NENR.FE","","","","","","","","","","","","87.50555","88.76435","88.82329","90.21617","91.99724","93.85934","95.28625","94.97205","95.46696","99.33509","98.88392","98.72351","98.51133","97.75575","96.53091","","","","","","","","","","95.01585","94.16782","","","","","","","","","","","","","","","","","","","","","","","","","","","","",
"中国香港特别行政区","HKG","一年级新生总入学率，女性（占相关年龄组的百分比）","SE.PRM.GINT.FE.ZS","","","","","","","","","","","","","","","","","","","","","108.98137","111.5734","103.792","103.03716","104.26016","104.1707","","","","","","","","","","","","","100.056","","","","","","","","","","","","","","112.39242","117.70585","122.13069","119.42927","111.43442","111.80983","117.2294","","","","","","",
"中国香港特别行政区","HKG","小学师生比例","SE.PRM.ENRL.TC.ZS","","","","","","","","","","","","33.04378","32.23735","32.17553","31.88956","31.30267","31.09508","30.8129","30.138","30.21287","30.05414","30.11986","30.06734","27.77275","27.78323","27.32888","27.56664","27.47756","27.22594","27.00434","","26.8941","26.66898","26.69638","25.36665","","23.72998","","21.63416","21.7","21.50002","21.09928","20.16689","19.76984","18.7644","18.347","17.759","16.94053","16.54729","15.8539","15.16485","14.79974","14.43462","13.99258","13.84932","13.66248","13.67502","13.76886","13.34788","","","","","","",
"中国香港特别行政区","HKG","Educational attainment, at least completed primary, population 25+ years, total (%) (cumulative)","SE.PRM.CUAT.ZS","","","","","","","","","","","","46.9199981689453","","","","","","","","","","60.7599983215332","","","","","","","","","","","","","","","","","","","","","","","","","93.0800018310547","","93.5999984741211","93.8399963378906","93.7200012207031","94.129997253418","100","100","95.0299987792969","95.379997253418","100","95.6600036621094","100","95.7200012207031","100","100","96.0999984741211","100","100",
"中国香港特别行政区","HKG","小学男生毕业率（相关年龄群体所占比例）","SE.PRM.CMPT.MA.ZS","","","","","","","","","","","","","","","","","","","","","","","","","","","","","","","","","","","","","","","","","","","","104.844497680664","100.612899780273","102.242858886719","100.819480895996","97.1508102416992","96.409309387207","96.4627227783203","102.576576576577","103.644012944984","102.433121019108","110.486891385768","101.312727272727","97.3309090909091","98.0783582089552","111.950819672131","93.3171521035599","97.6412698412698","105.02657807309","119.558139534884","107.453237410072","","92.5840978593272",
"中国香港特别行政区","HKG","Trained teachers in preprimary education, male (% of male teachers)","SE.PRE.TCAQ.MA.ZS","","","","","","","","","","","","","","","","","","","","","","","","","","","","","","","","","","","","","","","","","54.2372894287109","55.5555610656738","50","59.0909118652344","51.3513488769531","56.7164192199707","","70.9302291870117","64.5161285400391","70.9302291870117","64.0776699029126","63.4920634920635","71.5328467153285","70.2898550724638","70.3488372093023","72.7272727272727","71.6049382716049","76.7527675276753","81.4814814814815","81.3291139240506","81.6155988857939","82.6704545454545","82.8313253012048","79.585798816568","82.9652996845426",
"中国香港特别行政区","HKG","学校入学率，学前班（占总数的百分比）","SE.PRE.ENRR","","","","","","","","","","","","51.630859375","55.3555107116699","61.3210983276367","66.4846878051758","72.0508804321289","77.357421875","79.8793487548828","81.3330383300781","82.1795425415039","80.982048034668","83.9135589599609","84.1669921875","85.7182235717773","87.6363906860352","94.3384399414063","95.4330673217773","97.2187194824219","94.9322128295898","90.8645782470703","85.7310409545898","84.3509368896484","84.5727233886719","85.0746078491211","86.7960891723633","85.8103179931641","87.8147201538086","","82.8212890625","","","","","","","","","","","","","","114.997222900391","112.732536315918","108.230041503906","108.319190979004","109.247398376465","108.155349731445","106.404808044434","101.22624206543","93.6461334228516","","","","",
"中国香港特别行政区","HKG","Female primary school age children out-of-school (%)","SE.LPV.PRIM.SD.FE","","","","","","","","","","","","","","","","","","","","","","","","","","","","","","","","","","","","","","","","","","","","","","","","","","","","","","","","","","","","","","","","","",
"中国香港特别行政区","HKG","Female pupils below minimum reading proficiency at end of primary (%). Low GAML threshold","SE.LPV.PRIM.LD.FE","","","","","","","","","","","","","","","","","","","","","","","","","","","","","","","","","","","","","","","","","","","","","","","","","","","","","","","","","","","","","","","","","",
"中国香港特别行政区","HKG","高等学院女生与男生的入学比例 (%)","SE.ENR.TERT.FM.ZS","","","","","","","","","","","","","","","","","","","","","","","","","","","","","","","","","","","","","","","","","","","","1.00909996032715","1.03246998786926","1.0058399438858","0.966750025749207","0.958559989929199","0.973089993000031","0.965470016002655","1.00540141865176","1.0542436257315","1.0726674769616","1.11247838938267","1.12249695166993","1.11931220709202","1.11476144791467","1.09769284338143","1.09448262703017","1.08962282045792","1.09635662570011","1.08784791371251","1.0708512824153","1.0837120372973","1.09234325401374",
"中国香港特别行政区","HKG","Duration of compulsory education (years)","SE.COM.DURS","","","","","","","","","","","","","","","","","","","","","","","","","","","","","","","","","","","","","","","9","9","9","9","9","9","9","9","9","9","9","9","9","9","9","9","9","9","9","9","9","9","9","9","9","9","9",
"中国香港特别行政区","HKG","识字率，青年总体（占 15-24 岁人口的百分比）","SE.ADT.1524.LT.ZS","","","","","","","","","","","","","","","","","","","","","","","","","","","","","","","","","","","","","","","","","","","","","","","","","","","","","","","","","","","","","","","","","",
"中国香港特别行政区","HKG","Regulatory Quality: Standard Error","RQ.STD.ERR","","","","","","","","","","","","","","","","","","","","","","","","","","","","","","","","","","","","","0.277094334363937","","0.271897494792938","","0.234316274523735","","0.226819545030594","0.198074474930763","0.212868943810463","0.172733083367348","0.209378689527512","0.224799990653992","0.23062364757061","0.223585292696953","0.235530734062195","0.218365117907524","0.225645676255226","0.222408786416054","0.228099748492241","0.218712881207466","0.232621535658836","0.220852062106133","0.222046479582787","0.220609843730927","0.249055787920952","0.244536370038986","0.247683867812157","0.251487880945206","",
"中国香港特别行政区","HKG","Regulatory Quality: Number of Sources","RQ.NO.SRC","","","","","","","","","","","","","","","","","","","","","","","","","","","","","","","","","","","","","6","","6","","6","","6","6","6","6","7","7","7","7","7","8","8","8","8","8","7","8","8","8","6","6","6","7","",
"中国香港特别行政区","HKG","Rule of Law: Percentile Rank, Lower Bound of 90% Confidence Interval","RL.PER.RNK.LOWER","","","","","","","","","","","","","","","","","","","","","","","","","","","","","","","","","","","","","62.3115577697754","","69","","64.1791076660156","","81.592041015625","86.5671615600586","88.461540222168","88.9952163696289","89.4736862182617","87.5598068237305","87.9807662963867","87.6777267456055","87.6777267456055","87.3239440917969","87.3239440917969","87.3239440917969","88.9423065185547","90","88.0952377319336","88.5714263916016","88.5714263916016","87.1428604125977","86.6666641235352","85.7142868041992","82.5471725463867","82.0754699707031","",
"中国香港特别行政区","HKG","实际有效汇率指数（2010 = 100）","PX.REX.REER","","","","","","","","","","","","","","","","","","","","","","","","","","","","","","","90.9266283226","93.3870877803877","91.7774833953703","100.8345735325","106.052568977186","108.692232729139","121.300250538159","135.654782103946","153.398754136854","147.962787993114","146.689118904364","151.898117498711","145.644665134432","129.149548656423","116.102698869754","112.029363221026","109.621863103872","106.125747148886","101.568950213103","102.230376013967","100","97.9650511016311","104.36800289387","109.445252380929","112.439048303064","121.137302703774","122.360802570229","122.929485347734","121.438949591704","127.264257145631","132.63418235714","125.878780828793","","","",
"中国香港特别行政区","HKG","Political Stability and Absence of Violence/Terrorism: Percentile Rank","PV.PER.RNK","","","","","","","","","","","","","","","","","","","","","","","","","","","","","","","","","","","","","67.0212783813477","","70.2127685546875","","79.8941802978516","","78.3068771362305","79.3969879150391","89.8058242797852","95.6310653686523","91.3043441772461","90.3381652832031","90.8653869628906","83.8862533569336","80.568717956543","77.2511825561523","83.4123229980469","75.8293838500977","90.9523773193359","86.6666641235352","71.4285736083984","74.7619018554688","71.2264175415039","39.6226425170898","49.0566024780273","54.7169799804688","65.5660400390625","69.6682434082031","",
"中国香港特别行政区","HKG","Coverage of social insurance programs in 4th quintile (% of population)","per_si_allsi.cov_q4_tot","","","","","","","","","","","","","","","","","","","","","","","","","","","","","","","","","","","","","","","","","","","","","","","","","","","","","","","","","","","","","","","","","",
"中国香港特别行政区","HKG","Coverage (%) - All Social Insurance","per_si_allsi.cov_pop_tot","","","","","","","","","","","","","","","","","","","","","","","","","","","","","","","","","","","","","","","","","","","","","","","","","","","","","","","","","","","","","","","","","",
"中国香港特别行政区","HKG","Coverage of social safety net programs in 4th quintile (% of population)","per_sa_allsa.cov_q4_tot","","","","","","","","","","","","","","","","","","","","","","","","","","","","","","","","","","","","","","","","","","","","","","","","","","","","","","","","","","","","","","","","","",
"中国香港特别行政区","HKG","Coverage (%) - All Social Assistance","per_sa_allsa.cov_pop_tot","","","","","","","","","","","","","","","","","","","","","","","","","","","","","","","","","","","","","","","","","","","","","","","","","","","","","","","","","","","","","","","","","",
"中国香港特别行政区","HKG","Coverage of unemployment benefits and ALMP in 4th quintile (% of population)","per_lm_alllm.cov_q4_tot","","","","","","","","","","","","","","","","","","","","","","","","","","","","","","","","","","","","","","","","","","","","","","","","","","","","","","","","","","","","","","","","","",
"中国香港特别行政区","HKG","Coverage (%) - All Labor Market","per_lm_alllm.cov_pop_tot","","","","","","","","","","","","","","","","","","","","","","","","","","","","","","","","","","","","","","","","","","","","","","","","","","","","","","","","","","","","","","","","","",
"中国香港特别行政区","HKG","Benefits incidence in poorest quintile (%) -All Social Protection and Labor","per_allsp.ben_q1_tot","","","","","","","","","","","","","","","","","","","","","","","","","","","","","","","","","","","","","","","","","","","","","","","","","","","","","","","","","","","","","","","","","",
"中国香港特别行政区","HKG","PPP转换因子，GDP（每一国际元的本币单位）","PA.NUS.PPP","","","","","","","","","","","","","","","","","","","","","","","","","","","","","","","5.75560581615316","6.07620533137739","6.52892398177081","6.92706508608454","7.21097348903275","7.35525689418987","7.64800227966875","7.95142228269669","7.95897178868197","7.52648606825853","7.10996668439767","6.83004349576433","6.49673506489074","5.98820209979001","5.62199249786556","5.44289476832272","5.2518247288093","5.27371974221368","5.24033553605119","5.18866063737073","5.14023458474464","5.23263931274414","5.46310859628999","5.56565885386855","5.73436990761836","5.86912301261529","5.98074194926428","6.07040023803711","6.24729061126709","6.18961668014526","6.14700174331665","5.87204074859619","5.57381483160492","5.53586044777367","5.61186695779567",
"中国香港特别行政区","HKG","来自国外的经常转移净额（不变本币单位）","NY.TRF.NCTR.KN","","","","","","","","","","","","","","","","","","","","","","","","","","","","","","","","","","","","","","","","","","","","","","","","","","","","","","","","","","","","","","","","","",
"中国香港特别行政区","HKG","净产品税（现价本币单位）","NY.TAX.NIND.CN","","","","","","","","","","","","","","","","","","","","","","","","","","","","","","","","","","","","","","","","","31231000000","26433000000","24406000000","25428000000","33296000000","35305000000","40348000000","64634000000","58233000000","54689000000","68707000000","69401000000","63575000000","75314000000","83236000000","95433000000","83743000000","110698000000","117825000000","93623000000","102066000000","138758000000","104353000000","87943000000","83339000000",
"中国香港特别行政区","HKG","净国外收入（现价美元）","NY.GSR.NFCY.CD","5980492.96558892","141020286.573369","109810701.956272","37845465.6817254","58516518.8017373","-6457225.13089005","-7321978.34765782","-7481461.50500218","-8874168.04982663","-10502724.1696206","-13981856.4637376","-19292439.0612156","-34565925.5467199","-46827688.7204897","-52667579.9643969","-63220150.4022052","-79514251.3456206","-106821814.671815","-105045982.13323","-155716460.839788","-366352470.406945","-505963555.937712","-579415270.422973","-634258854.614078","-703377513.430545","-830857889.163431","-1020588433.17336","-1318499176.0972","-1416092006.14912","-1627837809.04335","-2144744093.1994","-2935334345.53652","-3590817965.52017","672347514.078771","291133358.875433","1268383120.47326","-1379965023.12957","-143501432.366457","3300955556.07486","3371189171.76926","1379125874.21114","3904856547.52364","1075790394.99972","4138568722.50939","3592449922.9584","959712024.674783","4571802715.12016","6769411249.26408","12907301338.0408","6419453671.75154","4839128828.09701","6786485097.63618","3797500830.60258","5224213512.11965","6010639813.88902","5724642822.58845","8063770169.73171","14827285325.6685","17199081456.9114","18340801721.1004","20121048832.0528","25566140288.811","23720994553.093","32277708787.3007","38545929929.5615",
"中国香港特别行政区","HKG","总储蓄（现价美元）","NY.GNS.ICTR.CD","","","","","","","","","","","","","","","","","","","","","","","","","","","","","","","","","","","","","","","51852902960.4798","52077899065.5362","54896365862.2215","53575125128.2364","51690253783.5748","53524819076.0715","54629016169.378","59810547031.5762","67694076300.1552","72824779744.7321","78990689984.9197","67919363212.7016","70630750727.2159","73811290861.5337","70380364189.8026","70438269224.9463","73489397328.7935","76908869130.7836","81696304670.7536","90949941787.9886","93077303206.9883","87289120169.4842","89585450272.9409","105563591846.029","91157725488.226","93825552711.1873","116822614108.381",
"中国香港特别行政区","HKG","人均GNI增长（年增长率）","NY.GNP.PCAP.KD.ZG","","","","","","","","","","","","","","","","","","","","","","","","","","","","","","","","","","","1.89575569542531","-1.61882346371469","-0.753137367691863","5.7841455005166","-2.78090612877632","0.177300766777847","4.16350654380663","1.8662565601996","0.966775201015352","2.74317147628122","3.30753275430386","3.85405318743739","5.99604145992289","7.31782785328122","2.68340486356009","-4.77897969156091","2.89982119247783","4.05799319432386","-1.28886575860983","3.60242654563562","1.93630892335615","2.87551729154656","2.57208255904395","4.90336445493493","2.71417092163576","-2.44627876766781","-5.44575639552556","9.86377946819876","-3.58422705421452","1.56833379285651","4.97391510926049",
"中国香港特别行政区","HKG","按购买力平价 (PPP) 衡量的国民总收入（GNI）（2017年不变价国际元）","NY.GNP.MKTP.PP.KD","","","","","","","","","","","","","","","","","","","","","","","","","","","","","","","","","","240081920002.889","250205005659.8","251077394606.093","260495982007.111","277867125660.909","272404492776.391","275506373694.64","289518257591.889","297102900274.317","301306593972.25","308961445488.846","321679526773.848","335539907397.367","357950663660.252","387461348526.196","400245782782.62","381939753073.853","395912435699.851","414758607514.961","413957712690.416","430597688370.994","442029196786.398","458627079298.665","473346032026.971","500386715482.175","518097496379.521","509173744697.58","479720415789.983","522255401707.345","498985591356.83","519919552187.977","544910844593.656",
"中国香港特别行政区","HKG","国民总收入（GNI）（2015年不变价美元）","NY.GNP.MKTP.KD","","","","","","","","","","","","","","","","","","","","","","","","","","","","","","","","","","164953795687.962","171909094125.935","172508488982.515","178979745717.707","190914988825.978","187161761474.495","189292979982.041","198920166542.206","204131369449.065","207019613725.749","212279055224.197","221017304992.458","230540397749.722","245938222416.22","266214216051.768","274998055152.584","262420477114.215","272020729540.861","284969424615.661","284419151437.015","295852028800.848","303706309137.897","315110265423.937","325223259859.572","343802182311.87","355970780986.772","349839512494.353","329602926586.945","358827565312.42","342839507810.171","357222666266.415","374393507541.822",
"中国香港特别行政区","HKG","按图表集法衡量的 GNI（现价美元）","NY.GNP.ATLS.CD","","","","1944898428.7203","2201035131.15502","2508290292.90396","2582128646.55206","2654164188.93337","2811499486.8817","3245758779.77281","3692349771.1643","4296819148.14805","5379745282.12493","7428481316.67722","9422393194.51243","10915339513.5537","13093462772.7253","15312624158.7127","18323993824.649","23181817463.9978","29010304596.4522","32987001906.3188","33131291636.2573","31467645314.5934","33314676905.2888","33246604485.2504","39938940212.0064","50687692448.1167","60609257307.4838","65684825621.5889","72224386172.3918","82360613705.395","96083857100.6197","115431064083.3","131684736460.551","145099869175.785","155349530137.372","169210322353.67","164312966586.035","170435922702.968","179502691917.97","176950774668.289","170420463745.783","177285600133.352","190747419372.178","196860805373.035","207669439506.342","221788446530.623","236229720431.158","225575686188.418","236168301187.683","252374319154.422","259861802145.806","276908141208.866","290893042156.198","300224104418.292","315280224869.312","342908645721.992","373034508230.573","378999722095.554","363194150707.756","403126243766.214","396669306701.39","413796972988.423","429434024443.981",
"中国香港特别行政区","HKG","国内总储蓄（现价美元）","NY.GDS.TOTL.CD","284014514.272987","226808715.987973","324622294.81421","510412413.22989","630684138.238242","765968586.387434","600233608.200694","666724662.896912","597689438.135774","803137718.261783","1068379583.17569","1277659413.8469","1790862118.50675","2344505974.93442","2720416218.91162","2867582799.12311","4643410536.61719","5196053196.0532","5447654583.4706","7642723371.35372","9910204472.07171","10379055962.4914","10187124469.7415","8515977678.1456","10864543361.4735","11259506466.0013","13364289336.3643","18467989613.0542","22257750448.373","26130919085.421","27470072852.1454","29998197181.9677","34803063283.4762","40915726713.8107","44188350602.7172","43120372427.895","48419537294.741","54700782722.1692","49888752362.229","49969706735.4173","54919115454.7194","51128962974.8357","52130443239.7473","50799242302.6295","52536209553.1587","60419812292.9801","64731437969.8946","67862158887.2893","68447339245.6214","63613764633.7924","68054528883.2123","69567189105.8582","69204634046.8802","67905492521.9185","70030331117.1676","74038249427.5486","76334052626.4936","78759559616.0756","78788288575.6203","71703796760.4812","72131568091.5794","82444022770.3985","69303422356.3884","63734045606.2603","80861417716.1403",
"中国香港特别行政区","HKG","按购买力平价 (PPP)计算的人均 GDP（现价国际元）","NY.GDP.PCAP.PP.CD","","","","","","","","","","","","","","","","","","","","","","","","","","","","","","","18251.7185788383","19780.1548469616","21312.6006166936","22776.105346348","24117.2620499308","24713.1954269103","25098.1950233633","26610.5664720712","25116.086352046","25861.8167738082","28224.5090219727","28808.8079174675","29609.7666883704","31178.6830095146","34532.2491577194","38079.5726781956","41745.5016249309","45257.6516105824","46830.2384798239","45861.4775210139","49197.6469338098","52277.4664432843","52149.6812694206","53517.419549888","54514.9268059819","56043.042695697","56761.4824132224","59260.9131761938","60900.2752924537","61221.4195400701","58187.4764072535","65884.9376260603","68602.1257900473","71512.3193551161","75195.9865970615",
"中国香港特别行政区","HKG","GDP per capita (current LCU)","NY.GDP.PCAP.CN","2299.37192229647","2353.14541838957","2628.28270603897","3048.02829664708","3392.1132226217","3878.09555574085","3934.54365134026","4156.81744923176","4347.70031819497","5030.40968969176","5836.32230361202","6595.55533582182","7811.86342031235","9743.25726141079","10790.8081684865","11114.6225569302","13978.7516600266","15987.9573270502","18378.5752544189","22859.6060612208","28365.8233098299","33487.2863371532","37231.4559787254","40650.5023292361","48535.9121139702","50974.6710164583","58017.775042537","70740.9730310904","82819.6744615822","94361.4364602019","105049.697607152","120188.282336579","139148.349280234","157771.564141671","173908.937270106","181771.901041244","191951.052754254","211591.851201208","199898.222718034","194648.603647923","200675.318829707","196765.411137423","192366.80950757","186704.255066263","194140.045699123","207263.106910116","219240.057750361","238676.170784957","245406.162867573","237959.643184947","252887.446257225","273549.126081792","284899.372036755","297859.699954032","312608.75579224","328923.511582297","339475.778971186","359737.461451063","380461.718058127","378937.119567389","357678.518914584","386879.038458944","382375.546208192","395882.220246547","421989.872542895",
"中国香港特别行政区","HKG","按购买力平价 (PPP) 衡量的 GDP（现价国际元）","NY.GDP.MKTP.PP.CD","","","","","","","","","","","","","","","","","","","","","","","","","","","","","","","104116928632.983","113775450679.723","123623739877.131","134401797648.8","145557323376.152","152136902367.603","161519434072.855","172683949007.211","164352134261.883","170856092516.164","188116352631.448","193430979000.252","199691227523.039","209857479600.441","234249512161.39","259443744571.082","286253079192.314","313015495834.271","325835433294.919","319782910458.526","345574111592.467","369685331700.329","372875436044.484","384196203206.691","394115663343.846","408626637207.136","416436291872.847","438127783294.236","453865391644.541","459644295764.893","435300511002.663","488411631115.747","503958076266.267","538923989892.09","565782122754.95",
"中国香港特别行政区","HKG","GDP: linked series (current LCU)","NY.GDP.MKTP.CN.AD","","","","","","","","","","","","","","","","","","","","","","","","","","","","","","","599256000000","691323000000","807130000000","931010000000","1049610000000","1119006000000","1235301000000","1373083000000","1308074000000","1285946000000","1337501000000","1321142000000","1297341000000","1256669000000","1316949000000","1412125000000","1503351000000","1650756000000","1707487000000","1659245000000","1776332000000","1934430000000","2037059000000","2138305000000","2260005000000","2398280000000","2490598000000","2659611000000","2835429000000","2845022000000","2675793000000","2867973000000","2808969000000","2983408000000","3175094000000",
"中国香港特别行政区","HKG","森林租金（占GDP的百分比）","NY.GDP.FRST.RT.ZS","","","","","","","","","","","0.00488424425362322","0.00317849393673351","0.00343154973859134","0.00672260139951266","0.00607694979320209","0.00587885181528719","0.00570035333638394","0.00661374162706253","0.0046081230615777","0.00528172471226808","0.00455729885005024","0.00259245681407679","0.00218765837756304","0.00237208714027991","0.00159534928118146","0.00152572300547865","0.0020746857261368","0.00163995066625124","0.00137379242329577","0.00119951994837091","0.00107915747368737","0.00105036512660392","0.00126283824459394","0.000842380001730745","0.000870257223317569","0.00136552673598051","0.00147708433810758","0.00116430442658972","0.000972112419868324","0.000529482643712148","0.000500998268973069","0.000583448601205964","0.000657691895480615","0.000974241299658627","0.00102021918538856","0.000619914123345892","0.000665683842649037","0.000902723649257638","0.00145921493633856","0.00139045653813043","0.00143899970247423","0.001685104045771","0.00133618156174012","0.00115085102216389","0.00156732005522711","0.00112573696095738","0.00121710243532478","0.00133648176365083","0.000660273054388513","0.000591937813505993","0.000768010778914687","0.000636315698326186","","","",
"中国香港特别行政区","HKG","按要素成本计算的增加值总额（现价美元）","NY.GDP.FCST.CD","","","","","","","","","","","","","","","","","","","","","","","","","","","","","","","","","","","","","","","","","164678154119.916","162845199551.21","160250583510.505","157582560118.149","165039034411.916","177181817983.106","189697049357.266","205763260699.947","208045170610.439","204060244460.928","223614449271.074","244225205549.846","259531946258.176","270510572460.031","284491667164.254","299989421743.477","311488163870.012","327347687727.763","344506346877.591","349763914038.395","330100422832.981","353239507284.598","349290556230.118","372225059750.947","398663451665.355",
"中国香港特别行政区","HKG","GDP 平减指数（各国基准年有所不同）","NY.GDP.DEFL.ZS","","6.5436064883084","6.67153060440826","6.91739199660333","7.26024636468569","7.43303714121332","7.47416071381846","7.97068231100855","8.2358215646716","8.69602176130568","9.46602538366367","10.1876317316798","11.1198945071939","12.7057962682277","14.1812036011371","14.8134760840732","16.2410284235998","16.8676806363703","18.2377528414768","21.4767748341468","24.8583297273907","27.4973307099836","30.1604154645124","31.5486164148461","34.5905580736432","36.4450699279165","37.8193003798154","41.0760495322406","44.6915396217948","50.3045133224579","54.1100176346777","59.0558889482114","64.9020233786556","70.4920229781841","74.9479988946418","78.050491910762","82.6427598498208","87.4031255709027","88.4693370991544","84.8458656687072","81.966018599378","80.5119301468012","77.7730152411828","73.1006139858472","70.4756568617693","70.3698775812047","69.9934911474018","72.1895064411654","73.1146030349964","72.8401305221809","73.0372642459777","75.8841638984649","78.5741121035343","79.99824163655","82.2784003658104","85.2762710387876","86.6733297465918","89.1700241632466","92.4332275048793","94.323462323953","94.9255596198852","95.5744736439577","97.1883908241244","100","103.824282848867",
"中国香港特别行政区","HKG","出口抵消进口的能力（不变价本币单位）","NY.EXP.CAPM.KN","","43131763356.5192","49185284006.3762","54385221238.9381","59656836534.4468","65991457899.4347","75282174246.4305","85890407246.7466","99647088413.5472","115117397157.191","127746504252.734","138646118265.845","152975545177.665","165003619062.185","149419807666.443","157054558055.152","205653204189.534","212193652789.372","238949619386.32","281248943686.59","328174478926.964","364457827113.361","365188044855.696","403901385208.612","489202453115.242","528609821568.087","583422017828.005","744516513707.885","898842891119.214","981643517343.913","1053125072734.19","1212582066427.15","1443861052304.28","1634615567057.5","1765885885839.96","1901502259760.33","2040583721011.55","2180937197302.23","2098974197715.95","2138968897745.11","2476436924232.64","2460520081405.39","2699922370481.09","3003926599499.45","3405926976415.97","3791398198796.32","4128865073671.42","4488552675834.8","4611472275401.93","4203742514816.26","4890295801111.98","5108940765923","5256794615619.92","5677742852101.42","5725980380647.99","5688941856047.96","5738373127063.04","6075697890156.95","6307216503502.24","5908782850863.76","5515617143826.51","6495677321875.38","5664642052828.6","5274576000000","5565527617109.75",
"中国香港特别行政区","HKG","调整后的净储蓄，包括颗粒物排放损害（现价美元）","NY.ADJ.SVNG.CD","","","","","","","","","","","","","","","","","","","","","","","","","","","","","","","","","","","","","","","","","","","","","","","","","","","","","","","","","","","","","","","","","",
"中国香港特别行政区","HKG","调整后的国民净收入（年增长率）","NY.ADJ.NNTY.KD.ZG","","","","","","","","","","","","","","","","","","","","","","","","","","","","","","","","","","","","","","","","","","","","","","","","","","","","","","","","","","","","","","","","","",
"中国香港特别行政区","HKG","调整后的储蓄：国民储蓄净额（现价美元）","NY.ADJ.NNAT.CD","","","","","","","","","","","","","","","","","","","","","","","","","","","","","","","","","","","","","","","35304072266.4679","34957800368.6594","38319988121.3685","37594922139.7505","36243646145.5028","38133782041.0257","39869294053.583","42738334793.4938","48348516393.4695","51023930626.0051","51442773728.8546","37786529065.7515","38036164797.3297","35322274008.843","28071190307.9423","28705584622.2598","15655217128.892","13885432664.1178","18342502448.1384","19105698758.1568","22945601484.1391","16938521368.2549","22900874450.6207","36148238476.9138","","","",
"中国香港特别行政区","HKG","调整后的储蓄：颗粒物排放损害（现价美元）","NY.ADJ.DPEM.CD","","","","","","","","","","","","","","","","","","","","","","","","","","","","","","","","","","","","","","","","","","","","","","","","","","","","","","","","","","","","","","","","","",
"中国香港特别行政区","HKG","调整后的储蓄： 矿产资源损耗现价美元（现价美元）","NY.ADJ.DMIN.CD","","","","","","","","","","","25999.0029740483","26297.318838638","15728.108399572","0","5601.60408433893","40595.3513959714","22874.7870268514","18219.983017675","7773.17328715762","7533.64071811793","13635.3573560919","14227.3704107375","27498.65372087","20715.8197792984","0","0","0","0","0","0","0","0","0","0","0","0","0","0","0","0","0","0","0","0","0","0","0","0","0","0","0","0","0","0","0","0","0","0","0","0","0","0","","","",
"中国香港特别行政区","HKG","调整后的储蓄：森林资源净损耗（现价美元）","NY.ADJ.DFOR.CD","","","","","","","","","","","","","","","","","","","","","0","","","","","","","","","","","","","","","","","","","","","","","","","","","","","","","","","","","","","","","","","","","","",
"中国香港特别行政区","HKG","调整后的储蓄： 教育支出（现价美元）","NY.ADJ.AEDU.CD","","","","","","","","","","","79483985.5960363","91210523.5081958","110431419.717541","156568712.547616","199095908.329854","217633764.399408","286911972.249768","326674360.267253","382397504.959664","461179816.474641","549331024.235596","616775452.004053","491991145.252748","684786865.458315","779954329.205692","804408671.698814","930960759.088571","1145929095.93791","1354810999.94755","1501189552.28969","1670877269.91527","2368756474.32249","2468488973.33295","3208786713.88219","3608522887.63781","4044336829.20785","4159755026.59998","4911510726.99191","5295597879.65074","5323291566.69039","5570522981.58834","5703340820.30895","5920807891.05262","5943049533.81153","6351771969.12561","6220238541.27209","6102550982.67515","6286481603.30393","6213006041.06713","6253215313.11153","7008039940.50979","7146781292.4514","7538797844.93335","7948923064.94044","8417189274.6247","8916279909.13353","9307152392.26053","10076196269.9859","10722180356.5696","10791878271.0894","10329520263.6098","11192311454.2713","","","",
"中国香港特别行政区","HKG","服务业，增加值（2015年不变价美元）","NV.SRV.TOTL.KD","","","","","","","","","","","","","","","","","","","","","","","","","","","","","","","","","","","","","","","","","152162201257.128","154990750436.959","159524043435.784","166652682902.697","182766669664.432","196963252836.311","210375583530.53","225309516317.796","230797236965.39","226817370845.629","242498521110.444","255069755317.853","259566895397.835","266721156645.269","273223684509.613","277942658109.459","284280155190.763","294333209492.503","303433506954.782","301391603151.037","281257797669.423","298006285519.905","287998455092.771","297622970092.099","303837128132.096",
"中国香港特别行政区","HKG","纺织品与服装行业（占制造业增加值比例）","NV.MNF.TXTL.ZS.UN","","","","","","","","","","","","","","48.0664513151823","44.4071695581328","47.4447998751658","48.3644321584888","44.0038736751493","43.0513081889229","41.7356658158501","41.5314304479899","38.1470409745791","38.7467038932837","39.4552304724821","39.6031998800982","40.1848746050938","41.3396843362887","40.6059344633356","37.5800331989566","37.7604423817518","35.9703416463369","34.6489527780979","34.6843126523708","31.5090680476525","28.0555983536196","26.6161474412948","24.7954349698536","23.1600412817229","21.7109627517678","22.1676524700838","19.8959184551202","18.7672850188417","19.6073660964929","22.8880094127714","22.6164222246012","31.5620206818069","28.2725963533403","22.2423453506141","20.307874481942","20.4176911824209","15.7232344612568","9.17018123788898","8.38151112123715","7.72031841020719","5.42033789874669","5.01298544422299","4.70254110612855","3.95910941696266","3.34656196346646","3.22000513830607","3.54214706635921","3.37445893819381","3.17878170289855","","",
"中国香港特别行政区","HKG","食品、饮料和烟草（占制造业增加值的百分比）","NV.MNF.FBTO.ZS.UN","","","","","","","","","","","","","","4.89155514536225","5.9714367871178","5.67215417024265","5.01036627505183","5.70291063646635","5.10533469249066","4.63487517898275","4.6440984100052","4.26153604099706","5.33138336767932","5.15205595514935","5.27942746875995","6.43160809703967","5.34333144689681","5.19818401779558","6.27934550628409","6.61268556005398","8.23807646826961","10.1830411868864","10.0930394546992","10.2902627709226","12.6791098980917","10.4991112358499","11.8037611254666","10.3341084018253","11.616254287287","7.92646768135995","7.16384958353046","9.03915511636558","11.3766515701613","10.9872713659215","10.7718659672412","16.147147592895","17.8891356879592","23.0177146414624","22.8063943161634","23.2562482492452","23.0170761705901","24.5583038869258","26.6510978839746","28.0951843278948","30.2945709383815","30.7724829377303","31.4857997010463","31.9443241214011","32.624053590025","34.1326253889412","33.5831411734563","36.1326227142899","34.1343976449275","","",
"中国香港特别行政区","HKG","工业增加值（年增长率）","NV.IND.TOTL.KD.ZG","","","","","","","","","","","","","","","","","","","","","","","","","","","","","","","","","","","","","","","","","","-3.7744613309237","-3.20120928743451","-4.69310104933591","-1.86257809347045","-1.40695098631626","-2.13431463665852","-0.174773305824587","1.43897499011044","-4.69969220475103","7.64729585124135","8.86537508132457","4.35960412193405","1.49842713391224","7.39603265954487","2.41053992462132","3.02409390858442","-0.648270046726751","2.43262809194189","-6.39828038583799","-11.2051818508777","1.26297785745415","5.05554061370297","6.86195911685101","3.56682329321558",
"中国香港特别行政区","HKG","制造业，增加值（占GDP的百分比）","NV.IND.MANF.ZS","","","","","","","","","","","","","","","","","","","","","","","","","","","","","","","","","","","","","","","","","4.59057600704598","4.05520375553877","3.52821655987131","3.10519317338138","2.99692698806104","2.80754182526334","2.63976942177841","1.96061683253007","1.84516778165807","1.73054612188073","1.71195474719816","1.58072403757179","1.5021656221052","1.41027589609527","1.2338468277725","1.11396500825592","1.07781344078812","1.02642830098086","0.972374903409678","1.03218885477863","0.953922818394398","0.912665495804877","0.946895462356473","0.945428851836557","0.934397532797454",
"中国香港特别行政区","HKG","制造业，增加值（现价本币单位）","NV.IND.MANF.CN","","","","","","","","","","","","","","","","","","","","","","","","","","","","","","","","","","","","","","","","","61399000000","53575000000","45773000000","39022000000","39468000000","39646000000","39685000000","32365000000","31506000000","28714000000","30410000000","30578000000","30600000000","30156000000","27885000000","26716000000","26844000000","27299000000","27571000000","29366000000","25525000000","26175000000","26598000000","28206000000","29668000000",
"中国香港特别行政区","HKG","Financial intermediary services indirectly Measured (FISIM) (current LCU)","NV.FSM.TOTL.CN","","","","","","","","","","","","","","","","","","","","","","","","","","","","","","","","","","","","","","","","","","","","","","","","","","","","","","","","","","","","","","","","","",
"中国香港特别行政区","HKG","农业，林业、和渔业，增加值（2015年不变价美元）","NV.AGR.TOTL.KD","","","","","","","","","","","","","","","","","","","","","","","","","","","","","","","","","","","","","","","","","332765448.202895","333640379.267408","324891068.622284","307684091.020206","308850665.772889","308121556.552462","297914027.466484","284935883.342883","236523031.106528","225732214.644208","234481525.289332","236377209.262442","228794473.370001","240022755.364578","225586392.800122","210275099.171155","206192087.536764","195547092.918529","192047368.660479","190589150.219625","197880242.423895","192922299.724992","162445534.311142","164924505.660594","154133689.198274",
"中国香港特别行政区","HKG","贸易额（占国民生产总值（GDP）比例）","NE.TRD.GNFS.ZS","","173.682092555332","165.005180154253","153.275151050158","153.507738896366","141.087938077833","155.349390841619","156.600969305331","175.043851690558","181.113340536091","178.672206353328","174.509950901391","160.832583118617","164.529242383914","168.475867908552","161.207122547339","168.204129457217","160.190491785383","170.154577883472","177.970734131386","178.007088198637","182.584774568206","169.173235376649","186.329223447978","199.911447677792","197.800293390094","200.307308322284","215.127289307698","231.340382255255","225.195598611893","226.000240297969","231.865133953304","240.13281627495","233.969130299352","237.427997065577","256.89826506739","244.85376438617","233.440294577968","221.133284508369","220.272313145342","247.654020445592","240.848977626932","255.996457369342","292.454655919737","326.841054589054","342.689209524653","359.208661184248","362.14946363969","376.656806171877","348.397554309339","404.770560908659","421.854706554386","430.568530415663","442.620019127299","425.975871734797","389.405949263639","371.727231773253","376.795666734722","376.892773545026","353.743521139731","350.679705044448","402.459681454463","384.881143223724","353.007500147482","359.506710667464",
"中国香港特别行政区","HKG","货物和服务对外贸易差额现价美元）（现价美元）","NE.RSB.GNFS.CD","","-105052154.868406","-134006459.037084","-137718549.315119","-169085712.16452","-83769633.5078534","-88038911.4555186","125271857.329274","146258894.677162","281442825.259288","292796868.060467","188058850.173632","453609438.905155","506946468.47372","449957796.582109","561885747.736601","1375183493.72044","1027027027.02703","185751890.559256","291244650.103635","-149113268.408103","-471433711.32119","182210069.758779","539836179.952918","2681760040.93118","3583993838.84735","3739299604.41263","5271695572.72465","5329490135.79298","7885340318.36493","6568118360.66626","6048898447.29884","5422330591.89469","8119362173.47807","1571602567.51156","-6481913453.9228","-2371398715.37707","-5954340711.66636","905448481.040131","8561650016.11344","7568699271.88058","7945760538.54784","13569191722.3891","14681734998.5552","14729840780.6882","22181639901.4932","21601777484.1452","22588716895.9178","22308427572.5446","16851033637.5657","13431684503.6283","9568088386.43371","2969283368.85446","1654461062.4033","597362705.557833","7392008256.20021","7325324487.10103","3443899810.09085","-773234675.001595","5660728667.74878","6654849688.03176","20546489563.5674","14676781992.3265","2234857207.5933","16583645498.3083",
"中国香港特别行政区","HKG","货物和服务进口（2015年不变价美元）","NE.IMP.GNFS.KD","","5015197962.21967","5795896223.86907","6358194999.11273","7023514410.13901","7381902640.51409","8393891285.08392","8622411723.29871","9982561110.09974","11124737155.8344","12484566933.6309","14076326312.3568","14763272599.354","16279710789.3537","15038029806.8859","15610129924.9341","19293410629.0833","20834565248.764","25155146307.8786","29531019724.771","35166046083.0436","39479063062.3851","38647120823.6815","42204475580.0591","48105842775.4119","50875680944.7109","56751585956.0389","71993526307.7934","88644409687.702","94449681109.0363","104027510683.109","121823126980.788","147302676428.23","164384818891.539","186306054755.59","209771641329.367","220048881941.612","239129859119.04","222535333460.258","217436397938.86","254601065663.353","252119940961.449","269875179988.227","300717981603.786","344015946124.561","376113958837.111","413361618366.438","450809033523.576","465447765147.511","428058838438.196","506087648114.226","534442613238.786","557106194283.947","603247933190.395","609438226925.812","598687006159.899","603881717846.311","643824746646.89","672710369255.248","623975429422.653","581183512492.33","673135875376.567","590793089894.182","560069822046.306","579636711446.903",
"中国香港特别行政区","HKG","资本形成总额（不变价本币单位）","NE.GDI.TOTL.KN","","","","","","","","","","","","","","","","","","","","","","","","","","","","","","","","","","","","","","","","","","","","","","","","","","","","","","","","","","","","","","","","481513000000","499288000000",
"中国香港特别行政区","HKG","资本形成总额（现价美元）","NE.GDI.TOTL.CD","365711236.497272","331860870.856379","458628753.851294","648130962.545009","799769850.402762","849738219.895288","688272519.656212","541452805.567638","451430543.458612","521694893.002494","775582715.115227","1089600563.67327","1337252679.6016","1837559506.4607","2270458422.32951","2305697051.38651","3268227042.89675","4169026169.02617","5261902692.91135","7351478721.25009","10059317740.4798","10850489673.8126","10004914399.9827","7976141498.19268","8182783320.54234","7675512627.154","9624989731.95172","13196294040.3296","16928260312.5801","18245578767.0561","20901954491.4792","23949298734.6688","29380732691.5815","32796364540.3326","42616748035.2057","49602285881.8178","50790936010.1181","60655123433.8356","48983303881.1888","41408056719.3039","47350416182.8389","43183202436.2879","38561251517.3581","36117507304.0742","37806368772.4705","38238172391.4869","43129660485.7494","45273441991.3716","46138911673.0769","46762730996.2267","54622844379.5841","59999100719.4245","66235350678.0257","66251031459.5152","69432968411.6097","66646241171.3484","69008728139.3926","75315659805.9847","79561523250.6219","66043068092.7325","65476718403.5477","61897533206.8311","54626640364.0618","61499188398.6669","64277772217.8319",
"中国香港特别行政区","HKG","固定资本形成总额（占 GDP 的百分比）","NE.GDI.FTOT.ZS","","23.2461435278337","27.7080695291815","32.7515105015824","35.5063930013459","34.157528846843","26.8939924380339","19.3667205169628","15.8773362366177","15.6196943972835","19.6658876482299","23.6048124133278","22.686493030764","22.1501681709294","22.7476714648603","21.4725039827381","20.6647032744316","24.199006604443","26.3202070364412","29.7459424443833","32.2457335032273","32.6619732915462","30.2675952144078","24.6772612423544","22.2029680295582","20.9719985042858","21.503470868107","23.5990576791549","25.3199049082124","25.8780970556771","26.2146728610143","26.3286481138339","27.1625388723006","27.0029322993308","29.3534741475405","30.2106512386886","31.0100938961435","33.3034492452386","30.2003556373722","25.8047383016083","26.5058493414211","25.7985137101084","22.7446754554123","21.6546282274807","21.820131227557","21.3969726476056","22.4267652730467","20.6181894840909","20.5445780846355","20.4642472931966","21.7781360691582","23.536338869848","25.3999025065057","24.1086280956178","23.4918064340566","22.3995947095418","21.4894575519614","21.6564377271714","21.5995180976142","18.2977495428858","17.0302785006165","16.8430455935255","16.0698462674383","16.944112236744","16.285061166693",
"中国香港特别行政区","HKG","固定资本形成总额（按现价本币）","NE.GDI.FTOT.CN","","1733000000","2407000000","3415000000","4221000000","4766000000","3841000000","2997000000","2625000000","3036000000","4544000000","6298000000","7308000000","9154000000","10746000000","10648000000","13051000000","17734000000","22578000000","33521000000","46311000000","56694000000","59326000000","53619000000","58170000000","58329000000","68924000000","93162000000","118010000000","138851000000","157093000000","182016000000","219237000000","251400000000","308097000000","338059000000","383068000000","457284000000","395043000000","331835000000","354516000000","340835000000","295076000000","272127000000","287360000000","302152000000","337153000000","340356000000","350796000000","339552000000","386852000000","455294000000","517411000000","515516000000","530916000000","537205000000","535216000000","575977000000","612439000000","520575000000","455695000000","483054000000","451397000000","505512000000","517066000000",
"中国香港特别行政区","HKG","货物和服务出口（占 GDP 的百分比）","NE.EXP.GNFS.ZS","","83.0449362843729","78.3469552204443","73.0795051309101","72.9222745625841","68.8239088368093","75.9067357512953","80.626817447496","90.213512369201","94.9683593147091","93.1879165584697","89.3557212998014","84.3882904417471","85.4211532412224","86.6342082980525","83.399544253766","89.4420165938312","83.361988974401","85.5843883332168","89.6318250791989","88.7452217325006","90.5333625229004","84.8687533481289","94.0671296615903","103.956991053162","103.919777943968","104.705405194603","112.770473946855","120.133197160978","118.329239336661","117.269080326271","119.332352605078","122.666484952858","120.357676072223","119.292594392203","126.208617290703","121.684512519621","115.041479648353","110.834708128133","112.718574496907","126.031457172742","122.769694703522","132.076763164041","150.775979991549","167.775897168379","177.45291670355","185.185163012497","186.412407406061","193.415176806617","178.135055401704","205.322597352297","212.852416474103","215.849565476503","221.610060304774","213.090413516784","195.89760161449","187.005128888725","188.902399636639","188.339507002291","177.651315174364","176.304482446886","204.014263732608","194.486518007141","176.797005304001","181.791342240576",
"中国香港特别行政区","HKG","货物和服务出口（现价本币单位）","NE.EXP.GNFS.CN","","6191000000","6806000000","7620000000","8669000000","9603000000","10841000000","12477000000","14915000000","18459000000","21532000000","23841000000","27184000000","35302000000","40926000000","41357000000","56488000000","61091000000","73416000000","101007000000","127455000000","157146000000","166347000000","204390000000","272359000000","289030000000","335607000000","445184000000","559912000000","634905000000","702742000000","824972000000","990078000000","1120542000000","1252107000000","1412282000000","1503170000000","1579615000000","1449800000000","1449500000000","1685672000000","1621962000000","1713486000000","1894755000000","2209523000000","2505857000000","2783983000000","3077214000000","3302539000000","2955697000000","3647211000000","4117481000000","4396983000000","4738699000000","4815854000000","4698173000000","4657546000000","5024069000000","5340233000000","5054219000000","4717543000000","5851074000000","5463066000000","5274576000000","5772046000000",
"中国香港特别行政区","HKG","国民总支出（2015年不变价美元）","NE.DAB.TOTL.KD","","","","","","","","","","","","","","","","","","","","","","","","","","","","","","","","","","","","","","","","","","","","","","","","","","","","","","","","301993614345.148","","","","","","","","","",
"中国香港特别行政区","HKG","Final consumption expenditure (% of GDP)","NE.CON.TOTL.ZS","78.4967266604894","83.6083165660631","79.8664671347991","73.6261628464563","71.4165545087483","68.5443990539669","75.8927321103487","75.2374798061389","78.0015726123511","74.821217266039","71.8904180732277","71.4553427532701","68.6368857293639","70.803590872795","71.0245554614733","71.4614128133255","63.938501488378","66.9450357513236","70.2559977617682","66.0718247242459","65.6633175276252","66.5787138923135","68.4523353996072","71.5253519635863","67.5795444135699","68.4605649197492","67.464004367834","63.5185044456266","62.7219595087496","62.0136126942474","64.2915548613614","66.2790041702648","66.6229727553182","66.0039097324411","67.463534074561","70.190329631834","69.6843927107644","69.1571449067536","70.4600045563171","69.855654903083","68.0086968159276","69.8183843977407","68.661978616262","68.5230557927346","68.9318265172","66.7235549260866","66.5531868472499","67.928573332461","68.7852381892219","70.280579420158","70.2348997822479","72.0066893089954","73.6492659270055","75.36950996233","75.9725752819131","76.0692663075204","76.2095689468955","76.9218506014601","78.2190984150899","80.2509435779407","79.0888532857362","77.654671086513","80.678177651658","83.2737929240654","80.12565927182",
"中国香港特别行政区","HKG","最终消费支出（现价本币单位）","NE.CON.TOTL.CN","5585974800","6233000000","6938000000","7677000000","8490000000","9564000000","10839000000","11643000000","12896000000","14543000000","16611000000","19065000000","22110000000","29261000000","33552000000","35437000000","40381000000","49060000000","60267000000","74457000000","94305000000","115566000000","134170000000","155411000000","177053000000","190408000000","216239000000","250752000000","292332000000","332739000000","385271000000","458202000000","537734000000","614503000000","708104000000","785434000000","860812000000","949585000000","921669000000","898306000000","909617000000","922400000000","890780000000","861108000000","907797000000","942220000000","1000528000000","1121335000000","1174499000000","1166127000000","1247605000000","1392919000000","1500279000000","1611630000000","1716984000000","1824354000000","1898074000000","2045822000000","2217847000000","2283157000000","2116254000000","2227115000000","2266225000000","2484397000000","2544065000000",
"中国香港特别行政区","HKG","按购买力平价 (PPP) 衡量的居民最终消费支出（现价国际元）","NE.CON.PRVT.PP.CD","","","","","","","","","","","","","","","","","","","","","","","","","","","","","","","65429241607.3013","72868752182.3313","79731277387.184","86327762015.3406","94025425604.0935","98012553452.9554","103743030584.031","110791493703.86","104699665597.714","107448579204.665","116759755995.667","122593085595.345","122696038253.396","123818090022.174","136032288358.262","146765746404.682","158966904308.715","181209890715.113","188504838189.573","184411543688.756","197085278742.641","216823580537.061","228906909175.365","231804682865.925","238019726738.851","251798975163.236","255608647513.576","277259159389.066","297560182817.812","303816411850.657","270928584667.52","291707035454.399","309229957471.027","353267518892.556","365813949320.536",
"中国香港特别行政区","HKG","居民最终消费支出（年增长率）","NE.CON.PRVT.KD.ZG","","","10.7184574890588","9.78632418517633","8.89091048868616","13.0340648349709","12.1671420540901","1.40881670533643","10.0221473807519","8.62093346309652","10.5243408406914","12.8673974197303","7.59068613909403","13.1814084057012","-1.80123409489626","3.71218382779492","7.53779291364307","16.7194476409666","17.0787110615089","9.45095661546753","12.1724759800331","7.60347992131494","5.23297765199322","7.7237121694865","5.85280933498574","4.35077311427898","8.57657731035115","10.6478503446013","9.37047671024844","3.82712835199166","6.26194058365573","9.2583904778225","8.58183819029841","7.84649884087965","6.49867490487199","1.62905265892361","3.72491063784899","5.5397081358382","-5.496419729293","1.04536790832294","4.51585984727194","1.40038806829259","-1.04640665657097","-1.55729400389532","7.12728181857487","3.54365077624288","6.09562141207871","8.64809434284737","1.8993706253611","0.179334413956639","6.11403426025205","8.3926765877459","4.10271788704364","4.62004762935699","3.3397828546202","4.76152333591988","2.00465549447107","5.4977276288167","5.29071577544025","-0.797434638195142","-10.5991588846412","5.57225828132297","-2.20261847789148","6.83523522253076","-0.667086929196628",
"中国香港特别行政区","HKG","居民最终消费支出（现价美元）","NE.CON.PRVT.CD","933506626.081146","1069453209.10205","1195293069.52745","1319462489.32774","1456067411.55945","1543106457.24258","1747703143.25064","1863592866.46368","1950830717.6546","2202474727.58304","2517395094.83","2963143149.5244","3616821802.04016","5268823472.2627","6121333981.77075","6578095533.54527","7531805578.2091","9646289146.28915","11823641603.8971","13642922864.9438","17329493901.1266","18557133740.2871","19766332883.9587","19180839201.6316","20374520337.6823","21939351153.6117","24844511954.0586","28975731734.6841","33798616448.8855","38305407608.8246","44199364549.5683","52620282127.5106","61519526371.5924","70440456782.6368","81380701895.3558","89920762250.1675","98290669016.0421","108386334788.713","103755254938.684","99864776023.2034","100668231087.846","100989774002.244","96526351030.5341","92845025203.0693","99055341551.1043","104361482271.622","111831832635.949","125921739601.921","131822783408.865","130759505918.019","140328300318.425","157297276464.543","169533045992.757","182189014956.163","193803445230.081","205513722707.776","212580244130.246","228965636708.926","247040505198.699","251881177403.997","228845717526.943","239735503167.916","237951829151.736","266627737390.357","273726001056.148",
"中国香港特别行政区","HKG","一般政府最终消费支出（2015年不变价美元）","NE.CON.GOVT.KD","","1676055945.04504","1750810345.12138","1933647148.64144","2124270868.83612","2295583035.67775","2553070413.71849","2816475848.43194","2973563914.14793","3243406533.3124","3408177690.14734","3512522373.58724","3740523293.82009","4128623220.88311","4505925290.15733","4808784436.02218","5104791095.21338","5551552461.2252","6074314133.9813","6688130819.05262","7203313226.24542","8723942314.46507","9223343237.19731","9812864742.24382","10221003001.5495","10521889461.8568","11187203622.5363","11564298040.6992","12027463844.5055","12656958188.4817","13324348860.2744","14404861418.0446","16349929377.8088","16778625097.1355","17445392815.5943","18016433371.733","18749753271.3708","19287673475.2535","19503111503.2513","20181300032.8328","20675302026.6707","21984646109.119","22615386359.7631","23152995086.9788","23474023705.0845","22871212528.9133","23075229745.7883","23804708099.8666","24286873980.359","24851062049.8241","25684262134.0084","26314690907.9855","27251405071.1644","27988462690.806","28846061780.5708","29833650466.0238","30860173734.8499","31736149947.9668","33082040626.008","34759031001.0539","37508020238.3059","39711198529.4448","42870091060.4486","41199330218.7423","41562096710.2239",
"中国香港特别行政区","HKG","军费支出（占中央政府支出的百分比）","MS.MIL.XPND.ZS","","","","","","","","","","","","","","","","","","","","","","","","","","","","","","","","","","","","","","","","","","","","","","","","","","","","","","","","","","","","","","","","","",
"中国香港特别行政区","HKG","武装部队人员（占劳动力总数的百分比）","MS.MIL.TOTL.TF.ZS","","","","","","","","","","","","","","","","","","","","","","","","","","","","","","","","","","","","","","","","","","","","","","","","","","","","","","","","","","","","","","","","","",
"中国香港特别行政区","HKG","物流绩效指数：货物在预定或预期的时间内到达收货人的频率（1=很低 至 5=很高）","LP.LPI.TIME.XQ","","","","","","","","","","","","","","","","","","","","","","","","","","","","","","","","","","","","","","","","","","","","","","","","4.33","","","4.04","","4.28","","4.061154","","4.289687","","4.14","","","","4.1","","",
"中国香港特别行政区","HKG","物流绩效指数：贸易和运输相关基础设施的质量（1=很低 至 5=很高）","LP.LPI.INFR.XQ","","","","","","","","","","","","","","","","","","","","","","","","","","","","","","","","","","","","","","","","","","","","","","","","4.06","","","4","","4.12","","3.971997","","4.102599","","3.97","","","","4","","",
"中国香港特别行政区","HKG","使用网络人数（占人口的百分比）","IT.NET.USER.ZS","","","","","","","","","","","","","","","","","","","","","","","","","","","","","","","0","0.121","0.85","1.33","2.78","3.22","4.75","10.5","14.5","21.2","27.8278","38.6714","43.0824","52.2","56.3999","56.9","60.8","64.8","66.7","69.4","72","72.2","72.9","74.2","79.8663","84.9484","87.4794","89.4159","90.5074","91.7434","92.4131","93.0872","95.6136","95.9778","",
"中国香港特别行政区","HKG","安全的互联网服务器","IT.NET.SECR","","","","","","","","","","","","","","","","","","","","","","","","","","","","","","","","","","","","","","","","","","","","","","","","","","","3143","4521","7138","8339","11232","17002","28417","77501","144576","454544","528380","744574","932322","988939","1174807",
"中国香港特别行政区","HKG","Fixed telephone subscriptions","IT.MLT.MAIN","79145","79145","79145","79145","79145","","79145","79145","79145","79145","473000","473000","473000","473000","473000","837023","909679","993882","1082408","1172530","1278866","1383667","1476960","1573420","1664372","1764338","1877322","2021394","2190997","2345236","2474998","2642414","2819797","2992056","3149280","3277854","3451241","3646516","3729191","3868794","3925840","3897560","3831830","3806440","3763350","3792910","3835940","4209130","4183020","4277300","4361670","4342230","4381560","4419420","4417860","4331730","4318350","4249370","4196060","4029600","3900600","3804410","3673290","3486660","",
"中国香港特别行政区","HKG","班轮运输相关指数（2004 年的最大值 = 100）","IS.SHP.GCNW.XQ","","","","","","","","","","","","","","","","","","","","","","","","","","","","","","","","","","","","","","","","","","","","","","","87.2640192515","93.5445823339","89.4291293346","89.2104544938","95.5087629683","95.2763287575","93.7827305376","95.6299544982","91.6002076553","90.6888031639","89.6268957162","92.2792651407","90.8054734459","89.4865856436","93.5912873945","90.5590960659","","","",
"中国香港特别行政区","HKG","航空运输，客运量","IS.AIR.PSGR","","","","","","","","","","","","","","","","","","","","","","","","","","","","","","","","","","","","","","5957200","12254000","12592600","14377973","14064286","15636216","13024791","17892816","20229512","21796158","24133664","25401266","23973030","28347688","30293677","32247332.0776827","34644497","37933773","41867157","43683583","45580297","47101822","46469864","5878548","777197","3407434","25704485","",
"中国香港特别行政区","HKG","Statistical performance indicators (SPI): Pillar 4 data sources score (scale 0-100)","IQ.SPI.PIL4","","","","","","","","","","","","","","","","","","","","","","","","","","","","","","","","","","","","","","","","","","","","","","","","","","","","","","","","","","","","","","","","","",
"中国香港特别行政区","HKG","Statistical performance indicators (SPI): Overall score (scale 0-100)","IQ.SPI.OVRL","","","","","","","","","","","","","","","","","","","","","","","","","","","","","","","","","","","","","","","","","","","","","","","","","","","","","","","","","","","","","","","","","",
"中国香港特别行政区","HKG","国家政策和制度评估 (CPIA) 社会包容性/公平政策集群平均值（1=低至 6=高）","IQ.CPA.SOCI.XQ","","","","","","","","","","","","","","","","","","","","","","","","","","","","","","","","","","","","","","","","","","","","","","","","","","","","","","","","","","","","","","","","","",
"中国香港特别行政区","HKG","国家政策和制度评估 (CPIA) 财产权和基于规则的治理评级（1=低至 6=高）","IQ.CPA.PROP.XQ","","","","","","","","","","","","","","","","","","","","","","","","","","","","","","","","","","","","","","","","","","","","","","","","","","","","","","","","","","","","","","","","","",
"中国香港特别行政区","HKG","国际开发协会（IDA ）资源分配指数（1=低，6=高）","IQ.CPA.IRAI.XQ","","","","","","","","","","","","","","","","","","","","","","","","","","","","","","","","","","","","","","","","","","","","","","","","","","","","","","","","","","","","","","","","","",
"中国香港特别行政区","HKG","国家政策和制度评估 (CPIA) 金融部门评级（1=低至 6=高）","IQ.CPA.FINS.XQ","","","","","","","","","","","","","","","","","","","","","","","","","","","","","","","","","","","","","","","","","","","","","","","","","","","","","","","","","","","","","","","","","",
"中国香港特别行政区","HKG","国家政策和制度评估 (CPIA) 债务政策评级（1=低至 6=高）","IQ.CPA.DEBT.XQ","","","","","","","","","","","","","","","","","","","","","","","","","","","","","","","","","","","","","","","","","","","","","","","","","","","","","","","","","","","","","","","","","",
"中国香港特别行政区","HKG","专利申请量，居民","IP.PAT.RESD","","","","","","","","","","","","","","","","","","","","","","","","21","20","16","10","13","12","15","21","16","11","9","21","23","41","26","128","42","51","74","112","107","127","156","172","160","173","149","133","181","171","226","192","239","233","324","314","346","423","401","","","",
"中国香港特别行政区","HKG","Industrial design applications, nonresident, by count","IP.IDS.NRCT","","","","","","","","","","","","","","","","","","","","","","","","","","","","","","","","","","","","","","575","1455","1455","1744","1569","1742","1891","2493","2617","2763","2633","3166","1900","2386","3021","3564","2990","3005","3847","3632","3600","3188","3493","2790","2912","","","",
"中国香港特别行政区","HKG","Public private partnerships investment in energy (current US$)","IE.PPN.ENGY.CD","","","","","","","","","","","","","","","","","","","","","","","","","","","","","","","","","","","","","","","","","","","","","","","","","","","","","","","","","","","","","","","","","",
"中国香港特别行政区","HKG","私营部门参与的能源投资（现价美元）","IE.PPI.ENGY.CD","","","","","","","","","","","","","","","","","","","","","","","","","","","","","","","","","","","","","","","","","","","","","","","","","","","","","","","","","","","","","","","","","",
"中国香港特别行政区","HKG","用于应付官员的管理时间（占管理时间的百分比）","IC.GOV.DURS.ZS","","","","","","","","","","","","","","","","","","","","","","","","","","","","","","","","","","","","","","","","","","","","","","","","","","","","","","","","","","","","","","","","0.0249081589","",
"中国香港特别行政区","HKG","Firms that introduced a new product/service and process, and spent on R&D","IC.FRM.NPRD.ZS","","","","","","","","","","","","","","","","","","","","","","","","","","","","","","","","","","","","","","","","","","","","","","","","","","","","","","","","","","","","","","","","1.239878416","",
"中国香港特别行政区","HKG","Firms with at least 10% foreign ownership","IC.FRM.FO.ZS","","","","","","","","","","","","","","","","","","","","","","","","","","","","","","","","","","","","","","","","","","","","","","","","","","","","","","","","","","","","","","","","13.35292816","",
"中国香港特别行政区","HKG","Firms adopting energy management measures to reduce emissions (% of firms)","IC.FRM.ENGM.ZS","","","","","","","","","","","","","","","","","","","","","","","","","","","","","","","","","","","","","","","","","","","","","","","","","","","","","","","","","","","","","","","","14.31240559","",
"中国香港特别行政区","HKG","对公职人员的非正常支付（占公司的百分比）","IC.FRM.CORR.ZS","","","","","","","","","","","","","","","","","","","","","","","","","","","","","","","","","","","","","","","","","","","","","","","","","","","","","","","","","","","","","","","","2.213704824","",
"中国香港特别行政区","HKG","Bribery incidence (% of firms experiencing at least one bribe payment request)","IC.FRM.BRIB.ZS","","","","","","","","","","","","","","","","","","","","","","","","","","","","","","","","","","","","","","","","","","","","","","","","","","","","","","","","","","","","","","","","2.564498901","",
"中国香港特别行政区","HKG","Firms experiencing electrical outages (% of firms)","IC.ELC.OUTG.ZS","","","","","","","","","","","","","","","","","","","","","","","","","","","","","","","","","","","","","","","","","","","","","","","","","","","","","","","","","","","","","","","","3.939208746","",
"中国香港特别行政区","HKG","新注册企业（数量）","IC.BUS.NREG","","","","","","","","","","","","","","","","","","","","","","","","","","","","","","","","","","","","","","","","","","","","","","","81974","100761","98645","109424","139530","148329","150165","174031","167280","139209","144883","160229","151739","124741","99405","110840","104120","","",
"中国香港特别行政区","HKG","B-READY: Utility Services Pillar 1: Quality of Regulations on Utility Services","IC.BRE.US.P1","","","","","","","","","","","","","","","","","","","","","","","","","","","","","","","","","","","","","","","","","","","","","","","","","","","","","","","","","","","","","","","","","68.0729142129421",
"中国香港特别行政区","HKG","B-READY: Taxation Pillar 1: Quality of Regulations on Taxation","IC.BRE.TX.P1","","","","","","","","","","","","","","","","","","","","","","","","","","","","","","","","","","","","","","","","","","","","","","","","","","","","","","","","","","","","","","","","","67",
"中国香港特别行政区","HKG","B-READY: Pillar 1: Regulatory Framework","IC.BRE.P1.RF","","","","","","","","","","","","","","","","","","","","","","","","","","","","","","","","","","","","","","","","","","","","","","","","","","","","","","","","","","","","","","","","","72.4713134765625",
"中国香港特别行政区","HKG","B-READY: Market Competition: Overall Score","IC.BRE.MC.OS","","","","","","","","","","","","","","","","","","","","","","","","","","","","","","","","","","","","","","","","","","","","","","","","","","","","","","","","","","","","","","","","","57.7983878751596",
"中国香港特别行政区","HKG","B-READY: Labor: Overall Score","IC.BRE.LB.OS","","","","","","","","","","","","","","","","","","","","","","","","","","","","","","","","","","","","","","","","","","","","","","","","","","","","","","","","","","","","","","","","","68.814458211263",
"中国香港特别行政区","HKG","B-READY: International Trade: Overall Score","IC.BRE.IT.OS","","","","","","","","","","","","","","","","","","","","","","","","","","","","","","","","","","","","","","","","","","","","","","","","","","","","","","","","","","","","","","","","","91.001433978516",
"中国香港特别行政区","HKG","B-READY: Financial Services: Overall Score","IC.BRE.FS.OS","","","","","","","","","","","","","","","","","","","","","","","","","","","","","","","","","","","","","","","","","","","","","","","","","","","","","","","","","","","","","","","","","69.9592587550481",
"中国香港特别行政区","HKG","B-READY: Dispute Resolution: Overall Score","IC.BRE.DR.OS","","","","","","","","","","","","","","","","","","","","","","","","","","","","","","","","","","","","","","","","","","","","","","","","","","","","","","","","","","","","","","","","","72.6741943359375",
"中国香港特别行政区","HKG","B-READY: Business Location: Overall Score","IC.BRE.BL.OS","","","","","","","","","","","","","","","","","","","","","","","","","","","","","","","","","","","","","","","","","","","","","","","","","","","","","","","","","","","","","","","","","71.1747078026334",
"中国香港特别行政区","HKG","B-READY: Business Insolvency: Overall Score","IC.BRE.BI.OS","","","","","","","","","","","","","","","","","","","","","","","","","","","","","","","","","","","","","","","","","","","","","","","","","","","","","","","","","","","","","","","","","46.90741",
"中国香港特别行政区","HKG","B-READY: Business Entry: Overall Score","IC.BRE.BE.OS","","","","","","","","","","","","","","","","","","","","","","","","","","","","","","","","","","","","","","","","","","","","","","","","","","","","","","","","","","","","","","","","","85.4861106872559",
"中国香港特别行政区","HKG","人力资本指数，男性 (数值范围 0-1)","HD.HCI.OVRL.MA","","","","","","","","","","","","","","","","","","","","","","","","","","","","","","","","","","","","","","","","","","","","","","","","","","","0.7618448138237","","","","","","","0.81","0.795750916004181","","0.78038477897644","","","","",
"中国香港特别行政区","HKG","人力资本指数，女性 (数值范围 0-1)","HD.HCI.OVRL.FE","","","","","","","","","","","","","","","","","","","","","","","","","","","","","","","","","","","","","","","","","","","","","","","","","","","0.800767660140991","","","","","","","0.833","0.849131226539612","","0.84778493642807","","","","",
"中国香港特别行政区","HKG","Government Effectiveness: Percentile Rank, Upper Bound of 90% Confidence Interval","GE.PER.RNK.UPPER","","","","","","","","","","","","","","","","","","","","","","","","","","","","","","","","","","","","","86.3387985229492","","87.978141784668","","89.0710372924805","","90.2702713012695","95.6756744384766","98.0099487304688","97.5490188598633","99.5121917724609","99.0291290283203","99.0291290283203","98.5645904541016","98.5645904541016","98.5782012939453","99.052131652832","99.052131652832","99.5192337036133","100","99.523811340332","100","99.523811340332","99.523811340332","99.523811340332","97.6190490722656","98.5849075317383","98.1132049560547","",
"中国香港特别行政区","HKG","Government Effectiveness: Estimate","GE.EST","","","","","","","","","","","","","","","","","","","","","","","","","","","","","","","","","","","","","1.03622543811798","","1.09690153598785","","1.26450181007385","","1.33110809326172","1.59025156497955","1.73553156852722","1.60948646068573","1.91120851039886","1.86417436599731","1.84699952602386","1.73737561702728","1.67535734176636","1.64496850967407","1.82570827007294","1.73794031143188","1.82591092586517","1.87794923782349","1.80385911464691","1.86339437961578","1.86079668998718","1.70702481269836","1.61836564540863","1.48761248588562","1.58966255187988","1.55483567714691","",
"中国香港特别行政区","HKG","支出（现价本币单位）","GC.XPN.TOTL.CN","","","","","","","","","","","","","","","","","","","","","","","","","","","","","","","","","","","","","","","","","","","","","","","","","","","","","","","","","","","","","","","","","",
"中国香港特别行政区","HKG","利息支付（占收入的百分比）","GC.XPN.INTP.RV.ZS","","","","","","","","","","","","","","","","","","","","","","","","","","","","","","","","","","","","","","","","","","","","","","","","","","","","","","","","","","","","","","","","","",
"中国香港特别行政区","HKG","雇员报酬（占支出的百分比）","GC.XPN.COMP.ZS","","","","","","","","","","","","","","","","","","","","","","","","","","","","","","","","","","","","","","","","","","","","","","","","","","","","","","","","","","","","","","","","","",
"中国香港特别行政区","HKG","所得税、利润税和资本收益税（现值本币）","GC.TAX.YPKG.CN","","","","","","","","","","","","","","","","","","","","","","","","","","","","","","","","","","","","","","","","","","","","","","","","","","","","","","","","","","","","","","","","","",
"中国香港特别行政区","HKG","其他税收（现价本币单位）","GC.TAX.OTHR.CN","","","","","","","","","","","","","","","","","","","","","","","","","","","","","","","","","","","","","","","","","","","","","","","","","","","","","","","","","","","","","","","","","",
"中国香港特别行政区","HKG","关税及其他进口税（现价本币单位）","GC.TAX.IMPT.CN","","","","","","","","","","","","","","","","","","","","","","","","","","","","","","","","","","","","","","","","","","","","","","","","","","","","","","","","","","","","","","","","","",
"中国香港特别行政区","HKG","出口产品税收（占总税收比例）","GC.TAX.EXPT.ZS","","","","","","","","","","","","","","","","","","","","","","","","","","","","","","","","","","","","","","","","","","","","","","","","","","","","","","","","","","","","","","","","","",
"中国香港特别行政区","HKG","社会缴款（占收入比例）","GC.REV.SOCL.ZS","","","","","","","","","","","","","","","","","","","","","","","","","","","","","","","","","","","","","","","","","","","","","","","","","","","","","","","","","","","","","","","","","",
"中国香港特别行政区","HKG","Net lending (+) / net borrowing (-) (% of GDP)","GC.NLD.TOTL.GD.ZS","","","","","","","","","","","","","","","","","","","","","","","","","","","","","","","","","","","","","","","","","","","","","","","","","","","","","","","","","","","","","","","","","",
"中国香港特别行政区","HKG","Net incurrence of liabilities, total (% of GDP)","GC.LBL.TOTL.GD.ZS","","","","","","","","","","","","","","","","","","","","","","","","","","","","","","","","","","","","","","","","","","","","","","","","","","","","","","","","","","","","","","","","","",
"中国香港特别行政区","HKG","Net acquisition of financial assets (% of GDP)","GC.AST.TOTL.GD.ZS","","","","","","","","","","","","","","","","","","","","","","","","","","","","","","","","","","","","","","","","","","","","","","","","","","","","","","","","","","","","","","","","","",
"中国香港特别行政区","HKG","Account ownership at a financial institution or with a mobile-money-service provider, young adults (% of population ages 15-24)","FX.OWN.TOTL.YG.ZS","","","","","","","","","","","","","","","","","","","","","","","","","","","","","","","","","","","","","","","","","","","","","","","","","","","","79.6999724583471","","","88.9910736167887","","","87.966008514451","","","","88.8805118740581","","","95.9277865060906",
"中国香港特别行政区","HKG","Account ownership at a financial institution or with a mobile-money-service provider, male (% of population ages 15+)","FX.OWN.TOTL.MA.ZS","","","","","","","","","","","","","","","","","","","","","","","","","","","","","","","","","","","","","","","","","","","","","","","","","","","","88.2511474546552","","","96.0050513206037","","","95.9928221666471","","","","97.3316204636794","","","97.9944921224797",
"中国香港特别行政区","HKG","私营部门的国内信贷（占 GDP 的百分比）","FS.AST.PRVT.GD.ZS","","","","","","","","","","","","","","","","","","","","","","","","","","","","","","","160.538234076922","137.255378455512","129.521018918885","134.908862418234","143.518640256857","149.412246225668","156.667889040809","169.280007108092","166.804706767354","152.79265225756","150.351364223279","148.976631278091","145.707823001046","146.231464371286","144.761964130729","143.12769981411","136.800320417521","136.679742857212","140.285752688015","155.426161115447","185.58191267173","202.292745511598","198.531505076682","218.160392086255","233.211001170351","207.899328185199","214.300178832553","223.371866412043","219.908123250485","236.740071570624","258.902841699638","259.183988203515","264.442110646291","248.607943667108","231.037771669122",
"中国香港特别行政区","HKG","贷款的风险溢价（基本利率减去国库券利率，%）","FR.INR.RISK","","","","","","","","","","","","","","","","","","","","","","","","","","","","","","","","","3.50333333333333","3.33","3.095","3.16666666666666","3.47583333333333","2.47","2.61083333333333","3.14916666666667","3.345","3.55125","3.4875","4.25","4.76333333333333","3.52083333333333","4.27833333333334","4.43","4.60666666666667","4.93416666666667","4.76666666666667","4.865","4.87916666666667","4.8825","4.91833333333333","4.99166666666667","4.75416666666667","4.50666666666667","3.725","3.35916666666667","4.59416666666667","4.9625","3.52166666666667","1.91083333333333","1.73208333333333",
"中国香港特别行政区","HKG","存款利率 (百分比)","FR.INR.DPST","","","","","","","","","","","","","","","","","","","","","","","","","","","","","","","","","","","3.54","5.6275","4.64333333333333","5.97759166666667","6.62166666666667","4.49916666666667","4.80083333333333","2.3775","0.345","0.0666666666666667","0.025","1.26083333333333","2.7","2.42333333333333","0.448333333333333","0.0108333333333333","0.01","0.01","0.01","0.01","0.01","0.01","0.01","0.01","0.0441666666666667","0.138333333333333","0.0583333333333333","0.02","0.0516666666666667","0.49","0.534166666666667",
"中国香港特别行政区","HKG","广义货币增长（年度百分比）","FM.LBL.BMNY.ZG","","","","","","","","","","","","","","","","","","","","","","","","","","","","","","","","","8.4827156680565","14.4552054824331","11.7376612531419","10.6482708864874","12.4904806998724","8.71754718796748","11.1277760322782","8.30268218576874","9.3282140845857","-0.276964461460178","0.549648674758419","6.27654816632185","8.22522262904773","5.13279903566574","14.3855831565468","15.2406551328921","2.88116624961548","6.14631923610611","6.90869887628619","11.8637122029514","9.34046817095475","10.4840971242343","8.513625953004","6.76725074879926","6.53404549327751","12.7976244190127","3.90523947143358","4.81219363571778","6.03556177466453","3.19733962828616","3.26959719122442","3.87224458935109","6.99616359629291",
"中国香港特别行政区","HKG","对私营部门的债权（年增长率占广义货币的百分比）","FM.AST.PRVT.ZG.M3","","","","","","","","","","","","","","","","","","","","","","","","","","","","","","","","","7.94514065674585","15.9802784951573","16.5977686166067","9.82165775297807","14.1226910321816","18.5436138795332","-6.24446639305977","-8.56523444351816","1.6800937586995","-1.42472456740804","-2.60172657675314","-1.75064025839515","2.15109771362218","3.31387717186189","0.974116018932078","4.7968009161528","2.90014119834624","3.71919688975619","13.7001929181823","11.0115164815265","2.09101692932219","9.06220635689819","8.00294097985244","-3.46528757636979","4.00724657227533","6.46061059873464","2.79530439041904","4.56694080405691","1.67675374957316","4.1557174312562","-0.0416527417474152","-0.0856643091843775","-0.603797858432327",
"中国香港特别行政区","HKG","对国内经济其他部门的债权（年增长率占广义货币的百分比）","FM.AST.DOMO.ZG.M3","","","","","","","","","","","","","","","","","","","","","","","","","","","","","","","","","","","","","","","","","","","","","","","","","","","","","","","","","","9.99233394287957","3.15372788956888","5.231015411482","2.22329856406947","4.07338817667489","0.0315550226725542","-0.147048010872846","-0.660565205108658",
"中国香港特别行政区","HKG","总储备（占外债总额比例）","FI.RES.TOTL.DT.ZS","","","","","","","","","","","","","","","","","","","","","","","","","","","","","","","","","","","","","","","","","","","","","","","","","","","","","","","","","","","","","","","","","",
"中国香港特别行政区","HKG","商业银行的存款人 (每10万成年人)","FB.CBK.DPTR.P3","","","","","","","","","","","","","","","","","","","","","","","","","","","","","","","","","","","","","","","","","","","","","","","","","","","","","","","","","","","","","","","","","",
"中国香港特别行政区","HKG","自动取款机（ATM）(每10万成年人)","FB.ATM.TOTL.P5","","","","","","","","","","","","","","","","","","","","","","","","","","","","","","","","","","","","","","","","","","","","","39.9733742567994","41.22163758108","42.3665048379159","41.7837307523244","43.0115069015271","44.364806877531","47.0615193048786","49.7562585348034","49.1185906577074","50.4779871019278","50.1077002381995","49.6464705858625","50.9176910894657","50.6491921837552","51.8714296437287","53.0880805579769","51.7893368192634","50.6861600518411","49.5234605013259","46.6749446939546","",
"中国香港特别行政区","HKG","陆地保护区面积（占土地总面积的比例）","ER.LND.PTLD.ZS","","","","","","","","","","","","","","","","","","","","","","","","","","","","","","","","","","","","","","","","","","","","","","","","","","","","","","42.1","42.1","41.9","41.9","41.9","41.9","41.9","41.9","41.9","41.9","41.9","42",
"中国香港特别行政区","HKG","年度淡水抽取量，总量（10亿立方米）","ER.H2O.FWTL.K3","","","","","","","","","","","","","","","","","","","","","","","","","","","","","","","","","","","","","","","","","","","","","","","","","","","","","","","","","","","","","","","","","",
"中国香港特别行政区","HKG","年度淡水抽取量，农业（占淡水抽取总量的百分比）","ER.H2O.FWAG.ZS","","","","","","","","","","","","","","","","","","","","","","","","","","","","","","","","","","","","","","","","","","","","","","","","","","","","","","","","","","","","","","","","","",
"中国香港特别行政区","HKG","Aquaculture production (metric tons)","ER.FSH.AQUA.MT","600","665","690","700","1390","1279","1138","1169","1852","2140","3113","3287","3619","4010","4287","5239","6086","5101","6816","7383","7887","7913","9287","8540","8356","7901","9121","10436","10778","9529","10256","10624","9333","9299","8966","8571","8418","8310","6439","6052","4988","5627","4302","4857","4615","4130","4125","4514","4754","4819","4338","3438","4093","3764","3897","3894","4258","4172","4133","3787.1","3834.7","4008.87","3361.2","2059.81","",
"中国香港特别行政区","HKG","最大城市中的人口","EN.URB.LCTY","2611539","2696989","2781687","2861217","2938435","3015435","3093502","3172260","3250427","3325938","3397839","3466809","3537455","3610906","3696258","3799487","3924262","4067185","4218777","4365240","4496588","4608529","4703886","4788705","4871853","4959721","5112486","5343164","5514838","5647589","5753523","5844232","5918031","5983355","6055086","6140101","6241810","6356470","6473836","6579564","6663654","6722306","6759491","6782571","6802597","6827761","6860376","6898397","6940323","6983272","7025221","7065815","7106399","7148571","7194563","7245701","7302843","7364883","7428887","7490776","7547652","7598189","7643256","7684801","7725859",
"中国香港特别行政区","HKG","Rural population living in areas where elevation is below 5 meters (% of total population)","EN.POP.EL5M.RU.ZS","","","","","","","","","","","","","","","","","","","","","","","","","","","","","","","0.559235158723327","","","","","","","","","","0.543013589445635","","","","","","","","","","","","","","","0.555621452880751","","","","","","","","","",
"中国香港特别行政区","HKG","Total greenhouse gas emissions excluding LULUCF (% change from 1990)","EN.GHG.TOT.ZG.AR5","","","","","","","","","","","","","","","","","","","","","","","","","","","","","","","","9.25051088790025","22.11596773125","24.7132147971482","8.53807070382773","9.7170623818333","3.11858205038043","-1.0842034990088","20.3606027712802","28.4563286397896","18.8513813083827","18.5022958104644","15.9942311710417","25.1830787812075","15.4224444138676","21.3581719131414","20.0296085655899","25.3303571883584","22.0988956667533","27.4569758493989","20.0838824422735","27.820585342486","26.5434929953574","30.5182263399023","34.1550856915715","25.7951250337619","28.107752755737","25.9148842921718","25.86443251948","24.7223878467286","0.900742507402152","1.99411905599127","-4.08863204350064","1.23657804481545","2.70528520539988",
"中国香港特别行政区","HKG","Nitrous oxide (N2O) emissions from Power Industry (Energy) (Mt CO2e)","EN.GHG.N2O.PI.MT.CE.AR5","","","","","","","","","","","0.0045","0.0045","0.005","0.0056","0.0056","0.006","0.0066","0.0074","0.0083","0.0088","0.0103","0.0123","0.0231","0.0426","0.0539","0.0623","0.074","0.0791","0.0862","0.0919","0.0984","0.108","0.1154","0.1189","0.0908","0.0947","0.0753","0.063","0.0722","0.0613","0.0703","0.0774","0.0856","0.1069","0.1008","0.1093","0.1092","0.1186","0.1093","0.1139","0.1001","0.1177","0.1168","0.1231","0.1288","0.1084","0.1092","0.1026","0.1049","0.102","0.0571","0.063","0.0619","0.0611","0.0539",
"中国香港特别行政区","HKG","Nitrous oxide (N2O) emissions from Fugitive Emissions (Energy) (Mt CO2e)","EN.GHG.N2O.FE.MT.CE.AR5","","","","","","","","","","","0","0","0","0","0","0","0","0","0","0","0","0","0","0","0","0","0","0","0","0","0","0","0","0","0","0","0","0","0","0","0","0","0","0","0","0","0","0","0","0","0","0","0","0","0","0","0","0","0","0.0001","0","0","0","0","0",
"中国香港特别行政区","HKG","Carbon dioxide (CO2) emissions (total) excluding LULUCF (% change from 1990)","EN.GHG.CO2.ZG.AR5","","","","","","","","","","","","","","","","","","","","","","","","","","","","","","","","9.8521014829801","24.1077721626627","26.8788362158753","8.83025199533163","10.2247726449094","3.0016293662593","-1.80999477803809","21.4828089018756","29.9495210348045","19.5658067075102","19.4399659859093","16.8558082198817","27.0317854829459","16.2859580587999","22.7172464566278","21.0816024289257","26.7855257488379","23.0739378443855","28.8240883681512","20.4980553185539","28.9288129595969","27.4016031137731","31.7926167736265","35.6976740867987","26.2559103762952","28.6354699623049","25.9400244832968","25.7240121788707","24.1520018947447","-2.80330895466595","-1.44674026874555","-8.30976792231548","-2.63923091629737","-1.22159666479285",
"中国香港特别行政区","HKG","Carbon intensity of GDP (kg CO2e per constant 2015 US$ of GDP)","EN.GHG.CO2.RT.GDP.KD","","","","","","","","","","","0.354770764767401","0.331995506822159","0.309115918412962","0.277740079955237","0.310757928990188","0.30600503028709","0.305819046619632","0.317359721797253","0.312522224143914","0.261949479827571","0.244764866409465","0.241063051745506","0.266520222022604","0.297669571939061","0.299102815916739","0.309023032071606","0.319555370762485","0.281966165876728","0.290731416047802","0.292094979214057","0.287643278803644","0.298936896105199","0.317908889968718","0.306029829957382","0.247554407464851","0.244912745722673","0.21951543365552","0.199106942115917","0.261736463966438","0.273131369600622","0.233418712590319","0.231872559628885","0.223158813200405","0.235397296809171","0.19823776695974","0.194808634354808","0.179582648019745","0.176624038284672","0.167881083359638","0.180154959240381","0.157829922086967","0.161115404094153","0.15654518469715","0.157069122359866","0.157375741583752","0.143010847200911","0.142603941687802","0.134509662619325","0.13056191725769","0.13112236621427","0.109842669535922","0.104622910180191","0.101060039410701","0.103958568835053","0.102894770001623",
"中国香港特别行政区","HKG","Carbon dioxide (CO2) net fluxes from LULUCF - Organic Soil (Mt CO2e)","EN.GHG.CO2.LU.OS.MT.CE.AR5","","","","","","","","","","","","","","","","","","","","","","","","","","","","","","","","","","","","","","","","","","","","","","","","","","","","","","","","","","","","","","","","","",
"中国香港特别行政区","HKG","Carbon dioxide (CO2) net fluxes from LULUCF - Deforestation (Mt CO2e)","EN.GHG.CO2.LU.DF.MT.CE.AR5","","","","","","","","","","","","","","","","","","","","","","","","","","","","","","","","","","","","","","","","","","","","","","","","","","","","","","","","","","","","","","","","","",
"中国香港特别行政区","HKG","Carbon dioxide (CO2) emissions from Building (Energy) (Mt CO2e)","EN.GHG.CO2.BU.MT.CE.AR5","","","","","","","","","","","0.9821","0.9821","0.7956","0.6689","0.9963","0.9189","0.9802","1.2885","1.2253","0.7966","0.9291","0.7423","1.0257","0.7165","0.7982","0.8445","0.9581","1.029","1.1318","1.1719","1.271","1.3277","1.4508","1.4496","1.6746","1.7222","1.692","1.6967","1.6473","1.866","1.8445","2.0584","2.287","2.4386","2.4066","1.7325","1.6988","1.6932","1.693","1.6628","1.6557","1.6483","1.6284","1.6151","1.614","1.5785","1.6048","1.5999","1.6766","1.5573","1.5558","1.5572","1.4948","1.6325","1.8308",
"中国香港特别行政区","HKG","Methane (CH4) emissions from Transport (Energy) (Mt CO2e)","EN.GHG.CH4.TR.MT.CE.AR5","","","","","","","","","","","0.006","0.006","0.0066","0.007","0.0064","0.0066","0.0072","0.0077","0.0089","0.0134","0.0125","0.0153","0.0165","0.0163","0.0157","0.0148","0.0179","0.0174","0.0209","0.0209","0.023","0.0272","0.0308","0.0344","0.0381","0.0369","0.036","0.0374","0.0554","0.0713","0.0599","0.0567","0.0468","0.0455","0.0341","0.0397","0.035","0.034","0.032","0.0376","0.0336","0.0319","0.0296","0.0291","0.0283","0.0279","0.0268","0.0255","0.0227","0.0234","0.0243","0.0227","0.0181","0.0224","0.0254",
"中国香港特别行政区","HKG","Methane (CH4) emissions from Industrial Combustion (Energy) (Mt CO2e)","EN.GHG.CH4.IC.MT.CE.AR5","","","","","","","","","","","0.0029","0.0029","0.0027","0.0023","0.0038","0.0032","0.0041","0.0049","0.005","0.0029","0.0026","0.0027","0.0034","0.0034","0.0038","0.0033","0.0037","0.0039","0.0046","0.0044","0.0034","0.0025","0.0042","0.0034","0.0038","0.0034","0.003","0.003","0.005","0.0066","0.0048","0.0042","0.0033","0.0032","0.002","0.002","0.002","0.0025","0.0028","0.0023","0.0021","0.002","0.0019","0.002","0.002","0.0023","0.0025","0.0028","0.0027","0.0028","0.0006","0.0005","0.0004","0.0005","0.0005",
"中国香港特别行政区","HKG","Total greenhouse gas emissions excluding LULUCF per capita (t CO2e/capita)","EN.GHG.ALL.PC.CE.AR5","","","","","","","","","","","2.92902248042435","2.9246038612711","2.95103792802406","2.89506318370426","3.14580382840696","3.07358346781424","3.47104913678619","3.90688744900408","4.08548473486877","3.69002170517476","3.70314629377259","3.85849056603774","4.25607370120619","4.86002132794522","5.28294336686489","5.43838202411935","6.09043188647142","6.04049816324702","6.63798066671405","6.75400091449474","6.87972653168551","7.45406815020862","8.26220153435049","8.29422131842061","7.05772608277828","6.99450951089164","6.28844689612307","5.98213983018199","7.21854608249156","7.63084840687202","6.99830457614404","6.92651504996798","6.74995922361768","7.2990729185238","6.67767376722931","6.99047437327541","6.86968251884908","7.11166375084944","6.88697576820259","7.17373221661312","6.70929073773526","7.09368459754511","6.94570705304821","7.1351321233058","7.28261982156442","6.77091876620081","6.8528201074067","6.68395282151166","6.62802243512331","6.51950612022003","5.293262932763","5.39963038404986","5.12391609153156","5.27205053011505","5.35706596137744",
"中国香港特别行政区","HKG","干旱、洪水和极端气温 （占总人口的百分比，1990年-2009年平均值）","EN.CLC.MDAT.ZS","","","","","","","","","","","","","","","","","","","","","","","","","","","","","","","","","","","","","","","","","","","","","","","","","","0.00435437265407691","","","","","","","","","","","","","","","",
"中国香港特别行政区","HKG","PM2.5 pollution, population exposed to levels exceeding WHO Interim Target-3 value (% of total)","EN.ATM.PM25.MC.T3.ZS","","","","","","","","","","","","","","","","","","","","","","","","","","","","","","","","","","","","","","","","","","","","","","","","","","","","","","","","","","","","","","","","","",
"中国香港特别行政区","HKG","能源使用量(人均千克石油当量）","EG.USE.PCAP.KG.OE","","","","","","","","","","","","","","","","","","","","","","","","","","","","","","","1643.83924591339","1703.23035254986","1994.28603038223","1817.02187880225","1856.80780329279","1781.19266302718","1697.25887154868","1588.71002046421","2006.21136133719","2391.77782698951","2121.26333389026","2078.72020108504","1934.25829611026","2027.39386284231","1823.00666629868","1864.70663999897","1899.44680195877","2045.97032642374","1985.30653602798","2043.27170232303","1922.62411959812","2037.95845611292","1944.99681879757","1907.46340816256","1904.11999210825","2030.16882885741","2081.70251975178","1868.11658156736","1916.57759637005","1876.91855569536","1655.13405911583","1671.63130147382","1566.39613487602","","",
"中国香港特别行政区","HKG","化石燃料能耗（占总量的百分比）","EG.USE.COMM.FO.ZS","","","","","","","","","","","","","","","","","","","","","","","","","","","","","","","92.9661915875361","93.3695697820454","95.0314637966793","","89.3880644428659","91.290818776232","89.3090219849893","90.7024573779705","94.7090654389637","96.386753438496","90.2527821136958","95.7497053361106","95.0606768590198","94.0354708403181","97.5612501874424","94.0722798293702","97.0232499407669","95.9315589173848","95.7261190051477","97.9046527856321","95.1456025701096","96.591210571672","95.6667207543071","95.4242482827168","96.4202282995676","86.9623924479696","0","0","0","0","0","0","0","","",
"中国香港特别行政区","HKG","GDP单位能源使用量（购买力平价美元/千克石油当量）","EG.GDP.PUSE.KO.PP","","","","","","","","","","","","","","","","","","","","","","","","","","","","","","","11.1031042872424","11.6133174924633","10.6868324262437","12.5348547599006","12.9885613401463","13.8745212350638","14.7874878983324","16.7497945687381","12.5191626545796","10.8128006213521","13.3055187307701","13.8589156455159","15.3080727366737","15.3787004986804","18.942470039252","20.4212136436735","21.9777156074503","22.1203851424819","23.5884170177153","22.4451194957936","25.588801488714","25.651880334693","26.8122193133768","28.0568525303669","28.6299849967032","27.6051143624535","27.2668557945496","31.7222778069201","31.7755333297214","32.6180479990986","35.155748313425","39.413558221823","43.7961536437763","","",
"中国香港特别行政区","HKG","Renewable electricity output (% of total electricity output)","EG.ELC.RNEW.ZS","","","","","","","","","","","","","","","","","","","","","","","","","","","","","","","0","0","0","0","0","0","0","0","0","0","0","0","0","0","0.201982117849833","0.187251306858079","0.212341714788824","0.272129800780448","0.165815655103437","0.193096147888051","0.213355941046041","0.227818298144594","0.220655703902263","0.199877250409165","0.231964066146395","0.207020867871898","0.38078431372549","0.39483424742658","0.40166311067345","0.430652585973463","0.550949619015126","0.839399908259356","","","",
"中国香港特别行政区","HKG","输配电损耗（占电产量的比例）","EG.ELC.LOSS.ZS","","","","","","","","","","","","","","","","","","","","","","","","","","","","","","","11.4244246319718","10.78378973182","10.8774744320623","11.5966620305981","15.1591070560521","14.7693079237713","5.36178890373392","5.22370012091898","4.4498201610593","4.79693538544986","4.86419201429894","4.57264430192403","4.63950574109693","4.70584922132417","4.7183022729721","4.79831473823828","4.52650387135199","4.84699116861779","4.75864610201611","4.94939584839409","4.77631407330116","5.14651311580294","5.51832568689108","4.64402618657938","4.85307771448646","4.85776690087103","4.66143790849673","4.71455974927728","4.55440669620876","4.67370701326834","4.9812350733538","4.31720676722161","4.47682632905782","","",
"中国香港特别行政区","HKG","通电率（占人口的百分比）","EG.ELC.ACCS.ZS","","","","","","","","","","","","","","","","","","","","","","","","","","","","","","","100","100","100","100","100","100","100","100","100","100","100","100","100","100","100","100","100","100","100","100","100","100","100","100","100","100","100","100","100","100","100","100","100","100","",
"中国香港特别行政区","HKG","Access to clean fuels and technologies for cooking  (% of population)","EG.CFT.ACCS.ZS","","","","","","","","","","","","","","","","","","","","","","","","","","","","","","","","","","","","","","","","","","","","","","","","","","","","","","","","","","","","","","","","","",
"中国香港特别行政区","HKG","多边债务还本付息（TDS，现价美元）","DT.TDS.MLAT.CD","","","","","","","","","","","","","","","","","","","","","","","","","","","","","","","","","","","","","","","","","","","","","","","","","","","","","","","","","","","","","","","","","",
"中国香港特别行政区","HKG","债务还本付息（仅针对PPG和IMG，在商品与服务的出口和初次收入中所占%）","DT.TDS.DPPF.XP.ZS","","","","","","","","","","","","","","","","","","","","","","","","","","","","","","","","","","","","","","","","","","","","","","","","","","","","","","","","","","","","","","","","","",
"中国香港特别行政区","HKG","长期外债还本付息总额（TDS，现价美元）","DT.TDS.DECT.CD","","","","","","","","","","","","","","","","","","","","","","","","","","","","","","","","","","","","","","","","","","","","","","","","","","","","","","","","","","","","","","","","","",
"中国香港特别行政区","HKG","收到的净官方发展援助（2020年不变价美元）","DT.ODA.ODAT.KD","48961124.420166","39841770.1721191","14209692.9550171","39816009.5214844","2121990.91911316","28268030.166626","18800977.7069092","20509443.2830811","9501012.80212402","7721899.98626709","11173810.005188","27395391.4642334","19547611.2365723","3622277.02140808","3434807.06214905","-6818233.96682739","10438415.5273438","7795221.80557251","6661307.81173706","31575025.5584717","26461057.6629639","23386373.5198975","20599014.2822266","23013446.8078613","37391178.1311035","61903495.7885742","46604740.1428223","41107006.072998","39965995.7885742","70758239.7460938","57752124.786377","53581138.6108398","-57281322.479248","41732849.1210938","35554916.3818359","19394252.7770996","13994491.5771484","","","","","","","","","","","","","","","","","","","","","","","","","","","","",
"中国香港特别行政区","HKG","收到的净官方援助（2020年不变价美元）","DT.ODA.OATL.KD","","","","","","","","","","","","","","","","","","","","","","","","","","","","","","","","","","","","","","11630000.1144409","9159999.84741211","4190000.05722046","5289999.96185303","4409999.84741211","5260000.22888184","6460000.03814697","8729999.54223633","","","","","","","","","","","","","","","","","","","","",
"中国香港特别行政区","HKG","Net official flows from UN agencies, WTO-ITC (current US$)","DT.NFL.WITC.CD","","","","","","","","","","","","","","","","","","","","","","","","","","","","","","","","","","","","","","","","","","","","","","","","","","","","","","","","","","","","","","","","","",
"中国香港特别行政区","HKG","Net official flows from UN agencies, UNWOMEN (current US$)","DT.NFL.UNWN.CD","","","","","","","","","","","","","","","","","","","","","","","","","","","","","","","","","","","","","","","","","","","","","","","","","","","","","","","","","","","","","","","","","",
"中国香港特别行政区","HKG","Net official flows from UN agencies, UNIDO (current US$)","DT.NFL.UNIDO.CD","","","","","","","","","","","","","","","","","","","","","","","","","","","","","","","","","","","","","","","","","","","","","","","","","","","","","","","","","","","","","","","","","",
"中国香港特别行政区","HKG","来自联合国机构的净官方流动，UNECE（现价美元）","DT.NFL.UNEC.CD","","","","","","","","","","","","","","","","","","","","","","","","","","","","","","","","","","","","","","","","","","","","","","","","","","","","","","","","","","","","","","","","","",
"中国香港特别行政区","HKG","来自联合国机构的净官方流动，UNHCR（现价美元）","DT.NFL.UNCR.CD","","","","","","","","","","50000.0007450581","19999.9995529652","","","","","","","","109999.999403954","8500000","7190000.05722046","5579999.92370605","4099999.90463257","3960000.03814697","4320000.17166138","3650000.09536743","4179999.82833862","4250000","8479999.54223633","26389999.3896484","15529999.7329712","20340000.1525879","18829999.9237061","17190000.5340576","14649999.6185303","3549999.95231628","2180000.0667572","","","","","","","","","","","","","","","","","","","","","","","","","","","","",
"中国香港特别行政区","HKG","Net official flows from UN agencies, SPRP (current US$)","DT.NFL.SPRP.CD","","","","","","","","","","","","","","","","","","","","","","","","","","","","","","","","","","","","","","","","","","","","","","","","","","","","","","","","","","","","","","","","","",
"中国香港特别行政区","HKG","PPG，私人债权人（NFL，现价美元）","DT.NFL.PRVT.CD","","","","","","","","","","","","","","","","","","","","","","","","","","","","","","","","","","","","","","","","","","","","","","","","","","","","","","","","","","","","","","","","","",
"中国香港特别行政区","HKG","商业银行和其他贷款（公共和公共担保贷款(PPG) + 私人无担保贷款(PNG)）（NFL，现价美元）","DT.NFL.PCBO.CD","","","","","","","","","","","","","","","","","","","","","","","","","","","","","","","","","","","","","","","","","","","","","","","","","","","","","","","","","","","","","","","","","",
"中国香港特别行政区","HKG","国际金融公司（IFC），私人无担保贷款（NFL，现价美元）","DT.NFL.NIFC.CD","","","","","","","","","","","","","","","","","","","","","","","","","","","","","","","","","","","","","","","","","","","","","","","","","","","","","","","","","","","","","","","","","",
"中国香港特别行政区","HKG","净金融流动，IBRD，（NFL，现价美元）","DT.NFL.MIBR.CD","","","","","","","","","","","","","","","","","","","","","","","","","","","","","","","","","","","","","","","","","","","","","","","","","","","","","","","","","","","","","","","","","",
"中国香港特别行政区","HKG","来自联合国机构的净官方流量，IFAD（现价美元）","DT.NFL.IFAD.CD","","","","","","","","","","","","","","","","","","","","","","","","","","","","","","","","","","","","","","","","","","","","","","","","","","","","","","","","","","","","","","","","","",
"中国香港特别行政区","HKG","Net official flows from UN agencies, CERF (current US$)","DT.NFL.CERF.CD","","","","","","","","","","","","","","","","","","","","","","","","","","","","","","","","","","","","","","","","","","","","","","","","","","","","","","","","","","","","","","","","","",
"中国香港特别行政区","HKG","外债的现值（占出口货物、服务和收入的百分比）","DT.DOD.PVLX.EX.ZS","","","","","","","","","","","","","","","","","","","","","","","","","","","","","","","","","","","","","","","","","","","","","","","","","","","","","","","","","","","","","","","","","",
"中国香港特别行政区","HKG","PPG，IBRD（DOS，现价美元）","DT.DOD.MIBR.CD","","","","","","","","","","","","","","","","","","","","","","","","","","","","","","","","","","","","","","","","","","","","","","","","","","","","","","","","","","","","","","","","","",
"中国香港特别行政区","HKG","短期外债（DOD，现价美元）","DT.DOD.DSTC.CD","","","","","","","","","","","","","","","","","","","","","","","","","","","","","","","","","","","","","","","","","","","","","","","","","","","","","","","","","","","","","","","","","",
"中国香港特别行政区","HKG","国际货币基金信贷利用额（已支付未偿还债务，债务余额按现值美元计）","DT.DOD.DIMF.CD","","","","","","","","","","","","","","","","","","","","","","","","","","","","","","","","","","","","","","","","","","","","","","","","","","","","","","","","","","","","","","","","","",
"中国香港特别行政区","HKG","Net ODA provided, total (% of GNI)","DC.ODA.TOTL.GN.ZS","","","","","","","","","","","","","","","","","","","","","","","","","","","","","","","","","","","","","","","","","","","","","","","","","","","","","","","","","","","","","","","","","",
"中国香港特别行政区","HKG","来自DAC捐助国的双边援助净流量，美国（现价美元）","DC.DAC.USAL.CD","5000000","5000000","2000000","4000000","","1899999.97615814","1710000.03814697","1429999.94754791","870000.004768372","1000000","","","","","","-1000000","","","","","","","","","","","","","","","","","","","","","","","","","","","","","","","","","","","","","","","","","","","","","","","","","",
"中国香港特别行政区","HKG","Net bilateral aid flows from DAC donors, Slovak Republic (current US$)","DC.DAC.SVKL.CD","","","","","","","","","","","","","","","","","","","","","","","","","","","","","","","","","","","","","","","","","","","","","","","","","","","","","","","","","","","","","","","","","",
"中国香港特别行政区","HKG","来自DAC捐助国的双边援助净流量，挪威（现价美元）","DC.DAC.NORL.CD","","","","","","","","","","","","","","","","","","","","","","","","","","19999.9995529652","90000.0035762787","90000.0035762787","90000.0035762787","","","","","","","19999.9995529652","","","","","","","","","","","","","","","","","","","","","","","","","","","","","",
"中国香港特别行政区","HKG","来自DAC捐助国的双边援助净流量，韩国（现价美元）","DC.DAC.KORL.CD","","","","","","","","","","","","","","","","","","","","","","","","","","","","","","","9999.99977648258","","9999.99977648258","","19999.9995529652","","9999.99977648258","","","","","","","","","","","","","","","","","","","","","","","","","","","","",
"中国香港特别行政区","HKG","Intentional homicides, female (per 100,000 female)","VC.IHR.PSRC.FE.P5","","","","","","","","","","","","","","","","","","","","","","","","","","","","","","","","","","","","","","","","","","","","0.617491946992807","0.556330709677706","0.358844162951134","0.493015139536295","0.298346266643992","0.670754872900001","0.66403804991149","0.500033357488453","0.234614991585142","0.309386037588599","0.943099974714725","0.327915248538318","0.224902336160522","0.272624756806325","0.369264446148258","0.391908701928571","0.317255283002084","0.219109861319282","0.267799474674812","0.317224045582655","0.31803386571387","",
"中国香港特别行政区","HKG","Voice and Accountability: Standard Error","VA.STD.ERR","","","","","","","","","","","","","","","","","","","","","","","","","","","","","","","","","","","","","0.232133030891418","","0.24796362221241","","0.230014741420746","","0.211013942956924","0.207117080688477","0.18824565410614","0.188267007470131","0.170220658183098","0.167702361941338","0.165169715881348","0.16349034011364","0.159190684556961","0.149538993835449","0.141066908836365","0.137546569108963","0.149676576256752","0.152764514088631","0.150224894285202","0.15145580470562","0.152935549616814","0.141825646162033","0.150025248527527","0.142651244997978","0.13940155506134","0.134236961603165","",
"中国香港特别行政区","HKG","Voice and Accountability: Number of Sources","VA.NO.SRC","","","","","","","","","","","","","","","","","","","","","","","","","","","","","","","","","","","","","5","","5","","6","","7","7","7","7","9","9","9","9","9","10","10","10","9","8","8","9","9","9","8","9","9","9","",
"中国香港特别行政区","HKG","高科技出口（占制成品出口的百分比）","TX.VAL.TECH.MF.ZS","","","","","","","","","","","","","","","","","","","","","","","","","","","","","","","","","","","","","","","","","","","","","","","","21.6180561150429","24.3902732912252","33.7878962454474","36.7951856043078","20.8091003887555","18.4954233328322","13.9010183381569","11.3905603813352","12.3029118452087","13.4708648681174","61.5548639261037","64.6544468445663","65.5667246519625","69.6513217074644","70.5506557214905","72.6367726437239","72.3154885126867","75.5706908349979",
"中国香港特别行政区","HKG","出口价值指数（2015年 = 100）","TX.VAL.MRCH.XD.WD","","","","","","","","","","","","","","","","","","","","","3.8849711552","4.2931628869","4.1316013365","4.319086692","5.5707855059","5.9374558781","6.9705529036","9.5348065601","12.4235994893","14.3859409733","16.1600693406","19.3891564543","23.5019541804","26.6012059181","29.7787404577","34.0599036392","35.439569608","36.865857823","34.254424199","34.1641180798","39.7039382619","37.4282631874","39.5559849068","44.8020711966","52.0176595875","57.2","63.2","68.4","72.5","64.5","78.5","89.2","96.6","104.9","102.7","100","101.2","107.7","111.4","104.8","107.5","131.2","119.5","112.4","",
"中国香港特别行政区","HKG","向撒哈拉以南非洲地区的发展中经济体的商品出口（占商品出口总额的百分比）","TX.VAL.MRCH.R6.ZS","6.0733719501492","6.93906305036985","5.8574784651527","6.30940900950544","5.47491141844782","5.04879506074487","3.49851955742559","3.88336468691212","3.86402399576545","3.6346516007533","4.1122876138882","3.56571677813318","2.92502951593861","2.60330075828231","3.61427147423779","4.04180948179319","3.13222141069697","3.36439087989315","3.19569280056955","2.63052603739294","3.61036871740315","3.78024310873786","2.87877681201763","1.92099742141794","1.46696380344617","1.14411552103821","1.3495353988006","1.59465764536474","1.49672287640378","1.32932680262981","1.4850466130983","1.47761860229241","1.5127413227779","1.27816517267416","1.08255350470404","1.16933690857309","1.05108189536859","0.914789469502308","0.856803307937425","0.813277633436208","0.697601814094184","0.652767994905394","0.551564905279141","0.574461368617971","0.587479885763025","0.476022860368259","0.501257406820955","0.505056665406585","0.535349687967607","0.490794692217719","0.449982588235015","0.451123312515021","0.458275720617344","0.492948518869772","0.616896975574255","0.635285490368085","0.709736189390569","0.675366515016256","0.70196053018882","0.700866927716579","0.675325363677553","0.582737003916624","0.445926017949616","0.471877956075564","",
"中国香港特别行政区","HKG","向欧洲和中亚地区的发展中经济体的商品出口（占商品出口总额的百分比）","TX.VAL.MRCH.R2.ZS","0.0526592943654555","0.0352236703064459","0.0156617071260767","0.0275520044083207","0.0228597554006172","0.0199163513244374","0.0233754090696587","0.013437248051599","0.0117626301240957","0.00941619585687382","","","0.00885478158205431","0.0141924496168039","0.0120303853160554","0.0220585739980317","0.0167626528095403","0.0413393964448119","0.0302571860816944","0.0149191989746441","0.00726536754975479","0.00698320771318569","0.0150950746232318","0.0258782428673093","0.0286167042857092","0.0420259888715181","0.072490967281646","0.0959980548865735","0.0692962454315659","0.0755861039472537","0.231047684468783","0.179646343736819","0.175191200344761","0.247022874513318","0.144362953594474","0.250864684599783","0.287536009282487","0.268427734246311","0.268839162173936","0.24115439965793","0.243017019367797","0.158814857706922","0.176280276826289","0.208783412558055","0.235696249726687","0.245377088624651","0.25236097453639","0.264301573479545","0.293823398534938","0.27917556697043","0.277524316451533","0.318004176028274","0.305374440197043","0.335357838428855","0.37584397876073","0.302479875070212","0.327004944252258","0.311301665238178","0.364305801310669","0.407749224012616","0.412600499741136","0.357590777998615","0.477752806471787","0.669300577827127","",
"中国香港特别行政区","HKG","商品出口（现价美元）","TX.VAL.MRCH.CD.WT","689000000","688000000","768000000","873000000","1012000000","1143000000","1324000000","1527000000","1744000000","2177000000","2515000000","2875000000","3436000000","5071000000","5968000000","6026000000","8484000000","9616000000","11453000000","15140000000","20323000000","21775000000","21343000000","22454000000","28337000000","30077000000","36081000000","48712000000","63493000000","73336000000","82390000000","98659000000","119586000000","135385000000","151465000000","173871000000","180914000000","188195000000","174864000000","174403000000","202683000000","191066000000","201928000000","228708000000","265543000000","292119000000","322669000000","349386000000","370242000000","329422000000","400692000000","455573000000","492907000000","535546000000","524130000000","510486000000","516635000000","549865000000","568456000000","534887000000","548773000000","669903000000","609925000000","573871000000","645537000000",
"中国香港特别行政区","HKG","保险与金融服务（占商业服务出口的百分比）","TX.VAL.INSF.ZS.WT","","","","","","","","","","","","","","","","","","","","","","","","","","","","","","","","","","","","","","","12.0799338163976","15.375905112692","15.8674418756188","16.4961896186838","14.3947557672199","12.6132194641381","12.4461117548449","14.3311128781483","17.8855054730201","20.3999594531053","18.0354626553268","18.4300929663999","17.3246217243955","16.6884650312477","16.7537300202564","16.7470557297198","17.6689519207687","19.6496492894633","19.5774905949651","20.7353194705754","20.9626515127498","22.601719265406","34.2970121524046","31.7456974660839","32.731903935912","27.3482478251781","26.8788632075973",
"中国香港特别行政区","HKG","农业原材料出口（占商品出口的百分比）","TX.VAL.AGRI.ZS.UN","","","1.34481587081469","0.870036030606756","0.94885085792278","0.96008664673624","0.7808489641876","0.770077472577841","0.706357682585045","0.729267290824784","0.648171798648159","0.55337174628856","0.57007211202087","0.607398852890402","0.668490742143536","0.421703249076737","0.462941830957577","0.615747679114197","0.502913646721265","0.492347168268479","0.503598029766234","0.454390825553826","0.416909460311983","0.425575174282787","0.40641907349139","0.322867992606788","0.314185357722325","0.359929920687084","","","","","0.246388362962548","0.184430767439509","0.232715536867977","0.324514921759207","0.240106669883402","0.203854531818625","0.165748129489011","0.238696263826406","0.387328433580407","0.350401992178082","0.34799944368017","0.406283370907433","0.48819980977413","0.566973463441649","0.573512714419391","0.96248345767441","1.24076314562567","0.873173280580093","1.65384852180074","1.82175283409914","1.14556591874764","1.06737439126578","1.17019855591227","1.28889188256293","0.593615327313321","0.108608164172676","0.100689678735424","0.0784974484675613","0.067577916495768","0.0441743390329776","0.0398407092919806","0.0351721079037328","0.0307288054098069",
"中国香港特别行政区","HKG","净易货贸易条件指数（2015年 = 100）","TT.PRI.MRCH.XD.WD","","","","","","","","","","","","","","","","","","","","","103.3128145898","101.0422032778","103.3128145898","102.0529022117","103.3128145898","107.0470126751","103.3128145898","103.3128145898","101.1378079647","103.3128145898","103.3128145898","104.3158516387","104.3062070775","105.3188886876","103.3128145898","102.3820685133","103.3128145898","104.2783548725","105.3385560381","104.3459427357","103.3128145898","104.7074839674","106.0149654912","104.8464638782","103.078524258","101.7","100.5","100.5","100","101.2","99.7","99.4","98.9","98.8","99.3","100","100.5","100.2","100.1","100","100.7","100.3","99.9","100.3","",
"中国香港特别行政区","HKG","计算机、通信和其他服务（占商业服务进口额的百分比）","TM.VAL.OTHR.ZS.WT","","","","","","","","","","","","","","","","","","","","","","","","","","","","","","","","","","","","","","","50.7202772250883","51.4583392412764","53.6326577254444","52.9927136374264","52.6259760240658","53.1972860986239","50.9911926398295","52.6275873436684","54.0395105605754","51.2419766900716","49.515686755602","46.6579461939029","46.2035793339122","43.3234655516362","42.9655076839398","40.1746090877431","37.2945127158496","36.9121809332068","36.4829197399833","35.8671360342323","35.3500099429347","34.1420665201278","46.6649662436803","46.8949182492539","45.2401803032092","36.0236822694759","33.3439317864854",
"中国香港特别行政区","HKG","报告经济体的商品进口，剩余（占商品进口总额的百分比）","TM.VAL.MRCH.RS.ZS","0","0","0.00924898261191269","0.00834515563715263","0.00716691750877947","0.0136119240454638","0.0117274539697432","0.0169654470395295","0.0198935694036903","0.0125146003670949","0.00704473406128919","0.0122455227307516","0.0104714783109505","0.00543133882502037","0.0105337607030533","0.0105625301786577","0.0160260079214268","0.00682095006090134","0.00533146478186693","0.00773146826530775","0.063633760437073","0.00860934482885852","0.00607261985833445","0.0621590764937166","0.0251871297314555","0.0402452916419397","0.0412601538659905","0.0347058159420956","0.0285403060472152","0.0220492501517646","0.0501052995217529","0.025286703353809","0.0130163676015751","0.00460499066977554","0.00249329057359377","0.00498473645876204","0.00640818629183313","0.00537480558176022","0.00238436813699984","0.00535660396357909","0.00547184488804916","0.0054882790691279","0.0057038298527336","0.00624179675588406","0.00556560661127078","0.0060623901593665","0.00444295369563622","0.0298869664196981","0.0384996322659064","0.0580938515516152","0.0114434081149898","0.00583888614969693","0.00642952387647098","0.0036660327201924","0.00347336055064596","0.00216440561188231","0.00199910401363113","0.00484285735489093","0.00285945908869809","0.00161512703977768","0.0011690568585218","0.00143603332635601","0.0037481016982236","0.00123892159055072","",
"中国香港特别行政区","HKG","从拉丁美洲和加勒比地区的发展中经济体的商品进口（占商品进口总额的百分比）","TM.VAL.MRCH.R3.ZS","0.692549842602309","1.63412127440904","2.09027007029227","1.51047317032463","1.59105568694904","1.78996801197849","1.66529846370353","0.955720183226828","1.22345451832695","1.62689804772234","1.48291651990137","0.823511403643043","0.738239220922014","1.18222141757943","0.779498292025943","1.16338725253501","1.06687424162641","0.881851400730816","0.591030952961248","0.614354362927015","0.410892281679386","0.541158817813964","0.545668270127482","0.648230369148801","0.726169782539288","0.659272446981944","0.474205240612599","0.660455858801688","0.963076771837694","0.869285283385997","0.625956683320342","0.586734257861554","0.527815146025369","0.509555555843407","0.496942760236256","0.533251634449237","0.54985341762944","0.571860408013042","0.604433014663345","0.508836591187937","0.49964366861701","0.567988018100333","0.584236854562063","0.675562630389242","0.614121335694743","0.588848521650306","0.624888453135444","0.730401924262076","0.793248398110862","0.980547377272974","0.88805201209714","0.930260136071709","0.937842189043408","1.13951438097882","1.14634335479389","0.681758817508831","0.728306246210517","0.772283261906628","0.791086010201345","0.736631794413884","0.794029361717707","0.724038826946969","0.590647101640685","0.549352472197126","",
"中国香港特别行政区","HKG","来自高收入经济体的商品进口（占商品出口总额的百分比）","TM.VAL.MRCH.HI.ZS","63.7145855194124","65.2929085303186","64.8076211616722","63.2479345739798","62.7176951193292","60.7908527870415","59.6223759821743","65.0851099926483","67.6828965037052","69.330886033706","72.5783726664318","73.1363845094137","71.8552841697427","69.2423282339097","72.0855341369088","68.8978754225012","71.3775498523318","73.4762484774665","73.9466548866683","73.1759682177181","72.0570522115004","71.8220243439474","70.1535071548475","68.5200219882447","68.6015821774451","68.0871890369097","63.8351886076131","62.3207737306243","61.2912585799295","57.9258525681894","56.365714722802","55.489581298157","56.3649491758414","55.8133774740173","55.2553339131546","56.2322768328061","54.7535164429254","54.1892253843542","51.1338713062724","48.0484281222091","48.5048834006432","47.8842714220569","46.7013655498375","46.8177967941155","46.9960084874422","45.1381956220622","44.6246793834859","43.8882258929903","43.2174504478551","43.0002198836961","43.8131078735899","44.4360293832914","42.6572543518114","41.6486411526311","41.5348794504143","42.3159220080229","42.5562437860079","43.1060861658627","42.2827302367647","41.4964493453724","42.6126718663952","43.5283696037836","46.3278547510609","47.3879525537509","",
"中国香港特别行政区","HKG","制造业进口（占商品进口的百分比）","TM.VAL.MANF.ZS.UN","","","55.5617860639003","57.468847874788","57.8881485754537","59.0899812492448","60.1812659997541","60.3229967276498","62.5412998180769","66.1954173034302","68.1604402874483","68.0983359682876","69.1052843323972","69.0278570626826","64.8559079441837","63.7520045849123","66.7087277990037","68.5520203219965","72.2408134886363","74.0177679404767","75.1382921695448","74.18175431428","72.8186514650957","74.6188049847369","77.5417147818086","78.3656826566134","81.231844814287","83.0055799377539","","","","","84.5435977157344","87.2871071016043","86.5734928195407","86.9886791353625","86.8507639892282","86.5722230971056","87.869958670892","89.1106522997541","90.0119328509551","90.357280865442","90.8693008749483","90.9855544675781","90.9833044297464","91.629968268949","90.6997633684431","90.1369092468314","88.7948647207685","88.2434892417906","88.1849579532851","84.585424732254","81.8622829037982","75.7258479898071","82.0292595743676","85.245899548792","86.5492349553954","86.6438585984954","87.5990159361404","88.5042934874853","88.2096066429847","88.2124021913653","86.6638327252391","82.9372464827706","83.037620997768",
"中国香港特别行政区","HKG","食品进口（占商品进口的百分比）","TM.VAL.FOOD.ZS.UN","","","28.5349914421258","26.7531704979917","26.9556061159847","26.139535879034","25.1901378292412","25.4341064635064","22.4060389533364","21.3284134334556","19.9351233089287","20.0379111837133","19.8045132487035","19.5912568875301","20.3228309291662","20.8194171647168","17.8516688660049","17.0364737780609","15.158104219411","13.3340950997222","12.4293514490799","12.1747447876432","13.5062732250967","12.876112384405","10.8804740928452","10.7430532995859","9.98762098616266","8.49585416604686","","","","","6.50714352714331","5.75469952752918","5.71490408154679","5.38851509076292","5.49217868153355","5.4234189044897","5.38449777021238","4.94580569832678","4.28210913363814","4.33344484276788","4.1246188804416","3.60584247862094","3.20337464279801","2.93935977454494","2.81965987855293","3.02348089712892","3.59327235553936","4.32729764367037","4.08113092560461","4.16934012015227","3.99058339677959","3.92036593727993","4.4646954812131","4.51434475143844","4.96982348474464","4.7437138377871","4.66711488977334","4.73074258142538","4.31625812948186","3.7448732557173","3.48755579889078","3.56838231382695","3.31974490176158",
"中国香港特别行政区","HKG","初级产品加权平均适用税率（%）","TM.TAX.TCOM.WM.AR.ZS","","","","","","","","","","","","","","","","","","","","","","","","","","","","","0","","","","","","","","0","0","0","0","0","0","0","0","0","0","0","0","0","0","0","0","0","0","0","0","0","0","0","0","0","0","0","","",
"中国香港特别行政区","HKG","约束范围，初级产品（百分比）","TM.TAX.TCOM.BC.ZS","","","","","","","","","","","","","","","","","","","","","","","","","","","","","","","","","","","","","87.36","87.36","87.19","87.36","87.36","87.36","86.78","86.78","86.78","86.78","86.78","87.4","87.4","87.4","87.4","87.4","88.96","88.96","88.96","88.96","88.96","88.87","88.87","88.8","88.8","88.8","0","","",
"中国香港特别行政区","HKG","所有产品简单平均适用税率（%）","TM.TAX.MRCH.SM.AR.ZS","","","","","","","","","","","","","","","","","","","","","","","","","","","","","0","","","","","","","","0","0","0","0","0","0","0","0","0","0","0","0","0","0","0","0","0","0","0","0","0","0","0","0","0","0","0","","",
"中国香港特别行政区","HKG","工业产品加权平均适用税率（%）","TM.TAX.MANF.WM.AR.ZS","","","","","","","","","","","","","","","","","","","","","","","","","","","","","0","","","","","","","","0","0","0","0","0","0","0","0","0","0","0","0","0","0","0","0","0","0","0","0","0","0","0","0","0","0","0","","",
"中国香港特别行政区","HKG","约束范围，制成品（百分比）","TM.TAX.MANF.BC.ZS","","","","","","","","","","","","","","","","","","","","","","","","","","","","","","","","","","","","","38.69","38.69","39.16","38.69","38.69","38.69","37.47","37.47","37.47","37.47","37.47","36.13","36.13","36.13","36.13","36.13","36.32","36.32","36.32","36.32","36.32","36.27","36.27","36.27","36.27","36.27","0","","",
"中国香港特别行政区","HKG","国际旅游，支出（现价美元）","ST.INT.XPND.CD","","","","","","","","","","","","","","","","","","","","","","","","","","","","","","","","","","","","10497000000","11461000000","12678000000","13474000000","13134000000","12502000000","12317000000","12418000000","11447000000","13270000000","13305000000","14044000000","15042000000","16095000000","15547000000","17357000000","19022000000","20077000000","21215000000","22011000000","23059000000","24141000000","25388000000","26498000000","","","","","","",
"中国香港特别行政区","HKG","国际旅游，客运项目收入（现价美元）","ST.INT.TRNR.CD","","","","","","","","","","","","","","","","","","","","","","","","","","","","","","","","","","","","","","","1686000000","1850000000","2330000000","2019000000","2439000000","1932000000","2956000000","3409000000","4032000000","4671000000","5218000000","4313000000","5519000000","6131000000","5893000000","6318000000","6877000000","6696000000","6440000000","6461000000","7045000000","6326000000","","","","","",
"中国香港特别行政区","HKG","国际旅游，入境人数","ST.INT.ARVL","","","","","","","","","","","","","","","","","","","","","","","","","","","","","","","","","","","","10200000","12974000","11273000","10160000","11328000","13059000","13725000","16566000","15537000","21811000","23359000","25251000","28169000","29507000","29591000","36030000","41921000","48615000","54299000","60839000","59308000","56655000","58472000","65148000","55913000","3569000","","","","",
"中国香港特别行政区","HKG","城镇人口增长率（年增长率）","SP.URB.GROW","","2.34712096453325","4.32291933378783","3.62384972781684","2.679124238925","2.9516852778145","1.2560545397426","2.92793433126853","2.53881816933711","2.01082064442233","2.82933273870343","2.53054123620821","2.30398111779701","3.24265791946049","3.60354070398148","2.35183122535676","1.71593012712416","1.89880187174119","2.25373805561561","5.88612235840466","3.06115863377635","2.6940974603439","1.83283589869671","1.75772384854281","1.24079418032198","1.40792210500763","1.78982007776255","2.26517471878147","2.65711994020969","2.85158873385565","1.64390998574801","1.25655300918838","0.929496496310904","1.79765076092837","2.30845722509261","2.01177156914077","4.4453168127652","0.832512854813318","0.834808807338866","0.955125814331738","0.881594075853745","0.736962668138432","0.44284682728195","-0.197404126472125","0.77991856230718","0.436871406105885","0.642270482876128","0.859633272217027","0.598238786949717","0.215353334344996","0.734446396338105","0.672543291818633","1.1039579972368","0.401982535858467","0.702370950536027","0.851197911086988","0.619366345332479","0.768513877614955","0.800230596967774","0.739283471323064","-0.358932661902885","-0.911776749148241","-0.907914524343304","2.55352466697343","-0.159360467186035",
"中国香港特别行政区","HKG","Completeness of death registration with cause-of-death information (%)","SP.REG.DTHS.ZS","","","","","","","","","","","","","","","","","","","","","","","","","","","","","","","","","","","","","","","","","","","","","","","","","","","","","","","","","","","","","","","","","",
"中国香港特别行政区","HKG","Completeness of birth registration, male (%)","SP.REG.BRTH.MA.ZS","","","","","","","","","","","","","","","","","","","","","","","","","","","","","","","","","","","","","","","","","","","","","","","","","","","","","","","","","","","","","","","","","",
"中国香港特别行政区","HKG","人口，女性（占总人口的百分比）","SP.POP.TOTL.FE.ZS","49.0276072430239","49.0492605938002","49.0227874915414","49.0039818192881","49.1700172415497","49.300115344083","49.3373350248624","49.248444501757","49.2055170622906","49.4027278877086","49.5675036551623","49.5791551116166","49.4336214876262","49.2665003964959","49.1072045014193","48.9515649526843","48.7985167427481","48.6515399452531","48.5105285598505","48.3729136864147","48.236658946741","48.2290500055721","48.3753500421546","48.5460755625434","48.7037665122454","48.852000752069","48.9792683868627","49.0809226935396","49.1760592533064","49.2691551452972","49.3620647858611","49.5025491756179","49.6976764011538","49.8935961682761","50.0798624885618","50.2552086309715","50.4385349029419","50.6411967697279","50.8454865216227","51.0479974077023","51.2502861813379","51.4665337316856","51.7016499083987","51.9441362887702","52.1907434259695","52.4390148579587","52.6757483564271","52.8877999869466","53.0880164451119","53.2926970994415","53.5053777189054","53.7041594742803","53.8621878081577","54.0067604261092","54.1627023703805","54.3241144600966","54.4660441873054","54.5626450994857","54.6443312809171","54.7388312717445","54.8384456778131","54.8800263367413","54.8901239834635","54.9208798809685","54.9518679190803",
"中国香港特别行政区","HKG","R&D研究人员 （每百万人）","SP.POP.SCIE.RD.P6","","","","","","","","","","","","","","","","","","","","","","","","","","","","","","","","","","","","","","","1053.71375","1205.55046","1160.05084","1355.89935","1564.3458","1972.70024","2122.33356","2612.0206","2649.43577","2815.15829","2636.81534","2737.39051","3062.54396","3036.83266","3137.56656","3309.70489","3512.80511","3487.89638","3668.25742","3720.22457","3978.17159","4240.38811","4355.79712","4591.73346","4815.20071","5273.74369","",
"中国香港特别行政区","HKG","抚养比（占劳动年龄人口的百分比）","SP.POP.DPND","76.4387628922402","81.8924491156273","93.119631102474","108.241009033578","86.6059662154067","69.2227156062203","69.7613968891194","87.2619298527125","104.051408055059","86.5195582693202","74.2493830409884","67.4933059401681","64.4000987134165","61.8263609556515","59.2789695948097","56.8013515228003","54.4829812274798","52.2788000681712","50.1045827976091","48.1686087052702","46.6716222522789","45.7970767458292","45.3797311227997","45.0505971522311","44.752905904863","44.5362479701825","44.2508543402154","43.807972226417","43.3485310191484","42.9084849870945","42.5149485177396","42.1613417539378","41.8283574608257","41.4973202791005","41.1273492288083","40.7416755486116","40.450848204835","40.2253571648517","39.9590498346786","39.5808833875825","39.0656333453725","38.6766411349744","38.4463647277344","38.0817334272916","37.4809262568404","36.7124441593314","35.9303171528991","35.3261706448474","34.879274926486","34.4835513779318","34.0969873136484","33.9176147984305","34.2513115606412","34.9615930314556","35.8520759839574","36.8431246619414","37.9119773975191","39.128588937798","40.4021598941078","41.7143206606678","43.0664684402752","44.5870119180782","46.1893957002668","47.8071542342089","49.6445293559126",
"中国香港特别行政区","HKG","Population ages 75-79, male (% of male population)","SP.POP.7579.MA.5Y","0.209697029630165","0.215746564768624","0.215952878070309","0.209121897923916","0.243343574591016","0.270809720296302","0.275702356484597","0.254739464170865","0.242996704596032","0.286023525056598","0.331233269339967","0.369940138902803","0.402088593504091","0.43979267250241","0.480688630871104","0.521930642433043","0.558359504197042","0.587887962712865","0.614070869289287","0.645586788966828","0.683251273237249","0.719551315691547","0.752148074344839","0.785917341319966","0.826837243944307","0.880813246891805","0.969255698918623","1.07430886916928","1.16806266676989","1.24983100776297","1.32393555371947","1.37219926436735","1.38225291019006","1.37313558999675","1.35777029216702","1.35046783262231","1.41494083657172","1.55517810957872","1.68939275417907","1.79937982442612","1.8994925660956","1.99670141410332","2.10152741091368","2.20358441033619","2.30155993622577","2.42695450816535","2.56820971032319","2.69404576973128","2.81980401357868","2.93044172938597","2.98598930515294","3.01356482926973","3.03878673668208","3.04758638090475","3.04794710916626","3.06246744668315","3.04735071080985","2.96556482542963","2.88734909003987","2.84596403393989","2.84436399605405","2.97682844837529","3.25219389732071","3.62185311134223","4.08392593611581",
"中国香港特别行政区","HKG","65岁和65岁以上的人口（占总人口的百分比）","SP.POP.65UP.TO.ZS","2.7272164752917","2.79607008579928","2.74176819681114","2.56309525910942","2.46053248559444","2.48129873252477","2.60056436608808","2.82842198099782","3.2271760892068","3.69059765653013","4.16810163650734","4.50893354015656","4.69100688648443","4.85441709357955","5.02999210870703","5.23416437266046","5.47051218754483","5.71464450900394","5.95038754700316","6.17595409157538","6.41519448727694","6.64304398645671","6.83293353480538","7.00558813846481","7.19175150992884","7.4313085659205","7.68670366122082","7.92637720577252","8.15626071812564","8.37663209624129","8.61977589816345","8.8736701981168","9.11129181561115","9.35444784280865","9.61979219204598","9.95026228717068","10.2507368546651","10.4475940687959","10.6581252656186","10.887309493073","11.1115337025092","11.3611588963099","11.6260153603174","11.888090324602","12.1360867813315","12.3636133879406","12.5486106802826","12.6682799373722","12.7828488616181","12.9614458501573","13.1975717642897","13.486946850326","13.8382732766741","14.2604519202377","14.7773471700699","15.3825958222931","15.9950861294117","16.5707384721456","17.1963488832139","17.9525256642131","18.8252625701822","19.7548994425421","20.6844238114149","21.6452568609024","22.6671478593232",
"中国香港特别行政区","HKG","Population ages 65 and above, female (% of female population)","SP.POP.65UP.FE.ZS","3.95531218890595","4.03060810329489","3.93533334345353","3.65904456726629","3.2507428731519","3.10973117128341","3.29894487372179","3.79674146704119","4.54004813334129","5.11585831127644","5.70215068322452","6.11445526522888","6.32563286054786","6.50187489846903","6.68195798461182","6.88744718157112","7.12220590340437","7.35975192433445","7.58308819958512","7.78894942839743","8.00537151854433","8.20582825535607","8.36164600639285","8.50042043110222","8.64961017070915","8.85989323810999","9.08640291347949","9.2795444379311","9.46290932977927","9.64158833963295","9.84071665029343","10.045636286923","10.2331951958624","10.4303244628011","10.6460404579577","10.9244015550605","11.1594825898067","11.2715880694757","11.3895151824414","11.5301443064801","11.6751128694695","11.8615383026824","12.0775857644691","12.2918508324704","12.4907510019516","12.6646594396372","12.7905656622898","12.8413386417271","12.8770715593495","12.9770299942003","13.1438636761689","13.381096600898","13.6945346569727","14.0726064632426","14.5319552148488","15.0713927476993","15.621076372108","16.14633408413","16.7225973455289","17.4169245687738","18.2058748953294","19.0513276645865","19.9392271934213","20.8800241705738","21.8821777972042",
"中国香港特别行政区","HKG","Population ages 60-64, male (% of male population)","SP.POP.6064.MA.5Y","1.36740466328666","1.43826790339249","1.44455195124849","1.38633935781644","1.33343370706866","1.33166657585959","1.38241983936165","1.50424745373968","1.73658990235816","2.0223912067265","2.35121277237607","2.60648456689386","2.75282503141993","2.86226947114033","2.9564993689955","3.03439631287591","3.09078670293096","3.13592592825242","3.17769368111414","3.22442499591786","3.31735602662387","3.42627490119671","3.50279655405414","3.55816001789382","3.59901749130972","3.6487028060991","3.73248923818231","3.82150693905019","3.89737160479776","3.97483972420467","4.08275316374216","4.20584695484077","4.28953498225263","4.37686757987008","4.41584912403601","4.34369515361787","4.27643673864733","4.26803730179416","4.22772455292501","4.15255510206098","4.08049002227165","3.98362417107631","3.87527876823708","3.79688826849371","3.77032287489947","3.78269027999294","3.90921093087027","4.24052949225327","4.67469014006035","5.12548103994942","5.59435931845298","6.00653633806309","6.2954272822617","6.50728217597602","6.69083115167934","6.85827521103466","7.1028660221967","7.50173970264535","7.95604982573976","8.32209692174219","8.55450974618848","8.66575729323562","8.71396270337439","8.72344487282793","8.66697193063393",
"中国香港特别行政区","HKG","Population ages 50-54, male (% of male population)","SP.POP.5054.MA.5Y","3.51591174468182","3.62654537567461","3.55312250683234","3.30989994627419","3.09753347228822","3.09613757860248","3.23931220164197","3.51726488707297","3.9266109490134","4.30292533848882","4.65547763598855","4.86676860197081","4.91361291563705","4.90602424483706","4.88054698096733","4.84613627661816","4.82363913836285","4.83666987024462","4.90372243825129","4.97726460285975","5.06248667881915","5.13469880023892","5.15329095577437","5.21200185249293","5.25360877216851","5.19530095177641","5.12553027097166","5.07620963556116","4.9547449078433","4.83374721607525","4.78119407061262","4.67874612052912","4.50817783642463","4.36692687751212","4.32558969905403","4.37313097198081","4.55155256277745","4.88996014926148","5.3079201710918","5.78527451190157","6.31588544546902","6.75244409398765","7.02517962956358","7.23859996049886","7.44002870174553","7.65755147959663","7.96575029347549","8.33285632425737","8.67446910160163","8.96758780248162","9.19416736664869","9.29129191334174","9.26474640483275","9.21240680098758","9.11089111183208","8.89354015881189","8.56644934815564","8.16448215984453","7.75779744497006","7.43177762958225","7.23732501809941","7.14065424843365","7.09989860044865","7.09156559103185","7.09374981756761",
"中国香港特别行政区","HKG","Population ages 40-44, male (% of male population)","SP.POP.4044.MA.5Y","6.49325457650455","6.39029587006724","5.96839299960958","5.35597304651093","5.22896974202382","5.42936782672066","5.54083821185011","5.54344040917119","5.63018900885475","6.00480605666747","6.32648917123024","6.47599080543888","6.43644360780727","6.34065939964076","6.20859422905951","6.01669004037343","5.81679629095283","5.65117433117458","5.49746930411634","5.38456186087536","5.3342339019308","5.23685119489486","5.04572033481544","4.86199577342044","4.75832053795945","4.72299262617531","4.86513616894751","5.24566779185355","5.72482534984439","6.28752517094899","6.92366195197302","7.46089917342926","7.79229049660352","7.98267139469914","8.1001742031767","8.24305426962559","8.4947833320821","8.81457037594956","9.18306657821537","9.52865020038306","9.818282336769","9.97666353131185","9.97915545839401","9.91046407170641","9.75208001871747","9.50089378553134","9.15946881278893","8.73899403048514","8.26990496105335","7.82898768404381","7.47402116467015","7.22831596685413","7.07726902582657","6.99580348166459","6.9589037339554","6.90963236392249","6.83016916336153","6.74703097646243","6.6681913823072","6.62930821138808","6.67812790170712","6.76642235583981","6.8509575057195","6.91261518404933","6.93620307408499",
"中国香港特别行政区","HKG","Population ages 30-34, male (% of male population)","SP.POP.3034.MA.5Y","8.71570711892256","8.48227841641256","7.85333808626572","6.99772171653028","7.68602468252886","8.53522559930751","8.37174617391394","7.15868087891496","5.72948143790338","5.72760071721243","5.7114211988232","5.648037828256","5.51938764947731","5.39769313038058","5.3255509067386","5.31486093288123","5.44856004566911","5.80237064768808","6.34932080040215","7.04672703786694","7.84283001735282","8.48206465008082","8.83301485283229","9.0252787324345","9.11935801022187","9.20846257903148","9.40379547998264","9.69764927817412","10.0500769027957","10.3737396736849","10.6202332113952","10.7638394697337","10.7832916061267","10.6910225145074","10.5130431914141","10.2444946558287","9.86022989226991","9.3861805412268","8.8753795978544","8.40466494788466","8.04031323805735","7.802699243941","7.64195648825246","7.5366788760195","7.47276302430523","7.40718196657773","7.30866396358754","7.17437888851202","7.00488485885039","6.86377106226107","6.81017017475398","6.82512838695484","6.86371931953643","6.91535100833467","6.94978318579257","6.93810467437767","6.87577922123161","6.7701925231512","6.71232452244431","6.72853592053401","6.74384450086868","6.75574736001135","6.76876893818487","6.75199497365146","6.74159355275316",
"中国香港特别行政区","HKG","Population ages 20-24, male (% of male population)","SP.POP.2024.MA.5Y","7.33175743606713","6.71480881358527","5.90708017178456","5.17686247924523","7.14842922945907","8.64432198705321","8.2614111575763","6.14440208396902","4.62043767023738","6.39263160559952","7.8357941884268","8.7903414849261","9.38142673483264","9.82441663763263","10.1515613136055","10.4048267164227","10.6816227145837","11.0106346225117","11.3715148164028","11.6794168445896","11.8892767778849","11.9318691426489","11.8366611583739","11.6477627621078","11.335264955002","10.8755259022789","10.34207713418","9.79947093545628","9.2250709892543","8.66412526060382","8.15261465640944","7.8220829484137","7.67842156047384","7.60220284611776","7.55157261093082","7.47817860463482","7.3645146207405","7.22614516605948","7.09374002212738","6.99811650266917","6.97019080132825","6.99788382559925","7.03159917168177","7.06004082998519","7.06349289493634","7.04320042023974","6.99092844045424","6.90088522735369","6.82778083004495","6.81735665479258","6.8271605443036","6.85821075494478","6.91094405373928","6.90361835597406","6.81820586597295","6.72640502158828","6.63621153995238","6.47269893654948","6.17517212072207","5.77160242862917","5.36191872367308","4.98599295450275","4.64847908096079","4.38486617242694","4.1359874633208",
"中国香港特别行政区","HKG","Population ages 15-64, male (% of male population)","SP.POP.1564.MA.ZS","57.404656947577","55.7441087536202","52.4882619544737","48.6285926600755","53.9183240095543","59.3108331306161","59.2238992183395","53.9802934934385","49.9393070210537","54.7175692307603","58.6690069046032","61.1029396593876","62.2799254231573","63.2900300359306","64.3172912473109","65.343858305684","66.3320906962499","67.3023779761344","68.2786018474621","69.1522120234533","69.8246908269497","70.1629133183594","70.2391396456601","70.2797394258942","70.2993182360757","70.2870265021578","70.3468014400144","70.5008394156665","70.6646249637428","70.811518510876","70.9333658643821","71.0346797999397","71.1226790230052","71.2061808176566","71.2990113236209","71.3935264631099","71.4228660035309","71.3952273519127","71.3804782078973","71.4322962134155","71.5728860094884","71.6711542541341","71.6991222831716","71.7995350272306","72.037676658682","72.377865162025","72.7175640032664","72.9319981950788","73.0431302810695","73.1396050820367","73.2603383445838","73.2821322705043","73.0127499257693","72.5342798471044","71.9660876559193","71.3492472149964","70.7000958596829","69.9820442585083","69.2456789066903","68.5016365045815","67.7463788616632","66.9248653521764","66.1181341888704","65.3485963763735","64.4932151615502",
"中国香港特别行政区","HKG","Population ages 15-19, male (% of male population)","SP.POP.1519.MA.5Y","5.61985503773659","5.80869875859605","6.44589295717268","7.52102358154115","9.14407865536835","9.89684572031369","9.92678415088737","9.68914582451873","9.96289700112459","10.7207891781364","11.0450323492564","11.2449422829249","11.5484109430925","11.8933277575544","12.1982708457774","12.4256390621535","12.516272415326","12.4786480482254","12.3343619253592","12.0714621371453","11.6309602247788","11.0364660958244","10.364824256498","9.68892782795204","9.10657791621759","8.67358341488508","8.36320779647087","8.11745376054639","7.91750939833864","7.76789716733433","7.66260685570544","7.57713595868606","7.47006453320898","7.30538496975947","7.12305169353701","6.98421335419605","6.99010610695662","7.09632992111155","7.16686364394287","7.16273920192261","7.09985254724294","6.99529848856635","6.87464667856988","6.80525541191472","6.80640092652101","6.81445462800124","6.81925613851952","6.84536441565069","6.84372110351021","6.76632050580339","6.66240544564059","6.54699760122592","6.39618241148034","6.19214672519824","5.90740288963407","5.56256218101465","5.16207431044989","4.73370577060993","4.39724547823444","4.17333386656175","4.01871932744988","3.97277150578589","4.06042106794661","4.19703381653023","4.2570701814235",
"中国香港特别行政区","HKG","Population ages 5-9, male (% of male population)","SP.POP.0509.MA.5Y","13.6396887761376","14.1661988542849","15.5695880226104","17.469982225191","15.8856805888174","13.771698734354","13.5809648623897","15.4253352193261","16.9278498564884","15.1853812526538","13.8129442621491","12.8398958639141","12.0131112295404","11.1993113041839","10.3572984976807","9.59846141793622","9.07147272368273","8.75692799906196","8.54439487475614","8.40726216852644","8.26377446596055","8.12198366096015","8.01478230959765","7.90253436996215","7.80926085583724","7.76748444384186","7.77072807161674","7.77588854564524","7.75387466289247","7.68247603867965","7.54905005608587","7.31072553956334","6.98469776150377","6.71343981268201","6.53728543080268","6.408481941638","6.35089040875517","6.36950347365894","6.35788678348248","6.31387639373168","6.29462189818004","6.23343008070054","6.0701247713133","5.80967183407577","5.49798454654537","5.19769726395259","4.91749226735331","4.61421028305718","4.32547670146858","4.08722574888881","3.90961729116875","3.82010630810299","3.81081633024687","3.87635460505109","4.00976256321978","4.20072087253663","4.42528733076512","4.55790268425624","4.54472482817438","4.51486076614003","4.49323574285328","4.38062741436647","4.21967626374573","4.09368429351026","3.98381452325008",
"中国香港特别行政区","HKG","Population ages 0-14, male (% of male population)","SP.POP.0014.MA.ZS","41.0493662813769","42.648285892905","45.917774269661","49.8614507587711","44.38554806412","38.8189503878741","38.8556471914343","44.130925251847","48.1053193381961","42.9834453844365","38.6706292716367","35.9668470793944","34.6270761588267","33.4553735052335","32.2467230982582","31.0073497526727","29.7715749291684","28.5416810618291","27.3092510574099","26.1831587598019","25.2419515736755","24.6499090685297","24.3604202550966","24.1250265669389","23.8931100074554","23.6461216683793","23.3101887888699","22.8771016713142","22.4433967952352","22.0403589039341","21.6370362438856","21.240526402921","20.8744471583764","20.5106782247055","20.11072817392","19.6403460441612","19.251224591164","19.0025806759202","18.7179469981646","18.3507534838371","17.9080677416843","17.4983062240468","17.1582523365692","16.7488039678324","16.2134040977724","15.5904439893132","15.0031409232653","14.5939962622787","14.2806480981204","13.9167304618529","13.4802833727125","13.1081323204","12.9811734639132","12.9846939768095","12.9666028476676","12.8980309376321","12.8574412209088","12.9375788187286","12.9871982907446","12.898082192832","12.6762530718741","12.4644715854856","12.2906797036104","12.07384714613","11.8820930649944",
"中国香港特别行政区","HKG","Population ages 0-4, male (% of male population)","SP.POP.0004.MA.5Y","16.6290441796396","16.7307250666633","17.6630170935818","18.6647277751367","16.0965909001799","14.137280345998","14.3408730156779","15.8774743729207","16.1425340892232","13.2795181487282","11.0851673768499","9.77691481060641","9.33769221513541","9.12066901879282","9.03712320932766","9.0123569854649","8.91020419826704","8.6918095190236","8.4194277863647","8.15655175589997","7.95229971026736","7.89182112930589","7.93444285282552","7.93648436564647","7.83608621814465","7.62566687698831","7.36826323515718","7.11801217779146","6.90202145001104","6.71964721536371","6.50683125388548","6.36095119585608","6.34683842847062","6.29246459258759","6.1470729672442","5.93881059767566","5.81788251256125","5.79014196638128","5.64638208870575","5.32035123419941","4.84759926137474","4.48705012284153","4.34002022990459","4.24494714522314","4.09727134521516","3.82703336398596","3.58908217816817","3.6453744023939","3.87769164801022","4.05228235234218","4.09404305832103","4.12787212183021","4.37874718408602","4.65813235928375","4.75469674698959","4.66116687433918","4.4851273709411","4.42376673262854","4.37852098648118","4.19774234825827","3.89557830459452","3.6732201665329","3.55982202374501","3.4388491974727","3.33648825988611",
"中国香港特别行政区","HKG","Women who were first married by age 15 (% of women ages 20-24)","SP.M15.2024.FE.ZS","","","","","","","","","","","","","","","","","","","","","","","","","","","","","","","","","","","","","","","","","","","","","","","","","","","","","","","","","","","","","","","","","",
"中国香港特别行政区","HKG","存活至65岁的女性（占同层人群比例）","SP.DYN.TO65.FE.ZS","74.153981","74.982201","75.383781","76.477857","77.230615","78.130071","78.545071","79.361583","79.901218","80.539685","80.930711","81.167647","81.47764","82.253727","82.735263","83.111367","83.358457","83.812904","84.220875","84.700693","85.158114","85.715483","86.291318","86.856265","87.38587","87.835903","88.244573","88.622438","88.94129","89.216393","89.537786","89.803754","90.143417","90.467864","90.906133","91.306509","91.675196","91.884219","92.193589","92.461394","92.70819","92.917981","93.055126","92.965843","93.315121","93.434751","93.52708","93.629882","93.744329","93.844698","93.932358","93.984501","94.061716","94.10882","94.16854","94.196587","94.268081","94.360148","94.46427","94.539866","94.52865","94.421356","93.99224","94.623261","",
"中国香港特别行政区","HKG","出生时的预期寿命，女性（岁）","SP.DYN.LE00.FE.IN","69.556","70.236","70.65","71.418","71.932","72.529","72.863","73.425","73.828","74.274","74.623","75.33","75.4","75.86","76.26","76.84","76.19","76.74","76.66","76.89","77.87","78.54","78.44","78.38","78.97","79.19","79.44","79.72","79.88","80.02","80.28","80.69","80.68","80.91","81.54","81.46","82.67","83.17","82.97","83.2","83.89","84.6","84.51","84.35","84.77","84.59","85.54","85.44","85.47","85.92","86","86.69","86.38","86.72","86.85","87.29","87.3","87.61","87.61","88.06","87.75","87.94","86.77","88.09","",
"中国香港特别行政区","HKG","避孕普及率（占 15–49 岁女性的百分比）","SP.DYN.CONU.ZS","","","","","","","","42","","","","","49.6","","","","","71.9","","","","","72.3","","","","","80.8","","","","","86","","","","","86","","","","","84","","","","","79.5","","","","","74.8","","","","","66.7","","","","","","","",
"中国香港特别行政区","HKG","死亡率，成年人，男性（每千名男性）","SP.DYN.AMRT.MA","271.489","258.78","252.612","245.328","236.239","226.565","219.939","214.041","210.89","208.781","208.043","206.144","204.127","196.774","191.228","185.724","181.042","176.392","171.98","166.727","161.23","156.188","152.233","146.745","140.38","133.43","128.376","125.456","124.03","122.771","120.24","117.249","114.092","110.9","107.766","104.213","100.512","97.45","94.175","91.678","89.61","88.174","86.805","86.868","82.353","79.809","77.684","76.994","76.29","75.204","73.577","71.782","70.191","68.702","67.739","67.417","67.231","66.856","66.141","65.878","66.371","63.392","72.107","64.679","",
"中国香港特别行政区","HKG","Prevalence of severe food insecurity in the population (%)","SN.ITK.SVFI.ZS","","","","","","","","","","","","","","","","","","","","","","","","","","","","","","","","","","","","","","","","","","","","","","","","","","","","","","","","","","","","","","","","","",
"中国香港特别行政区","HKG","国际移徙者（占人口的百分比）","SM.POP.TOTL.ZS","","","","","","","","","","","","","","","","","","","","","","","","","","","","","","","39.9","","","","","39.6","","","","","39.8","","","","","39.4","","","","","39.1","","","","","38.6","","","","","39.6","","","","41.3",
"中国香港特别行政区","HKG","Refugees under the mandate of the UNHCR by country or territory of origin","SM.POP.RHCR.EO","","","","","","","","","","","","","","","","","","","","","","","","","","","","","","","","","","","257","202","102","47","39","17","10","5","0","6","7","0","8","9","9","10","16","14","18","24","25","33","15","11","11","5","15","96","177","350","240",
"中国香港特别行政区","HKG","净移民","SM.POP.NETM","20811","-244018","-307666","-294927","1120002","131205","-74393","-1248193","286736","300811","302462","94098","47078","46428","46801","49994","50619","47944","45843","46903","45107","31745","26361","25475","25516","24606","-6867","-16390","-21649","-20790","-26077","75664","98211","95581","91059","88352","81906","77293","73563","65939","58755","31359","20893","17753","8169","-1488","10045","30540","25455","19080","8307","21655","35557","23826","20454","10547","10262","7963","-1225","-7170","-1800","-3427","-3427","-3427","-19272",
"中国香港特别行政区","HKG","Asylum-seekers by country or territory of asylum","SM.POP.ASYS.EA","","","","","","","","","","","","","","","","","","","","","","","","","","","","","","","","","","","","","","","","","41","459","171","179","655","1078","2382","1891","1088","769","451","574","798","1848","2223","2298","0","5","0","0","0","0","0","0","0",
"中国香港特别行政区","HKG","总失业人数（占劳动力总数的比例）（模拟劳工组织估计）","SL.UEM.TOTL.ZS","","","","","","","","","","","","","","","","","","","","","","","","","","","","","","","","1.8","1.96","1.96","1.9","3.22","2.83","2.22","4.58","6.25","4.92","5.09","7.28","7.86","6.74","5.58","4.77","4.01","3.56","5.26","4.329","3.422","3.285","3.4","3.296","3.314","3.392","3.124","2.805","2.917","5.808","5.174","4.318","2.949","2.988",
"中国香港特别行政区","HKG","女性失业人数（占女性劳动力比例）（模拟劳工组织估计）","SL.UEM.TOTL.FE.ZS","","","","","","","","","","","","","","","","","","","","","","","","","","","","","","","","1.589","1.891","1.941","1.702","2.938","2.388","2.076","4.028","5.084","4.016","3.866","5.905","6.194","5.554","4.419","3.731","3.379","2.984","4.334","3.507","2.801","2.759","2.972","3.011","3.186","3.084","2.864","2.423","2.301","4.749","4.231","3.532","2.422","2.37",
"中国香港特别行政区","HKG","Share of youth not in education, employment or training, male (% of male youth population)","SL.UEM.NEET.MA.ZS","","","","","","","","","","","","","","","","","","","","","","","","","","","","","","","","","","","","","","","","","","","","","","","","","","7.87","7.319","6.5","6.52","7.151","6.871","6.441","6.289","6.603","6.865","7.392","9.7","8.135","6.917","6.252","6.257",
"中国香港特别行政区","HKG","Unemployment with intermediate education (% of total labor force with intermediate education)","SL.UEM.INTM.ZS","","","","","","","","","","","","","","","","","","","","","","","","","","","","","","","","","","","","","","","","","","","6.66","","6.05","4.95","4.46","3.75","3.52","5.33","4.455","3.521","3.331","3.414","3.431","3.371","3.506","3.297","2.949","2.864","6.105","5.533","4.615","2.998","3.063",
"中国香港特别行政区","HKG","Unemployment with basic education, male (% of male labor force with basic education)","SL.UEM.BASC.MA.ZS","","","","","","","","","","","","","","","","","","","","","","","","","","","","","","","","","","","","","","","","","","","11.4","","11.29","9.84","8.12","6.41","5.44","7.78","6.203","5.113","4.518","4.684","4.445","4.07","4.268","4.075","3.803","4.505","9.159","7.592","6.451","4.321","3.978",
"中国香港特别行政区","HKG","Unemployment with advanced education, female (% of female labor force with advanced education)","SL.UEM.ADVN.FE.ZS","","","","","","","","","","","","","","","","","","","","","","","","","","","","","","","","","","","","","","","","","","","3.14","","2.62","2.74","2.3","2.43","2.11","3.28","2.768","2.243","2.47","2.466","2.539","2.959","2.752","2.465","2.26","2.406","4.209","3.736","2.932","2.659","2.612",
"中国香港特别行政区","HKG","Unemployment, youth male (% of male labor force ages 15-24) (national estimate)","SL.UEM.1524.MA.NE.ZS","","","","","","","","","","","","","","","","","","","","7.62","7.84","4.84","6.93","7.76","7.26","6.55","6.03","3.78","3.66","3.13","","4.72","4.75","4.86","5.07","7.75","7.66","5.78","12.06","","11.87","13.42","18.05","18.15","15.05","13.75","12.91","11.01","10.38","15.15","14.067","10.945","10.906","11.315","10.415","11.399","10.995","9.189","9.979","10.594","17.451","15.22","11.979","9.546","10.362",
"中国香港特别行政区","HKG","劳动力，女性（占劳动力总数的百分比）","SL.TLF.TOTL.FE.ZS","","","","","","","","","","","","","","","","","","","","","","","","","","","","","","","36.9486333166506","37.632359829168","37.4724623077566","37.565607138002","38.2683726072651","38.9192824397543","39.4716354630291","39.9754590189338","40.652963597214","41.2292565515568","41.7962769065976","42.9337242522914","43.9178870730743","44.1333447432124","44.6200413699843","45.2405439313588","45.7851814805988","46.3940216776787","46.9119615304907","47.2827932419939","47.2006926712514","47.9538134134798","48.2899099852188","48.7143107707568","49.0530991863102","49.3335046207868","49.579739793872","49.9526163681047","49.9800445550661","50.3918106507689","50.6082570909679","50.8258372456924","50.7245997850025","50.8073046586586","51.1579295020663",
"中国香港特别行政区","HKG","Labor force with intermediate education (% of total working-age population with intermediate education)","SL.TLF.INTM.ZS","","","","","","","","","","","","","","","","","","","","","","","","","","","","","","","","","","","","","","","","","","","","","","","","","","68.3","66.927","66.573","66.981","67.821","67.859","67.927","67.608","67.547","67.786","66.929","64.96","64.94","64.074","62.434","62.411",
"中国香港特别行政区","HKG","Labor force participation rate, total (% of total population ages 15+) (national estimate)","SL.TLF.CACT.NE.ZS","","64.1","","","","","63.56","","","","","64.02","","","","65.26","64.21","","","62.45","63.8","65.97","64.79","65.17","66.2","64.85","65.09","64.76","64.49","63.55","62.99","63.44","62.28","62.45","62.49","61.97","61.78","61.77","62","61.3","60.68","61.43","61.83","61.35","61.27","60.99","61.26","61.22","60.88","60.77","59.59","60.073","60.501","61.217","61.057","61.144","61.052","61.12","61.275","60.672","59.712","59.375","58.213","57.328","56.971",
"中国香港特别行政区","HKG","Ratio of female to male labor force participation rate (%) (national estimate)","SL.TLF.CACT.FM.NE.ZS","","40.7546752240788","","","","","47.6533457249071","","","","","50.5786490316485","","","","56.9989073691878","55.1359883438562","","","55.0480469237489","56.5298046005442","58.9212121212121","57.6569959603379","59.4587945879459","60.6189837943219","60.3160776505724","60.7258264976386","60.5758444472143","60.2599350162459","59.3124291650926","59.0091231626964","60.6368133959153","59.2668546526532","59.5033917829259","60.7630832688837","62.1099360229795","62.9030135544151","63.3469819046361","64.2743644067797","66.4864864864865","67.0536811910941","69.4585332419465","71.6452903047855","71.6944444444444","72.3074776785714","73.0585256049522","74.1930937279774","75.3193301163781","76.2444412566346","76.6705069124424","75.7699605896949","77.403888320421","77.9231552903507","78.7395771615197","79.250573911022","79.5289776111813","79.8755156480037","80.6904622586308","80.501202010636","81.5153040080516","81.921679207443","82.4109139024501","81.7650785801487","82.1567301492443","83.3931104841152",
"中国香港特别行政区","HKG","Labor force with basic education, male (% of male working-age population with basic education)","SL.TLF.BASC.MA.ZS","","","","","","","","","","","","","","","","","","","","","","","","","","","","","","","","","","","","","","","","","","","","","","","","","","61.59","56.797","55.866","55.839","56.719","55.711","54.072","53.824","52.958","52.912","51.088","49.512","47.62","46.591","45.26","43.664",
"中国香港特别行政区","HKG","Labor force with advanced education, female (% of female working-age population with advanced education)","SL.TLF.ADVN.FE.ZS","","","","","","","","","","","","","","","","","","","","","","","","","","","","","","","","","","","","","","","","","","","","","","","","","","72.43","72.401","74.481","73.496","73.231","72.498","72.798","72.971","73.854","73.597","73.795","74.598","74.699","73.07","71.439","70.259",
"中国香港特别行政区","HKG","15-24岁人口的劳动力参与率，总量（%）（模拟劳工组织估计）","SL.TLF.ACTI.1524.ZS","","","","","","","","","","","","","","","","","","","","","","","","","","","","","","","56.741","56.104","54.638","53.655","52.459","50.279","50.224","49.5","49.288","47.415","45.549","44.927","44.874","44.439","44.306","43.869","42.92","42.748","40.714","39.227","36.061","36.402","36.962","38.898","38.525","40.264","40.71","39.83","40.059","39.816","35.985","34.877","31.947","30.618","29.474",
"中国香港特别行政区","HKG","劳动力参与率，女性（占 15-24 岁女性人口的百分比）（模拟劳工组织估计）","SL.TLF.ACTI.1524.FE.ZS","","","","","","","","","","","","","","","","","","","","","","","","","","","","","","","55.72","55.2","53.87","52.14","51.61","49.35","49.61","48.72","49.12","46.919","44.73","45.45","45.38","44.4","44.66","44.79","44.08","44.47","42.53","40.28","36.731","37.049","37.578","39.963","39.263","41.427","41.936","41.518","40.943","40.46","36.567","35.336","32.457","31.101","30.166",
"中国香港特别行政区","HKG","Average working hours of children, working only, ages 7-14 (hours per week)","SL.TLF.0714.WK.TM","","","","","","","","","","","","","","","","","","","","","","","","","","","","","","","","","","","","","","","","","","","","","","","","","","","","","","","","","","","","","","","","","",
"中国香港特别行政区","HKG","Average working hours of children, working only, female, ages 7-14 (hours per week)","SL.TLF.0714.WK.FE.TM","","","","","","","","","","","","","","","","","","","","","","","","","","","","","","","","","","","","","","","","","","","","","","","","","","","","","","","","","","","","","","","","","",
"中国香港特别行政区","HKG","Average working hours of children, study and work, male, ages 7-14 (hours per week)","SL.TLF.0714.SW.MA.TM","","","","","","","","","","","","","","","","","","","","","","","","","","","","","","","","","","","","","","","","","","","","","","","","","","","","","","","","","","","","","","","","","",
"中国香港特别行政区","HKG","从事经济活动的女童（占 7-14 岁女童的比例）","SL.TLF.0714.FE.ZS","","","","","","","","","","","","","","","","","","","","","","","","","","","","","","","","","","","","","","","","","","","","","","","","","","","","","","","","","","","","","","","","","",
"中国香港特别行政区","HKG","服务业童工雇佣率（占 7-14 岁参与经济活动儿童的比例）","SL.SRV.0714.ZS","","","","","","","","","","","","","","","","","","","","","","","","","","","","","","","","","","","","","","","","","","","","","","","","","","","","","","","","","","","","","","","","","",
"中国香港特别行政区","HKG","Children in employment, self-employed, male (% of male children in employment, ages 7-14)","SL.SLF.0714.MA.ZS","","","","","","","","","","","","","","","","","","","","","","","","","","","","","","","","","","","","","","","","","","","","","","","","","","","","","","","","","","","","","","","","","",
"中国香港特别行政区","HKG","制造业女童工雇佣率（占 7-14 岁参与经济活动的女童的百分比）","SL.MNF.0714.FE.ZS","","","","","","","","","","","","","","","","","","","","","","","","","","","","","","","","","","","","","","","","","","","","","","","","","","","","","","","","","","","","","","","","","",
"中国香港特别行政区","HKG","就业人口的人均 GDP（2017年不变价购买力平价美元）","SL.GDP.PCAP.EM.KD","","","","","","","","","","","","","","","","","","","","","","","","","","","","","","","","67118.5055243079","71638.4748090011","74893.37721674","77378.8430832582","78409.7084898987","77812.869070778","80560.6590760809","76768.3139444908","79207.071471398","83159.3833038595","82356.0359289399","84532.6392892095","88089.8528245093","93355.6047698903","98033.5241661194","102678.778316406","106931.658453463","108476.296027496","107165.555420905","114094.307622706","116156.238545602","115636.269152484","117371.356794099","119930.368927912","121397.970512254","123445.278974013","126739.184868044","128537.336142472","126827.888811883","124435.144506116","133018.795978632","129856.647681243","129942.332340274","134063.942695606",
"中国香港特别行政区","HKG","Children in employment, unpaid family workers (% of children in employment, ages 7-14)","SL.FAM.0714.ZS","","","","","","","","","","","","","","","","","","","","","","","","","","","","","","","","","","","","","","","","","","","","","","","","","","","","","","","","","","","","","","","","","",
"中国香港特别行政区","HKG","Wage and salaried workers, male (% of male employment)","SL.EMP.WORK.MA.ZS","","","","","","","","","","","","","","","","","","","","","","","","","","","","","","","","86.0406684045339","86.2563444539493","86.4131817512286","87.0807150077491","87.0039162698217","86.7885676187157","87.4525900775243","87.2257759876884","86.684944412832","86.8974236374053","84.7638058658198","83.3850056448044","83.9062906743983","84.3657006972891","84.5014526628512","84.3198352007409","85.554216274722","85.7979590022312","85.6968227840154","85.9225709845777","85.8185236869524","85.4354369442962","85.5733525032929","87.103916051456","87.4939563529365","87.9283077174309","87.8799164357847","88.0100569491756","87.8515176732007","87.4658298458092","88.1714673056064","88.0545247843719","88.1691334500255","88.9683005105516",
"中国香港特别行政区","HKG","女性弱势群体就业率（占所有女性就业人员比例）","SL.EMP.VULN.FE.ZS","","","","","","","","","","","","","","","","","","","","","","","","","","","","","","","","3.78930205206926","3.51832066583273","3.27621897576093","3.11623172949977","3.0217522233528","2.82474707414848","2.67428709686919","2.69086906623955","3.21419409741583","2.9613072184722","3.39278108954131","4.01210309594487","4.28818176692479","4.58011233038727","4.38389207608243","4.22908982468257","3.86349084467969","4.05587708431845","4.01025869012876","3.82685981913963","4.1306405226356","4.29650568804336","4.30798252635513","4.04299676161722","3.92538839398635","4.17868858834522","4.07666351091633","4.06588243483103","4.10090656082715","3.78782345051285","4.04390474098473","4.02022006689744","4.20821317355995","3.86022132119603",
"中国香港特别行政区","HKG","Employment to population ratio, 15+, male (%) (national estimate)","SL.EMP.TOTL.SP.MA.NE.ZS","","","","","","","","","","","","","","","","","","","","76.15","76.26","79.54","77.5","76.64","77.59","77.54","78.01","78.61","78.47","77.82","","","","","","","","","","","","","","","","","","","","65.22","65.046","65.682","66.119","66.568","66.372","66.463","66.07","66.048","66.45","65.174","61.754","61.716","61.402","61.37","60.456",
"中国香港特别行政区","HKG","Self-employed, total (% of total employment)","SL.EMP.SELF.ZS","","","","","","","","","","","","","","","","","","","","","","","","","","","","","","","","10.7055757847191","10.4873758481003","10.2943947580798","9.78201345686367","9.73363400611883","9.72471611042708","9.24584434863596","9.28051393919218","9.7697418303891","9.44542076519061","10.8471618389786","11.7983540931429","11.5880405116915","11.4133615300721","11.1569364801775","11.1404243127097","10.226238823736","10.0971033597994","10.1178183029908","9.92567644809196","10.1164527436113","10.2717184418019","10.1337930497574","9.12688823673425","8.92971143689349","8.70257577694288","8.70114169818174","8.53061995954798","8.65236951358259","8.69123676223008","8.36906357586918","8.45477193119693","8.4645633555218","7.80331994412554",
"中国香港特别行政区","HKG","Employers, male (% of male employment)","SL.EMP.MPYR.MA.ZS","","","","","","","","","","","","","","","","","","","","","","","","","","","","","","","","8.27355802299302","8.18819503849444","8.12784272240746","7.62222855301236","7.42773026622945","7.66890405495284","7.42288747549137","7.28121508996264","7.21218878395022","6.89110226621696","7.197746303374","7.19253031062806","7.13507490821612","6.82068352425512","6.49651579361265","6.35778706793209","5.90323381062593","5.33574059811711","5.35587057465052","5.30012013946625","5.1761220734487","5.07565055457328","5.03211438075862","4.63448534838176","4.49232327130943","4.45161790258","4.41901366385037","4.05829237002687","4.1807571622999","4.14047671491591","3.44050871309178","3.44888162484747","3.57249684266501","3.08150516663766",
"中国香港特别行政区","HKG","15-24 岁男性就业人口比率（百分比）（模拟劳工组织估计）","SL.EMP.1524.SP.MA.ZS","","","","","","","","","","","","","","","","","","","","","","","","","","","","","","","","54.299","52.779","52.513","50.631","47.244","46.95","47.394","43.566","40.303","40.864","38.426","36.332","36.356","37.268","36.994","36.292","36.404","34.748","32.343","30.388","31.82","32.36","33.517","33.833","34.626","35.111","34.599","35.24","35","29.203","29.16","27.665","27.247","25.79",
"中国香港特别行政区","HKG","农业就业人员（占就业总数的百分比）","SL.AGR.EMPL.ZS","","","","","","","","","","","","","","","","","","","","","","","","","","","","","","","","0.947538843548264","0.811146247989689","0.752871203120575","0.72780860234232","0.665864753505468","0.470683523137368","0.38589272303379","0.345090834014862","0.342112324796074","0.334823026561112","0.251992328675015","0.325764583298062","0.252441150100995","0.297776665384997","0.298642742883665","0.27593605699114","0.209872053012147","0.269224035747205","0.265039115379886","0.255461374188908","0.248054848114215","0.242062033293869","0.236061468764114","0.230303145921896","0.225410395495887","0.21983462476373","0.214225584751847","0.20873164962975","0.205572640546107","0.201727428239402","0.198803564005711","0.19534475415678","0.191104185514937","0.186011325209071",
"中国香港特别行政区","HKG","农业男童工雇佣率（占 7-14 岁参与经济活动男童的百分比）","SL.AGR.0714.MA.ZS","","","","","","","","","","","","","","","","","","","","","","","","","","","","","","","","","","","","","","","","","","","","","","","","","","","","","","","","","","","","","","","","","",
"中国香港特别行政区","HKG","全体人口的人均消费或收入平均值（按2021年购买力平价计算的日均美元）","SI.SPR.PCAP","","","","","","","","","","","","","","","","","","","","","","","","","","","","","","","","","","","","","","","","","","","","","","","","","","","","","","","","","","","","","","","","","",
"中国香港特别行政区","HKG","Average transaction cost of sending remittances to a specific country (%)","SI.RMT.COST.IB.ZS","","","","","","","","","","","","","","","","","","","","","","","","","","","","","","","","","","","","","","","","","","","","","","","","","","","","","","","","","","","","","","","","","",
"中国香港特别行政区","HKG","贫困人口比例，按国家贫困线衡量的（2017 PPP）（占人口的百分比）","SI.POV.NAHC","","","","","","","","","","","","","","","","","","","","","","","","","","","","","","","","","","","","","","","","","","","","","","","","","","","","","","","","","","","","","","","","","",
"中国香港特别行政区","HKG","贫困人口比例，以每天4.2美元为贫困线（按2021年购买力平价计算）（占总人口的百分比）","SI.POV.LMIC","","","","","","","","","","","","","","","","","","","","","","","","","","","","","","","","","","","","","","","","","","","","","","","","","","","","","","","","","","","","","","","","","",
"中国香港特别行政区","HKG","最低20% 占有的收入份额","SI.DST.FRST.20","","","","","","","","","","","","","","","","","","","","","","","","","","","","","","","","","","","","","","","","","","","","","","","","","","","","","","","","","","","","","","","","","",
"中国香港特别行政区","HKG","最高20% 占有的收入份额","SI.DST.05TH.20","","","","","","","","","","","","","","","","","","","","","","","","","","","","","","","","","","","","","","","","","","","","","","","","","","","","","","","","","","","","","","","","","",
"中国香港特别行政区","HKG","UHC service coverage sub-index on reproductive, maternal, newborn and child health","SH_UHC_SCI_RMNCH","","","","","","","","","","","","","","","","","","","","","","","","","","","","","","","","","","","","","","","","","","","","","","","","","","","","","","","","","","","","","","","","","",
"中国香港特别行政区","HKG","UHC service coverage index","SH_UHC_SCI","","","","","","","","","","","","","","","","","","","","","","","","","","","","","","","","","","","","","","","","","","","","","","","","","","","","","","","","","","","","","","","","","",
"中国香港特别行政区","HKG","Proportion of population further impoverished due to out-of-pocket health expenditure, based on the societal poverty line (%)","SH_UHC_FH40_FURTHER","","","","","","","","","","","","","","","","","","","","","","","","","","","","","","","","","","","","","","","","","","","","","","","","","","","","","","","","","","","","","","","","","",
"中国香港特别行政区","HKG","Domestic private health expenditure (% of current health expenditure)","SH.XPD.PVTD.CH.ZS","","","","","","","","","","","","","","","","","","","","","","","","","","","","","","","","","","","","","","","","","","","","","","","","","","","","","","","","","","","","","","","","","",
"中国香港特别行政区","HKG","国内一般政府人均卫生支出，购买力平价（现价国际美元）","SH.XPD.GHED.PP.CD","","","","","","","","","","","","","","","","","","","","","","","","","","","","","","","","","","","","","","","","","","","","","","","","","","","","","","","","","","","","","","","","","",
"中国香港特别行政区","HKG","Domestic general government health expenditure (% of current health expenditure)","SH.XPD.GHED.CH.ZS","","","","","","","","","","","","","","","","","","","","","","","","","","","","","","","","","","","","","","","","","","","","","","","","","","","","","","","","","","","","","","","","","",
"中国香港特别行政区","HKG","当前人均卫生支出，购买力平价（现价国际美元）","SH.XPD.CHEX.PP.CD","","","","","","","","","","","","","","","","","","","","","","","","","","","","","","","","","","","","","","","","","","","","","","","","","","","","","","","","","","","","","","","","","",
"中国香港特别行政区","HKG","结核患病率（每十万人）","SH.TBS.INCD","","","","","","","","","","","","","","","","","","","","","","","","","","","","","","","","","","","","","","","","","216","235","211","193","180","175","164","152","150","133","123","115","113","109","107","98","94","90","89","84","75","76","66","67","66",
"中国香港特别行政区","HKG","Prevalence of severe wasting, weight for height, male (% of children under 5)","SH.SVR.WAST.MA.ZS","","","","","","","","","","","","","","","","","","","","","","","","","","","","","","","","","","","","","","","","","","","","","","","","","","","","","","","","","","","","","","","","","",
"中国香港特别行政区","HKG","消瘦患病率，女性（占5岁以下儿童中百分比）","SH.STA.WAST.FE.ZS","","","","","","","","","","","","","","","","","","","","","","","","","","","","","","","","","","","","","","","","","","","","","","","","","","","","","","","","","","","","","","","","","",
"中国香港特别行政区","HKG","Suicide mortality rate, male (per 100,000 male population)","SH.STA.SUIC.MA.P5","","","","","","","","","","","","","","","","","","","","","","","","","","","","","","","","","","","","","","","","","","","","","","","","","","","","","","","","","","","","","","","","","",
"中国香港特别行政区","HKG","Prevalence of stunting, height for age, male (modeled estimate, % of children under 5)","SH.STA.STNT.ME.MA.ZS","","","","","","","","","","","","","","","","","","","","","","","","","","","","","","","","","","","","","","","","","","","","","","","","","","","","","","","","","","","","","","","","","",
"中国香港特别行政区","HKG","People using safely managed sanitation services (% of population)","SH.STA.SMSS.ZS","","","","","","","","","","","","","","","","","","","","","","","","","","","","","","","","","","","","","","","","","76.486950462783","76.486950462783","76.486950462783","76.486950462783","76.3765522368473","76.2661540109117","76.155755784976","76.0453575590403","75.9349593331046","75.824561107169","75.7141628812333","75.6037646552976","75.4933664293619","75.3829682034262","77.6716823822018","79.9578020530352","82.2413272159256","84.5222578708746","86.8005940178815","89.0763356569461","91.3494827880687","93.620035411249","95.077640324963","94.956006893156","94.834373461349",
"中国香港特别行政区","HKG","Mortality rate attributed to unintentional poisoning, female (per 100,000 female population)","SH.STA.POIS.P5.FE","","","","","","","","","","","","","","","","","","","","","","","","","","","","","","","","","","","","","","","","","","","","","","","","","","","","","","","","","","","","","","","","","",
"中国香港特别行政区","HKG","Prevalence of overweight, weight for height, male (modeled estimate, % of children under 5)","SH.STA.OWGH.ME.MA.ZS","","","","","","","","","","","","","","","","","","","","","","","","","","","","","","","","","","","","","","","","","","","","","","","","","","","","","","","","","","","","","","","","","",
"中国香港特别行政区","HKG","Diarrhea treatment (% of children under 5 who received ORS packet)","SH.STA.ORTH","","","","","","","","","","","","","","","","","","","","","","","","","","","","","","","","","","","","","","","","","","","","","","","","","","","","","","","","","","","","","","","","","",
"中国香港特别行政区","HKG","People practicing open defecation, rural (% of rural population)","SH.STA.ODFC.RU.ZS","","","","","","","","","","","","","","","","","","","","","","","","","","","","","","","","","","","","","","","","","","","","","","","","","","","","","","","","","","","","","","","","","",
"中国香港特别行政区","HKG","营养不良患病率，基于年龄相应的体重，男性（占5岁以下儿童百分比）","SH.STA.MALN.MA.ZS","","","","","","","","","","","","","","","","","","","","","","","","","","","","","","","","","","","","","","","","","","","","","","","","","","","","","","","","","","","","","","","","","",
"中国香港特别行政区","HKG","People with basic handwashing facilities including soap and water, rural (% of rural population)","SH.STA.HYGN.RU.ZS","","","","","","","","","","","","","","","","","","","","","","","","","","","","","","","","","","","","","","","","","","","","","","","","","","","","","","","","","","","","","","","","","",
"中国香港特别行政区","HKG","在熟练医护人员护理下的分娩（占总数的百分比）","SH.STA.BRTC.ZS","","","","","","","","","","","","","","","","","","","","","","","","","","","","","","","","","","","","","","","","","","","","","","100","","","","","","","","","","","","","","","","","","","",
"中国香港特别行政区","HKG","People using at least basic sanitation services, rural (% of rural population)","SH.STA.BASS.RU.ZS","","","","","","","","","","","","","","","","","","","","","","","","","","","","","","","","","","","","","","","","","","","","","","","","","","","","","","","","","","","","","","","","","",
"中国香港特别行政区","HKG","Mortality rate attributed to household and ambient air pollution, age-standardized, male (per 100,000 male population)","SH.STA.AIRP.MA.P5","","","","","","","","","","","","","","","","","","","","","","","","","","","","","","","","","","","","","","","","","","","","","","","","","","","","","","","","","","","","","","","","","",
"中国香港特别行政区","HKG","Specialist surgical workforce (per 100,000 population)","SH.SGR.CRSK.ZS","","","","","","","","","","","","","","","","","","","","","","","","","","","","","","","","","","","","","","","","","","","","","","","","","","","","","","","","","","","","","","","","","",
"中国香港特别行政区","HKG","孕妇贫血患病率(%)","SH.PRG.ANEM","","","","","","","","","","","","","","","","","","","","","","","","","","","","","","","","","","","","","","","","","","","","","","","","","","","","","","","","","","","","","","","","","",
"中国香港特别行政区","HKG","服用治疗疟疾药物的发烧儿童（占 5 岁以下发烧儿童的百分比）","SH.MLR.TRET.ZS","","","","","","","","","","","","","","","","","","","","","","","","","","","","","","","","","","","","","","","","","","","","","","","","","","","","","","","","","","","","","","","","","",
"中国香港特别行政区","HKG","内科医生（每千人）","SH.MED.PHYS.ZS","0.327","","","","","0.396","","","","","0.663","","","","","0.672","","","","","0.826","","","","","","0.932","","","","","","","1.204","1.271","1.319","","","","","","","","","","","","","","","","","","","","","","","","","","","","","",
"中国香港特别行政区","HKG","麻疹免疫接种率（占 12 - 23 个月年龄组的百分比）","SH.IMM.MEAS","","","","","","","","","","","","","","","","","","","","","","","","","","","","","","","","","","","","","","","","","","","","","","","","","","","","","","","","","","","","","","","","","",
"中国香港特别行政区","HKG","Incidence of HIV (% of uninfected population ages 15-49)","SH.HIV.INCD.ZS","","","","","","","","","","","","","","","","","","","","","","","","","","","","","","","","","","","","","","","","","","","","","","","","","","","","","","","","","","","","","","","","","",
"中国香港特别行政区","HKG","Adults (ages 15+) and children (ages 0-14) newly infected with HIV","SH.HIV.INCD.TL","","","","","","","","","","","","","","","","","","","","","","","","","","","","","","","","","","","","","","","","","","","","","","","","","","","","","","","","","","","","","","","","","",
"中国香港特别行政区","HKG","艾滋病病毒感染率，男性（占15-24岁的百分比）","SH.HIV.1524.MA.ZS","","","","","","","","","","","","","","","","","","","","","","","","","","","","","","","","","","","","","","","","","","","","","","","","","","","","","","","","","","","","","","","","","",
"中国香港特别行政区","HKG","People using safely managed drinking water services, urban (% of urban population)","SH.H2O.SMDW.UR.ZS","","","","","","","","","","","","","","","","","","","","","","","","","","","","","","","","","","","","","","","","","98.3669535559738","98.4529719551525","98.5390232434892","98.6251074209837","98.7112244876363","98.7973744434468","98.8835572884152","98.9697730225416","99.056021645826","99.1423031582683","99.2286175598686","99.3149648506268","99.401345030543","99.4877580996171","99.5742040578491","99.6606829052392","99.7471946417872","99.8337392674931","99.920316782357","99.9877564110667","100","100","100","100","100",
"中国香港特别行政区","HKG","People using at least basic drinking water services, rural (% of rural population)","SH.H2O.BASW.RU.ZS","","","","","","","","","","","","","","","","","","","","","","","","","","","","","","","","","","","","","","","","","","","","","","","","","","","","","","","","","","","","","","","","","",
"中国香港特别行政区","HKG","Mortality from CVD, cancer, diabetes or CRD between exact ages 30 and 70, male (%)","SH.DYN.NCOM.MA.ZS","","","","","","","","","","","","","","","","","","","","","","","","","","","","","","","","","","","","","","","","","","","","","","","","","","","","","","","","","","","","","","","","","",
"中国香港特别行政区","HKG","死亡率，五岁以下儿童（每千例活产儿）","SH.DYN.MORT","","","","","","","","","","","","","","","","","","","","","","","","","","","","","","","","","","","","","","","","","","","","","","","","","","","","","","","","","","","","","","","","","",
"中国香港特别行政区","HKG","Probability of dying among adolescents ages 15-19 years (per 1,000)","SH.DYN.1519","","","","","","","","","","","","","","","","","","","","","","","","","","","","","","","","","","","","","","","","","","","","","","","","","","","","","","","","","","","","","","","","","",
"中国香港特别行政区","HKG","来自DAC捐助国的双边援助净流量，爱尔兰（现价美元）","DC.DAC.IRLL.CD","","","","","","","","","","","","","","","","","","","","","","","","","","","","","","","","","","","","","","29999.9993294477","","","29999.9993294477","","","","","","","","","","","","","","","","","","","","","","","","",
"中国香港特别行政区","HKG","来自DAC捐助国的双边援助净流量，法国（现价美元）","DC.DAC.FRAL.CD","","","","","","","","","","","","","","","","","","","","","419999.986886978","370000.004768372","579999.983310699","1299999.95231628","1370000.00476837","1399999.97615814","1990000.00953674","2259999.99046326","2390000.10490417","2140000.10490417","2609999.89509583","2509999.99046326","1769999.98092651","1879999.99523163","2180000.0667572","2349999.90463257","2059999.94277954","","","","","","","","","","","","","","","","","","","","","","","","","","","","",
"中国香港特别行政区","HKG","来自DAC捐助国的双边援助净流量，丹麦（现价美元）","DC.DAC.DNKL.CD","","","","","","","","","","","","","","","","","","","","","","","","","","","","","","","","","","","","","","","","","","","","","","","","","","","","","","","","","","","","","","","","","",
"中国香港特别行政区","HKG","来自DAC捐助国的双边援助净流量，欧盟机构（现价美元）","DC.DAC.CECL.CD","","","","","","","","","","","","","","","","","","","","","","","","","","","","","","2420000.07629395","3000000","1919999.95708466","4260000.22888184","769999.980926514","2339999.91416931","2569999.9332428","800000.011920929","","","","","","","","","","","","","","","","","","","","","","","","","","","","",
"中国香港特别行政区","HKG","来自发展援助委员会（DAC）捐助国的净双边援助流动，澳大利亚（现价美元）","DC.DAC.AUSL.CD","","","","","","19999.9995529652","19999.9995529652","","9999.99977648258","19999.9995529652","19999.9995529652","19999.9995529652","9999.99977648258","19999.9995529652","9999.99977648258","9999.99977648258","19999.9995529652","29999.9993294477","39999.9991059303","39999.9991059303","59999.9986588955","59999.9986588955","100000.001490116","90000.0035762787","5239999.77111816","11310000.4196167","7260000.22888184","6889999.8664856","5369999.88555908","3190000.05722046","4340000.15258789","3680000.0667572","2579999.92370605","1399999.97615814","800000.011920929","379999.995231628","119999.997317791","","","","","","","","","","","","","","","","","","","","","","","","","","","","",
"中国香港特别行政区","HKG","国内上市公司，总数","CM.MKT.LDOM.NO","","","","","","","","","","","","","","","","136","134","130","130","133","137","","","","","260","248","264","282","284","284","333","386","450","502","518","561","638","665","688","779","857","968","1027","1086","1126","1165","1232","1251","1308","1396","1472","1459","1553","1661","1770","1872","1987","2161","2272","2353","2388","2414","2428","2449",
"中国香港特别行政区","HKG","Control of Corruption: Standard Error","CC.STD.ERR","","","","","","","","","","","","","","","","","","","","","","","","","","","","","","","","","","","","","0.20495143532753","","0.186291560530663","","0.175501599907875","","0.164127916097641","0.169631481170654","0.157867223024368","0.152619495987892","0.148888573050499","0.161873206496239","0.156044706702232","0.149610444903374","0.1528160572052","0.161813542246819","0.145578563213348","0.141949400305748","0.137033998966217","0.137569203972816","0.151392862200737","0.132287487387657","0.142699241638184","0.15363022685051","0.158194825053215","0.162155628204346","0.162904232740402","0.169133856892586","",
"中国香港特别行政区","HKG","Control of Corruption: Number of Sources","CC.NO.SRC","","","","","","","","","","","","","","","","","","","","","","","","","","","","","","","","","","","","","6","","6","","6","","6","6","7","7","9","9","9","9","9","10","10","10","9","8","9","10","10","10","8","9","9","10","",
"中国香港特别行政区","HKG","私人转移，接收（国际收支平衡，现价美元）","BX.TRF.PWKR.CD","","","","","","","","","","","","","","","","","","","","","","","","","","","","","","","","","","","","","","","","","","","","","","","","","","","","","","","","","","","","","","","","","",
"中国香港特别行政区","HKG","外国直接投资净流入（BoP，现价美元）","BX.KLT.DINV.CD.WD","","","","","","","","","","","49822078","59483393.5","110442097","271274584.7","153444422.9","377359617.8","255361829.7","273737273","477382649.1","648065889.9","710201409.3","2062785581.9","1236856767.6","1144127082.4","1287739696","-267220620.9","1888313589.9","6249829233.7","4978949480.4","2041094981.4","3275072300","1020860060","3887467100","6929625910","7827938820","6213362500","10460173710","11368147930","13939361335.8581","25355410569.0153","70495739305.8458","31291719644.6149","6747855220.81764","18567357065.233","22194238604.966","40963127270.6954","44901793968.8763","62121011424.0703","67035187587.6671","54275707074.2543","82709142976.2978","96135081265.0953","74887135901.3219","76857453417.8736","129847455921.474","181047431127.246","133259182324.997","125716724339.795","97036255478.9459","58299361094.7774","117452284750.967","137191251277.419","122407913138.418","121985594745.393","117026502147.146",
"中国香港特别行政区","HKG","知识产权使用费，接收（国际收支平衡，现价美元）","BX.GSR.ROYL.CD","","","","","","","","","","","","","","","","","","","","","","","","","","","","","","","","","","","","","","","155448442.072646","77595156.25937","106780916.334693","195672003.254521","228878001.442947","340475603.675315","217776854.60604","245221771.985227","259254439.294069","357912339.758391","379753523.114378","383395054.443663","400321901.394626","459270724.818435","520085354.946073","573755078.038547","622629445.123566","642041544.14779","673103891.841539","719290503.225332","742653007.055599","754306901.650675","701476714.700796","714653695.244165","737757249.627821","709992038.959385","",
"中国香港特别行政区","HKG","货物和服务出口（BoP，现价美元）","BX.GSR.GNFS.CD","","","","","","","","","","","","","","","","","","","","","","","","","","","","","","","","","","","","","","","187183680495.782","186831745177.894","216341287949.759","207977224239.57","219708454606.551","243373251073.372","283699350288.676","322259589757.709","358355205527.655","394489192294.542","424137318245.719","381300703971.464","469441931862.775","528964931979.131","566901902017.37","610980946926.177","621081488103.406","606083932209.967","600059772323.162","644556259051.514","681280769230.511","645030301195.921","608192156635.776","752621490640.463","697582655398.215","673737610352.824","739726401547.88",
"中国香港特别行政区","HKG","信息和通信技术 (ICT) 服务出口（BoP，现价美元）","BX.GSR.CCIS.CD","","","","","","","","","","","","","","","","","","","","","","","","","","","","","","","","","","","","","","","917326562.231021","535336111.190202","361425588.670024","584451561.976307","821524572.406065","896975432.769696","944684941.547158","948993759.633048","923738747.749045","832865172.012228","1235964548.29067","1278413437.44283","1830411213.18089","2191395015.37213","2402139243.05522","2637210399.74632","2820789803.20843","2841520912.1645","2851384430.02786","2833017008.20864","2951729905.3743","3090731644.78366","3315322365.55335","3760198304.70967","3977656424.12068","4010005169.4618","",
"中国香港特别行政区","HKG","净再分配收入（国际收支平衡，现价美元）","BN.TRF.CURR.CD","","","","","","","","","","","","","","","","","","","","","","","","","","","","","","","","","","","","","","","-1336804957.82406","-1262996841.65044","-1401875466.70907","-1458694394.12296","-1515979851.17222","-1412991949.06738","-1499643306.73908","-1568977286.07873","-1609164384.85956","-1806790391.8213","-2363950598.74247","-2113855092.84233","-2262906984.09345","-2542383341.96063","-2621770687.6801","-2691436809.09184","-2551573602.26313","-2854023119.35352","-2701518125.47172","-2636903153.7555","-2910066825.54339","-2755478312.09749","-2667166650.69133","-2446571213.18042","-1866691421.25543","-2186201682.37367","-2584733537.32069",
"中国香港特别行政区","HKG","净错误与遗漏（国际收支平衡，现价美元）","BN.KAC.EOMS.CD","","","","","","","","","","","","","","","","","","","","","","","","","","","","","","","","","","","","","","","-1440996729.21329","-436939630.815681","324425068.922081","-2393699305.50464","3646451576.10261","636718921.546609","5257311392.28063","-2131096003.95164","3801333385.71307","5825492792.79256","-142828677.15526","-2511520456.17619","-4574405408.39352","734414993.720278","4580657882.10039","6940062278.73216","5462325378.81277","6332270376.71994","332206101.626222","-5832412044.30026","8825351133.04214","9057963898.18188","7350775763.74513","4399623353.4492","-1365851850.53892","-2282530557.54167","9976927798.55357",
"中国香港特别行政区","HKG","Net financial account (BoP, current US$)","BN.FIN.TOTL.CD","","","","","","","","","","","","","","","","","","","","","","","","","","","","","","","","","","","","","","","1423695988.98261","10252624406.167","7878416661.0492","7942562785.63208","15925814490.2909","17967224712.2242","22006190355.3973","19369074767.2136","28257888696.0448","33292996613.5183","32477718313.5309","18254245419.2772","10867243836.4421","14282852059.5705","8543283877.22865","10923402576.1518","9423020011.24771","16568468102.9715","12972021120.529","9706009059.22328","22138896438.6683","30223939865.9745","31464951263.1401","46723720852.827","35316583763.9063","30788965717.0344","62435846286.7074",
"中国香港特别行政区","HKG","再分配收入，其它行业，支付（国际收支平衡，现价美元）","BM.TRF.PRVT.CD","","","","","","","","","","","","","","","","","","","","","","","","","","","","","","","","","","","","","","","1840204854.53606","1667253328.22366","1774218338.29491","1897225444.52514","2121448984.37843","1770670505.46582","1954641560.61896","2330872539.86104","2373242653.6753","2520253805.12453","2685598542.08572","2350824000.06033","2567051346.80532","3182835175.98337","3285889932.38762","3476643539.14156","3399774177.10891","3808778346.23107","3818360190.66657","3972628646.76069","4279996520.6749","4199396754.1645","4269938804.89913","4056842382.26844","3707643346.05089","4072919199.69324","4373242821.88329",
"中国香港特别行政区","HKG","交通服务（占国际收支统计口径的服务进口比例）","BM.GSR.TRAN.ZS","","","","","","","","","","","","","","","","","","","","","","","","","","","","","","","","","","","","","","","13.541729491092","12.6475041786136","14.6856455362899","15.2828046127606","14.9411550438714","16.5059349019577","18.5902538580832","19.8228439914436","19.3249611651768","21.2829451778538","22.8037851131157","21.3310136943623","22.2984242646613","24.1187932048679","23.9918831698575","24.1026616315306","24.8676604392181","23.3709103123853","22.7274368295765","22.4903237682234","22.6979763551844","22.655821475467","27.0471584431234","32.5758322683398","31.0999666327919","22.722133957944","23.0745112896498",
"中国香港特别行政区","HKG","货物进口（BoP，现价美元）","BM.GSR.MRCH.CD","","","","","","","","","","","","","","","","","","","","","","","","","","","","","","","","","","","","","","","143463806162.85","136631116503.824","164278438253.066","156016593351.186","162019951097.14","185293999439.893","218688650124.645","243811811044.085","273057060358.639","303174540076.769","329202080307.417","303342493884.872","385608731676.185","445143303275.909","487310462347.16","534125051730.44","546518465822.685","524597809465.409","518254036459.701","563387349217.88","600403227304.401","558421015023.991","546582663613.572","670340804251.055","619651515991.808","592504964675.165","633123847460.72",
"中国香港特别行政区","HKG","通信、计算机等（占服务进口额的百分比，BoP）","BM.GSR.CMCP.ZS","","","","","","","","","","","","","","","","","","","","","","","","","","","","","","","","","","","","","","","50.8555178944066","51.588186698362","53.7473088684497","53.1011716323827","52.7675433204869","53.3388665122305","51.141154713567","52.7460310224629","54.1510493630166","51.3422869087996","49.6157781793912","46.7714536550318","46.3194474721664","43.4324895299221","43.0761598085367","40.2940785225129","37.4262476220288","37.0527265426996","36.6185221150654","36.0163384300035","35.4782876036194","34.2779606563517","46.7864017601628","46.984879834868","45.3449144653731","36.1419249908735","12.3817402795861",
"中国香港特别行政区","HKG","畜牧业生产指数（2014-2016 = 100）","AG.PRD.LVSK.XD","","95.18","136.49","127.41","98.75","87.33","87.86","93.51","123.01","133.92","141.88","151.93","167.6","130.17","124.64","114.57","123.07","144.6","154.68","174.13","90.36","197.55","191.63","191.08","177.66","193.11","169.45","178.14","180.67","157.45","137.99","115.98","73.96","86.58","46.38","59.82","66.97","72.65","81.75","96.87","101.82","105.92","96.13","114.26","104.97","110.09","112.68","117.75","97.42","117.95","102.09","91.76","95.28","104.61","96.3","96.19","107.51","99.7","96.41","210.69","244.62","175.19","149.97","","",
"中国香港特别行政区","HKG","Urban land area (sq. km)","AG.LND.TOTL.UR.K2","","","","","","","","","","","","","","","","","","","","","","","","","","","","","","","445.3223398818","","","","","","","","","","484.37334152877","","","","","","","","","","","","","","","516.71372699086","","","","","","","","","",
"中国香港特别行政区","HKG","农业灌溉用地（占农业用地总量的百分比）","AG.LND.IRIG.AG.ZS","","","","","","","","","","","","","","","","","","","","","","","","","","","","","","","","","","","","","","","","","","","","","","","","","","","","","","","","","","","","","","","","","",
"中国香港特别行政区","HKG","Urban land area where elevation is below 5 meters (% of total land area)","AG.LND.EL5M.UR.ZS","","","","","","","","","","","","","","","","","","","","","","","","","","","","","","","5.73780674336911","","","","","","","","","","6.20461622009366","","","","","","","","","","","","","","","6.54321711320015","","","","","","","","","",
"中国香港特别行政区","HKG","永久性作物用地（占土地的百分比）","AG.LND.CROP.ZS","","0.980392156862745","0.980392156862745","0.980392156862745","0.980392156862745","0.980392156862745","0.980392156862745","0.980392156862745","0.980392156862745","0.980392156862745","0.980392156862745","0.980392156862745","0.980392156862745","0.980392156862745","0.980392156862745","0.99009900990099","0.99009900990099","1","","","","1","1.01010101010101","1.01010101010101","1.01010101010101","1.01010101010101","1.01010101010101","1.01010101010101","1.01010101010101","1.01010101010101","1.01010101010101","1.01010101010101","1.01010101010101","1.01010101010101","1.01010101010101","0.952380952380952","0.952380952380952","0.952380952380952","0.952380952380952","0.952380952380952","0.952380952380952","0.952380952380952","0.952380952380952","0.952380952380952","0.952380952380952","0.952380952380952","0.952380952380952","0.952380952380952","0.952380952380952","0.952380952380952","0.952380952380952","0.952380952380952","0.952380952380952","0.952380952380952","0.952380952380952","0.952380952380952","0.952380952380952","0.952380952380952","0.952380952380952","0.952380952380952","0.952380952380952","0.952380952380952","0.952380952380952","0.952380952380952","",
"中国香港特别行政区","HKG","耕地（公顷数）","AG.LND.ARBL.HA","","13000","13000","13000","12000","12000","12000","12000","12000","12000","12000","11000","11000","11000","11000","9000","9000","8000","8000","8000","8000","7000","7000","7000","7000","7000","7000","7000","7000","6000","6000","6000","6000","6000","6000","6000","6000","5000","5000","5000","5000","5000","5000","5000","5000","5000","4000","4000","4000","4000","3500","3500","3100","3100","3100","3100","3000","3100","3000","3000","2000","2000","2000","2000","",
"中国香港特别行政区","HKG","化肥消费量（占化肥产量的百分比）","AG.CON.FERT.PT.ZS","","","","","","","","","","","","","","","","","","","","","","","","","","","","","","","","","","","","","","","","","","","","","","","","","","","","","","","","","","","","","","","","","",
